{
"type": "FeatureCollection",
"name": "boundary_candidates",
"crs": { "type": "name", "properties": { "name": "urn:ogc:def:crs:OGC:1.3:CRS84" } },
"features": [
{ "type": "Feature", "properties": { "label": "판교TV_삼평동후보", "dong_cd": "4113510900", "note": "분당구 삼평동 전체 dissolve" }, "geometry": { "type": "Polygon", "coordinates": [ [ [ 127.100859141501985, 37.394638295582062 ], [ 127.100858242140021, 37.394641386817746 ], [ 127.100848495677411, 37.394675174043009 ], [ 127.100765820637008, 37.394992986254962 ], [ 127.100741534275826, 37.395091046029755 ], [ 127.10071743217452, 37.395191862747865 ], [ 127.100690110785649, 37.3952921595709 ], [ 127.100629293981157, 37.395495443391113 ], [ 127.100578085878766, 37.395646126910229 ], [ 127.100572178752316, 37.395662683494258 ], [ 127.100545268768187, 37.39573260673432 ], [ 127.100543874341881, 37.395737112974331 ], [ 127.100539902585879, 37.395748315909927 ], [ 127.100503655043084, 37.395836915977583 ], [ 127.1004651480646, 37.395924977314813 ], [ 127.100425511201408, 37.396012679177574 ], [ 127.100383614654064, 37.396099662103538 ], [ 127.100339797449791, 37.396186106009949 ], [ 127.100294059464559, 37.396271920793367 ], [ 127.100262511999915, 37.396328080336431 ], [ 127.100230578744743, 37.396382888671098 ], [ 127.100211614563449, 37.396415232895521 ], [ 127.10019526454748, 37.396443105904147 ], [ 127.100178089696556, 37.396470664243544 ], [ 127.100160903527936, 37.396498213579648 ], [ 127.100143446177967, 37.396525664027699 ], [ 127.100125988803455, 37.396553105462957 ], [ 127.100108305420477, 37.396580447972369 ], [ 127.100072023362713, 37.396634755319752 ], [ 127.100053424687474, 37.396661720157425 ], [ 127.100034532195849, 37.396688550084718 ], [ 127.100015639678972, 37.396715370998749 ], [ 127.099996509859196, 37.396742092995687 ], [ 127.099977380025891, 37.39676881498945 ], [ 127.099961519293643, 37.39679098413631 ], [ 127.099945658540278, 37.396813144270787 ], [ 127.099945647258721, 37.396813153290339 ], [ 127.099942389435469, 37.39681770612421 ], [ 127.099939131611862, 37.396822258957961 ], [ 127.09991710231823, 37.396851253910889 ], [ 127.099895084300954, 37.396880248850195 ], [ 127.099873066266738, 37.396909243785274 ], [ 127.099851036922274, 37.396938238725532 ], [ 127.099829244850753, 37.396967332575848 ], [ 127.099807441480792, 37.396996435441558 ], [ 127.09978607879404, 37.39702573616001 ], [ 127.099764727395794, 37.397055045875234 ], [ 127.099743375980935, 37.397084355586493 ], [ 127.099722013244318, 37.397113656293016 ], [ 127.099701113813623, 37.397143181864415 ], [ 127.099680214366529, 37.397172707431984 ], [ 127.099659925098635, 37.397202502793576 ], [ 127.099639635802987, 37.3972322891414 ], [ 127.099634213463474, 37.397239799089235 ], [ 127.099585409788304, 37.397314083145773 ], [ 127.099384184957074, 37.397671213659109 ], [ 127.099381255979054, 37.3976768474217 ], [ 127.099375413063854, 37.397690998179534 ], [ 127.099375413075592, 37.397691007189671 ], [ 127.099355103660358, 37.397740255408657 ], [ 127.099325993371053, 37.397813099453941 ], [ 127.099300565781533, 37.397886769378871 ], [ 127.099276493749201, 37.397960735511418 ], [ 127.099254206548409, 37.398035087599013 ], [ 127.099217346671722, 37.398184686399162 ], [ 127.099207930210042, 37.398212607595177 ], [ 127.099201654929033, 37.398250446360386 ], [ 127.099195379653509, 37.398288294135156 ], [ 127.099190222656318, 37.39832631217832 ], [ 127.099185065665623, 37.398364339231129 ], [ 127.099180744452539, 37.398402410643911 ], [ 127.099176411941528, 37.398440482065631 ], [ 127.099173976935205, 37.398478696082101 ], [ 127.099171541926452, 37.398516910098266 ], [ 127.099170021696381, 37.398555123358683 ], [ 127.09916851277012, 37.398593345619659 ], [ 127.099168276831108, 37.398602995674651 ], [ 127.09916745069917, 37.398636505068133 ], [ 127.099166635848462, 37.398670005441971 ], [ 127.099168989312147, 37.398708206492238 ], [ 127.099171354071828, 37.398746407532904 ], [ 127.099175390185849, 37.398784526101679 ], [ 127.099179426292281, 37.398822635659911 ], [ 127.099183857621824, 37.398860699840661 ], [ 127.099188288955844, 37.398898764020949 ], [ 127.099194376134662, 37.39893349308138 ], [ 127.099200452025471, 37.398968222150586 ], [ 127.099206470962415, 37.399002572840494 ], [ 127.099212489916582, 37.399036932539978 ], [ 127.099232606293313, 37.399151813216079 ], [ 127.09924187942552, 37.399204776161596 ], [ 127.099252187961369, 37.399263639891267 ], [ 127.099258473357096, 37.399311811909882 ], [ 127.099264792618726, 37.399359965879512 ], [ 127.099269282516076, 37.399408283543224 ], [ 127.09927323033196, 37.399456610664629 ], [ 127.099273970942306, 37.399505102619521 ], [ 127.099274212019452, 37.399525501374413 ], [ 127.099274437975723, 37.399577732961774 ], [ 127.099273461820445, 37.399626136233572 ], [ 127.09927261234202, 37.399650338168101 ], [ 127.099271774156875, 37.399674540093166 ], [ 127.099270924677469, 37.399698742027475 ], [ 127.099270075185785, 37.399722934951548 ], [ 127.099269225693575, 37.399747127875536 ], [ 127.099266727239197, 37.399771268101723 ], [ 127.099264240065338, 37.399795399308289 ], [ 127.099261685127161, 37.399819530570731 ], [ 127.099259141469446, 37.399843652813537 ], [ 127.099256597810125, 37.399867775056208 ], [ 127.099254054149213, 37.399891897298737 ], [ 127.099249257401624, 37.399920391320329 ], [ 127.099244539180575, 37.399948479820495 ], [ 127.099240683793568, 37.399971341727166 ], [ 127.099236906934422, 37.399993798112504 ], [ 127.099228837647814, 37.400041756735291 ], [ 127.099220757068835, 37.400089724376571 ], [ 127.0992115795069, 37.400119159069725 ], [ 127.099202413231694, 37.400148593752689 ], [ 127.099192302149234, 37.400181020581016 ], [ 127.099182202351926, 37.400213447398968 ], [ 127.099127058032977, 37.400390361933312 ], [ 127.099096016041315, 37.40048994957192 ], [ 127.099088201471332, 37.400507994315277 ], [ 127.099081726887519, 37.400522965495625 ], [ 127.099075252289396, 37.400537927665461 ], [ 127.099064079521369, 37.400561678594585 ], [ 127.099052906746294, 37.400585429522529 ], [ 127.099043995281519, 37.4006024209814 ], [ 127.099035083801056, 37.400619403429452 ], [ 127.099025969516575, 37.400636764469773 ], [ 127.099023603656335, 37.400641289509515 ], [ 127.099023581068494, 37.400641289528139 ], [ 127.09901490609731, 37.400657767211854 ], [ 127.099013081106179, 37.40066133673092 ], [ 127.0990130022589, 37.40066149897838 ], [ 127.099053166583261, 37.400655203809855 ], [ 127.099054679663524, 37.400654968298191 ], [ 127.099043865372664, 37.400667762602602 ], [ 127.099005003307184, 37.400676732704994 ], [ 127.099003200751227, 37.400680185073611 ], [ 127.098991213598708, 37.400703026642837 ], [ 127.098979226450652, 37.400725877220914 ], [ 127.098969075642955, 37.400745203320717 ], [ 127.098958936135674, 37.400764538420411 ], [ 127.098958936147326, 37.400764547430562 ], [ 127.098958924865087, 37.400764556449971 ], [ 127.098958767135088, 37.400764853914481 ], [ 127.098956434891917, 37.400769180702085 ], [ 127.098931874661375, 37.400815963548503 ], [ 127.098905958544407, 37.400862296999364 ], [ 127.098877895496457, 37.400907821299676 ], [ 127.0988476855145, 37.400952536447946 ], [ 127.098818605358773, 37.4009976110639 ], [ 127.098788621301438, 37.401042416111856 ], [ 127.098758298156369, 37.401087041228045 ], [ 127.098725375846712, 37.401130497155179 ], [ 127.098691323402278, 37.401173413393458 ], [ 127.098656931750327, 37.401216059596194 ], [ 127.098622201123121, 37.401258615965645 ], [ 127.098586453298779, 37.401300632551511 ], [ 127.098549462163746, 37.401341929335679 ], [ 127.098511792882505, 37.401382866258857 ], [ 127.098473897331516, 37.401423533051236 ], [ 127.098435888915347, 37.401464290025061 ], [ 127.098344635666137, 37.401554105737901 ], [ 127.098189764035993, 37.40170650374926 ], [ 127.098121970196999, 37.401771612333953 ], [ 127.097977470686615, 37.401910306182202 ], [ 127.097920730971239, 37.401964683570469 ], [ 127.097857448200259, 37.402025012951377 ], [ 127.097689032011985, 37.402185530451952 ], [ 127.09759077968377, 37.402279315724684 ], [ 127.09763786824945, 37.402272970361139 ], [ 127.097532958852582, 37.402371986873945 ], [ 127.097432630068937, 37.402431985694662 ], [ 127.097427100171103, 37.402435323929971 ], [ 127.097245146756393, 37.402609727374411 ], [ 127.097229579664017, 37.402624606697657 ], [ 127.097188067502188, 37.402664374984127 ], [ 127.097154451515763, 37.402696478255514 ], [ 127.097120835500647, 37.402728581517181 ], [ 127.097087106514635, 37.402760684860446 ], [ 127.097053377499819, 37.402792788193992 ], [ 127.097018631060266, 37.402824171528763 ], [ 127.096983884591708, 37.402855554853204 ], [ 127.09694575004913, 37.402887121104392 ], [ 127.096919459587539, 37.402906964613656 ], [ 127.096909191529875, 37.402914631511514 ], [ 127.096886849355684, 37.402930777673284 ], [ 127.096831332192423, 37.402970737330335 ], [ 127.09679149802659, 37.402998070138487 ], [ 127.096750985491695, 37.40302486287144 ], [ 127.096708889336611, 37.403049764737297 ], [ 127.096666680324873, 37.403074756780214 ], [ 127.096624584227868, 37.403099748717153 ], [ 127.096581809649251, 37.403124110475176 ], [ 127.096538016850687, 37.403147121515886 ], [ 127.096505848384439, 37.403163185399897 ], [ 127.096449413209328, 37.403191973048457 ], [ 127.096404376140555, 37.403213543417088 ], [ 127.096358546968872, 37.403233943086533 ], [ 127.096312378489273, 37.403253982604838 ], [ 127.096265530738592, 37.403272761230738 ], [ 127.0962184567382, 37.40329126971524 ], [ 127.096179960382258, 37.403304995943543 ], [ 127.09617047746994, 37.403308427385667 ], [ 127.096141577068693, 37.40331881217017 ], [ 127.096122611122894, 37.403325584946209 ], [ 127.096084337787389, 37.403337058431624 ], [ 127.096046064553406, 37.403348622005865 ], [ 127.096007451346736, 37.40335928482606 ], [ 127.095968498507943, 37.403369317195647 ], [ 127.095929318754955, 37.403378538821592 ], [ 127.095889912540926, 37.403387310108627 ], [ 127.09585005228584, 37.403394279718164 ], [ 127.095809966023964, 37.403401159393141 ], [ 127.095769652175477, 37.403406687715986 ], [ 127.095729224700989, 37.403411675507648 ], [ 127.09568879654455, 37.403416122678053 ], [ 127.095647914581576, 37.403418948371915 ], [ 127.095607031826887, 37.403421143342996 ], [ 127.095566034099519, 37.403421716567458 ], [ 127.095525148751989, 37.403421839181689 ], [ 127.095484261941635, 37.403420790465653 ], [ 127.09544337367042, 37.403418570419355 ], [ 127.095402597895173, 37.40341598986425 ], [ 127.095283092595238, 37.403406984458123 ], [ 127.095163699481972, 37.403397348133026 ], [ 127.095044082192388, 37.403389063384637 ], [ 127.094924354222485, 37.403382580629277 ], [ 127.094873189162939, 37.403381179415625 ], [ 127.094822137048467, 37.403379778090724 ], [ 127.094770860389346, 37.403379458136854 ], [ 127.094719699352027, 37.403381300501543 ], [ 127.094668538869925, 37.403383593350348 ], [ 127.09461749166222, 37.40338615639179 ], [ 127.094566558731188, 37.403389800537269 ], [ 127.094515626908645, 37.403394345673235 ], [ 127.094464922079311, 37.403399791622149 ], [ 127.094436239282786, 37.403403688522971 ], [ 127.094364081116851, 37.403413926656107 ], [ 127.094313943979458, 37.403421804830472 ], [ 127.094250709519812, 37.403433027005363 ], [ 127.09421412411001, 37.403439723191042 ], [ 127.094114984624582, 37.403459893467797 ], [ 127.094065641801251, 37.403470834360014 ], [ 127.094016865673922, 37.403483396612238 ], [ 127.094013320548285, 37.403484453571082 ], [ 127.093968882237135, 37.403497670149839 ], [ 127.093921238497416, 37.403512664213075 ], [ 127.093890371771849, 37.403522464325235 ], [ 127.093890371760779, 37.403522455315112 ], [ 127.093873707792682, 37.40352774827015 ], [ 127.093793214597284, 37.403556733641445 ], [ 127.093712608396302, 37.403585719045928 ], [ 127.093632907335959, 37.403616055210158 ], [ 127.09355422490772, 37.403648192554215 ], [ 127.09347576873995, 37.403680690075106 ], [ 127.093397425558095, 37.403713277557365 ], [ 127.093319987507115, 37.4037472158047 ], [ 127.093243454474276, 37.403782414717675 ], [ 127.093167713183931, 37.403818604081842 ], [ 127.093108836385966, 37.40384717578312 ], [ 127.093092198256798, 37.403855243728621 ], [ 127.093017361796342, 37.403892603612533 ], [ 127.092941733887045, 37.403929333351606 ], [ 127.09286587903128, 37.403965252305511 ], [ 127.092824563908863, 37.403983754988182 ], [ 127.092782795896753, 37.40400135699268 ], [ 127.092697336378095, 37.404033769299595 ], [ 127.092654097196345, 37.404049029758596 ], [ 127.092610518619011, 37.404063839956635 ], [ 127.092566486830151, 37.404077479170361 ], [ 127.092521662671984, 37.404089677356403 ], [ 127.092473902383276, 37.404102238189346 ], [ 127.092652713599136, 37.404305459183327 ], [ 127.092693491114943, 37.404588796386562 ], [ 127.092689133747697, 37.404627993818039 ], [ 127.092694225446976, 37.404635558402191 ], [ 127.0926942028143, 37.404635522379131 ], [ 127.092801944172379, 37.404796216030419 ], [ 127.092938856299156, 37.405000460020638 ], [ 127.093013032191394, 37.405115561125719 ], [ 127.092930709483724, 37.405127797486088 ], [ 127.092699032205175, 37.405162953700213 ], [ 127.092671997872728, 37.405167029103666 ], [ 127.092471389214808, 37.405302822092807 ], [ 127.092640384857035, 37.405363357181649 ], [ 127.092719772788854, 37.405389650604313 ], [ 127.092910157887431, 37.405643003606954 ], [ 127.093437878616896, 37.406021929988569 ], [ 127.093693899846855, 37.406200077170517 ], [ 127.093865280648586, 37.406287377730948 ], [ 127.09391387226637, 37.406307017890498 ], [ 127.094165282081804, 37.406499259486317 ], [ 127.094185763065539, 37.406520453278453 ], [ 127.094205780385906, 37.406541169893615 ], [ 127.094238769394167, 37.406575301424901 ], [ 127.094467348402787, 37.406808673484022 ], [ 127.094504770847536, 37.406847351568636 ], [ 127.094756367634631, 37.406978160691317 ], [ 127.094818713720159, 37.406976868112885 ], [ 127.094978034300695, 37.40697294902202 ], [ 127.095215322762968, 37.406932278716553 ], [ 127.095415646476283, 37.406948779525649 ], [ 127.095462343391134, 37.406970024353541 ], [ 127.095487058941629, 37.406980970038681 ], [ 127.095528014402177, 37.406999255071455 ], [ 127.095588848895275, 37.407026597474037 ], [ 127.095648565217772, 37.407053922715122 ], [ 127.095835630205798, 37.407080272426001 ], [ 127.095963635608584, 37.407098631997705 ], [ 127.096026006228939, 37.407107817541167 ], [ 127.096134389682305, 37.407123940078478 ], [ 127.09651542738797, 37.407002259121803 ], [ 127.096778587621031, 37.406869193062349 ], [ 127.096858097084294, 37.40662353992245 ], [ 127.097104330193062, 37.406574983760159 ], [ 127.097230845759455, 37.40655022970347 ], [ 127.097718309237564, 37.406569629350138 ], [ 127.098024457302216, 37.406580192019547 ], [ 127.098022399476164, 37.406578499795096 ], [ 127.096917725077219, 37.406260392666333 ], [ 127.098020840216108, 37.406578050561315 ], [ 127.098023096645022, 37.406576075501619 ], [ 127.098346361420994, 37.406669516542536 ], [ 127.098442968164946, 37.406697458886342 ], [ 127.09886396014528, 37.406810820840782 ], [ 127.099158736125602, 37.40688283900419 ], [ 127.099304373039629, 37.406918398751706 ], [ 127.099493725755067, 37.406957436052757 ], [ 127.099509527991515, 37.406949313842787 ], [ 127.099617688641146, 37.40691543617536 ], [ 127.099663426668201, 37.406910712952119 ], [ 127.099781895388546, 37.40689971230109 ], [ 127.099799741717007, 37.406900057873223 ], [ 127.099838042079128, 37.406908315348026 ], [ 127.099908702508927, 37.406959974700285 ], [ 127.09991807912445, 37.40696140851756 ], [ 127.099965431095967, 37.406981641886951 ], [ 127.099977411026714, 37.406978640549276 ], [ 127.099978888213172, 37.406985405924758 ], [ 127.099993823603569, 37.407058296210835 ], [ 127.099993813777076, 37.407058294433853 ], [ 127.100019028543443, 37.407182586153517 ], [ 127.100039086531353, 37.407207122037768 ], [ 127.100061947234593, 37.407241476620932 ], [ 127.100073522072819, 37.407274101652781 ], [ 127.100079794652189, 37.407302946850109 ], [ 127.099918666152618, 37.407703905542405 ], [ 127.099853525240633, 37.407865988833656 ], [ 127.099864569288911, 37.407941871938007 ], [ 127.099922657430199, 37.40800933647936 ], [ 127.099937231529182, 37.408020659086944 ], [ 127.099972089548928, 37.408047750544334 ], [ 127.100016965175698, 37.408082618394879 ], [ 127.100011499249703, 37.408178193349421 ], [ 127.100108430137766, 37.408244679370043 ], [ 127.100147692777995, 37.40840053981065 ], [ 127.100157682739891, 37.408438896589267 ], [ 127.100217622868044, 37.408669145358964 ], [ 127.10023976805779, 37.40861402995818 ], [ 127.100234712321523, 37.408574398640539 ], [ 127.10023469406363, 37.408574226051641 ], [ 127.100257116993077, 37.408742851243474 ], [ 127.100266060578917, 37.408810050292871 ], [ 127.101236053476001, 37.409176254587614 ], [ 127.101491800244176, 37.409219386322441 ], [ 127.101657980472538, 37.409248708796056 ], [ 127.102019135580022, 37.409309409908197 ], [ 127.102053483493549, 37.409342583012226 ], [ 127.102446162507249, 37.409721844953204 ], [ 127.102688604677851, 37.409537227561728 ], [ 127.102784559110134, 37.409496194407005 ], [ 127.102852456179974, 37.409379779502345 ], [ 127.10285246746308, 37.409379770482531 ], [ 127.102852467450944, 37.409379761472394 ], [ 127.103024274482891, 37.409233938422048 ], [ 127.103161216788962, 37.4091162927228 ], [ 127.10328576542878, 37.409005198880976 ], [ 127.103647255528685, 37.408705156396344 ], [ 127.103828276961693, 37.408551521435371 ], [ 127.104077303545651, 37.408653426439514 ], [ 127.104103082147802, 37.408664008992382 ], [ 127.104141113127923, 37.408655947968548 ], [ 127.104564478132289, 37.408566136243941 ], [ 127.104581276033699, 37.408584141851797 ], [ 127.104605279830636, 37.408568884805319 ], [ 127.10484088236494, 37.408591997355828 ], [ 127.104933825959463, 37.408457692273174 ], [ 127.105321316264821, 37.408450135607467 ], [ 127.105535798982771, 37.408311416443738 ], [ 127.105614403086548, 37.408198360299565 ], [ 127.105763189413295, 37.408032857376597 ], [ 127.106395027453402, 37.40769643718113 ], [ 127.106480513189979, 37.40765168912025 ], [ 127.106690939727727, 37.407692966729428 ], [ 127.106901884033945, 37.407410230366082 ], [ 127.106928015319554, 37.407374274689516 ], [ 127.107024646331453, 37.407207185811501 ], [ 127.107072477886717, 37.407124988787167 ], [ 127.107109208653171, 37.407060443484347 ], [ 127.107362888461807, 37.407138424563669 ], [ 127.107586758978229, 37.407062358679816 ], [ 127.107729900063632, 37.407087098133196 ], [ 127.10813249861927, 37.407201254503349 ], [ 127.108332469701466, 37.407237384829592 ], [ 127.108656672554147, 37.407264752591026 ], [ 127.108970519458978, 37.407316726519376 ], [ 127.109125855151007, 37.407259100645561 ], [ 127.109217054109934, 37.407293346190833 ], [ 127.109432675214606, 37.407372889206542 ], [ 127.109592749386209, 37.407390312744774 ], [ 127.109653789750368, 37.407344936001451 ], [ 127.109669068832332, 37.407366456227855 ], [ 127.109794116357747, 37.407375261806095 ], [ 127.109873979577728, 37.407380865023498 ], [ 127.110040257884521, 37.407392605890664 ], [ 127.110424037511336, 37.407377296212729 ], [ 127.110512236697389, 37.407367484005356 ], [ 127.110603822374216, 37.407356317088961 ], [ 127.110611954057177, 37.407355859080106 ], [ 127.110791754780337, 37.407345872009586 ], [ 127.111503609443005, 37.40730178317127 ], [ 127.111443606383659, 37.407437891871503 ], [ 127.11147411176195, 37.407444080493342 ], [ 127.111732729389843, 37.407496278637417 ], [ 127.11176288052107, 37.407491925667955 ], [ 127.111904894158911, 37.407516571013971 ], [ 127.111925791771725, 37.407517903020853 ], [ 127.111989952956094, 37.407521897647399 ], [ 127.112025309413113, 37.40752411713909 ], [ 127.112050917547123, 37.407502739204752 ], [ 127.112106319118581, 37.407464214163845 ], [ 127.11239901409408, 37.407493403152223 ], [ 127.112860573765744, 37.407602262229872 ], [ 127.112924767222879, 37.407627970720675 ], [ 127.113174979310557, 37.407723332126878 ], [ 127.113256636156819, 37.407719380632365 ], [ 127.113623977228769, 37.407814179830709 ], [ 127.113708685714784, 37.407887261698605 ], [ 127.113711264752681, 37.407874645076603 ], [ 127.113960863543028, 37.407936307530036 ], [ 127.113977149213383, 37.407950257734697 ], [ 127.114199857175251, 37.4080058183715 ], [ 127.114414787587307, 37.408071837759117 ], [ 127.114634915036376, 37.408138482491836 ], [ 127.114897381086109, 37.408267976889185 ], [ 127.115075844103387, 37.408343490665267 ], [ 127.115098900711473, 37.408353199452712 ], [ 127.115130434199315, 37.408366594241429 ], [ 127.115110622364213, 37.408411303491746 ], [ 127.115127017083424, 37.40842246029348 ], [ 127.115133910749563, 37.408424886402855 ], [ 127.115155834888967, 37.408432614040002 ], [ 127.115284664096265, 37.408475738745707 ], [ 127.115416283121831, 37.408496335313764 ], [ 127.115442154995904, 37.408500364943997 ], [ 127.115736152585754, 37.408565675003814 ], [ 127.115931008474348, 37.408650001568432 ], [ 127.116086834019839, 37.408841586103733 ], [ 127.116306408824158, 37.408913724424053 ], [ 127.116422072900335, 37.408988756501792 ], [ 127.11648297759983, 37.409004284810329 ], [ 127.116680609601559, 37.409056170990574 ], [ 127.116894476673082, 37.40923562433494 ], [ 127.11716087734095, 37.409568378194763 ], [ 127.117301644942259, 37.409660413976979 ], [ 127.11736276776756, 37.409817130223651 ], [ 127.117634817345603, 37.410074823136028 ], [ 127.118054940706898, 37.41032579216656 ], [ 127.118183499106422, 37.410409639708845 ], [ 127.118253595939223, 37.410379026212389 ], [ 127.118261301952529, 37.410395236820982 ], [ 127.118258374540787, 37.410474078266525 ], [ 127.118286333975107, 37.410512613972749 ], [ 127.118462772576407, 37.40877150385964 ], [ 127.118525625113421, 37.408151004566605 ], [ 127.11876623997324, 37.406358472059708 ], [ 127.118873424151758, 37.405559798133353 ], [ 127.118886710878854, 37.40546112404266 ], [ 127.118921433125536, 37.405202138482018 ], [ 127.119051166958243, 37.404235763329865 ], [ 127.119048616951844, 37.404241217522447 ], [ 127.119051166958243, 37.404235763329865 ], [ 127.119185921737255, 37.403232171038887 ], [ 127.119330475531356, 37.402357954172039 ], [ 127.119352628173402, 37.402223951420403 ], [ 127.119352628173402, 37.402223951420403 ], [ 127.119598533852383, 37.400732709098179 ], [ 127.119726117791046, 37.399774083345555 ], [ 127.119802353898379, 37.399201142582342 ], [ 127.11980413992984, 37.399187805791932 ], [ 127.119879369489723, 37.398621893837628 ], [ 127.119879592102706, 37.398619821282942 ], [ 127.119973350240599, 37.397915675126335 ], [ 127.119973685074783, 37.397913151951769 ], [ 127.1199774376188, 37.397714204305522 ], [ 127.120000429824955, 37.397541186580149 ], [ 127.120044183056109, 37.397212813213173 ], [ 127.120071527711232, 37.39700699418335 ], [ 127.120118112891873, 37.396827825862374 ], [ 127.120200481351063, 37.396208566277359 ], [ 127.120328770987172, 37.394919626560075 ], [ 127.120102345509281, 37.394919853840392 ], [ 127.120083350613712, 37.394919872887307 ], [ 127.119591482191169, 37.394920365039937 ], [ 127.118786932009982, 37.394921165644895 ], [ 127.118488569836018, 37.394921461152698 ], [ 127.118353053328676, 37.394921595124117 ], [ 127.1183534833675, 37.395198656632594 ], [ 127.117076800195008, 37.395199911144658 ], [ 127.116963869348908, 37.395200021450819 ], [ 127.116666070704809, 37.395200311810967 ], [ 127.116636129301369, 37.395043023844906 ], [ 127.116635945621638, 37.394922918798436 ], [ 127.116556894319103, 37.394922995728869 ], [ 127.11414537772724, 37.394925317153088 ], [ 127.11316288283065, 37.394926248843667 ], [ 127.112722454069356, 37.394926663848324 ], [ 127.112722789893709, 37.395153980472074 ], [ 127.112723003644447, 37.395298665169385 ], [ 127.112723045588098, 37.395327056094452 ], [ 127.112723701000391, 37.395770687932149 ], [ 127.112724053425012, 37.396009231145996 ], [ 127.112644304492676, 37.396073007829692 ], [ 127.112050394187591, 37.396073564472019 ], [ 127.112028142580357, 37.396070882226432 ], [ 127.112007352876773, 37.396063963843403 ], [ 127.111989493594436, 37.396053078256116 ], [ 127.111975469381917, 37.396039035533661 ], [ 127.111964824676448, 37.396019223161439 ], [ 127.111956330180533, 37.396002472228723 ], [ 127.111945352769638, 37.395986804831182 ], [ 127.111932005509061, 37.395972310964119 ], [ 127.111916401595792, 37.395959170723799 ], [ 127.111898993418805, 37.39594783419431 ], [ 127.111879893777498, 37.395938211168087 ], [ 127.111859441863345, 37.395930571632171 ], [ 127.111837863803174, 37.395925095577702 ], [ 127.111815724255138, 37.395921782477473 ], [ 127.111793249081188, 37.395920632120465 ], [ 127.111342537674233, 37.395921051578291 ], [ 127.111003741953311, 37.39592145585145 ], [ 127.110680982433081, 37.395921754249692 ], [ 127.110658511195297, 37.395923306716433 ], [ 127.110636494949887, 37.39592711129491 ], [ 127.110615159428207, 37.395933077675664 ], [ 127.110594956356593, 37.395941205442419 ], [ 127.11057622400746, 37.395951133877979 ], [ 127.110559188374594, 37.395962952876111 ], [ 127.110544074799563, 37.395976301824028 ], [ 127.110531109016122, 37.395991090412927 ], [ 127.110520742361643, 37.396007047923121 ], [ 127.110512073467987, 37.396025616809091 ], [ 127.110502384788902, 37.396041843996983 ], [ 127.110488062495719, 37.396055732816883 ], [ 127.110469782615155, 37.39606620142704 ], [ 127.110448786750098, 37.396072798174778 ], [ 127.110426429437467, 37.396075071303919 ], [ 127.109953921173371, 37.396075505542825 ], [ 127.109947664327876, 37.39607523196581 ], [ 127.109365054531622, 37.396049374049106 ], [ 127.109067817111736, 37.396049644765085 ], [ 127.108933127628802, 37.396076797620857 ], [ 127.107934694093643, 37.39607770036109 ], [ 127.107797329866315, 37.396050433064062 ], [ 127.10746946522579, 37.396050727285498 ], [ 127.10742520711274, 37.396050766932518 ], [ 127.107229394041681, 37.396050942145756 ], [ 127.107087689129344, 37.395956128857669 ], [ 127.107072225273583, 37.395913407550694 ], [ 127.107056128296804, 37.395870173228246 ], [ 127.107039466932022, 37.395827119609805 ], [ 127.107022241180132, 37.395784246695143 ], [ 127.107004563847397, 37.39574146428189 ], [ 127.106995941286485, 37.39572116310881 ], [ 127.106995703321942, 37.395720586671871 ], [ 127.106989380878332, 37.395705707553262 ], [ 127.106970071082017, 37.395682622765371 ], [ 127.106912006069876, 37.395613242361065 ], [ 127.10689218402571, 37.395571092551357 ], [ 127.106871797599155, 37.395529123443715 ], [ 127.106861072810062, 37.395507562712794 ], [ 127.106850959596159, 37.395487244835941 ], [ 127.106832263391752, 37.395450635251223 ], [ 127.106807816184656, 37.395403939422252 ], [ 127.10680073973694, 37.395390899033579 ], [ 127.106785397972317, 37.395362602817677 ], [ 127.106762528312345, 37.39532144681322 ], [ 127.106739207079343, 37.395280381307316 ], [ 127.106715434525796, 37.395239586502342 ], [ 127.10669109746955, 37.395198882295837 ], [ 127.106666196163161, 37.395158448890093 ], [ 127.106640956342872, 37.395118195982654 ], [ 127.106615152147768, 37.39507812377402 ], [ 127.106588896509109, 37.395038232163543 ], [ 127.106562076496871, 37.394998521251161 ], [ 127.106534918098546, 37.394959080937269 ], [ 127.106507195327694, 37.394919821320862 ], [ 127.106479021115447, 37.394880742301311 ], [ 127.106442362462005, 37.39483112893317 ], [ 127.106373238025142, 37.394742170009593 ], [ 127.106286358524997, 37.394635116383263 ], [ 127.106214757513982, 37.394551565645607 ], [ 127.106088084128885, 37.394413552193193 ], [ 127.106035496877809, 37.394359627909168 ], [ 127.106069108358909, 37.39432968451105 ], [ 127.106083307197352, 37.394307867402368 ], [ 127.106124914093328, 37.39426169865439 ], [ 127.105547124578294, 37.394640183994078 ], [ 127.105485962536804, 37.394673575324006 ], [ 127.105256773606826, 37.394798657227874 ], [ 127.104760815725186, 37.395069395644192 ], [ 127.104336989348297, 37.394575558434859 ], [ 127.104320064128729, 37.394586024919469 ], [ 127.104265214475006, 37.394611210897921 ], [ 127.104191513823451, 37.394642540119349 ], [ 127.104181693946757, 37.394646242805095 ], [ 127.104100314346951, 37.394677848940397 ], [ 127.104087219119421, 37.394681284155197 ], [ 127.104064637637777, 37.394684637493945 ], [ 127.104041829312109, 37.394687270213353 ], [ 127.103960191131478, 37.394694909488365 ], [ 127.103952737865058, 37.394695006046483 ], [ 127.103945283740345, 37.394694471894638 ], [ 127.103937829860996, 37.394694117945015 ], [ 127.103911744470295, 37.39469522175289 ], [ 127.10390225931917, 37.394695950777425 ], [ 127.103893001376036, 37.394697670720483 ], [ 127.103511525916417, 37.39478323634556 ], [ 127.10350271918638, 37.394784595463079 ], [ 127.103365877197035, 37.394806517955509 ], [ 127.103356621422137, 37.394809859680969 ], [ 127.103287164099726, 37.394847852191347 ], [ 127.10321770670717, 37.394885844660827 ], [ 127.103185093787715, 37.394903622691473 ], [ 127.102591966138547, 37.395227955777251 ], [ 127.102548066598331, 37.395250788959302 ], [ 127.102510034487608, 37.395269922954562 ], [ 127.102471662839363, 37.395288516618656 ], [ 127.102432838843924, 37.395306660149082 ], [ 127.102393562139426, 37.395324083241299 ], [ 127.102353040639755, 37.395339615251487 ], [ 127.102311386916426, 37.395352985778011 ], [ 127.102268600731179, 37.395364014617094 ], [ 127.10222524782823, 37.395373512198638 ], [ 127.102180987127156, 37.395379766884922 ], [ 127.102136271562458, 37.395383679304018 ], [ 127.102091325796792, 37.395384348249792 ], [ 127.102046600838619, 37.395381232729925 ], [ 127.102002211430076, 37.395375684168869 ], [ 127.101959284241858, 37.395365719378091 ], [ 127.101894773160311, 37.395345231025622 ], [ 127.101875381322259, 37.395369484774875 ], [ 127.10182046520373, 37.395345834687582 ], [ 127.101781927367512, 37.395324603427859 ], [ 127.10174575762602, 37.395300757206201 ], [ 127.101711164024522, 37.395273215478461 ], [ 127.101719958010563, 37.395262215649922 ], [ 127.101729654122394, 37.395250223940245 ], [ 127.10175727337743, 37.39521352924001 ], [ 127.101783875627675, 37.395176384888202 ], [ 127.101791427112374, 37.395165205904789 ], [ 127.101798975713962, 37.395151864488469 ], [ 127.101804264376241, 37.395137533872315 ], [ 127.101807181129843, 37.395122934963155 ], [ 127.101807500114589, 37.395108067952791 ], [ 127.101805221812185, 37.395093293246624 ], [ 127.101800572445725, 37.39507888095698 ], [ 127.101793552376549, 37.395065101387701 ], [ 127.101784161965895, 37.395052224842374 ], [ 127.101772740366584, 37.395040521337265 ], [ 127.101749900178049, 37.395019366857504 ], [ 127.101559542855966, 37.394882483741242 ], [ 127.101551064931769, 37.394876364014287 ], [ 127.10155123403662, 37.394833655780303 ], [ 127.101552984045696, 37.394790856107143 ], [ 127.101556315195666, 37.394748145197497 ], [ 127.101558436082428, 37.394729492401119 ], [ 127.101468363721878, 37.394602570559655 ], [ 127.101466915466133, 37.394600499450149 ], [ 127.101368489916027, 37.394459051223592 ], [ 127.101282319573315, 37.394336126444358 ], [ 127.101246860371063, 37.394285537351045 ], [ 127.10110959489144, 37.394089610261865 ], [ 127.101030962681421, 37.393978941752671 ], [ 127.101008469908663, 37.39396391373328 ], [ 127.100992229438077, 37.393980055559503 ], [ 127.100989363944663, 37.393982256445881 ], [ 127.100988949071734, 37.393984500321487 ], [ 127.100961936890869, 37.394130190087786 ], [ 127.101003320695227, 37.394169259316079 ], [ 127.100961689339996, 37.394370220605168 ], [ 127.100923577250569, 37.394337311553691 ], [ 127.100881305053491, 37.394557780314315 ], [ 127.100876157516112, 37.394576462672774 ], [ 127.100859568555336, 37.394636718447742 ], [ 127.100859568567216, 37.394636727457915 ], [ 127.100859568567202, 37.394636727457872 ], [ 127.100859141501985, 37.394638295582062 ] ], [ [ 127.106198123655986, 37.407392475250617 ], [ 127.10619811710346, 37.407392465866486 ], [ 127.106325877727727, 37.407395082754014 ], [ 127.106198123655986, 37.407392475250617 ] ], [ [ 127.109481507524436, 37.398818804995344 ], [ 127.10948075631309, 37.398610040754384 ], [ 127.109480567638727, 37.398557241509366 ], [ 127.109482254993083, 37.39902495629201 ], [ 127.109481507524436, 37.398818804995344 ] ], [ [ 127.10189550578022, 37.396843076716628 ], [ 127.101902071772855, 37.396838025462849 ], [ 127.10188379531121, 37.396852096799449 ], [ 127.101891184865949, 37.396846405127135 ], [ 127.10189550578022, 37.396843076716628 ] ], [ [ 127.101908525107618, 37.396833181537644 ], [ 127.101913128185501, 37.396829726744954 ], [ 127.101902071772855, 37.396838025462849 ], [ 127.101908525107618, 37.396833181537644 ] ], [ [ 127.100823187618914, 37.397328457471914 ], [ 127.101005517743729, 37.397198648264194 ], [ 127.100985663762131, 37.397215604033967 ], [ 127.100823187618914, 37.397328457471914 ] ], [ [ 127.099927829608475, 37.397143867384884 ], [ 127.099634787834802, 37.397239611428773 ], [ 127.099634789180058, 37.397239609398554 ], [ 127.099927829608475, 37.397143867384884 ] ], [ [ 127.098142071278332, 37.403528968493326 ], [ 127.0981005360387, 37.403568367697424 ], [ 127.0978543920112, 37.403801831818441 ], [ 127.097854369457039, 37.403801858867212 ], [ 127.097776440185015, 37.403874093493606 ], [ 127.097757398469113, 37.403892264410096 ], [ 127.097934729678414, 37.403722999759111 ], [ 127.097949732947754, 37.403708751514849 ], [ 127.098099540713761, 37.403567260264097 ], [ 127.098441792946986, 37.403242255021695 ], [ 127.098870237093195, 37.402836374988929 ], [ 127.098871039616427, 37.402836896887507 ], [ 127.098442743025871, 37.403243308428472 ], [ 127.098321793075414, 37.403358079474877 ], [ 127.098197628096557, 37.40347614172282 ], [ 127.098142071278332, 37.403528968493326 ] ], [ [ 127.097758529510472, 37.403893515897884 ], [ 127.097683851804462, 37.403964936903712 ], [ 127.098063884323821, 37.404385859876626 ], [ 127.097682720763288, 37.403963685415242 ], [ 127.097757398469113, 37.403892264410096 ], [ 127.097758529510472, 37.403893515897884 ] ], [ [ 127.09924417007268, 37.402482130415912 ], [ 127.099341293175812, 37.402389876430718 ], [ 127.099367801788375, 37.402364716221889 ], [ 127.09924417007268, 37.402482130415912 ] ], [ [ 127.099302152250246, 37.400968019330378 ], [ 127.099287203162135, 37.400979889031611 ], [ 127.099170898026443, 37.401110578058287 ], [ 127.099288971678178, 37.400976319555227 ], [ 127.099327331671191, 37.400945923670463 ], [ 127.09939218554068, 37.400879465299631 ], [ 127.0994520658613, 37.400809857464061 ], [ 127.099390360456653, 37.400882953733202 ], [ 127.09932549538226, 37.400949484193355 ], [ 127.099302152250246, 37.400968019330378 ] ], [ [ 127.094583820689422, 37.405895378301459 ], [ 127.094492546432988, 37.405656330282341 ], [ 127.094491685233152, 37.405654060406825 ], [ 127.094583820689422, 37.405895378301459 ] ], [ [ 127.094670671835615, 37.405845592014934 ], [ 127.094670844775379, 37.405675093198255 ], [ 127.094599704654414, 37.405542213769792 ], [ 127.094670856070053, 37.405675093189345 ], [ 127.094670683130317, 37.405845592006031 ], [ 127.094617847590058, 37.405882971596149 ], [ 127.094670671835615, 37.405845592014934 ] ], [ [ 127.094497467252467, 37.40622006316859 ], [ 127.094256115539423, 37.40645399347288 ], [ 127.09436592770092, 37.406347551734861 ], [ 127.094497467252467, 37.40622006316859 ] ], [ [ 127.100930713686111, 37.398706107776199 ], [ 127.100993866961744, 37.398380878706703 ], [ 127.100984500585469, 37.398429126877375 ], [ 127.100929782754392, 37.398710983044545 ], [ 127.100924880753169, 37.398736206547149 ], [ 127.100930713686111, 37.398706107776199 ] ], [ [ 127.100994090503207, 37.398379752859476 ], [ 127.100994080122419, 37.398379806320676 ], [ 127.100993866961744, 37.398380878706703 ], [ 127.100994090503207, 37.398379752859476 ] ], [ [ 127.101324821832947, 37.3973988368272 ], [ 127.101323582651176, 37.397401171499887 ], [ 127.101293888167845, 37.397451394455267 ], [ 127.101324848418585, 37.397398786577718 ], [ 127.101324821832947, 37.3973988368272 ] ], [ [ 127.10136703168844, 37.397260092390262 ], [ 127.101366762001987, 37.397259883051042 ], [ 127.10136703331851, 37.397260090055198 ], [ 127.10136703168844, 37.397260092390262 ] ], [ [ 127.10048812222432, 37.401115249362093 ], [ 127.100474707507232, 37.401134362078274 ], [ 127.100461292783308, 37.401153474792885 ], [ 127.10048812222432, 37.401115249362093 ] ], [ [ 127.100598693017687, 37.400945676097479 ], [ 127.100632305519056, 37.400893508104275 ], [ 127.100578414663872, 37.400977906383062 ], [ 127.100598693017687, 37.400945676097479 ] ], [ [ 127.100700913763177, 37.400782146520783 ], [ 127.100687942792788, 37.400803664596474 ], [ 127.100676346659583, 37.400822892943012 ], [ 127.100700913763177, 37.400782146520783 ] ], [ [ 127.100739336370509, 37.400714087752959 ], [ 127.100758944895574, 37.400681544703296 ], [ 127.10072502908335, 37.400741400472249 ], [ 127.100739336370509, 37.400714087752959 ] ], [ [ 127.100843778887182, 37.400522985162802 ], [ 127.100833302382881, 37.400543311821842 ], [ 127.10082282587291, 37.400563638479838 ], [ 127.100843778887182, 37.400522985162802 ] ], [ [ 127.100865932596363, 37.400479696044968 ], [ 127.100865835456133, 37.400479889167386 ], [ 127.100843778887182, 37.400522985162802 ], [ 127.100865932596363, 37.400479696044968 ] ], [ [ 127.100909336900145, 37.400392373187238 ], [ 127.100898467513801, 37.400414493200053 ], [ 127.100898184029361, 37.400415064455643 ], [ 127.100909336900145, 37.400392373187238 ] ], [ [ 127.101002577032673, 37.400185692324513 ], [ 127.100993513003232, 37.400206513368033 ], [ 127.100993513002777, 37.400206513369071 ], [ 127.101002577032673, 37.400185692324513 ] ], [ [ 127.100630531868489, 37.401281006684698 ], [ 127.100685881891039, 37.401202391890742 ], [ 127.100658263364195, 37.401241699243734 ], [ 127.100630531868489, 37.401281006684698 ] ], [ [ 127.100713048273391, 37.401162814606295 ], [ 127.100765233909272, 37.401082760806467 ], [ 127.100739310633685, 37.401122877668485 ], [ 127.100713048273391, 37.401162814606295 ] ], [ [ 127.100047255965791, 37.407416582657035 ], [ 127.099989736594296, 37.407541790242398 ], [ 127.099989736582515, 37.407541781232283 ], [ 127.100047244670876, 37.407416582666443 ], [ 127.100094242508007, 37.407278346169562 ], [ 127.100065854431364, 37.40724083364541 ], [ 127.100094253802922, 37.407278346160147 ], [ 127.100047255965791, 37.407416582657035 ] ], [ [ 127.100520721109078, 37.407805893141365 ], [ 127.100520698596171, 37.407805951726054 ], [ 127.100520698566527, 37.407805929200762 ], [ 127.100520721109078, 37.407805893141365 ] ], [ [ 127.100726303371687, 37.407165001721516 ], [ 127.100728133540358, 37.407161775384232 ], [ 127.100761714610471, 37.407166314512899 ], [ 127.100761798321557, 37.40716983740225 ], [ 127.100726303383567, 37.407165010731653 ], [ 127.100634470684426, 37.407152509612132 ], [ 127.100726303371687, 37.407165001721516 ] ], [ [ 127.101889721313512, 37.397823745475897 ], [ 127.101903228320182, 37.397823734009989 ], [ 127.102135375442373, 37.397823566202774 ], [ 127.101889721313512, 37.397823745475897 ] ], [ [ 127.103059565303127, 37.408802151990962 ], [ 127.102940541029994, 37.409089965430923 ], [ 127.103059565290991, 37.408802142980839 ], [ 127.103156367164701, 37.408511348140976 ], [ 127.103059565303127, 37.408802151990962 ] ], [ [ 127.101920973760983, 37.397631532629049 ], [ 127.101895381391401, 37.397655908768975 ], [ 127.101895381383969, 37.397655903192465 ], [ 127.101920973760983, 37.397631532629049 ] ], [ [ 127.102258569871339, 37.397323419979379 ], [ 127.102362000864048, 37.397222907810203 ], [ 127.102281707570413, 37.397300941017548 ], [ 127.102261044897162, 37.397321015199246 ], [ 127.102258569871339, 37.397323419979379 ] ], [ [ 127.103388903386602, 37.397301235746923 ], [ 127.103388919813071, 37.397313372393882 ], [ 127.103389035701085, 37.397398995671594 ], [ 127.103389103590231, 37.397449155071939 ], [ 127.103389391416712, 37.397661812183571 ], [ 127.103388287297363, 37.396846034881797 ], [ 127.103388600882752, 37.397077730423661 ], [ 127.103388855460892, 37.397265825930496 ], [ 127.103388903386602, 37.397301235746923 ] ], [ [ 127.102970095038174, 37.396846394412947 ], [ 127.103246838255643, 37.396846156654853 ], [ 127.103388287297363, 37.396846034881797 ], [ 127.102970095038174, 37.396846394412947 ] ], [ [ 127.100764903009505, 37.407151643349977 ], [ 127.100763887931777, 37.407152752447608 ], [ 127.100780647987648, 37.407134438810523 ], [ 127.100764903009505, 37.407151643349977 ] ], [ [ 127.10484569697978, 37.407401557365404 ], [ 127.104864158234406, 37.407421886095698 ], [ 127.104845696992157, 37.407401566375526 ], [ 127.10484568568485, 37.40740155737528 ], [ 127.104970514980081, 37.407383445988401 ], [ 127.10484569697978, 37.407401557365404 ] ], [ [ 127.104868040217497, 37.407427729961356 ], [ 127.104868029130415, 37.407427730284184 ], [ 127.104864158234406, 37.407421886095698 ], [ 127.104868040217497, 37.407427729961356 ] ], [ [ 127.103304603279923, 37.408485721967743 ], [ 127.103192372769612, 37.40875138294151 ], [ 127.10330460326773, 37.408485712957621 ], [ 127.103304603279923, 37.408485721967743 ] ], [ [ 127.113180295148126, 37.402324277430196 ], [ 127.11313477970306, 37.402324320403821 ], [ 127.113134541591734, 37.402620663910049 ], [ 127.113134779609524, 37.402324257332957 ], [ 127.113180295148126, 37.402324277430196 ] ], [ [ 127.113167284424293, 37.401700157739484 ], [ 127.113166948275918, 37.401701960083749 ], [ 127.113167534338004, 37.401564104472499 ], [ 127.113167284424293, 37.401700157739484 ] ], [ [ 127.112723584100863, 37.399666267358008 ], [ 127.112723185501338, 37.399396504208262 ], [ 127.112728973777578, 37.400027208388508 ], [ 127.112723584100863, 37.399666267358008 ] ], [ [ 127.116591931154218, 37.396123473172835 ], [ 127.116615166537073, 37.396104709462392 ], [ 127.116671563718427, 37.396059603841572 ], [ 127.116615166674862, 37.39610479956368 ], [ 127.116591931154218, 37.396123473172835 ] ], [ [ 127.117009138752579, 37.402623069846101 ], [ 127.117009006321737, 37.402536778877391 ], [ 127.117009138752579, 37.402623069846094 ], [ 127.117023962153993, 37.402623055366718 ], [ 127.117009138752579, 37.402623069846101 ] ], [ [ 127.119284539933602, 37.402216551013112 ], [ 127.119129191828634, 37.402199666311439 ], [ 127.117087206574041, 37.401977327426621 ], [ 127.117008134450757, 37.401968664854358 ], [ 127.117008134450757, 37.401968664854344 ], [ 127.117087206574041, 37.401977327426614 ], [ 127.119129191828634, 37.402199666311432 ], [ 127.119284539933602, 37.402216551013112 ] ], [ [ 127.118938878644244, 37.404801080322848 ], [ 127.118960499567677, 37.404638218035402 ], [ 127.118938878644244, 37.404801080322862 ], [ 127.11880571155271, 37.404866777115998 ], [ 127.118938878644244, 37.404801080322848 ] ], [ [ 127.117088198141502, 37.402622992600016 ], [ 127.117087490051631, 37.40216191769197 ], [ 127.117088198141531, 37.402622992600016 ], [ 127.117088198141502, 37.402622992600016 ] ], [ [ 127.118253874238121, 37.402240767375766 ], [ 127.119107038795661, 37.402333669022426 ], [ 127.119107038795661, 37.402333669022433 ], [ 127.118253874238121, 37.402240767375766 ] ] ] } },
{ "type": "Feature", "properties": { "label": "위례_성남창곡동후보", "dong_cd": "4113110600", "note": "수정구 창곡동(추정) 전체 dissolve" }, "geometry": { "type": "Polygon", "coordinates": [ [ [ 127.160530061513029, 37.455409033103159 ], [ 127.160501318759771, 37.455509822120391 ], [ 127.160474662930696, 37.455603427314607 ], [ 127.160446032383859, 37.455703900812637 ], [ 127.160441006326934, 37.455721540233078 ], [ 127.160414103282804, 37.455815893576691 ], [ 127.160406283687806, 37.455843330671911 ], [ 127.160383745988128, 37.455922964731805 ], [ 127.160378462181356, 37.455941658670866 ], [ 127.160343391943982, 37.456064855121348 ], [ 127.160298986976073, 37.456220626407401 ], [ 127.160287353048815, 37.456261556656457 ], [ 127.160241238815985, 37.456303884722928 ], [ 127.159831327108009, 37.456689613980622 ], [ 127.159427689167046, 37.457072414158262 ], [ 127.159335678921224, 37.457159682213856 ], [ 127.158925849467707, 37.45754595778633 ], [ 127.158756382668258, 37.458151721392859 ], [ 127.158719596547002, 37.458283082700547 ], [ 127.158767592630298, 37.458258646682161 ], [ 127.158743142718222, 37.458343860159687 ], [ 127.158710124914904, 37.458461250880497 ], [ 127.158745202387323, 37.458550259483602 ], [ 127.158764435627219, 37.458597023046863 ], [ 127.158785415324274, 37.458630377339134 ], [ 127.158803031790157, 37.458671484740108 ], [ 127.15879309396793, 37.458729513629521 ], [ 127.158761569752059, 37.45878294908858 ], [ 127.15872578254961, 37.458819307169144 ], [ 127.158662496304416, 37.45888284906399 ], [ 127.158597032650206, 37.458948358007596 ], [ 127.158590409915632, 37.458964873207073 ], [ 127.15859200422679, 37.458986792520712 ], [ 127.158509510976018, 37.459027041869135 ], [ 127.158475762506924, 37.459146667972398 ], [ 127.158427562989644, 37.459317490287852 ], [ 127.158309767118553, 37.45973491965983 ], [ 127.158152509550987, 37.460292228009138 ], [ 127.158144933667344, 37.460317907654179 ], [ 127.158088064297914, 37.460516303000325 ], [ 127.158062899138457, 37.460606139403673 ], [ 127.158105704962807, 37.460606929638374 ], [ 127.158271386821738, 37.460581571986637 ], [ 127.158295186904567, 37.460623031649106 ], [ 127.158477150558795, 37.460800450078416 ], [ 127.158724415815584, 37.460871516972368 ], [ 127.159083211370145, 37.461321279803371 ], [ 127.159818909196332, 37.46132415293512 ], [ 127.159992649579337, 37.461324848119098 ], [ 127.159992719611964, 37.461379457867636 ], [ 127.159993668262658, 37.462166402299069 ], [ 127.159993730836916, 37.462222832077281 ], [ 127.159993781535363, 37.46226827863584 ], [ 127.159993713453204, 37.462364559981182 ], [ 127.159993666367967, 37.462406519785553 ], [ 127.159993563291877, 37.46241659314483 ], [ 127.15999358713762, 37.46251358615735 ], [ 127.159994965730988, 37.462963284226745 ], [ 127.159787664722217, 37.462963823325083 ], [ 127.159880923112595, 37.463116896031366 ], [ 127.160032867113074, 37.463451243948136 ], [ 127.16010230553681, 37.463618070696874 ], [ 127.160329312794488, 37.463902041458141 ], [ 127.161030264389666, 37.464553009404781 ], [ 127.161092647325717, 37.46461095880985 ], [ 127.161118346382352, 37.464677661421298 ], [ 127.161353869040681, 37.465289322544805 ], [ 127.16139166257517, 37.46538746275187 ], [ 127.160730273592904, 37.465472067862429 ], [ 127.160384625593707, 37.465539261326043 ], [ 127.160612739038214, 37.465739211412796 ], [ 127.160933211160241, 37.465941991788661 ], [ 127.161053420035188, 37.466029479152368 ], [ 127.161100177179321, 37.466063681169587 ], [ 127.161230136134108, 37.466244255832592 ], [ 127.161314987860962, 37.46633717870256 ], [ 127.161338744087388, 37.46638293555197 ], [ 127.161879089908666, 37.467024186202579 ], [ 127.162235313133124, 37.467300517402535 ], [ 127.162356655403045, 37.467319084164544 ], [ 127.16250189822874, 37.467328959607762 ], [ 127.16315282414088, 37.467707023875207 ], [ 127.163378226910822, 37.467812421010692 ], [ 127.163835020185175, 37.468025989858674 ], [ 127.164117616764742, 37.468295343561905 ], [ 127.16421466986921, 37.46839794231186 ], [ 127.164381761720634, 37.468504922458102 ], [ 127.16451782057095, 37.468719560932463 ], [ 127.164774685996136, 37.468834534687815 ], [ 127.165312189664405, 37.468908006484334 ], [ 127.165341882946237, 37.468911911715374 ], [ 127.165589865003284, 37.469021625142823 ], [ 127.166123951668311, 37.469257674889562 ], [ 127.166329672825412, 37.46934318161675 ], [ 127.166369560813138, 37.469253539296396 ], [ 127.16637799194514, 37.469232119713958 ], [ 127.166442032859024, 37.46918694418634 ], [ 127.166624554061158, 37.469147342532601 ], [ 127.16677764363466, 37.469104745380896 ], [ 127.1668630305184, 37.469087047379539 ], [ 127.16726865247378, 37.468966267379628 ], [ 127.167550501049789, 37.468874897486899 ], [ 127.167735757292746, 37.468815224945416 ], [ 127.168072971435024, 37.468815119561029 ], [ 127.168201804734721, 37.468815028010738 ], [ 127.168413092575221, 37.468815838031254 ], [ 127.168573915375831, 37.468835495919102 ], [ 127.169068576222529, 37.468907308288934 ], [ 127.169604260158877, 37.469170649422928 ], [ 127.170030882568753, 37.469266971682536 ], [ 127.170165817276668, 37.469406155264842 ], [ 127.17061791679636, 37.469520441066251 ], [ 127.170739563018742, 37.469606150485674 ], [ 127.171084665908978, 37.469874010356392 ], [ 127.171174917803697, 37.46993824842864 ], [ 127.171267859673776, 37.470017213955899 ], [ 127.171468984293085, 37.470225966431514 ], [ 127.171640981467746, 37.470401072016465 ], [ 127.171777514751, 37.470565010968016 ], [ 127.171842314560962, 37.470660937399785 ], [ 127.171890396196119, 37.470712450467566 ], [ 127.171929423396065, 37.47075416465831 ], [ 127.172260448030855, 37.470986181446584 ], [ 127.172624224455234, 37.471074611219386 ], [ 127.172781386148813, 37.471161717692468 ], [ 127.173031315266627, 37.471274494049595 ], [ 127.173047634772828, 37.471272641327722 ], [ 127.173134369303781, 37.471285237546937 ], [ 127.173350687305799, 37.471342100790366 ], [ 127.173484928157677, 37.471391208349665 ], [ 127.173747783520753, 37.471416738358023 ], [ 127.174060807755978, 37.471510724760208 ], [ 127.174250253098407, 37.47158100546897 ], [ 127.174479287750415, 37.471680852882287 ], [ 127.174566200355343, 37.471726253273857 ], [ 127.174676844854829, 37.471758437167857 ], [ 127.174783867898952, 37.471793752745135 ], [ 127.174946036394317, 37.471844376420442 ], [ 127.175177655925708, 37.471878274341272 ], [ 127.175545621783726, 37.471932126505017 ], [ 127.175626209945264, 37.471950532397244 ], [ 127.175641717485192, 37.471905630636712 ], [ 127.175704387617856, 37.471724211613555 ], [ 127.17594096035954, 37.471608074884351 ], [ 127.176002419629427, 37.47133898096714 ], [ 127.176086044752793, 37.471331604393505 ], [ 127.176274028404677, 37.471234703075602 ], [ 127.176321566746708, 37.471148533000097 ], [ 127.176469576285825, 37.471201716360326 ], [ 127.176511559509009, 37.471259156152065 ], [ 127.176484321940393, 37.471320077196964 ], [ 127.176584198572925, 37.471373854250217 ], [ 127.176546916469334, 37.471500031749812 ], [ 127.176572512470898, 37.471520482622481 ], [ 127.176620740225601, 37.4715166990404 ], [ 127.176677469265115, 37.471474267868437 ], [ 127.176733847325295, 37.471446163122678 ], [ 127.17686144482262, 37.47153939876484 ], [ 127.17697956108762, 37.471648424891789 ], [ 127.176837764876595, 37.471414888381531 ], [ 127.176343393972559, 37.470749735169804 ], [ 127.176323173507214, 37.470624886176559 ], [ 127.176376791608888, 37.470508919942745 ], [ 127.176396676749746, 37.470504358475559 ], [ 127.176417834197665, 37.47041512794106 ], [ 127.176405795679074, 37.470347480488698 ], [ 127.176388409137445, 37.47030363641845 ], [ 127.176370122396449, 37.470242152052691 ], [ 127.176328036033226, 37.470203236959634 ], [ 127.176226231071212, 37.470131307332018 ], [ 127.176191664760353, 37.47010319309905 ], [ 127.17611595072411, 37.470055668998775 ], [ 127.176124216731054, 37.469964412280852 ], [ 127.176117253450656, 37.469847841877545 ], [ 127.176094472046685, 37.469856182776603 ], [ 127.175863440322146, 37.469566653375985 ], [ 127.175635170836799, 37.46936093969363 ], [ 127.175473209889532, 37.468895278857133 ], [ 127.175445306236, 37.468815067636356 ], [ 127.175313063921095, 37.468514489531827 ], [ 127.175328617588349, 37.468313957544034 ], [ 127.174979170023946, 37.46789127006685 ], [ 127.175006926231191, 37.467893364697957 ], [ 127.17502399681193, 37.467791301084084 ], [ 127.17489731526571, 37.467576976293365 ], [ 127.174822022784795, 37.467480454193918 ], [ 127.174811063934996, 37.46746345933331 ], [ 127.174769673651994, 37.46742145220432 ], [ 127.174720058333904, 37.467356760856767 ], [ 127.174527424835176, 37.467139586016799 ], [ 127.174361427129739, 37.466923606272786 ], [ 127.174308514981377, 37.466766990249468 ], [ 127.174301762452146, 37.466775019047809 ], [ 127.174265378385599, 37.466771423177939 ], [ 127.174226684394938, 37.46678576963923 ], [ 127.17418942042427, 37.466728889723996 ], [ 127.174114637373037, 37.466464743839317 ], [ 127.174059306025455, 37.466361785947647 ], [ 127.174106478291151, 37.466288699788997 ], [ 127.174115793385923, 37.466274288157933 ], [ 127.174095547011802, 37.466150772205452 ], [ 127.174005708822648, 37.466044296698165 ], [ 127.17398715560924, 37.466022970006769 ], [ 127.173941182034611, 37.465973193609337 ], [ 127.173933646388491, 37.465925685707447 ], [ 127.173876038437186, 37.465850004401688 ], [ 127.173787832583614, 37.465779728642332 ], [ 127.173784322039538, 37.46577694065045 ], [ 127.173671010814331, 37.465686924380492 ], [ 127.173673898939299, 37.465669683985531 ], [ 127.173687692363089, 37.465587159044382 ], [ 127.173846753817742, 37.465659367844886 ], [ 127.173913655457341, 37.465721250264338 ], [ 127.173915947955791, 37.465715390400483 ], [ 127.173918150541837, 37.465709755918496 ], [ 127.173934636439995, 37.465667682056718 ], [ 127.173860666131731, 37.46562872246416 ], [ 127.173690257332765, 37.465552232430099 ], [ 127.173636645643597, 37.465552932217498 ], [ 127.173551801164749, 37.465568102510098 ], [ 127.173356382569708, 37.465429479188074 ], [ 127.173005855225867, 37.465221090802011 ], [ 127.172743700827951, 37.46511660317671 ], [ 127.172543129026508, 37.465002159876903 ], [ 127.172441405766222, 37.464896871659498 ], [ 127.172362024322652, 37.464818932541824 ], [ 127.17229475009681, 37.464736443828258 ], [ 127.172282534025712, 37.464702998223032 ], [ 127.172250788207094, 37.464616079263685 ], [ 127.172210975440279, 37.46455564342056 ], [ 127.172138115062708, 37.464322767223521 ], [ 127.172025897098194, 37.464259381427368 ], [ 127.171904684193521, 37.464207027762761 ], [ 127.171825001746043, 37.464175220075234 ], [ 127.171602127438973, 37.464148510953379 ], [ 127.171591436220609, 37.464149328232871 ], [ 127.17155587927499, 37.464170940406959 ], [ 127.171534059707469, 37.46418419852764 ], [ 127.171465516330954, 37.464219517335181 ], [ 127.171441923896225, 37.464228579313051 ], [ 127.17141765384099, 37.46423790355135 ], [ 127.171369065095064, 37.464255047407399 ], [ 127.171356683132757, 37.464257984453354 ], [ 127.171322056602619, 37.464266215321295 ], [ 127.171308126901039, 37.464269523997352 ], [ 127.171258421491146, 37.464277740469932 ], [ 127.171155874604111, 37.464286969828109 ], [ 127.170882866247808, 37.464153670537392 ], [ 127.170687806928655, 37.46392987040285 ], [ 127.170666725148806, 37.463904384165225 ], [ 127.170516203630541, 37.463661013258466 ], [ 127.166348099262351, 37.4605281459339 ], [ 127.160931483800383, 37.454175494253981 ], [ 127.160922502545006, 37.454150656651734 ], [ 127.160682887710351, 37.454277660877537 ], [ 127.160685250217483, 37.454283180856017 ], [ 127.16068376153062, 37.454284678529035 ], [ 127.160748657330231, 37.45435925739168 ], [ 127.160779420532137, 37.45439619318249 ], [ 127.160813005137697, 37.454436512940724 ], [ 127.160796124446634, 37.454491929471772 ], [ 127.160749772107778, 37.454650541756891 ], [ 127.160709153278006, 37.454789504391812 ], [ 127.160646743696361, 37.455003054498825 ], [ 127.160620027001883, 37.455094434333695 ], [ 127.160599674687234, 37.45516510951505 ], [ 127.160572726869106, 37.455259480983699 ], [ 127.160530061513029, 37.455409033103159 ] ], [ [ 127.162671317049629, 37.464161666649126 ], [ 127.162740397972726, 37.464111575749108 ], [ 127.162739066239268, 37.464112541639494 ], [ 127.162671317049629, 37.464161666649126 ] ], [ [ 127.160068493186643, 37.461394565179113 ], [ 127.16018567975496, 37.461307370933739 ], [ 127.160141305985263, 37.461340389221377 ], [ 127.160068493186643, 37.461394565179113 ] ], [ [ 127.166971616716566, 37.465182651750247 ], [ 127.167047614016823, 37.465143045346473 ], [ 127.167025879546699, 37.465154374367678 ], [ 127.166971616716566, 37.465182651750247 ] ], [ [ 127.165379985464313, 37.465844034286597 ], [ 127.165660094544066, 37.465923005907683 ], [ 127.165782555504634, 37.465957533378152 ], [ 127.165379985464313, 37.465844034286597 ] ], [ [ 127.167404949479462, 37.464567551067077 ], [ 127.16730081521294, 37.464539126382526 ], [ 127.167535391696987, 37.464603155740775 ], [ 127.167404949479462, 37.464567551067077 ] ] ] } },
{ "type": "Feature", "properties": { "label": "위례_서울장지동후보", "dong_cd": "1171011400+1171011300", "note": "송파구 장지동+인접동(추정) dissolve" }, "geometry": { "type": "MultiPolygon", "coordinates": [ [ [ [ 127.135885929335828, 37.481961543671638 ], [ 127.135891597046466, 37.481994973370263 ], [ 127.135880836557476, 37.482009257461414 ], [ 127.135862101568193, 37.482034128369371 ], [ 127.135767400139031, 37.48215991662093 ], [ 127.13584816892714, 37.482202721477201 ], [ 127.135854918268095, 37.48239193299608 ], [ 127.135853822283678, 37.482524958006536 ], [ 127.135884398353852, 37.482653487047358 ], [ 127.135931805625901, 37.482704078382675 ], [ 127.135942802033995, 37.482745701119853 ], [ 127.135945488546056, 37.482755879372469 ], [ 127.135943539216626, 37.482759593713475 ], [ 127.135927065801937, 37.482791048371496 ], [ 127.135943586566057, 37.482861758138931 ], [ 127.135929779176351, 37.482929835445063 ], [ 127.135961657301692, 37.482970875802195 ], [ 127.13597154314526, 37.48299842616656 ], [ 127.135985735631905, 37.483037999988987 ], [ 127.136012177020604, 37.483042042418013 ], [ 127.136017390654587, 37.483042838374075 ], [ 127.136061798877066, 37.483318638198853 ], [ 127.136045276367398, 37.483423650623337 ], [ 127.136044337344572, 37.483429625327027 ], [ 127.136041687964365, 37.48344648606637 ], [ 127.136001868348117, 37.483478814249658 ], [ 127.135910137623256, 37.48352181526284 ], [ 127.13595777745914, 37.483802855252272 ], [ 127.135965077706018, 37.483882819761561 ], [ 127.136077376739209, 37.483840660246727 ], [ 127.136068276154205, 37.483879098287026 ], [ 127.13616009205829, 37.483902303678931 ], [ 127.136150995390338, 37.484113011938447 ], [ 127.13616459515832, 37.484124547268891 ], [ 127.136220560062213, 37.484135962227334 ], [ 127.1362332952489, 37.484144543253556 ], [ 127.136257271367256, 37.484160697885201 ], [ 127.136284322301123, 37.484195427636692 ], [ 127.136299596931266, 37.484251839879285 ], [ 127.136301515570338, 37.484312853448472 ], [ 127.136308069500245, 37.484361067521462 ], [ 127.136275962936494, 37.484740965961798 ], [ 127.136270980886138, 37.484799933115454 ], [ 127.136269099441805, 37.484854058359694 ], [ 127.13630078417205, 37.48487499751127 ], [ 127.136400355151011, 37.484940792069757 ], [ 127.136421525403506, 37.485037517328706 ], [ 127.136493829354166, 37.485124507435465 ], [ 127.136393593346696, 37.48517954688468 ], [ 127.136385257283152, 37.485184124472262 ], [ 127.136261345736628, 37.48525215622675 ], [ 127.136218639450348, 37.485276730152265 ], [ 127.136406816623136, 37.485384040861035 ], [ 127.136416290013358, 37.485389445057869 ], [ 127.136471557123429, 37.485420962009393 ], [ 127.13645708823087, 37.485492139544284 ], [ 127.136451920301937, 37.485529428841488 ], [ 127.136445323440569, 37.48557691008407 ], [ 127.136438653455258, 37.485596307228384 ], [ 127.13642698948513, 37.485630270240222 ], [ 127.136393887058034, 37.485726606948667 ], [ 127.1364195560041, 37.485803577132316 ], [ 127.136409113263241, 37.4858376198369 ], [ 127.136398019488468, 37.485855445277892 ], [ 127.136389992274005, 37.485868338745675 ], [ 127.13640142435942, 37.485887751262226 ], [ 127.136436764045172, 37.485947753573932 ], [ 127.136474300396856, 37.486110052937569 ], [ 127.136475337203464, 37.486114439624664 ], [ 127.136483574916184, 37.486149416055682 ], [ 127.136509028698342, 37.486257488988777 ], [ 127.136515239911162, 37.486284728139864 ], [ 127.136590275498691, 37.486613363304919 ], [ 127.136615425042052, 37.486734401946663 ], [ 127.136634177129068, 37.486825246371183 ], [ 127.136654145560257, 37.486925955351737 ], [ 127.136697626037588, 37.486941546975991 ], [ 127.136654009910288, 37.486925973526873 ], [ 127.13671084466192, 37.487211840899292 ], [ 127.13671555822215, 37.48723614448862 ], [ 127.136744067768063, 37.487383064977323 ], [ 127.136737331720511, 37.487434862170829 ], [ 127.13673268213347, 37.487471159774636 ], [ 127.136728913515455, 37.487500644809437 ], [ 127.136697081953471, 37.487499302702396 ], [ 127.136599517939402, 37.48749518859556 ], [ 127.136579533571805, 37.487492445371437 ], [ 127.136616104297005, 37.487670459190902 ], [ 127.136638639698475, 37.487708428592583 ], [ 127.136705576303285, 37.488046776634725 ], [ 127.136753928247344, 37.488293045679463 ], [ 127.136788761509948, 37.488422569593844 ], [ 127.136814126592057, 37.488530939849902 ], [ 127.136869900323632, 37.488528524359978 ], [ 127.136924283390911, 37.488526173507495 ], [ 127.136930162648682, 37.488525923499502 ], [ 127.136964020688779, 37.488528407489987 ], [ 127.137061402894105, 37.48864392112894 ], [ 127.136983987568428, 37.488715423164898 ], [ 127.137011673743146, 37.488768964870182 ], [ 127.137173774711997, 37.488807251558185 ], [ 127.137187943725792, 37.488995445145768 ], [ 127.137260658387532, 37.489150585874604 ], [ 127.137285188674781, 37.489346984652684 ], [ 127.137300626198538, 37.489379943503884 ], [ 127.137138878374486, 37.489450154980972 ], [ 127.13712492212278, 37.489467217915447 ], [ 127.137136705533052, 37.489499171861645 ], [ 127.137363689368087, 37.49003076221689 ], [ 127.137458044144324, 37.490196401588264 ], [ 127.137609202629008, 37.490172224941816 ], [ 127.137458055468016, 37.490196410585234 ], [ 127.137057437590201, 37.490260517461856 ], [ 127.136987148518386, 37.490271761461052 ], [ 127.136937221995694, 37.490300659694007 ], [ 127.136839656130491, 37.490341424583789 ], [ 127.136837226879692, 37.490342445495685 ], [ 127.136670263027256, 37.490412211795821 ], [ 127.136357425864773, 37.49061008637198 ], [ 127.136505663280332, 37.490733975732276 ], [ 127.137026445904027, 37.491169202060632 ], [ 127.137048904179451, 37.491188818089292 ], [ 127.137087082176492, 37.49122218334923 ], [ 127.137215174120797, 37.491328525429083 ], [ 127.137288170132265, 37.491387925552722 ], [ 127.137354079901868, 37.491443008980582 ], [ 127.13735396535111, 37.49161079322716 ], [ 127.13735403011448, 37.491721489940701 ], [ 127.13735192658676, 37.491758784724404 ], [ 127.137353632855323, 37.492045372644817 ], [ 127.137353352699108, 37.492415188140846 ], [ 127.137352958815043, 37.492959482244999 ], [ 127.137352942201048, 37.492994017563916 ], [ 127.13735287279583, 37.493086820561629 ], [ 127.137352743988927, 37.493265461817543 ], [ 127.137352843813673, 37.49331434090746 ], [ 127.137352663538479, 37.493345921135237 ], [ 127.137358098185473, 37.49334971710325 ], [ 127.137567853604779, 37.493496374648196 ], [ 127.137647959834325, 37.493553108390365 ], [ 127.137848693405999, 37.49369394636139 ], [ 127.137904376749972, 37.49373301248486 ], [ 127.1379543536938, 37.493768084735827 ], [ 127.138146562637715, 37.493902940394968 ], [ 127.138149506455207, 37.493905000278431 ], [ 127.138189723686864, 37.493933218102171 ], [ 127.13818176755295, 37.493966807540453 ], [ 127.138178838722808, 37.493979181645287 ], [ 127.138153963010737, 37.494085690483701 ], [ 127.138136263927606, 37.494196281552014 ], [ 127.138085559178577, 37.494264744019048 ], [ 127.138069146395409, 37.494286909545501 ], [ 127.138009135355873, 37.494367978700488 ], [ 127.137979760928985, 37.494426000927561 ], [ 127.137962262448397, 37.49446056543858 ], [ 127.138391881570357, 37.494884429987337 ], [ 127.138429011146144, 37.494924400327243 ], [ 127.138632820193465, 37.495130285483711 ], [ 127.138864082366709, 37.495272122400905 ], [ 127.138939569765967, 37.495318327940922 ], [ 127.139090358902891, 37.495512813246769 ], [ 127.13912303648037, 37.495591261196445 ], [ 127.139239431045667, 37.495529290023974 ], [ 127.139367322283462, 37.495649964808734 ], [ 127.13947634713746, 37.495780392270994 ], [ 127.139476913873395, 37.495781112408238 ], [ 127.139581644306901, 37.495912806182943 ], [ 127.139683213448421, 37.496047026355072 ], [ 127.139780941466881, 37.49618305292924 ], [ 127.139874828182201, 37.496320795815244 ], [ 127.139964760330415, 37.496460165054891 ], [ 127.140050850812216, 37.496601070424951 ], [ 127.140132873444358, 37.496743512199096 ], [ 127.140210941125844, 37.496887400153305 ], [ 127.140284827503876, 37.497032644461278 ], [ 127.141659380251852, 37.499824387085795 ], [ 127.142196788419881, 37.500916028281381 ], [ 127.142284768708592, 37.501094771571211 ], [ 127.143329210496802, 37.503215822642396 ], [ 127.143277077978155, 37.503265566217699 ], [ 127.143246575112599, 37.50329466899796 ], [ 127.143121696334617, 37.503413993697926 ], [ 127.142936725533517, 37.503590729697635 ], [ 127.142987502167273, 37.50364330517781 ], [ 127.143091933850542, 37.503751425913357 ], [ 127.143210926974263, 37.503874629807811 ], [ 127.143214258482274, 37.503878085642263 ], [ 127.1433950662353, 37.504065285117953 ], [ 127.143422670194198, 37.504093858632018 ], [ 127.143449745312466, 37.504105926501708 ], [ 127.143459015602375, 37.504110059951898 ], [ 127.143474986754981, 37.50411717666092 ], [ 127.143823398607736, 37.504272431812403 ], [ 127.143824439969137, 37.504272899076604 ], [ 127.143893429781002, 37.504303639071928 ], [ 127.143896610449502, 37.504305058814452 ], [ 127.144102923749628, 37.504397000034494 ], [ 127.14392456975294, 37.504401485895677 ], [ 127.14387606551557, 37.504402706642338 ], [ 127.143595625271956, 37.504409765694888 ], [ 127.143423785195239, 37.504414089796164 ], [ 127.143436502410523, 37.504422868253862 ], [ 127.144115859915217, 37.504497076219678 ], [ 127.144398368306241, 37.504316976882208 ], [ 127.144551393153264, 37.504285148675145 ], [ 127.144909970310209, 37.504124381487941 ], [ 127.144987200024246, 37.504040197630921 ], [ 127.145089440694292, 37.503888228320115 ], [ 127.145123459637404, 37.503829243717242 ], [ 127.145180168520952, 37.503777871971984 ], [ 127.145223592848723, 37.503752239837993 ], [ 127.145202989524563, 37.503641388148104 ], [ 127.145246221165479, 37.503591978915523 ], [ 127.145276723610166, 37.503557100227475 ], [ 127.14534033908474, 37.50355715794641 ], [ 127.14534977351434, 37.50356430038044 ], [ 127.145415690082174, 37.503614252498899 ], [ 127.145463679575457, 37.503557260002111 ], [ 127.145582304543424, 37.503416352558112 ], [ 127.145534407119598, 37.503350430909101 ], [ 127.14550224875839, 37.503306168059069 ], [ 127.145951892924899, 37.50322741258789 ], [ 127.146239234246721, 37.503229854024561 ], [ 127.146340348710424, 37.503351562999171 ], [ 127.146499696211492, 37.503356647393247 ], [ 127.14654198443327, 37.503357937973846 ], [ 127.146577892979693, 37.503317691377013 ], [ 127.1465091245324, 37.503237767216866 ], [ 127.146865175239626, 37.503260305127043 ], [ 127.147193986759333, 37.503384291837733 ], [ 127.147694735937151, 37.503212375640366 ], [ 127.147986812988691, 37.503502819831439 ], [ 127.148053571720425, 37.503577745083128 ], [ 127.148602261477464, 37.503723340149904 ], [ 127.149044915718036, 37.504000989168674 ], [ 127.14905134747363, 37.504005044634795 ], [ 127.149052796889933, 37.504005961842033 ], [ 127.149246723812823, 37.504128291179001 ], [ 127.149514096241873, 37.50429694759049 ], [ 127.149976975407426, 37.504595768211331 ], [ 127.150204305736011, 37.504742525064842 ], [ 127.150370345862925, 37.504545276868718 ], [ 127.150374283600982, 37.504540595730994 ], [ 127.150487507662447, 37.504406096287994 ], [ 127.150513706544217, 37.504374978840048 ], [ 127.150606908346958, 37.504301060561929 ], [ 127.15086779112896, 37.504094159369693 ], [ 127.150892785842998, 37.504071837092987 ], [ 127.150994875606415, 37.50398063514708 ], [ 127.151006955215038, 37.503969843933334 ], [ 127.151039604018905, 37.503940682379117 ], [ 127.15116700410023, 37.503826887270165 ], [ 127.151329885991061, 37.503681404001775 ], [ 127.151585767755861, 37.503452838558729 ], [ 127.151645668204921, 37.503399333302262 ], [ 127.151653442827993, 37.503396223990656 ], [ 127.152040425186229, 37.503034791955372 ], [ 127.152109282850233, 37.502970472087078 ], [ 127.152259860407455, 37.502978794472362 ], [ 127.152358084037743, 37.50302489928076 ], [ 127.15249984462784, 37.503091455076614 ], [ 127.152844095314464, 37.503055245009541 ], [ 127.152881771742102, 37.503018544163204 ], [ 127.153062248591468, 37.502840861323563 ], [ 127.153114587855768, 37.50279045543882 ], [ 127.153229932674918, 37.50267938555907 ], [ 127.153781979720378, 37.502666574927396 ], [ 127.153953751153651, 37.502664136955225 ], [ 127.154416579089784, 37.502529254167733 ], [ 127.1558168579746, 37.502079808939378 ], [ 127.1563880408155, 37.501872561887708 ], [ 127.156510764340439, 37.501909269765342 ], [ 127.156554805698974, 37.501894570764314 ], [ 127.156622973180077, 37.501969155969839 ], [ 127.156750036625894, 37.502108175189747 ], [ 127.157631094761598, 37.50307218977612 ], [ 127.157729087225349, 37.503179405077027 ], [ 127.158332469610471, 37.502760723060007 ], [ 127.158676811251752, 37.502521780447232 ], [ 127.15886588653791, 37.502390577784375 ], [ 127.158992823561704, 37.502079357256498 ], [ 127.159014245951937, 37.502026854598846 ], [ 127.159074293533251, 37.501879587560559 ], [ 127.15911769882527, 37.501810017697274 ], [ 127.159321108615629, 37.501483981453532 ], [ 127.159396647171206, 37.501362903568655 ], [ 127.160504118466619, 37.501094867197992 ], [ 127.160973123828882, 37.500636311995997 ], [ 127.161219237067613, 37.500395683438022 ], [ 127.161257455519205, 37.500276213514738 ], [ 127.16139013022962, 37.500201332314894 ], [ 127.161430846382984, 37.500022969730672 ], [ 127.161406140436156, 37.499945247052324 ], [ 127.161387659179923, 37.499710625177116 ], [ 127.161420003368562, 37.499705779084671 ], [ 127.161390901581868, 37.499634846863046 ], [ 127.161389173620776, 37.499630614511069 ], [ 127.161367562622942, 37.49957762002483 ], [ 127.161354155961618, 37.499537787024551 ], [ 127.161250719277717, 37.499391388613475 ], [ 127.161150363021889, 37.499310641669645 ], [ 127.16113401651684, 37.499297500175437 ], [ 127.161069038261729, 37.499245212934333 ], [ 127.161062352127274, 37.499233328790261 ], [ 127.161059571007996, 37.499228404086971 ], [ 127.16101101994353, 37.499142090962863 ], [ 127.161004922361116, 37.499066622589957 ], [ 127.160953291993252, 37.498983980658593 ], [ 127.160881582103229, 37.498924791740563 ], [ 127.160806888059483, 37.49884488384636 ], [ 127.160751737271127, 37.498755128685133 ], [ 127.160632784770101, 37.498548870288559 ], [ 127.16061963230392, 37.4984793309469 ], [ 127.160609682582631, 37.498426906254657 ], [ 127.160609749979514, 37.498245445136661 ], [ 127.160609896698105, 37.498101375331032 ], [ 127.160592464567742, 37.497933452740121 ], [ 127.160581765677335, 37.497794353019955 ], [ 127.160583170807811, 37.497763717188114 ], [ 127.16058922053378, 37.497630271202219 ], [ 127.160575440212014, 37.497584519044153 ], [ 127.160566670786153, 37.49755533850648 ], [ 127.160488171984625, 37.497440206479638 ], [ 127.160367330574232, 37.497355224681399 ], [ 127.160271416191179, 37.497239575322169 ], [ 127.160096618857935, 37.497147367647884 ], [ 127.160037156647121, 37.497103388628275 ], [ 127.160008048576415, 37.497081893820358 ], [ 127.159804464650563, 37.496852231972824 ], [ 127.159779640227796, 37.496824244179884 ], [ 127.159765960260316, 37.496664965986895 ], [ 127.159763248703527, 37.496612531510884 ], [ 127.159738347584948, 37.496548143474193 ], [ 127.159747104385573, 37.496517948298916 ], [ 127.159757769902711, 37.496481263377518 ], [ 127.159792909703413, 37.496360302314024 ], [ 127.159810532997184, 37.496244770699086 ], [ 127.159850602291328, 37.496155608255805 ], [ 127.159829806487153, 37.496000303981781 ], [ 127.159873842990052, 37.495808512477481 ], [ 127.159864758378248, 37.495683375954506 ], [ 127.159894957435242, 37.495579180040245 ], [ 127.159973784872392, 37.495423021386358 ], [ 127.159964773633476, 37.495279143993159 ], [ 127.159973704025873, 37.495170651780484 ], [ 127.159972880508818, 37.495048477467776 ], [ 127.160017733692939, 37.494708470497898 ], [ 127.160025737127668, 37.494375450626734 ], [ 127.159954177690011, 37.494224449116885 ], [ 127.159881166772166, 37.494082099093745 ], [ 127.159810042730442, 37.49392280771562 ], [ 127.159783138001501, 37.493819499192213 ], [ 127.159765242583944, 37.493698609115867 ], [ 127.159756982873105, 37.493642668148688 ], [ 127.159744759920954, 37.493637729025039 ], [ 127.159732036573388, 37.493609995298463 ], [ 127.159651607818859, 37.493435038890325 ], [ 127.159515802099321, 37.493274842773452 ], [ 127.159495645536637, 37.493261264643202 ], [ 127.159430419595765, 37.493217202892758 ], [ 127.159364627583088, 37.493172781462597 ], [ 127.15931796458176, 37.493137254337398 ], [ 127.159181895104368, 37.493066166978949 ], [ 127.159115494442503, 37.493001023244261 ], [ 127.159004902062037, 37.492892330034628 ], [ 127.158911702558498, 37.492773432260947 ], [ 127.158801583244696, 37.492620409073055 ], [ 127.158781525141222, 37.492599712795602 ], [ 127.158757592831549, 37.492618845828922 ], [ 127.158771903641622, 37.492648920150167 ], [ 127.158757547638459, 37.492618863909037 ], [ 127.15878153639224, 37.492599685750669 ], [ 127.158650671716316, 37.492426877059323 ], [ 127.158538440179555, 37.492182630265425 ], [ 127.158509286106607, 37.492094812583552 ], [ 127.158479222794981, 37.492047982552023 ], [ 127.158457286474814, 37.491956362059646 ], [ 127.158467549563468, 37.491948924193409 ], [ 127.158360554276641, 37.491590874054282 ], [ 127.158318234912613, 37.491403909816846 ], [ 127.158286905719891, 37.491276000487723 ], [ 127.158260046521207, 37.491149725036038 ], [ 127.158269510130268, 37.491024888039334 ], [ 127.158279866068241, 37.490883372357899 ], [ 127.158285179162192, 37.490758243531467 ], [ 127.158273283991321, 37.4906988564274 ], [ 127.158235234361996, 37.490612239775913 ], [ 127.158184277968317, 37.490555679545061 ], [ 127.158169965575226, 37.490519126957871 ], [ 127.158160473757107, 37.490511372927877 ], [ 127.15808166086893, 37.490446308106321 ], [ 127.158073052624815, 37.490439309737809 ], [ 127.157989115309704, 37.490367710388 ], [ 127.157972104256444, 37.490360029370471 ], [ 127.157827606241469, 37.490300015846451 ], [ 127.157718918954245, 37.490223709786768 ], [ 127.157705011278594, 37.490218475346062 ], [ 127.157667411539165, 37.49017916037959 ], [ 127.157658684759568, 37.490174937215457 ], [ 127.157499041840509, 37.490074479415668 ], [ 127.157413302187152, 37.490000269132423 ], [ 127.157222641542873, 37.489931341810198 ], [ 127.157217198630903, 37.489929375794219 ], [ 127.157189282479905, 37.489919285344953 ], [ 127.157003370695264, 37.489839142976834 ], [ 127.157140877698765, 37.489898418893937 ], [ 127.157146108007069, 37.489885113252264 ], [ 127.157148548794581, 37.489878893140776 ], [ 127.157173652886698, 37.489896114210403 ], [ 127.157226573211929, 37.489913415749143 ], [ 127.157255560136733, 37.489932749032825 ], [ 127.157285606910577, 37.489939719199235 ], [ 127.157315993695249, 37.48994706732941 ], [ 127.157323607334632, 37.489948895328418 ], [ 127.157355890122219, 37.489959935045846 ], [ 127.157592765029506, 37.489898858969639 ], [ 127.157884035427699, 37.48988484172375 ], [ 127.157920351049441, 37.48988314482709 ], [ 127.158077251378629, 37.489883027124371 ], [ 127.158146294449622, 37.489883259975805 ], [ 127.158084553675067, 37.489849446207408 ], [ 127.158054577600225, 37.489833024665877 ], [ 127.157923444326755, 37.489794004853344 ], [ 127.15751614301827, 37.489570924262011 ], [ 127.157309787744438, 37.48945789584787 ], [ 127.157131201350438, 37.489360084422799 ], [ 127.15702953545626, 37.489304401357238 ], [ 127.156043029794191, 37.488764077785198 ], [ 127.155947614095879, 37.488711809405835 ], [ 127.155894602929536, 37.488682776392466 ], [ 127.155548508804387, 37.488493216265397 ], [ 127.155480612351141, 37.488456030402006 ], [ 127.155291390085708, 37.488352382545791 ], [ 127.155287863145261, 37.488374876089509 ], [ 127.155303330121839, 37.488423960444301 ], [ 127.1553336061599, 37.48846592564054 ], [ 127.155370851638907, 37.488526487397664 ], [ 127.155416439204828, 37.488591272975263 ], [ 127.155519147641414, 37.488737254267242 ], [ 127.15562397235152, 37.48885090483796 ], [ 127.155633084029787, 37.488860984149348 ], [ 127.155708550214484, 37.488944507465597 ], [ 127.155828358925945, 37.489053326956906 ], [ 127.155939910029232, 37.489149371932811 ], [ 127.155887014976287, 37.489149441054273 ], [ 127.155689204250976, 37.488961327344427 ], [ 127.155657844647948, 37.488931500122106 ], [ 127.155492528601968, 37.488747308076576 ], [ 127.155460109009482, 37.488702273307219 ], [ 127.155329750552823, 37.488521134912681 ], [ 127.155272422386986, 37.488426847828705 ], [ 127.155204804506297, 37.488332366870232 ], [ 127.155189421278379, 37.488296527089133 ], [ 127.155170177620832, 37.488285983389311 ], [ 127.154809473366313, 37.488088412172274 ], [ 127.154331023865822, 37.487826345453556 ], [ 127.153781513418664, 37.487525337065712 ], [ 127.153736903022491, 37.487500896359911 ], [ 127.153648815826244, 37.487452648719596 ], [ 127.153648824865897, 37.4874523792814 ], [ 127.153781727939858, 37.487525183619255 ], [ 127.155548734502318, 37.488492999731235 ], [ 127.155894783417111, 37.488682568926713 ], [ 127.156043232858693, 37.488763852269713 ], [ 127.157131404413263, 37.489359858905445 ], [ 127.157516266967164, 37.489570716868478 ], [ 127.15792364738833, 37.489793779334661 ], [ 127.158054701566869, 37.489832826281727 ], [ 127.158141641297632, 37.48988046403592 ], [ 127.158378872843258, 37.489882221614437 ], [ 127.158403289097464, 37.489824525229366 ], [ 127.158406742351758, 37.489799653058199 ], [ 127.158425631369013, 37.489802421072824 ], [ 127.158446467492197, 37.489763019722297 ], [ 127.158461891933328, 37.489731193952252 ], [ 127.15847959610268, 37.489708104846656 ], [ 127.15850632458509, 37.489674732353549 ], [ 127.158476322235416, 37.489656572024408 ], [ 127.15842352690305, 37.489607177276163 ], [ 127.158384666692811, 37.489570738396345 ], [ 127.158350592672775, 37.489552042840963 ], [ 127.15781809031391, 37.489260374129209 ], [ 127.157471920816789, 37.48907081075145 ], [ 127.157232727407489, 37.488939760489494 ], [ 127.157210422755014, 37.488925554089199 ], [ 127.157035147356581, 37.488809736172705 ], [ 127.15691572113812, 37.488744300532694 ], [ 127.156882100703712, 37.488725874253845 ], [ 127.156611440079985, 37.488577655004264 ], [ 127.156412933527236, 37.488490788739433 ], [ 127.156321808233074, 37.488440902684204 ], [ 127.156201364470974, 37.488374927050295 ], [ 127.155855316206399, 37.48818535874134 ], [ 127.155557605239167, 37.488022305895612 ], [ 127.155473386127369, 37.487976194376138 ], [ 127.155342370690278, 37.487937261628879 ], [ 127.153741662764958, 37.487060409385776 ], [ 127.153587380536308, 37.486921223361051 ], [ 127.153162902179901, 37.486688680224376 ], [ 127.152963725651276, 37.48660153868844 ], [ 127.152402400984244, 37.486294024722802 ], [ 127.152056371896421, 37.486104445178654 ], [ 127.151674576046418, 37.485895268269758 ], [ 127.151543566203742, 37.485856331284289 ], [ 127.150408719865823, 37.485234635042744 ], [ 127.150369659699109, 37.485208284949195 ], [ 127.150122732018943, 37.485041640416725 ], [ 127.149922224318516, 37.484906291879206 ], [ 127.149466529233166, 37.484427441061911 ], [ 127.149412899666402, 37.484351463767148 ], [ 127.149270363180847, 37.484141348591528 ], [ 127.149094943741474, 37.483882890584773 ], [ 127.14867907220976, 37.484045138862214 ], [ 127.148567251621984, 37.483872195885994 ], [ 127.148396484070062, 37.483620488542364 ], [ 127.148225717665809, 37.483368780938733 ], [ 127.148222987412282, 37.483360224823166 ], [ 127.148222279760901, 37.483360252755659 ], [ 127.148190298367936, 37.483260677810492 ], [ 127.148085061194848, 37.483105529952802 ], [ 127.148058403307346, 37.483066234340029 ], [ 127.148035736727522, 37.48303280829581 ], [ 127.14795602408671, 37.482915299500348 ], [ 127.147888965894666, 37.48281645271706 ], [ 127.14777014738722, 37.482624560561085 ], [ 127.147669553731433, 37.482426158532363 ], [ 127.147628630308446, 37.482324242890456 ], [ 127.147606668972102, 37.482269561279502 ], [ 127.147604374024098, 37.482263860782119 ], [ 127.147593478499061, 37.482236691059541 ], [ 127.147587718338258, 37.482222345238384 ], [ 127.147577465130638, 37.482188264044154 ], [ 127.147525095526646, 37.482014255417255 ], [ 127.147482071780587, 37.481803032892834 ], [ 127.147478656930986, 37.481773763594227 ], [ 127.14724622110819, 37.481782970400531 ], [ 127.146213406832203, 37.481823685501602 ], [ 127.146145507427249, 37.481826363513257 ], [ 127.14465369762317, 37.481885159383232 ], [ 127.144629669017348, 37.481498208612926 ], [ 127.143425933384592, 37.481545683548696 ], [ 127.143403650769784, 37.481546566258736 ], [ 127.143246360982744, 37.481552764704418 ], [ 127.143156032061057, 37.481556296820514 ], [ 127.143175038549231, 37.481862253936939 ], [ 127.142753238225524, 37.481878886784713 ], [ 127.142399608633383, 37.481892823963335 ], [ 127.142208662164947, 37.481900349583661 ], [ 127.14215428366721, 37.481902486621351 ], [ 127.142137777930301, 37.481903136966515 ], [ 127.142043119538471, 37.481834890644855 ], [ 127.142041206226281, 37.481833514388946 ], [ 127.142026750888093, 37.481600803047755 ], [ 127.141778374356903, 37.481610558653905 ], [ 127.141797375411613, 37.481916606100221 ], [ 127.141497004706153, 37.481928414044006 ], [ 127.141221080744742, 37.481911450394634 ], [ 127.140965589471335, 37.481895768439678 ], [ 127.140716125159514, 37.481880457252537 ], [ 127.140516277873132, 37.481868186623991 ], [ 127.14045939027217, 37.481864694577745 ], [ 127.140084312121303, 37.481841645939937 ], [ 127.140044419591007, 37.481839196943319 ], [ 127.139965403436008, 37.481834343058793 ], [ 127.139467537064434, 37.481802939832498 ], [ 127.139493994908577, 37.481865258202653 ], [ 127.139496468360235, 37.481871094689666 ], [ 127.139494063109694, 37.481865456343222 ], [ 127.1394674013913, 37.481802939990899 ], [ 127.139352664923138, 37.481795712711943 ], [ 127.139189283928573, 37.481785415536116 ], [ 127.139167993067659, 37.481790792286468 ], [ 127.139189272622502, 37.481785415549297 ], [ 127.139187067669965, 37.481785273958216 ], [ 127.138861052115402, 37.481764732114968 ], [ 127.138861018197147, 37.481764732154396 ], [ 127.13886105216487, 37.481764759144909 ], [ 127.138865232675357, 37.481787964069241 ], [ 127.138767183139919, 37.481774022386837 ], [ 127.138650400110535, 37.481779023385542 ], [ 127.137931386006912, 37.481871397364728 ], [ 127.137608616921923, 37.481820592707152 ], [ 127.137273494414188, 37.48169060337824 ], [ 127.13722315172889, 37.481673722389687 ], [ 127.137138056754793, 37.481633275047685 ], [ 127.136980793397498, 37.481573088382099 ], [ 127.136959860433208, 37.481563832068808 ], [ 127.136780581584063, 37.481520879488194 ], [ 127.13661496298036, 37.481592248041423 ], [ 127.136114382402951, 37.481558761483925 ], [ 127.136053321925999, 37.481554506218359 ], [ 127.136000616797631, 37.481544024505091 ], [ 127.136045328891939, 37.481762826741758 ], [ 127.136050914590513, 37.48178831870888 ], [ 127.136055015800082, 37.48180561325735 ], [ 127.136058659759698, 37.481820115223343 ], [ 127.136066171058829, 37.481847587198978 ], [ 127.136297930612585, 37.482656962446661 ], [ 127.136311021304522, 37.482706232257655 ], [ 127.136315522613643, 37.482726611155343 ], [ 127.136297806551582, 37.482657133778346 ], [ 127.136147691627428, 37.482133057571559 ], [ 127.136142173570391, 37.482113791449649 ], [ 127.136065979178184, 37.481847767617651 ], [ 127.136054812613423, 37.481805793688871 ], [ 127.136045193574191, 37.481763025116031 ], [ 127.136032133621001, 37.481699177036965 ], [ 127.136013222386893, 37.481606719825329 ], [ 127.13600853447987, 37.48158378567652 ], [ 127.13600207863486, 37.481552203930192 ], [ 127.136000436191367, 37.481544186890837 ], [ 127.135982654866936, 37.481539630042313 ], [ 127.135941055501021, 37.481530919645515 ], [ 127.13590556488333, 37.481524139438584 ], [ 127.135889050202366, 37.481519779355551 ], [ 127.135877424078046, 37.481517837404134 ], [ 127.135858456857605, 37.481513966646155 ], [ 127.135840541763258, 37.4815104640995 ], [ 127.135801556062518, 37.481502831883454 ], [ 127.135775247740725, 37.481497023292661 ], [ 127.135715893751438, 37.481485999396142 ], [ 127.135652762287364, 37.481474267967336 ], [ 127.135641938792716, 37.481472262011486 ], [ 127.135570630360775, 37.481459017128564 ], [ 127.135585405550088, 37.48152126854368 ], [ 127.135599377784942, 37.481570726653516 ], [ 127.135603676265646, 37.481590922217691 ], [ 127.135605762788217, 37.481607047767383 ], [ 127.135766555736183, 37.481643698108066 ], [ 127.1357995971522, 37.481659130749307 ], [ 127.135816779907856, 37.481689312772986 ], [ 127.135862566752564, 37.481864532437172 ], [ 127.135862129630894, 37.481967706550193 ], [ 127.135875792424059, 37.481964168101428 ], [ 127.135885929335828, 37.481961543671638 ] ], [ [ 127.13604647469819, 37.483442489183417 ], [ 127.136047535911402, 37.483441604994482 ], [ 127.136041687964365, 37.48344648606637 ], [ 127.13604647469819, 37.483442489183417 ] ], [ [ 127.145178240362128, 37.503639210803449 ], [ 127.14516556871763, 37.503557003949226 ], [ 127.145200905288974, 37.503557039296751 ], [ 127.145196784945369, 37.503578704288181 ], [ 127.145196672956587, 37.503579281062805 ], [ 127.145202989524563, 37.503641388148104 ], [ 127.145178240362128, 37.503639210803449 ] ], [ [ 127.158059556090862, 37.490473989067191 ], [ 127.158062120413135, 37.490467390354091 ], [ 127.158073052624815, 37.490439309737809 ], [ 127.158059556090862, 37.490473989067191 ] ], [ [ 127.143432156124661, 37.481607791077451 ], [ 127.143403684841289, 37.481546647307894 ], [ 127.143403650769784, 37.481546566258736 ], [ 127.143432156124661, 37.481607791077451 ] ], [ [ 127.150373217654419, 37.503451102019852 ], [ 127.150487374765675, 37.503582134342984 ], [ 127.150506724049933, 37.503604346558944 ], [ 127.150373217654419, 37.503451102019852 ] ], [ [ 127.150526307705206, 37.503249382913282 ], [ 127.150884893207277, 37.503561585207905 ], [ 127.150886241373513, 37.503562763809967 ], [ 127.150722865494515, 37.503420522567417 ], [ 127.150526307705206, 37.503249382913282 ] ], [ [ 127.151263592402671, 37.50042627353713 ], [ 127.15126684847624, 37.500408835099947 ], [ 127.15133374943143, 37.500356573489086 ], [ 127.151333782800592, 37.50033365205914 ], [ 127.151337764045593, 37.500362208645029 ], [ 127.151274644172602, 37.500410762363664 ], [ 127.151259934232357, 37.500463219088964 ], [ 127.151263592402671, 37.50042627353713 ] ], [ [ 127.151501245643587, 37.492903562578235 ], [ 127.15145784732961, 37.492892742603978 ], [ 127.151538896742892, 37.492912948235826 ], [ 127.151501245643587, 37.492903562578235 ] ], [ [ 127.151191851975568, 37.492829289143081 ], [ 127.1511553240193, 37.492833038518988 ], [ 127.151191293580922, 37.492827127452642 ], [ 127.151214252160401, 37.492823359219265 ], [ 127.151191851975568, 37.492829289143081 ] ], [ [ 127.151234017230621, 37.492698257478544 ], [ 127.151311307029346, 37.492701737102792 ], [ 127.151234017230621, 37.492698257478544 ], [ 127.151218090023477, 37.492712963443161 ], [ 127.151234017230621, 37.492698257478544 ] ], [ [ 127.150889556031245, 37.491764870885653 ], [ 127.150862277850507, 37.4917453838234 ], [ 127.150889556031245, 37.491764870885632 ], [ 127.150979179036838, 37.491713229428541 ], [ 127.15088957868231, 37.491764888877 ], [ 127.150844976088621, 37.491790605717526 ], [ 127.150889556031245, 37.491764870885653 ] ], [ [ 127.151056128773163, 37.491736612067321 ], [ 127.151143540045155, 37.49155136653922 ], [ 127.150966926665433, 37.491925664133127 ], [ 127.151056128773163, 37.491736612067328 ], [ 127.151045928488713, 37.491747669665976 ], [ 127.151056128773163, 37.491736612067321 ] ], [ [ 127.151143948086457, 37.491427016637275 ], [ 127.151221590925118, 37.491385951653086 ], [ 127.151221590925118, 37.491385951653086 ], [ 127.151143948086457, 37.491427016637275 ] ], [ [ 127.151154633507176, 37.490825789308516 ], [ 127.151271861321703, 37.490889940051275 ], [ 127.151417883390977, 37.490969941414846 ], [ 127.151417865233952, 37.490969979886316 ], [ 127.15120720240607, 37.490854585682541 ], [ 127.151205345952079, 37.490853569905234 ], [ 127.151154633507176, 37.490825789308516 ] ], [ [ 127.151043206436228, 37.490864145717751 ], [ 127.151140854970507, 37.490818243158287 ], [ 127.151140854970507, 37.490818243158287 ], [ 127.151043206436228, 37.490864145717751 ] ], [ [ 127.150917244911639, 37.49069574609269 ], [ 127.150897853987857, 37.490685075747663 ], [ 127.151026447153924, 37.490755551447812 ], [ 127.151129933439279, 37.490812258528706 ], [ 127.150940461844542, 37.490708465874548 ], [ 127.150917244911639, 37.49069574609269 ] ], [ [ 127.150903889538412, 37.490678076360972 ], [ 127.150968701090093, 37.490602896093534 ], [ 127.150988691710026, 37.490579724129397 ], [ 127.15101309335148, 37.490551446923696 ], [ 127.151004014881636, 37.490546475883448 ], [ 127.150969138598313, 37.490527364756453 ], [ 127.150921720040387, 37.490501394854078 ], [ 127.150873326747913, 37.490474891083188 ], [ 127.15087333929236, 37.490474876539167 ], [ 127.15070999508896, 37.490385343366185 ], [ 127.150551521113115, 37.490298598084166 ], [ 127.150551652380742, 37.490298445897388 ], [ 127.150710107840226, 37.490385181043912 ], [ 127.150873452043399, 37.490474714216745 ], [ 127.1510132513679, 37.490551302563837 ], [ 127.151117265434024, 37.490430707280794 ], [ 127.151129583434681, 37.490483850651515 ], [ 127.151218330523832, 37.490532392208905 ], [ 127.151377373973645, 37.490619497432682 ], [ 127.151517626918576, 37.490696354904884 ], [ 127.151696480912662, 37.4907943366361 ], [ 127.151875448448095, 37.490892317950056 ], [ 127.152054303375792, 37.490990299134374 ], [ 127.15223327202618, 37.49108837000071 ], [ 127.152379186633425, 37.491168282617878 ], [ 127.15253834603304, 37.491255476218875 ], [ 127.152662187107708, 37.491323253205856 ], [ 127.15281421560239, 37.491406581257557 ], [ 127.152966244252553, 37.491489819012031 ], [ 127.153118386497411, 37.491573146523585 ], [ 127.153209287148286, 37.491622945209848 ], [ 127.153277133650633, 37.491623398681263 ], [ 127.153410646618525, 37.491552859068307 ], [ 127.153522697818133, 37.491493609408614 ], [ 127.153708847147385, 37.491395250948003 ], [ 127.153844957288143, 37.491323355997757 ], [ 127.153954974645785, 37.491265189747715 ], [ 127.153965253496978, 37.491259770489506 ], [ 127.15402624281036, 37.491224642905962 ], [ 127.154083606152597, 37.491185825875824 ], [ 127.154136891404519, 37.491143410088341 ], [ 127.154181923779504, 37.491101815840047 ], [ 127.154222880458605, 37.491057794143977 ], [ 127.154357348430281, 37.490901927583046 ], [ 127.154443954719838, 37.490801610162592 ], [ 127.154443996789411, 37.490801633342031 ], [ 127.154357247048679, 37.490902116924083 ], [ 127.15422277907642, 37.491057983484872 ], [ 127.154181822397163, 37.491102005180913 ], [ 127.154136790022022, 37.491143599429165 ], [ 127.154083504769929, 37.491186015216627 ], [ 127.154026141427437, 37.491224832246665 ], [ 127.153965152113898, 37.491259959830167 ], [ 127.153954873262649, 37.491265379088389 ], [ 127.153844855904651, 37.491323545338304 ], [ 127.153708745763439, 37.491395440288429 ], [ 127.153522596433632, 37.491493798748905 ], [ 127.153410545233641, 37.491553048408512 ], [ 127.153277032265308, 37.491623588021355 ], [ 127.15320918576279, 37.49162313454984 ], [ 127.153118285111788, 37.491573335863521 ], [ 127.152966142866632, 37.491490008351853 ], [ 127.152814114216199, 37.491406770597244 ], [ 127.152662085721232, 37.491323442545415 ], [ 127.152538244646365, 37.491255665558349 ], [ 127.152379085246466, 37.49116847195716 ], [ 127.152233170638922, 37.491088559339914 ], [ 127.152054201988264, 37.4909904884734 ], [ 127.151875347060212, 37.490892507288976 ], [ 127.151696379524466, 37.49079452597487 ], [ 127.151517525530039, 37.490696544243463 ], [ 127.151377272584867, 37.490619686771147 ], [ 127.151218229134798, 37.490532581547249 ], [ 127.151129482045462, 37.490484039989788 ], [ 127.151117164044862, 37.49043089661906 ], [ 127.151013149978283, 37.490551491902018 ], [ 127.150897853987857, 37.490685075747663 ], [ 127.150903889538412, 37.490678076360972 ] ], [ [ 127.154555800720132, 37.490862825352956 ], [ 127.154555800362488, 37.490862825767479 ], [ 127.154443996789411, 37.490801633342031 ], [ 127.154555800720132, 37.490862825352956 ] ], [ [ 127.150453465947052, 37.488353119958113 ], [ 127.150468469833797, 37.488335711748064 ], [ 127.150557543802051, 37.488322625024367 ], [ 127.150557726822711, 37.48832272527919 ], [ 127.150468379788634, 37.488335919091547 ], [ 127.150421093805008, 37.488390726587106 ], [ 127.150453465947052, 37.488353119958113 ] ], [ [ 127.150756524377172, 37.491356001271448 ], [ 127.150808921209006, 37.491321609067917 ], [ 127.150759357090138, 37.491354143702033 ], [ 127.150756524377172, 37.491356001271448 ] ], [ [ 127.145171278002991, 37.500099496359944 ], [ 127.145440288514919, 37.500367918634609 ], [ 127.14508575524107, 37.500014167686864 ], [ 127.145171278002991, 37.500099496359944 ] ], [ [ 127.145171621148151, 37.499912610925833 ], [ 127.145090758312435, 37.499969291903462 ], [ 127.145517658220513, 37.499669911263517 ], [ 127.145171621148151, 37.499912610925833 ] ], [ [ 127.146365600868918, 37.497156377868208 ], [ 127.146368213217841, 37.49716228521536 ], [ 127.146343884512248, 37.497107372153827 ], [ 127.146365600868918, 37.497156377868208 ] ], [ [ 127.145697041502871, 37.495647968937377 ], [ 127.145708364655945, 37.495673390312227 ], [ 127.145737700442297, 37.495739271571004 ], [ 127.145697030177374, 37.495647959941223 ], [ 127.145697041502871, 37.495647968937377 ] ], [ [ 127.146585592395908, 37.493436577809746 ], [ 127.146757909994363, 37.493429158108832 ], [ 127.146585592430768, 37.493436595829664 ], [ 127.146240651886743, 37.493451470891557 ], [ 127.146151632397149, 37.493455310038172 ], [ 127.146585592395908, 37.493436577809746 ] ], [ [ 127.144891666809372, 37.49343323958491 ], [ 127.144712337971328, 37.493440574962037 ], [ 127.144700578670992, 37.49344103971336 ], [ 127.144712337936923, 37.493440556942097 ], [ 127.144891666809372, 37.49343323958491 ] ], [ [ 127.145533504588798, 37.49308142970807 ], [ 127.14541496207903, 37.49308626842339 ], [ 127.145533504588798, 37.493081429708063 ], [ 127.145774455437859, 37.493071675262989 ], [ 127.145966560219094, 37.493063872155076 ], [ 127.146056902508434, 37.493060157669625 ], [ 127.146101517859734, 37.49305834893643 ], [ 127.146056902508434, 37.493060157669625 ], [ 127.145966560219094, 37.493063872155084 ], [ 127.145774455437859, 37.493071675262996 ], [ 127.145533504588798, 37.49308142970807 ] ], [ [ 127.144774954409627, 37.493112272528002 ], [ 127.144870465595417, 37.493108365037934 ], [ 127.144895372911023, 37.493107353506055 ], [ 127.144870465595417, 37.493108365037941 ], [ 127.144774954409627, 37.493112272528002 ] ], [ [ 127.144634597911974, 37.49293764135566 ], [ 127.144704474540035, 37.493048291229577 ], [ 127.144634597911974, 37.49293764135566 ], [ 127.144634597911974, 37.49293764135566 ] ], [ [ 127.144472489991756, 37.492843052502067 ], [ 127.144472489991756, 37.492843052502067 ], [ 127.144634597911974, 37.49293764135566 ], [ 127.144472489991756, 37.492843052502067 ] ], [ [ 127.144894840168291, 37.492926952963593 ], [ 127.144764288061126, 37.492932258389679 ], [ 127.144674699174331, 37.492935976913529 ], [ 127.144764288061126, 37.492932258389665 ], [ 127.144894840168291, 37.492926952963593 ] ], [ [ 127.14593783365325, 37.492884572356125 ], [ 127.145921098179329, 37.492885259601941 ], [ 127.145411373586001, 37.492906015320045 ], [ 127.145921098179358, 37.492885259601927 ], [ 127.14593783365325, 37.492884572356125 ] ], [ [ 127.145927972360681, 37.49246187168746 ], [ 127.145927972360681, 37.492461871687468 ], [ 127.145901562460395, 37.492475874829211 ], [ 127.145927972360681, 37.49246187168746 ] ], [ [ 127.145954761743766, 37.49205738939191 ], [ 127.146500950461473, 37.49176794112649 ], [ 127.14595546210596, 37.492057019126008 ], [ 127.14554145756999, 37.492276467347587 ], [ 127.14515863672564, 37.492479383461287 ], [ 127.145954761743766, 37.49205738939191 ] ], [ [ 127.147440086424183, 37.491886347557276 ], [ 127.147454038292651, 37.491978439480505 ], [ 127.147461357947705, 37.492026787069456 ], [ 127.147457463744544, 37.492001293600687 ], [ 127.147424359182537, 37.491782571862565 ], [ 127.147440086424183, 37.491886347557276 ] ], [ [ 127.147298303763435, 37.491638117077898 ], [ 127.147337516711517, 37.491666269966032 ], [ 127.147281012937754, 37.491625704620759 ], [ 127.147298303763435, 37.491638117077898 ] ], [ [ 127.147150629436922, 37.491565814694745 ], [ 127.147173675933033, 37.491576399163947 ], [ 127.147281012937754, 37.491625704620759 ], [ 127.147150629436922, 37.491565814694745 ] ], [ [ 127.147001508156762, 37.491483943508705 ], [ 127.147085532726507, 37.491523682204928 ], [ 127.14693330618978, 37.491451699613769 ], [ 127.147001508156762, 37.491483943508705 ] ], [ [ 127.14665749931649, 37.491597921071197 ], [ 127.146668471834531, 37.491592103639611 ], [ 127.146668471834531, 37.491592103639611 ], [ 127.146876046921946, 37.491482052662029 ], [ 127.14693330618978, 37.491451699613769 ], [ 127.14665749931649, 37.491597921071197 ] ], [ [ 127.14573705355275, 37.492085892659063 ], [ 127.145759691041079, 37.492073890743789 ], [ 127.145843451951563, 37.492029486319552 ], [ 127.145877283876317, 37.492011551141061 ], [ 127.146085923126734, 37.491900941637724 ], [ 127.14626514680468, 37.49180592806411 ], [ 127.146428126308606, 37.491719520665811 ], [ 127.146435331591832, 37.491715704374521 ], [ 127.145634695330472, 37.492140159050415 ], [ 127.14573705355275, 37.492085892659063 ] ], [ [ 127.146126996540602, 37.491351687228303 ], [ 127.146128251850229, 37.491351775791784 ], [ 127.146139270435143, 37.491352588459435 ], [ 127.146128251850243, 37.491351775791784 ], [ 127.146126996540602, 37.491351687228303 ], [ 127.146126996540602, 37.491351687228303 ] ], [ [ 127.146127331076841, 37.491349254120536 ], [ 127.146127331076841, 37.491349254120543 ], [ 127.146086120988528, 37.491346264544738 ], [ 127.146127331076841, 37.491349254120536 ] ], [ [ 127.145563648151338, 37.491352700306884 ], [ 127.14564114433982, 37.491310294322155 ], [ 127.145709709100814, 37.491310450808683 ], [ 127.14564114433982, 37.491310294322155 ], [ 127.145563648151338, 37.491352700306884 ] ], [ [ 127.145221569888065, 37.491539880153645 ], [ 127.14522676121193, 37.491537040022891 ], [ 127.145266280778486, 37.491515423441548 ], [ 127.14522676121193, 37.491537040022891 ], [ 127.145221569888065, 37.491539880153645 ] ], [ [ 127.145175488501962, 37.491565101821607 ], [ 127.14519464742105, 37.491554621537375 ], [ 127.145202222923416, 37.491550469331742 ], [ 127.145194647421079, 37.491554621537382 ], [ 127.145175488501962, 37.491565101821607 ] ], [ [ 127.144697937610673, 37.491826407309794 ], [ 127.144697937612108, 37.49182640730902 ], [ 127.144734860471786, 37.491806204809883 ], [ 127.144697937612108, 37.49182640730902 ], [ 127.144697937610673, 37.491826407309794 ] ], [ [ 127.144430302340254, 37.491971467863436 ], [ 127.144460575953218, 37.491955267323796 ], [ 127.144496104034459, 37.491936260023344 ], [ 127.14446118596392, 37.491954951236018 ], [ 127.144430302340254, 37.491971467863436 ] ], [ [ 127.144176748755299, 37.492107113405829 ], [ 127.144154365250799, 37.492053242795613 ], [ 127.144176748755299, 37.492107113405829 ], [ 127.1444303022854, 37.491971467892803 ], [ 127.14441273683029, 37.491980868523044 ], [ 127.144176748755299, 37.492107113405829 ] ], [ [ 127.144164891716784, 37.491996575141556 ], [ 127.144122904029231, 37.49197752461118 ], [ 127.144122904029231, 37.491977524611158 ], [ 127.144164891716784, 37.491996575141556 ] ], [ [ 127.146109655122928, 37.491250468746152 ], [ 127.145748617352893, 37.491219342433659 ], [ 127.145575137323462, 37.491256601572204 ], [ 127.145748617352893, 37.491219342433652 ], [ 127.146109655122928, 37.491250468746152 ] ], [ [ 127.146164665683301, 37.485538993711359 ], [ 127.14614356405994, 37.485510845486132 ], [ 127.146141001289024, 37.485506974321844 ], [ 127.145942112352571, 37.485492891693077 ], [ 127.146142910308299, 37.485507106986475 ], [ 127.146164665683301, 37.485538993711359 ] ], [ [ 127.146003295948375, 37.485283172142317 ], [ 127.146082023571736, 37.485417865488913 ], [ 127.146046641488866, 37.485357334524394 ], [ 127.146003295948375, 37.485283172142317 ] ], [ [ 127.145813114281538, 37.485028322348619 ], [ 127.145767869465928, 37.484971704672127 ], [ 127.14574930206642, 37.484964798645933 ], [ 127.145852488859305, 37.485001523556008 ], [ 127.145767540778621, 37.484971290613231 ], [ 127.145813114281538, 37.485028322348619 ] ], [ [ 127.144959057171121, 37.483620221623148 ], [ 127.145567545469518, 37.484757069487848 ], [ 127.145567323078112, 37.484757129485004 ], [ 127.144958809066409, 37.483620305956421 ], [ 127.144959057171121, 37.483620221623148 ] ], [ [ 127.14580564557599, 37.483368099201634 ], [ 127.14580564557599, 37.483368099201634 ], [ 127.145758049819847, 37.483327877313108 ], [ 127.14580564557599, 37.483368099201634 ] ], [ [ 127.145735948812217, 37.494540143418547 ], [ 127.145743273716917, 37.494556379486902 ], [ 127.145713519926261, 37.494490462686045 ], [ 127.145735948812217, 37.494540143418547 ] ], [ [ 127.146603062312209, 37.493968181813777 ], [ 127.146623066610971, 37.493950921136097 ], [ 127.146629174017207, 37.493945651800928 ], [ 127.146603062312209, 37.493968181813777 ] ], [ [ 127.1428628540761, 37.496727847757917 ], [ 127.142858497916734, 37.496738435778362 ], [ 127.142858497916734, 37.496738435778362 ], [ 127.1428628540761, 37.496727847757917 ] ], [ [ 127.143251043395949, 37.496886990665381 ], [ 127.143272771317228, 37.496871422371754 ], [ 127.143336330557148, 37.496823366362392 ], [ 127.143272771317243, 37.496871422371754 ], [ 127.143251043395949, 37.496886990665381 ], [ 127.143246964520117, 37.496890054942057 ], [ 127.143251043395949, 37.496886990665381 ] ], [ [ 127.143083070172892, 37.496552362966831 ], [ 127.143099609513811, 37.496555830011964 ], [ 127.143372278547332, 37.496796186684705 ], [ 127.143372278547332, 37.496796186684712 ], [ 127.143099609513811, 37.496555830011964 ], [ 127.143083070172864, 37.496552362966845 ], [ 127.143083070172892, 37.496552362966831 ] ], [ [ 127.144478069085267, 37.492744476442056 ], [ 127.144386953328436, 37.492793141501089 ], [ 127.144397413674298, 37.492787551669878 ], [ 127.144478069085267, 37.492744476442056 ], [ 127.144478069085267, 37.492744476442056 ] ], [ [ 127.142886584421106, 37.489040432206622 ], [ 127.142886584421106, 37.489040432206622 ], [ 127.142913088864617, 37.489032980480033 ], [ 127.142886584421106, 37.489040432206622 ] ], [ [ 127.143029340621609, 37.488965772310621 ], [ 127.143029337765412, 37.4889657717288 ], [ 127.143049855836708, 37.488946410849294 ], [ 127.143029340621609, 37.488965772310621 ] ], [ [ 127.143337980156318, 37.487003399864726 ], [ 127.143338055761305, 37.48700358151207 ], [ 127.143114767657408, 37.487062593915319 ], [ 127.143114697227517, 37.487062441434674 ], [ 127.142935289423022, 37.487109877717486 ], [ 127.143337980156318, 37.487003399864726 ] ], [ [ 127.144102801520333, 37.486315234056697 ], [ 127.144768522478572, 37.486480663334618 ], [ 127.144935068254782, 37.486439502953687 ], [ 127.144935084036916, 37.486439645970073 ], [ 127.144768398516689, 37.486480879724958 ], [ 127.144102666130166, 37.486315387390093 ], [ 127.143365751002136, 37.486497699773871 ], [ 127.143150037612472, 37.486551072421975 ], [ 127.143149970216768, 37.486550910408454 ], [ 127.143365942825952, 37.486497492313546 ], [ 127.144102801520333, 37.486315234056697 ] ], [ [ 127.145170998376642, 37.484861809498696 ], [ 127.145275281891699, 37.484836132749713 ], [ 127.145262426384647, 37.484839612316506 ], [ 127.145198800875548, 37.484855547311156 ], [ 127.145170998376642, 37.484861809498696 ] ], [ [ 127.14500782338547, 37.484850643689647 ], [ 127.145073959398047, 37.484882197477866 ], [ 127.145104147812773, 37.484876205183276 ], [ 127.145128772470429, 37.484871320375468 ], [ 127.145113133937784, 37.484874842762125 ], [ 127.145074442457869, 37.484882429443239 ], [ 127.14500782338547, 37.484850643689647 ] ], [ [ 127.14458625822995, 37.484939903431311 ], [ 127.144543974767316, 37.484941576423402 ], [ 127.144543973640054, 37.484941573788873 ], [ 127.14458625822995, 37.484939903431311 ] ], [ [ 127.14319274328615, 37.482915845004683 ], [ 127.143061503462718, 37.482905739894861 ], [ 127.143131680464606, 37.482911142901592 ], [ 127.14319274328615, 37.482915845004683 ] ], [ [ 127.142158297761867, 37.48228274924729 ], [ 127.14205026861471, 37.482235259889066 ], [ 127.142110738662993, 37.482261839557161 ], [ 127.142158297761867, 37.48228274924729 ] ], [ [ 127.142241670257022, 37.489302112069034 ], [ 127.142241671518988, 37.489302105185246 ], [ 127.142253605011788, 37.489321105696092 ], [ 127.142241670257022, 37.489302112069034 ] ], [ [ 127.142392686839386, 37.489226163784309 ], [ 127.142377689125155, 37.48930817264138 ], [ 127.142416820752857, 37.489312721080552 ], [ 127.142420214274253, 37.489313437833417 ], [ 127.142424967370545, 37.489315594564275 ], [ 127.142428591606105, 37.489318743740988 ], [ 127.142430747425664, 37.489322705568647 ], [ 127.142431320910561, 37.489327029683338 ], [ 127.142431209869173, 37.48932811101546 ], [ 127.142430313583702, 37.489332526983048 ], [ 127.142461983129948, 37.489336194292676 ], [ 127.142461804895248, 37.489336422665048 ], [ 127.142430110476695, 37.489332752475207 ], [ 127.142431006762166, 37.489328336507619 ], [ 127.142431117803568, 37.489327255175517 ], [ 127.142430544318671, 37.489322931060812 ], [ 127.142428388499113, 37.489318969233139 ], [ 127.142424764263566, 37.489315820056447 ], [ 127.14242001116726, 37.489313663325547 ], [ 127.14241661764585, 37.489312946572717 ], [ 127.142377486018063, 37.489308398133474 ], [ 127.14239248373255, 37.489226389276396 ], [ 127.14237277558243, 37.48890740479667 ], [ 127.14237163295337, 37.48888901675317 ], [ 127.142369743626617, 37.488858357982473 ], [ 127.142369960141679, 37.488858349508163 ], [ 127.142392686839386, 37.489226163784309 ] ], [ [ 127.142405561738414, 37.488856738527467 ], [ 127.142405269597219, 37.488856749961847 ], [ 127.142321079043114, 37.488654339529511 ], [ 127.14222777868477, 37.488603418049934 ], [ 127.14221830570888, 37.488603816462131 ], [ 127.142218292333425, 37.48860360053709 ], [ 127.142227902708242, 37.488603228692256 ], [ 127.1423212821486, 37.48865411403753 ], [ 127.142405561738414, 37.488856738527467 ] ], [ [ 127.142829801568453, 37.488630905180791 ], [ 127.142822110441983, 37.488612430536385 ], [ 127.142829788795524, 37.488630864819648 ], [ 127.142854920174742, 37.488652530835012 ], [ 127.142829801568453, 37.488630905180791 ] ], [ [ 127.141324319911888, 37.48501381585551 ], [ 127.14118100103795, 37.484669532887146 ], [ 127.141324331218513, 37.48501381584213 ], [ 127.141417592507452, 37.485064702076677 ], [ 127.141324319911888, 37.48501381585551 ] ], [ [ 127.139105110817042, 37.490719966999045 ], [ 127.139051805704412, 37.489843239311007 ], [ 127.13900937962508, 37.489145554497632 ], [ 127.138988918720059, 37.488809000816545 ], [ 127.138984094799625, 37.488731096972721 ], [ 127.138972944079882, 37.488551117203095 ], [ 127.138973169747899, 37.488551108322802 ], [ 127.138989121836005, 37.488808775330277 ], [ 127.139024429206842, 37.489379787913037 ], [ 127.139107507432271, 37.490719657868276 ], [ 127.140918491418063, 37.490648428357517 ], [ 127.141597420244082, 37.490966939584062 ], [ 127.142028807865458, 37.490950031991488 ], [ 127.14202872466926, 37.490950137363512 ], [ 127.1419892757159, 37.490951688941472 ], [ 127.141597262292748, 37.490967128981218 ], [ 127.141231574855496, 37.490795588206808 ], [ 127.140918265604384, 37.490648608823868 ], [ 127.139800752025792, 37.490692593395245 ], [ 127.139587565320497, 37.49070097874452 ], [ 127.139480242677863, 37.490705203661491 ], [ 127.139105110817042, 37.490719966999045 ] ], [ [ 127.138721774625267, 37.485123635188828 ], [ 127.138151554809056, 37.4851460731429 ], [ 127.137321583391127, 37.485178727195773 ], [ 127.137319401363186, 37.485178810793748 ], [ 127.137317117592104, 37.485178903518602 ], [ 127.13690400271706, 37.485195154119573 ], [ 127.136799890613219, 37.485125815246747 ], [ 127.136781951957701, 37.485015670461408 ], [ 127.136772439618781, 37.484957287511897 ], [ 127.136721327784244, 37.484853550756696 ], [ 127.136607112967951, 37.48415255883009 ], [ 127.136583790044185, 37.484009389469954 ], [ 127.136577410606151, 37.4839702572961 ], [ 127.136576598849246, 37.48396525767064 ], [ 127.13655685454431, 37.483844086645192 ], [ 127.136510815121582, 37.483561477331442 ], [ 127.136455146425874, 37.48332475793908 ], [ 127.136436586438919, 37.483245815431225 ], [ 127.136409697350686, 37.4830808368582 ], [ 127.136407993925033, 37.483070387194246 ], [ 127.136356895177144, 37.482966641221687 ], [ 127.136329526113144, 37.482798662837467 ], [ 127.136316012522272, 37.482728829131112 ], [ 127.136321964313737, 37.482755774817264 ], [ 127.136329729285691, 37.482798473395491 ], [ 127.136357053173526, 37.482966478861243 ], [ 127.136408231049302, 37.483070215733377 ], [ 127.136436812192585, 37.48324560794326 ], [ 127.136510984441443, 37.483561323967891 ], [ 127.136721463170659, 37.484853388421705 ], [ 127.136772642844718, 37.484957125099172 ], [ 127.136800082402985, 37.485125580767068 ], [ 127.136904228442759, 37.485194928610824 ], [ 127.137321752582508, 37.485178501751214 ], [ 127.138721977814498, 37.485123454752816 ], [ 127.138947339720303, 37.48513490584822 ], [ 127.14068515354748, 37.485066468039591 ], [ 127.14071375720475, 37.485065353145266 ], [ 127.140763224475577, 37.485007839047803 ], [ 127.140757543694576, 37.48501444909077 ], [ 127.140746205026673, 37.485027635078104 ], [ 127.140713610586857, 37.485065551538078 ], [ 127.140547460750653, 37.485072090201186 ], [ 127.140173578300903, 37.485086810402194 ], [ 127.139416451719455, 37.485116600561732 ], [ 127.138947159111794, 37.485135068238385 ], [ 127.138774965895337, 37.485126330471374 ], [ 127.138721774625267, 37.485123635188828 ] ], [ [ 127.140790291641551, 37.484976368827567 ], [ 127.140790476584769, 37.484976153799273 ], [ 127.140974465317299, 37.485418327966869 ], [ 127.140974158753934, 37.485418160532447 ], [ 127.140798848114301, 37.484996930010624 ], [ 127.140790291641551, 37.484976368827567 ] ], [ [ 127.140909016125391, 37.482388051563866 ], [ 127.140909016125391, 37.482388051563866 ], [ 127.140682323874714, 37.482376443974005 ], [ 127.140909016125391, 37.482388051563866 ] ], [ [ 127.140050174034258, 37.48203496867859 ], [ 127.140050169187589, 37.482038031560577 ], [ 127.140048580649236, 37.482034214381152 ], [ 127.140050174034258, 37.48203496867859 ] ], [ [ 127.139520610843277, 37.481928062515372 ], [ 127.139595398927867, 37.482104535681351 ], [ 127.139666376311766, 37.482275012177631 ], [ 127.139666029248104, 37.482274903167827 ], [ 127.139595195831802, 37.482104761168891 ], [ 127.139520533812075, 37.481928594602543 ], [ 127.139520306712143, 37.481928063277238 ], [ 127.139485449797348, 37.481928013882914 ], [ 127.139520610843277, 37.481928062515372 ] ], [ [ 127.139955564350601, 37.488512299151076 ], [ 127.139955334951196, 37.488512308172112 ], [ 127.139630824123032, 37.487732575436816 ], [ 127.139601329347073, 37.487661692200575 ], [ 127.139539625649221, 37.487513432663739 ], [ 127.13952457738894, 37.487477275090249 ], [ 127.139003178253105, 37.486224393542066 ], [ 127.13868645188262, 37.485463317304351 ], [ 127.138686736584219, 37.485463306097891 ], [ 127.139305929293855, 37.486951175041021 ], [ 127.139695025665091, 37.487886228988913 ], [ 127.139955564350601, 37.488512299151076 ] ], [ [ 127.135893995724956, 37.482261135316186 ], [ 127.135894163833044, 37.482260306204225 ], [ 127.135894278379126, 37.482261134994744 ], [ 127.135893995724956, 37.482261135316186 ] ], [ [ 127.139105369442419, 37.481970137373089 ], [ 127.139104414589497, 37.481969323544611 ], [ 127.13910749302741, 37.481971797196564 ], [ 127.139105369442419, 37.481970137373089 ] ], [ [ 127.139160849092349, 37.482013501000303 ], [ 127.139153451287896, 37.482007718783066 ], [ 127.139166062204893, 37.482017174986019 ], [ 127.139160849092349, 37.482013501000303 ] ], [ [ 127.139232962547112, 37.4820643235226 ], [ 127.139229157052696, 37.482061641573424 ], [ 127.139240776040225, 37.482069217129279 ], [ 127.139232962547112, 37.4820643235226 ] ], [ [ 127.139308567321507, 37.48211167489815 ], [ 127.139317391979517, 37.482117032749564 ], [ 127.139322221699771, 37.482119759464304 ], [ 127.139315830242779, 37.482116223670133 ], [ 127.139308567321507, 37.48211167489815 ] ], [ [ 127.139394476735788, 37.482159731356781 ], [ 127.139383404973771, 37.482153606401397 ], [ 127.139405336622289, 37.482165097633349 ], [ 127.139394476735788, 37.482159731356781 ] ], [ [ 127.139498230804534, 37.482209475574479 ], [ 127.139471915226892, 37.482197996576112 ], [ 127.139454426165202, 37.482189354592499 ], [ 127.139456988777951, 37.482190598765357 ], [ 127.139467524231705, 37.482195713160529 ], [ 127.139498230804534, 37.482209475574479 ] ], [ [ 127.137926374931524, 37.482100167277281 ], [ 127.138755193319469, 37.481993655283397 ], [ 127.138755257275363, 37.481993700763653 ], [ 127.137926374931524, 37.482100167277281 ] ], [ [ 127.139555614194265, 37.482234506489142 ], [ 127.139530749189916, 37.482223660258377 ], [ 127.139572557109844, 37.482240915813271 ], [ 127.139555614194265, 37.482234506489142 ] ], [ [ 127.139644655868082, 37.482268189964479 ], [ 127.139627505615863, 37.482261702222324 ], [ 127.139663239723617, 37.482274027001353 ], [ 127.139644655868082, 37.482268189964479 ] ], [ [ 127.137996850990504, 37.486478840404295 ], [ 127.138000112806964, 37.486481836967236 ], [ 127.13804706947036, 37.486525012706672 ], [ 127.137996850990504, 37.486478840404295 ] ], [ [ 127.138833074244772, 37.492646340880057 ], [ 127.138926017331613, 37.492797805604461 ], [ 127.138926007445562, 37.492797807934473 ], [ 127.138833074244772, 37.492646340880057 ] ], [ [ 127.13824586353013, 37.489557395531769 ], [ 127.138306961326776, 37.48920020454787 ], [ 127.138321719739793, 37.489189159223038 ], [ 127.13824586353013, 37.489557395531769 ] ], [ [ 127.138396679832923, 37.488323986407778 ], [ 127.138423892960759, 37.488712655239645 ], [ 127.138412956713651, 37.488556524633935 ], [ 127.138396679832923, 37.488323986407778 ] ], [ [ 127.138629992795188, 37.491727773666405 ], [ 127.138684797237033, 37.491812394984748 ], [ 127.138557748188973, 37.491616223659129 ], [ 127.138629992795188, 37.491727773666405 ] ], [ [ 127.139883817047703, 37.492623842400555 ], [ 127.139753600201047, 37.492625580588687 ], [ 127.139650928338668, 37.492626944052276 ], [ 127.139757863114113, 37.492625521540951 ], [ 127.139883817047703, 37.492623842400555 ] ], [ [ 127.139146029474574, 37.492745951612108 ], [ 127.139031823135127, 37.492772868616768 ], [ 127.139138219178903, 37.492747789738409 ], [ 127.139650928338668, 37.492626944052276 ], [ 127.139146029474574, 37.492745951612108 ] ], [ [ 127.139194584766202, 37.492776610104258 ], [ 127.139671401734617, 37.492654959210213 ], [ 127.1391879163032, 37.492778311753362 ], [ 127.138944302413421, 37.492840457978623 ], [ 127.139194584766202, 37.492776610104258 ] ], [ [ 127.139759893077027, 37.492653251922363 ], [ 127.13989014248196, 37.492650747839768 ], [ 127.139764834405653, 37.492653165050577 ], [ 127.139671401734617, 37.492654959210213 ], [ 127.139759893077027, 37.492653251922363 ] ], [ [ 127.139298067902502, 37.493623095310511 ], [ 127.139297681829319, 37.493622221791618 ], [ 127.139241161076171, 37.493490786872172 ], [ 127.139298067902502, 37.493623095310511 ] ], [ [ 127.142140539007556, 37.490808466323543 ], [ 127.142107107328471, 37.490850827471903 ], [ 127.142140557519653, 37.490808407040454 ], [ 127.142140539007556, 37.490808466323543 ] ], [ [ 127.141689267610289, 37.495182677782317 ], [ 127.141576298053906, 37.49524254798245 ], [ 127.141662267825822, 37.495196945594451 ], [ 127.141689244960403, 37.495182659789215 ], [ 127.141745752236559, 37.495152697591834 ], [ 127.141689267610289, 37.495182677782317 ] ], [ [ 127.143213674879803, 37.483336893557698 ], [ 127.1431849132304, 37.483361750613113 ], [ 127.143189078477945, 37.483358150626501 ], [ 127.143213674879803, 37.483336893557698 ] ], [ [ 127.14315894603169, 37.483339644158633 ], [ 127.143141177017512, 37.483354045428115 ], [ 127.143111069000042, 37.483378435558954 ], [ 127.14315894603169, 37.483339644158633 ] ], [ [ 127.142550748408468, 37.48358092114924 ], [ 127.142548689349169, 37.483579620436835 ], [ 127.142551026660016, 37.483580515036358 ], [ 127.142550748408468, 37.48358092114924 ] ], [ [ 127.143855956395413, 37.492223648131478 ], [ 127.143853102596879, 37.492215443466229 ], [ 127.143843676489183, 37.492188019394014 ], [ 127.143855956395413, 37.492223648131478 ] ], [ [ 127.142888812803108, 37.492741262099415 ], [ 127.142900843745352, 37.492734985758538 ], [ 127.14287416104338, 37.492748911093528 ], [ 127.142856799681496, 37.492757965304257 ], [ 127.142888812803108, 37.492741262099415 ] ], [ [ 127.143368135405595, 37.491705556553455 ], [ 127.143356634807404, 37.491705155900981 ], [ 127.143331270155699, 37.491704267329624 ], [ 127.143368135405595, 37.491705556553455 ] ], [ [ 127.143908652662859, 37.495268781157947 ], [ 127.143813621014161, 37.495180444601871 ], [ 127.143945083967864, 37.495302641828928 ], [ 127.143908652662859, 37.495268781157947 ] ], [ [ 127.14381576797004, 37.495346496094591 ], [ 127.143712876948612, 37.495252078172648 ], [ 127.143807815797331, 37.495339198572097 ], [ 127.14381576797004, 37.495346496094591 ] ], [ [ 127.143885892330871, 37.498159590435165 ], [ 127.143966414486613, 37.498245592775078 ], [ 127.143879116061868, 37.498152354574088 ], [ 127.143885892330871, 37.498159590435165 ] ], [ [ 127.144485977763381, 37.500393494413125 ], [ 127.144516809982932, 37.500371923244558 ], [ 127.144436347485893, 37.500428288998357 ], [ 127.144485977763381, 37.500393494413125 ] ], [ [ 127.144285698262664, 37.500394277214461 ], [ 127.144341969272233, 37.500398443128304 ], [ 127.144341969272233, 37.500398443128304 ], [ 127.144285698262664, 37.500394277214461 ] ], [ [ 127.144429592805892, 37.504067209657798 ], [ 127.144493012300316, 37.504195570103711 ], [ 127.144510553198529, 37.504231084211277 ], [ 127.144429592805892, 37.504067209657798 ] ], [ [ 127.14459434806237, 37.503556892491154 ], [ 127.144601910933744, 37.503626377269427 ], [ 127.144601910047811, 37.503626378288402 ], [ 127.14459434806237, 37.503556892491154 ] ], [ [ 127.14406559713764, 37.502163472118212 ], [ 127.143959559217862, 37.502066652661959 ], [ 127.143948706194735, 37.502056736752046 ], [ 127.14406559713764, 37.502163472118212 ] ], [ [ 127.144426953989864, 37.503537165042069 ], [ 127.144427105467528, 37.503420828057678 ], [ 127.144427058581186, 37.503461499143206 ], [ 127.144426953989864, 37.503537165042069 ] ], [ [ 127.144353238514341, 37.503691081497998 ], [ 127.144419910934857, 37.503556382829025 ], [ 127.144414920097532, 37.503566471028265 ], [ 127.144353238514341, 37.503691081497998 ] ], [ [ 127.145080011233475, 37.496086164206339 ], [ 127.144969091060389, 37.496164415522387 ], [ 127.14490342194587, 37.496210734490944 ], [ 127.145416350260362, 37.49584890049325 ], [ 127.145273697516672, 37.495949535511045 ], [ 127.145190151977076, 37.496008472352258 ], [ 127.145141874377941, 37.496042525731724 ], [ 127.145080011233475, 37.496086164206339 ] ], [ [ 127.1456373174276, 37.495515667074088 ], [ 127.14565790682235, 37.495561277542151 ], [ 127.145568303999724, 37.495362806702332 ], [ 127.1456373174276, 37.495515667074088 ] ], [ [ 127.144803685271356, 37.49533597673733 ], [ 127.145101039602096, 37.495126620051074 ], [ 127.144908472629581, 37.495262201963868 ], [ 127.144803685271356, 37.49533597673733 ] ], [ [ 127.144702843256923, 37.494716184773566 ], [ 127.144815427888986, 37.494752502687952 ], [ 127.144717439657953, 37.494720897326737 ], [ 127.144702843256923, 37.494716184773566 ] ], [ [ 127.144957109725055, 37.494919646244448 ], [ 127.144943322070077, 37.494918032175306 ], [ 127.144921051400232, 37.494915401262837 ], [ 127.144957109725055, 37.494919646244448 ] ], [ [ 127.145192652687484, 37.496345776173683 ], [ 127.145282599975104, 37.496390446151295 ], [ 127.145161027194717, 37.496330074183575 ], [ 127.145192652687484, 37.496345776173683 ] ], [ [ 127.144719518978775, 37.503437674004715 ], [ 127.144582153868598, 37.503448805576113 ], [ 127.144708527955785, 37.503438561294885 ], [ 127.144719518978775, 37.503437674004715 ] ], [ [ 127.144856810158799, 37.500625052041258 ], [ 127.144871743920163, 37.500639990487215 ], [ 127.144796055476263, 37.500564308377037 ], [ 127.144856810158799, 37.500625052041258 ] ], [ [ 127.144890415035192, 37.500628173766152 ], [ 127.144990570286978, 37.500564793108374 ], [ 127.144871743920163, 37.500639990487215 ], [ 127.144890415035192, 37.500628173766152 ] ], [ [ 127.144857891371586, 37.503586684350942 ], [ 127.144914593792862, 37.503585155921314 ], [ 127.145025680200192, 37.503570280709461 ], [ 127.145057613226314, 37.503561907686766 ], [ 127.145063559213654, 37.50356046787595 ], [ 127.145065650481556, 37.503559960776258 ], [ 127.145078118957301, 37.5035569362933 ], [ 127.145091299425488, 37.503556947627217 ], [ 127.14444822164009, 37.50375982084573 ], [ 127.145078085046464, 37.503556945344464 ], [ 127.145025647289501, 37.503570812337962 ], [ 127.144910332208539, 37.503586233281119 ], [ 127.144859872252113, 37.50358759195489 ], [ 127.144791249446826, 37.503571222985265 ], [ 127.144784425622447, 37.503557157679758 ], [ 127.144791079117581, 37.503570862792827 ], [ 127.144857891371586, 37.503586684350942 ] ], [ [ 127.144738677536736, 37.503556231063342 ], [ 127.144783903342699, 37.503556086126089 ], [ 127.144738361311553, 37.503556564816179 ], [ 127.144738677536736, 37.503556231063342 ] ], [ [ 127.144185299872987, 37.483356050948466 ], [ 127.144195373073472, 37.483355651354969 ], [ 127.143970811908105, 37.483364562900739 ], [ 127.144185299872987, 37.483356050948466 ] ], [ [ 127.144454654563432, 37.492028480680439 ], [ 127.144477696180132, 37.492056365760028 ], [ 127.144557112327178, 37.492152514381758 ], [ 127.144454654563432, 37.492028480680439 ] ], [ [ 127.144208110400598, 37.492193211064155 ], [ 127.144419209393902, 37.492119794784458 ], [ 127.144398530128669, 37.492127027788754 ], [ 127.144208110400598, 37.492193211064155 ] ], [ [ 127.144485654373781, 37.492749242559114 ], [ 127.144669321209122, 37.492651887881784 ], [ 127.144485654373781, 37.492749242559114 ], [ 127.144481849180451, 37.492746851615678 ], [ 127.144485654373781, 37.492749242559114 ] ], [ [ 127.145218874562872, 37.492348849979912 ], [ 127.145423899484243, 37.492239399325427 ], [ 127.145294558833328, 37.492308483236187 ], [ 127.145218874562872, 37.492348849979912 ] ], [ [ 127.144727406898937, 37.492034547480984 ], [ 127.144663138096632, 37.491959581134147 ], [ 127.144654876425847, 37.491949941441021 ], [ 127.144727406898937, 37.492034547480984 ] ], [ [ 127.144547982466264, 37.492019655071068 ], [ 127.144547699775458, 37.49201965541328 ], [ 127.144548033567389, 37.492019628408393 ], [ 127.144547982466264, 37.492019655071068 ] ], [ [ 127.144655388786688, 37.491963636009622 ], [ 127.144655354863815, 37.491963636050706 ], [ 127.14465535482941, 37.491963618030773 ], [ 127.144655388752312, 37.491963617989683 ], [ 127.144655388786688, 37.491963636009622 ] ], [ [ 127.144937560188566, 37.49259660618835 ], [ 127.144937553983496, 37.492596609474575 ], [ 127.144937560188538, 37.49259660618835 ], [ 127.14493756380142, 37.492596604272087 ], [ 127.144937560188566, 37.49259660618835 ] ], [ [ 127.145459427096597, 37.49222111982197 ], [ 127.145476615605375, 37.492223963284538 ], [ 127.145476615605375, 37.492223963284538 ], [ 127.145459427096597, 37.49222111982197 ] ], [ [ 127.148808937310307, 37.502212965679519 ], [ 127.148807948404425, 37.502193144963464 ], [ 127.148808442839623, 37.502203046311543 ], [ 127.148808937310307, 37.502212965679519 ] ], [ [ 127.148747817973486, 37.50216462225066 ], [ 127.148798326624856, 37.502188579891012 ], [ 127.148807948404425, 37.502193144963464 ], [ 127.148747817973486, 37.50216462225066 ] ], [ [ 127.148983182896146, 37.501933595631563 ], [ 127.148983182906093, 37.501933595629367 ], [ 127.148940652253586, 37.501946709735606 ], [ 127.14891932480721, 37.501953286601491 ], [ 127.148875584864115, 37.50196676603435 ], [ 127.148926874734883, 37.50195095260699 ], [ 127.148936063511343, 37.501948121018209 ], [ 127.148983182896146, 37.501933595631563 ] ], [ [ 127.148962271288667, 37.501938228202249 ], [ 127.148928560777676, 37.501945697686445 ], [ 127.148919410523078, 37.501947723179939 ], [ 127.148962271288667, 37.501938228202249 ] ], [ [ 127.148644221944963, 37.501580499332455 ], [ 127.148585120275939, 37.501580338662379 ], [ 127.148577271709399, 37.501580312392726 ], [ 127.148644221944963, 37.501580499332455 ] ], [ [ 127.148692604092773, 37.496775650205684 ], [ 127.148580318133085, 37.496651938773532 ], [ 127.148602281170682, 37.496676130272824 ], [ 127.148692604092773, 37.496775650205684 ] ], [ [ 127.148924232862271, 37.496231100504993 ], [ 127.1489242262342, 37.496231095240532 ], [ 127.148958581305763, 37.496208329186338 ], [ 127.148924232862271, 37.496231100504993 ] ], [ [ 127.149192959429428, 37.49605454233091 ], [ 127.149193648344919, 37.496054090970482 ], [ 127.149122690234449, 37.496100698203392 ], [ 127.149173263280503, 37.496067478258993 ], [ 127.149190700691136, 37.496056022791997 ], [ 127.149192959429428, 37.49605454233091 ] ], [ [ 127.149731188441621, 37.495019179455127 ], [ 127.14970545424535, 37.494986388350569 ], [ 127.149705227496327, 37.494986091305378 ], [ 127.149731188441621, 37.495019179455127 ] ], [ [ 127.149705216241671, 37.494986118349466 ], [ 127.149673031003246, 37.494950569262642 ], [ 127.149673042311306, 37.494950569248459 ], [ 127.149705227496327, 37.494986091305378 ], [ 127.149705216241671, 37.494986118349466 ] ], [ [ 127.149367812148171, 37.493050744861215 ], [ 127.149359876720396, 37.492925876317329 ], [ 127.149365956492545, 37.493021464713145 ], [ 127.149367812148171, 37.493050744861215 ] ], [ [ 127.14924692082748, 37.492930432505318 ], [ 127.149027454073192, 37.492939356310892 ], [ 127.148854384189178, 37.492946393012836 ], [ 127.149027454073163, 37.49293935631087 ], [ 127.14924692082748, 37.492930432505311 ], [ 127.149359876720396, 37.492925876317322 ], [ 127.149619257029073, 37.492915496309358 ], [ 127.149664484636048, 37.492913691667979 ], [ 127.149698563183236, 37.492912331877342 ], [ 127.149664484636077, 37.492913691667994 ], [ 127.149619257029073, 37.492915496309358 ], [ 127.149359876720396, 37.492925876317329 ], [ 127.14924692082748, 37.492930432505318 ] ], [ [ 127.148465049068719, 37.492962221728661 ], [ 127.148652517442628, 37.492954600220138 ], [ 127.148766983735726, 37.492949946457074 ], [ 127.148652517442628, 37.492954600220138 ], [ 127.148465049068719, 37.492962221728668 ], [ 127.14835106471844, 37.492966855605211 ], [ 127.148465049068719, 37.492962221728661 ] ], [ [ 127.149881577139936, 37.492905039960412 ], [ 127.149831078106558, 37.492907051853656 ], [ 127.149881577139936, 37.492905039960412 ], [ 127.149940728482761, 37.492902680142393 ], [ 127.149881577139936, 37.492905039960412 ] ], [ [ 127.150280258306424, 37.49288913155663 ], [ 127.150185212775597, 37.49289292475035 ], [ 127.150280258306424, 37.49288913155663 ], [ 127.15035211907724, 37.492886269123822 ], [ 127.150280258306424, 37.49288913155663 ] ], [ [ 127.151045282452884, 37.492858613043943 ], [ 127.151052731381668, 37.492851485723456 ], [ 127.151073043826415, 37.492843747079867 ], [ 127.151052731381697, 37.492851485723477 ], [ 127.151045282452884, 37.492858613043957 ], [ 127.150814395837301, 37.49286782492085 ], [ 127.1507755906092, 37.49286937861924 ], [ 127.150553546277777, 37.492878245432337 ], [ 127.150730498732216, 37.492871174504515 ], [ 127.150814395837301, 37.492867824920836 ], [ 127.151045282452884, 37.492858613043943 ] ], [ [ 127.148686117258549, 37.492616773797906 ], [ 127.148690975830547, 37.492614857627586 ], [ 127.148804078923177, 37.492570315445086 ], [ 127.148686117258549, 37.492616773797906 ] ], [ [ 127.149186203931336, 37.490733502776671 ], [ 127.149263780807388, 37.490679663407214 ], [ 127.149263531756546, 37.490679841686543 ], [ 127.149186203931336, 37.490733502776671 ] ], [ [ 127.148571951867979, 37.490100686056159 ], [ 127.148474913960968, 37.490147847979657 ], [ 127.148571725562206, 37.490100605247875 ], [ 127.148581983248647, 37.490095808172732 ], [ 127.148571951867979, 37.490100686056159 ] ], [ [ 127.148790151680529, 37.490009305200026 ], [ 127.148606048344732, 37.490085813160881 ], [ 127.148581983248647, 37.490095808172732 ], [ 127.148790151680529, 37.490009305200026 ] ], [ [ 127.148973991934639, 37.490017743518322 ], [ 127.148841427909431, 37.490054029961456 ], [ 127.14880385897699, 37.490074358538031 ], [ 127.148841427909417, 37.490054029961442 ], [ 127.148973991934639, 37.490017743518315 ], [ 127.14901012779454, 37.490015489296525 ], [ 127.148973991934639, 37.490017743518322 ] ], [ [ 127.149291067258119, 37.489932592441818 ], [ 127.149257344190914, 37.489943723819309 ], [ 127.149164908745576, 37.489985006037912 ], [ 127.149159772547591, 37.489986669621608 ], [ 127.149164908745576, 37.489985006037912 ], [ 127.149257344190914, 37.489943723819302 ], [ 127.149291067258119, 37.489932592441818 ] ], [ [ 127.149418538564291, 37.489890516341191 ], [ 127.149409128497496, 37.489882001349009 ], [ 127.149418538564291, 37.489890516341191 ], [ 127.149418538564291, 37.489890516341191 ] ], [ [ 127.149400799631948, 37.489874464713211 ], [ 127.149400799631948, 37.489874464713211 ], [ 127.149400900991978, 37.48986638876233 ], [ 127.149400799631948, 37.489874464713211 ] ], [ [ 127.149229889930837, 37.489771432967508 ], [ 127.149229926835986, 37.489771390189574 ], [ 127.149363913207281, 37.489844813930567 ], [ 127.149497936870063, 37.489918257809961 ], [ 127.149632073868261, 37.489991701394075 ], [ 127.14976609805548, 37.490065144966316 ], [ 127.149900122326585, 37.49013849828534 ], [ 127.150034147037942, 37.490211941550555 ], [ 127.150168172011448, 37.490285384662279 ], [ 127.150302197247115, 37.49035882762049 ], [ 127.150371629188541, 37.490396874720261 ], [ 127.150352796379465, 37.49038655972484 ], [ 127.150340423932064, 37.490379781773861 ], [ 127.150304087670264, 37.49035987940929 ], [ 127.150209488945009, 37.490308055879318 ], [ 127.149400916900959, 37.489865121200893 ], [ 127.149400916900959, 37.489865121200907 ], [ 127.149343877675179, 37.489833873835316 ], [ 127.149343877675179, 37.489833873835316 ], [ 127.149229889930837, 37.489771432967508 ] ], [ [ 127.149613234006083, 37.489784585210401 ], [ 127.149479210647812, 37.489711231559617 ], [ 127.149345187373839, 37.489637787655582 ], [ 127.149205425426231, 37.489561224303181 ], [ 127.149090116543732, 37.489694869494826 ], [ 127.148491588972277, 37.489366984947111 ], [ 127.148286062805241, 37.489254390224716 ], [ 127.148286202995024, 37.489254227728537 ], [ 127.148420208404389, 37.489327663994423 ], [ 127.148554230044624, 37.489401018854892 ], [ 127.148688252123492, 37.489474463661651 ], [ 127.148822161391934, 37.48954790845584 ], [ 127.148950523986059, 37.489618116420004 ], [ 127.149090206682942, 37.489694707202318 ], [ 127.149205504204545, 37.489561034994779 ], [ 127.149345300126939, 37.489637625334566 ], [ 127.149479323400769, 37.489711069238496 ], [ 127.149613346758855, 37.489784422889159 ], [ 127.149613367385186, 37.48978443419648 ], [ 127.149497936870063, 37.489918257809961 ], [ 127.149613234006083, 37.489784585210401 ] ], [ [ 127.149881528318971, 37.489931321091852 ], [ 127.149881528318971, 37.489931321091852 ], [ 127.14976609805548, 37.490065144966316 ], [ 127.149881528318971, 37.489931321091852 ] ], [ [ 127.149283744310196, 37.488122671301007 ], [ 127.149370228013609, 37.488022373114553 ], [ 127.149370228013609, 37.488022373114553 ], [ 127.149283744310196, 37.488122671301007 ] ], [ [ 127.149128308712562, 37.4876930345931 ], [ 127.149013160571258, 37.487826496596028 ], [ 127.149013149171779, 37.487826490353321 ], [ 127.149128273807449, 37.487693015471123 ], [ 127.149128308712562, 37.4876930345931 ] ], [ [ 127.148456324564307, 37.487324594107925 ], [ 127.148456324564307, 37.487324594107925 ], [ 127.148528990793295, 37.487282637519456 ], [ 127.148456324564307, 37.487324594107925 ] ], [ [ 127.148187893209197, 37.487022509821095 ], [ 127.148367837013964, 37.487122982506072 ], [ 127.15025787399513, 37.488158471374241 ], [ 127.150220279068037, 37.488221687499191 ], [ 127.150257750203565, 37.488158678465823 ], [ 127.148618872247567, 37.487260874621235 ], [ 127.14836760004539, 37.487123226070601 ], [ 127.148215582418288, 37.487038486651095 ], [ 127.148187893209197, 37.487022509821095 ] ], [ [ 127.150328606341461, 37.488259293105706 ], [ 127.15031207149049, 37.488188163521336 ], [ 127.150312365642506, 37.488188324672656 ], [ 127.15032867537829, 37.488259212817191 ], [ 127.150328606341461, 37.488259293105706 ] ], [ [ 127.148362749174126, 37.502071064390861 ], [ 127.148395802839275, 37.502063734228955 ], [ 127.148477532657381, 37.502045621643113 ], [ 127.14840064107068, 37.502062665036256 ], [ 127.148362749174126, 37.502071064390861 ] ], [ [ 127.147221985666121, 37.501694886721062 ], [ 127.147376761641226, 37.501735276667297 ], [ 127.147380733166912, 37.501736316921203 ], [ 127.147221985666121, 37.501694886721062 ] ], [ [ 127.147295633791003, 37.501242765263235 ], [ 127.147712636827919, 37.501378480833253 ], [ 127.147504316188588, 37.50131068607913 ], [ 127.147295633791003, 37.501242765263235 ] ], [ [ 127.145937877158914, 37.500013669677479 ], [ 127.145958733837546, 37.500038782024738 ], [ 127.145906592253866, 37.49997604619923 ], [ 127.145937877158914, 37.500013669677479 ] ], [ [ 127.14806993077012, 37.483366466955843 ], [ 127.14806993077012, 37.483366466955843 ], [ 127.14847857247419, 37.483968893469573 ], [ 127.14806993077012, 37.483366466955843 ] ], [ [ 127.147227786883988, 37.482793375383544 ], [ 127.147229439134776, 37.482794166226604 ], [ 127.147330462616466, 37.482841731567312 ], [ 127.147415420938131, 37.482883964715114 ], [ 127.147458811099938, 37.482911310560333 ], [ 127.147522769626889, 37.482933972801924 ], [ 127.14754776676827, 37.482956665147249 ], [ 127.147521774763533, 37.482934019081277 ], [ 127.147457091567404, 37.482910808123791 ], [ 127.147415273816662, 37.482883892816744 ], [ 127.147248101376476, 37.482803540647971 ], [ 127.147227786883988, 37.482793375383544 ] ], [ [ 127.147226825433663, 37.482793160329024 ], [ 127.147103560091537, 37.482732611856207 ], [ 127.14722786606265, 37.482793393305919 ], [ 127.147227786883988, 37.482793375383544 ], [ 127.147226825433663, 37.482793160329024 ] ], [ [ 127.146557652927626, 37.482682151434311 ], [ 127.146534269016144, 37.482692514614044 ], [ 127.146435480379665, 37.48273628930113 ], [ 127.146557652927626, 37.482682151434311 ] ], [ [ 127.146319897395287, 37.482930101101154 ], [ 127.146204657001888, 37.482967669839766 ], [ 127.146276937896076, 37.482944101230544 ], [ 127.146319897395287, 37.482930101101154 ] ], [ [ 127.146709962260118, 37.482999143643454 ], [ 127.146691210050008, 37.483013384475043 ], [ 127.146744632901246, 37.482972791815875 ], [ 127.146709962260118, 37.482999143643454 ] ], [ [ 127.148533547718827, 37.490086939546238 ], [ 127.148667642542534, 37.490024445153288 ], [ 127.148533547718827, 37.490086939546259 ], [ 127.148497497151524, 37.490074028025546 ], [ 127.148480513002553, 37.490081474437872 ], [ 127.148497497151524, 37.490074028025525 ], [ 127.148533547718827, 37.490086939546238 ] ], [ [ 127.14845075831893, 37.490053903769955 ], [ 127.148208527943211, 37.489808952679013 ], [ 127.14845075831893, 37.490053903769955 ], [ 127.14845075831893, 37.490053903769955 ] ], [ [ 127.147951315816201, 37.489071010649525 ], [ 127.147783348667005, 37.48897899237361 ], [ 127.147512526812847, 37.488216243580133 ], [ 127.147325990440464, 37.487690893663626 ], [ 127.14731001664326, 37.487645890408821 ], [ 127.147723307424869, 37.487208313582826 ], [ 127.147553463473116, 37.487388165065134 ], [ 127.147310186055222, 37.487645791089783 ], [ 127.147783495238642, 37.488978775952241 ], [ 127.148132922710417, 37.48917025579739 ], [ 127.148248221137877, 37.489036584510139 ], [ 127.148304138726857, 37.48906723914353 ], [ 127.148401485132112, 37.489120547446078 ], [ 127.148401329144292, 37.489120728291454 ], [ 127.148304003375571, 37.489067410501605 ], [ 127.148248097164213, 37.489036791894037 ], [ 127.14813279866577, 37.489170427141268 ], [ 127.147951315816201, 37.489071010649525 ] ], [ [ 127.148065313861963, 37.486951780685011 ], [ 127.148035229942423, 37.486933839885126 ], [ 127.148098258304671, 37.486970789883358 ], [ 127.148065313861963, 37.486951780685011 ] ], [ [ 127.147924729945785, 37.486867945726331 ], [ 127.147886407817865, 37.486844349149614 ], [ 127.147942191477114, 37.486878357855133 ], [ 127.147924729945785, 37.486867945726331 ] ], [ [ 127.147459228749312, 37.486573101719976 ], [ 127.147410967180235, 37.486541977708576 ], [ 127.146857756410014, 37.486185223740598 ], [ 127.146848280127799, 37.486178766215744 ], [ 127.146810826133802, 37.486153244404548 ], [ 127.146857902996359, 37.486185016330261 ], [ 127.147653655929417, 37.486698145468608 ], [ 127.147796936255801, 37.486789257567196 ], [ 127.147785793804999, 37.486782396658903 ], [ 127.147653441485787, 37.486698343953826 ], [ 127.147460541986732, 37.486573947037996 ], [ 127.147459228749312, 37.486573101719976 ] ], [ [ 127.146499476979031, 37.485910601047998 ], [ 127.146625791159479, 37.486018075987715 ], [ 127.146756916351947, 37.486116509278098 ], [ 127.146736817891366, 37.48610281379824 ], [ 127.14662164754796, 37.486015315005943 ], [ 127.146512585072017, 37.485922979243533 ], [ 127.146499476979031, 37.485910601047998 ] ], [ [ 127.146409958861156, 37.485826067415097 ], [ 127.146384934328381, 37.48579966101989 ], [ 127.146493831647248, 37.485905270063292 ], [ 127.146409958861156, 37.485826067415097 ] ], [ [ 127.146314063456757, 37.485724876506261 ], [ 127.146281058842504, 37.485685827285216 ], [ 127.146370450277544, 37.485784377144306 ], [ 127.146314063456757, 37.485724876506261 ] ], [ [ 127.146225170781634, 37.485619703530269 ], [ 127.146183539360251, 37.48556416997635 ], [ 127.146260191680128, 37.485661138395173 ], [ 127.146225170781634, 37.485619703530269 ] ], [ [ 127.148406249940237, 37.490075673202 ], [ 127.148406249940237, 37.490075673202 ], [ 127.148380501709639, 37.490094950637193 ], [ 127.148406249940237, 37.490075673202 ] ], [ [ 127.148287821416943, 37.490170605529379 ], [ 127.148275926291802, 37.490183318177174 ], [ 127.148287821416943, 37.490170605529379 ], [ 127.148318930411733, 37.490141688841732 ], [ 127.148287821416943, 37.490170605529379 ] ], [ [ 127.14817932899895, 37.490316161576239 ], [ 127.148170121588961, 37.490334175692205 ], [ 127.14817932899895, 37.490316161576239 ], [ 127.148197259794344, 37.49028515042442 ], [ 127.14817932899895, 37.490316161576239 ] ], [ [ 127.147552195260715, 37.490884027456353 ], [ 127.14752575316669, 37.490892980030686 ], [ 127.147461560268866, 37.490910268431662 ], [ 127.147234887159016, 37.49097125658961 ], [ 127.147461560268866, 37.490910268431648 ], [ 127.14752575316669, 37.490892980030686 ], [ 127.147552195260715, 37.490884027456353 ], [ 127.147577162817626, 37.4908727341004 ], [ 127.147600430037556, 37.490859280442898 ], [ 127.147621091621232, 37.490843307204528 ], [ 127.148044872091944, 37.490483734111386 ], [ 127.148061407904123, 37.490469911534021 ], [ 127.148044872091944, 37.4904837341114 ], [ 127.147621091621232, 37.49084330720455 ], [ 127.147600430037585, 37.490859280442905 ], [ 127.147577162817626, 37.490872734100414 ], [ 127.147552195260715, 37.490884027456353 ] ], [ [ 127.146361345118009, 37.491368969650146 ], [ 127.146349726394405, 37.491368112414847 ], [ 127.146361345118009, 37.491368969650146 ], [ 127.146465932332603, 37.491376680080251 ], [ 127.146476292231952, 37.491377423175642 ], [ 127.146465932332603, 37.491376680080265 ], [ 127.146361345118009, 37.491368969650146 ] ], [ [ 127.146476800405409, 37.491377459625909 ], [ 127.146476800405409, 37.491377459625909 ], [ 127.146487664189038, 37.491389590463903 ], [ 127.146476800405409, 37.491377459625909 ] ], [ [ 127.146472868043219, 37.491279363638441 ], [ 127.146513910508489, 37.491277331078194 ], [ 127.146550733952893, 37.491272789612147 ], [ 127.146513910508517, 37.491277331078216 ], [ 127.146472868043219, 37.491279363638483 ], [ 127.146438992748386, 37.491278438580949 ], [ 127.146472868043219, 37.491279363638441 ] ], [ [ 127.146797724185973, 37.49115760001208 ], [ 127.146847311588161, 37.491117613609433 ], [ 127.146797724185973, 37.491157600012102 ], [ 127.146769614740464, 37.491181511057164 ], [ 127.146738787288768, 37.491203263037761 ], [ 127.146729659904381, 37.491208549248135 ], [ 127.146738787288768, 37.491203263037754 ], [ 127.146769614740464, 37.491181511057157 ], [ 127.146797724185973, 37.49115760001208 ] ], [ [ 127.146922605613, 37.491064823648564 ], [ 127.146931926565983, 37.491059742912924 ], [ 127.146922605613, 37.491064823648586 ], [ 127.146901934564411, 37.491076021479181 ], [ 127.146873929004457, 37.491095157124654 ], [ 127.146848942560823, 37.491116282246885 ], [ 127.146873929004457, 37.491095157124626 ], [ 127.146901934564411, 37.491076021479159 ], [ 127.146922605613, 37.491064823648564 ] ], [ [ 127.146965084554424, 37.491045580074974 ], [ 127.146942949752841, 37.491054984877337 ], [ 127.146965084554424, 37.491045580074974 ], [ 127.146979489133017, 37.491040975963074 ], [ 127.146965084554424, 37.491045580074974 ] ], [ [ 127.146374159892105, 37.491704450055451 ], [ 127.146399924488662, 37.491701814611943 ], [ 127.146399924488662, 37.491701814611943 ], [ 127.146374159892105, 37.491704450055451 ] ], [ [ 127.146641408460582, 37.491560655968321 ], [ 127.146629727702319, 37.491547077272806 ], [ 127.146641408460582, 37.4915606559683 ], [ 127.146667264539104, 37.491590700761648 ], [ 127.146641408460582, 37.491560655968321 ] ], [ [ 127.147336952624244, 37.494482217207214 ], [ 127.147236297696551, 37.494562593366375 ], [ 127.147175035244999, 37.494611503049413 ], [ 127.147336952624244, 37.494482217207214 ] ], [ [ 127.147320771710341, 37.493406480451959 ], [ 127.147287427429063, 37.493407828045648 ], [ 127.147131730275063, 37.493414101786655 ], [ 127.147122900851045, 37.493414457433019 ], [ 127.147131718967188, 37.493414101800589 ], [ 127.147320771710341, 37.493406480451959 ] ], [ [ 127.147902756790344, 37.492985084329824 ], [ 127.147786917530738, 37.492989795864403 ], [ 127.147715288260187, 37.492992704648969 ], [ 127.147559906315976, 37.492998989632277 ], [ 127.147715288260187, 37.492992704648969 ], [ 127.147902756790344, 37.492985084329824 ], [ 127.147922626126643, 37.492984276180493 ], [ 127.147902756790344, 37.492985084329824 ] ], [ [ 127.147765987534768, 37.49266539901673 ], [ 127.147985093396969, 37.492697833863133 ], [ 127.148008609035983, 37.492701318605064 ], [ 127.147765987534768, 37.49266539901673 ] ], [ [ 127.146274664945949, 37.492870861444494 ], [ 127.146283637235086, 37.492870494470061 ], [ 127.146274664945949, 37.492870861444494 ], [ 127.146045360936412, 37.492880152163011 ], [ 127.146033819421177, 37.492700146649625 ], [ 127.14602751834046, 37.492600873120097 ], [ 127.146033819421206, 37.492700146649632 ], [ 127.146045360936412, 37.492880152163004 ], [ 127.146274664945949, 37.492870861444494 ] ], [ [ 127.147028947904559, 37.492840201896982 ], [ 127.147077868522302, 37.492838225215436 ], [ 127.147028947904587, 37.492840201896982 ], [ 127.146918805402677, 37.492844652229309 ], [ 127.147028947904559, 37.492840201896982 ] ], [ [ 127.147217546902326, 37.492832581272822 ], [ 127.147217546902326, 37.492832581272822 ], [ 127.147209594119502, 37.492708577200474 ], [ 127.147217546902326, 37.492832581272822 ] ], [ [ 127.147220700222192, 37.492579322044641 ], [ 127.147225337394232, 37.492651831235506 ], [ 127.147206002582223, 37.492652575878346 ], [ 127.147206002582223, 37.492652575878346 ], [ 127.147225337394232, 37.492651831235506 ], [ 127.147220700222192, 37.492579322044641 ] ], [ [ 127.146064522208093, 37.492554597722659 ], [ 127.146149129179264, 37.492551143284047 ], [ 127.146064522208107, 37.492554597722666 ], [ 127.146043291676136, 37.492573389995023 ], [ 127.146064522208093, 37.492554597722659 ] ], [ [ 127.146442510299906, 37.492539268183577 ], [ 127.14651240949739, 37.49253642747648 ], [ 127.146442510299906, 37.492539268183599 ], [ 127.146340452858524, 37.49254335873087 ], [ 127.146442510299906, 37.492539268183577 ] ], [ [ 127.146819706693748, 37.492523938408972 ], [ 127.146693861502968, 37.492529048606578 ], [ 127.146609751138783, 37.49253246996507 ], [ 127.146693861502968, 37.492529048606556 ], [ 127.146819706693748, 37.492523938408972 ], [ 127.146952675197937, 37.492518549009276 ], [ 127.147085530430573, 37.492513069499594 ], [ 127.147216124452441, 37.492507772828894 ], [ 127.147216124452441, 37.492507772828901 ], [ 127.147085530430601, 37.492513069499594 ], [ 127.146952675197937, 37.492518549009283 ], [ 127.146819706693748, 37.492523938408972 ] ], [ [ 127.147221741571826, 37.493012775924626 ], [ 127.147260183831079, 37.493011212194432 ], [ 127.147221741571855, 37.493012775924626 ], [ 127.147021383076975, 37.493020951638066 ], [ 127.146927277881716, 37.493024789422059 ], [ 127.147021383076975, 37.493020951638051 ], [ 127.147221741571826, 37.493012775924626 ] ], [ [ 127.146622135790579, 37.493037210140749 ], [ 127.146501096709514, 37.493042133524447 ], [ 127.146622135790579, 37.493037210140734 ], [ 127.14669931345, 37.493034071837613 ], [ 127.146622135790579, 37.493037210140749 ] ], [ [ 127.147569757657322, 37.494311406590668 ], [ 127.147639169523501, 37.494266685276969 ], [ 127.14764015208813, 37.49426605336253 ], [ 127.147569757657322, 37.494311406590668 ] ], [ [ 127.147670507263129, 37.497964894495844 ], [ 127.147584079983545, 37.497978561408395 ], [ 127.147670269854288, 37.497964930829468 ], [ 127.147657500353489, 37.49795222452925 ], [ 127.147669261042552, 37.497963724739698 ], [ 127.147670507263129, 37.497964894495844 ] ], [ [ 127.147526674594374, 37.497239255060961 ], [ 127.147525737241068, 37.497239895928281 ], [ 127.147143316515198, 37.497500405090051 ], [ 127.147526674594374, 37.497239255060961 ] ], [ [ 127.146502988447068, 37.497385252164349 ], [ 127.146473809745686, 37.497319415972377 ], [ 127.146479250220807, 37.497331689905941 ], [ 127.146502988447068, 37.497385252164349 ] ], [ [ 127.147289198990379, 37.49848519657062 ], [ 127.147257518798128, 37.49850604871579 ], [ 127.147329338324482, 37.498458684717619 ], [ 127.147289198990379, 37.49848519657062 ] ], [ [ 127.147822045341499, 37.493169348282116 ], [ 127.147822015662626, 37.493168853006502 ], [ 127.147912355343564, 37.493165227314925 ], [ 127.147912381740426, 37.493165722722232 ], [ 127.147822045341499, 37.493169348282116 ] ], [ [ 127.148129865211573, 37.493373971252645 ], [ 127.148003453261737, 37.493379065528885 ], [ 127.147907909331195, 37.493382914087931 ], [ 127.147835013247672, 37.493385842534863 ], [ 127.148003487167642, 37.493379056476826 ], [ 127.148129899082264, 37.49337394418064 ], [ 127.148246706749291, 37.493369269382875 ], [ 127.148129865211573, 37.493373971252645 ] ], [ [ 127.147881591976358, 37.493803920463009 ], [ 127.147845634091908, 37.493816191559752 ], [ 127.147869929959171, 37.49380789930531 ], [ 127.147881591976358, 37.493803920463009 ] ], [ [ 127.147634291311874, 37.493654894996361 ], [ 127.147731170266653, 37.493686021787596 ], [ 127.147725659868271, 37.493684253638925 ], [ 127.147465188967402, 37.493600566541438 ], [ 127.147634291311874, 37.493654894996361 ] ], [ [ 127.1476203767821, 37.493576444200194 ], [ 127.147625243960888, 37.493573095474844 ], [ 127.147645096647423, 37.493559447816814 ], [ 127.1476203767821, 37.493576444200194 ] ], [ [ 127.148507074580252, 37.494286547885395 ], [ 127.148098965771112, 37.494574275348391 ], [ 127.147779703687007, 37.494799353104 ], [ 127.148507074580252, 37.494286547885395 ] ], [ [ 127.147908779767363, 37.496974870746449 ], [ 127.147907887601434, 37.496975484530907 ], [ 127.147704156029221, 37.497115058194225 ], [ 127.147908779767363, 37.496974870746449 ] ], [ [ 127.147572082711918, 37.498832704588352 ], [ 127.147485254287517, 37.498786050092853 ], [ 127.147561554605872, 37.498827041314783 ], [ 127.147572082711918, 37.498832704588352 ] ], [ [ 127.147465461132398, 37.498145329626851 ], [ 127.147536735626147, 37.498213230888027 ], [ 127.147406955211338, 37.498089603062333 ], [ 127.147465461132398, 37.498145329626851 ] ], [ [ 127.147570126313028, 37.49882109314003 ], [ 127.147561343707082, 37.498817463964485 ], [ 127.147580549991133, 37.49882539603464 ], [ 127.147570126313028, 37.49882109314003 ] ], [ [ 127.148535966333796, 37.493357618036228 ], [ 127.148511691891699, 37.493358598777078 ], [ 127.148535932339669, 37.493357582038556 ], [ 127.148545941325921, 37.493357216679172 ], [ 127.148535966333796, 37.493357618036228 ] ], [ [ 127.149037588001249, 37.493296923160891 ], [ 127.148975547188712, 37.493339915194355 ], [ 127.149037542823066, 37.493296950247242 ], [ 127.149040336214114, 37.493295017501858 ], [ 127.149037588001249, 37.493296923160891 ] ], [ [ 127.148329370259191, 37.4992666867726 ], [ 127.148354262944764, 37.499290874665945 ], [ 127.148508797383386, 37.499441041060237 ], [ 127.148329370259191, 37.4992666867726 ] ], [ [ 127.148943559216477, 37.489940592863576 ], [ 127.148978490875066, 37.489948009547632 ], [ 127.148978490875066, 37.489948009547632 ], [ 127.148943559216477, 37.489940592863576 ] ], [ [ 127.148903949958452, 37.490217032900624 ], [ 127.14875559741607, 37.490159607960329 ], [ 127.148733553901081, 37.49015107593322 ], [ 127.148592314234136, 37.490099561491135 ], [ 127.148591718253854, 37.49009934356706 ], [ 127.14863929588671, 37.490116621989706 ], [ 127.148733655313606, 37.490150895606966 ], [ 127.148903949958452, 37.490217032900624 ] ], [ [ 127.148912934285619, 37.490220220241063 ], [ 127.148904941307364, 37.49021741825262 ], [ 127.148903949958452, 37.490217032900624 ], [ 127.148912934285619, 37.490220220241063 ] ], [ [ 127.148925867643953, 37.490224808213199 ], [ 127.148915932913297, 37.490221324729568 ], [ 127.14891436065929, 37.490221056391185 ], [ 127.148913500662673, 37.490220733104231 ], [ 127.148912934285619, 37.490220220241063 ], [ 127.148925867643953, 37.490224808213199 ] ], [ [ 127.149817583736606, 37.490650207443004 ], [ 127.149813731467574, 37.490652014277174 ], [ 127.149804607747043, 37.490656292682566 ], [ 127.149813731449797, 37.490652005267208 ], [ 127.149817041461191, 37.490650451393527 ], [ 127.149863810950279, 37.490628525423325 ], [ 127.149817583736606, 37.490650207443004 ] ], [ [ 127.149511781271386, 37.490762936507572 ], [ 127.149788002872398, 37.490627034823127 ], [ 127.149791606448744, 37.490625264341872 ], [ 127.149791742013122, 37.490625201101786 ], [ 127.14982741566169, 37.490607664964841 ], [ 127.149791617791792, 37.490625282347629 ], [ 127.149788014215432, 37.490627052828877 ], [ 127.14939517878031, 37.490820359040328 ], [ 127.149343903841356, 37.490845579109639 ], [ 127.149396545542942, 37.490819627520118 ], [ 127.149511781271386, 37.490762936507572 ] ], [ [ 127.149828365303023, 37.490607197612896 ], [ 127.149839160859045, 37.490559972292459 ], [ 127.149839160859045, 37.490559972292466 ], [ 127.149828365303051, 37.490607197612881 ], [ 127.149828365303023, 37.490607197612896 ] ], [ [ 127.149199966203881, 37.490332000211076 ], [ 127.149195962771969, 37.490320202121652 ], [ 127.149182178017199, 37.490279467143075 ], [ 127.149195974079348, 37.490320202107519 ], [ 127.149199966203881, 37.490332000211076 ] ], [ [ 127.149205152575448, 37.490347337749704 ], [ 127.149202582172677, 37.490339754546888 ], [ 127.149199966203881, 37.490332000211076 ], [ 127.149205152575448, 37.490347337749704 ] ], [ [ 127.149148862872011, 37.490156999871253 ], [ 127.149073820251004, 37.490124765751787 ], [ 127.148974796506963, 37.490124262707184 ], [ 127.149073820251033, 37.490124765751787 ], [ 127.149148862872011, 37.490156999871246 ], [ 127.149148862872011, 37.490156999871253 ] ], [ [ 127.148742491133973, 37.490136036124781 ], [ 127.148815759497481, 37.490140868336127 ], [ 127.148742491133973, 37.490136036124788 ], [ 127.148742491133973, 37.490136036124781 ] ], [ [ 127.148943984042162, 37.490231561125498 ], [ 127.148935395788627, 37.490228535473136 ], [ 127.148951655744995, 37.490234254551126 ], [ 127.148943984042162, 37.490231561125498 ] ], [ [ 127.149238408103969, 37.492454895803981 ], [ 127.14926269693386, 37.492443332643532 ], [ 127.14927704421639, 37.492436467107424 ], [ 127.149262764780062, 37.492443332558686 ], [ 127.149238408103969, 37.492454895803981 ] ], [ [ 127.148948144043274, 37.492528834836861 ], [ 127.148939555344597, 37.49251770832668 ], [ 127.148948144043274, 37.492528834836861 ], [ 127.148948144043274, 37.492528834836861 ] ], [ [ 127.149416350174576, 37.490581405507818 ], [ 127.149626084205778, 37.490478327211306 ], [ 127.149379112344789, 37.490603121153008 ], [ 127.149416350174576, 37.490581405507818 ] ], [ [ 127.149650653202926, 37.490493691016916 ], [ 127.149650653202926, 37.490493691016916 ], [ 127.149637177250753, 37.490480638245835 ], [ 127.149650653202926, 37.490493691016916 ] ], [ [ 127.149653352009352, 37.490500162800991 ], [ 127.149650886631875, 37.490494255335534 ], [ 127.149650809335313, 37.490494065425096 ], [ 127.149653352009352, 37.490500162800991 ] ], [ [ 127.149664475765505, 37.490506556446107 ], [ 127.149663064808834, 37.490505745829438 ], [ 127.149653352009352, 37.490500162800991 ], [ 127.149664475765505, 37.490506556446107 ] ], [ [ 127.149673056660475, 37.490721324449581 ], [ 127.149671864987184, 37.490721908077681 ], [ 127.149760421091855, 37.490677056882653 ], [ 127.149760462647222, 37.490677037354949 ], [ 127.149673056660475, 37.490721324449581 ] ], [ [ 127.149501043932332, 37.487897224313315 ], [ 127.149385891907798, 37.48803064152245 ], [ 127.149385883193588, 37.488030636774042 ], [ 127.149501005904014, 37.487897203480927 ], [ 127.149501043932332, 37.487897224313315 ] ], [ [ 127.149887722979273, 37.490987066137038 ], [ 127.14978893616032, 37.490858941895731 ], [ 127.149789684215406, 37.490859832946384 ], [ 127.149887722979273, 37.490987066137038 ] ], [ [ 127.149969224490803, 37.49094557184813 ], [ 127.15005852035307, 37.490900175386329 ], [ 127.149969608623778, 37.490945409185599 ], [ 127.149887722979273, 37.490987066137038 ], [ 127.149969224490803, 37.49094557184813 ] ], [ [ 127.150064846036685, 37.490896887795479 ], [ 127.150065580272241, 37.490896508452572 ], [ 127.15005852035307, 37.490900175386329 ], [ 127.150064846036685, 37.490896887795479 ] ], [ [ 127.149815494347678, 37.491091888987398 ], [ 127.149908286618, 37.49104184810453 ], [ 127.149817279042978, 37.491090931687964 ], [ 127.149727468661723, 37.491139364979603 ], [ 127.149815494347678, 37.491091888987398 ] ], [ [ 127.150188224910494, 37.488422110192744 ], [ 127.150275147056476, 37.488321284019825 ], [ 127.150275147056476, 37.488321284019825 ], [ 127.150188224910494, 37.488422110192744 ] ], [ [ 127.1500701646696, 37.488208993482992 ], [ 127.150021586790842, 37.488265275491365 ], [ 127.1500701646696, 37.488208993482992 ], [ 127.1500701646696, 37.488208993482992 ] ], [ [ 127.150424068876745, 37.492102107829567 ], [ 127.15045464335671, 37.492124152782154 ], [ 127.15045483585503, 37.492124287689371 ], [ 127.150454835868359, 37.492124294412484 ], [ 127.150424068876745, 37.492102107829567 ] ], [ [ 127.15064651749023, 37.49142819374196 ], [ 127.15064651749023, 37.49142819374196 ], [ 127.150613004810864, 37.49140037855453 ], [ 127.15064651749023, 37.49142819374196 ] ], [ [ 127.150485567182457, 37.491559115182071 ], [ 127.150439033361224, 37.491656257863909 ], [ 127.150486299132055, 37.491557582560375 ], [ 127.150534315568919, 37.491457348905705 ], [ 127.150485567182457, 37.491559115182071 ] ], [ [ 127.150524135603348, 37.491188215223403 ], [ 127.150476700463486, 37.491136945104387 ], [ 127.150405430991086, 37.491059915383389 ], [ 127.150476700463486, 37.491136945104387 ], [ 127.150476718251696, 37.491136936413241 ], [ 127.150524135603348, 37.491188215223403 ], [ 127.150524135603348, 37.491188215223403 ] ], [ [ 127.150196815206669, 37.490834438291436 ], [ 127.150194855951497, 37.490832320826634 ], [ 127.150145859971147, 37.490854808347656 ], [ 127.150145859971147, 37.490854808347656 ], [ 127.150194855951497, 37.490832320826634 ], [ 127.150196815206669, 37.490834438291436 ] ], [ [ 127.149967846405801, 37.490523464355995 ], [ 127.150000756819679, 37.490520674952421 ], [ 127.150093258702725, 37.490512837100155 ], [ 127.149967846405801, 37.490523464355995 ] ], [ [ 127.150047238413194, 37.490724620823059 ], [ 127.150048070479755, 37.490725719421555 ], [ 127.150047238413194, 37.490724620823059 ], [ 127.150044721562168, 37.490721290289152 ], [ 127.14993583919933, 37.490588259788979 ], [ 127.14993583919933, 37.490588259788979 ], [ 127.15004472156221, 37.490721290289152 ], [ 127.150047238413194, 37.490724620823059 ] ], [ [ 127.149951166730162, 37.490566075110301 ], [ 127.149959411440264, 37.490575084202938 ], [ 127.149959411440264, 37.490575084202952 ], [ 127.149951166730162, 37.490566075110301 ] ], [ [ 127.15028360628817, 37.490928243388637 ], [ 127.150350293961765, 37.491000323691459 ], [ 127.150355388431024, 37.491005828458668 ], [ 127.150350293961765, 37.491000323691487 ], [ 127.15028360628817, 37.490928243388637 ] ], [ [ 127.150352091248408, 37.491837782277578 ], [ 127.15027027996031, 37.492008552586285 ], [ 127.150352338925146, 37.491837232356026 ], [ 127.150406354762254, 37.491724478653389 ], [ 127.150352091248408, 37.491837782277578 ] ], [ [ 127.150741787935488, 37.490599640351078 ], [ 127.150570418223367, 37.490505766922233 ], [ 127.150468658316171, 37.490450025014788 ], [ 127.150594698991071, 37.490519017020119 ], [ 127.150741787935488, 37.490599640351078 ] ], [ [ 127.150491938669461, 37.491203086274432 ], [ 127.150639191486761, 37.491371944661132 ], [ 127.150491938669461, 37.491203086274439 ], [ 127.150491938669461, 37.491203086274432 ] ], [ [ 127.150766918053776, 37.491571822806996 ], [ 127.150776121876731, 37.491528141531681 ], [ 127.150778302402045, 37.491481755332778 ], [ 127.150772986347718, 37.491435540783876 ], [ 127.15076025436808, 37.491390245611569 ], [ 127.150747352816779, 37.491362015578957 ], [ 127.150740322824731, 37.491346626379581 ], [ 127.150734140026884, 37.491337118243727 ], [ 127.150740322824731, 37.491346626379581 ], [ 127.150747352816822, 37.491362015578964 ], [ 127.150760254368095, 37.491390245611562 ], [ 127.150772986347746, 37.491435540783876 ], [ 127.150778302402074, 37.491481755332785 ], [ 127.15077612187676, 37.491528141531695 ], [ 127.150766918053776, 37.491571822806996 ] ], [ [ 127.150767551814383, 37.491572667111207 ], [ 127.150753944653928, 37.491611863370892 ], [ 127.15075098393018, 37.491614515950076 ], [ 127.150750987323164, 37.491614507034242 ], [ 127.150750710347651, 37.491614759188131 ], [ 127.15075098732315, 37.491614507034242 ], [ 127.150766477120897, 37.491573915469957 ], [ 127.150766477120897, 37.491573915469957 ], [ 127.150767551814383, 37.491572667111207 ] ], [ [ 127.150739962526885, 37.491624395324507 ], [ 127.150696096345015, 37.491663716855321 ], [ 127.150696096344987, 37.491663716855321 ], [ 127.150739962526885, 37.491624395324507 ] ], [ [ 127.150723400593321, 37.491673269009155 ], [ 127.150723400593591, 37.491673269009247 ], [ 127.150723400593321, 37.491673269009155 ], [ 127.150723381193103, 37.491673261310638 ], [ 127.150723400593321, 37.491673269009155 ] ], [ [ 127.150856306897907, 37.49173622678348 ], [ 127.150856973617849, 37.491694120561689 ], [ 127.15080635050704, 37.491660559245339 ], [ 127.15077400841291, 37.491670664926076 ], [ 127.15080635050704, 37.491660559245325 ], [ 127.150856973617863, 37.491694120561704 ], [ 127.150856306897907, 37.49173622678348 ] ], [ [ 127.15064082515579, 37.49137381802381 ], [ 127.15064082515579, 37.49137381802381 ], [ 127.150648197503642, 37.491370466373674 ], [ 127.15064082515579, 37.49137381802381 ] ], [ [ 127.150739152192898, 37.491326580622989 ], [ 127.150730645924725, 37.491330762992973 ], [ 127.15073966052968, 37.491326327701159 ], [ 127.150739152192898, 37.491326580622989 ] ], [ [ 127.150842950635536, 37.491505892504357 ], [ 127.150784769084439, 37.491552667606982 ], [ 127.150784787017926, 37.491552646775517 ], [ 127.150842950635536, 37.491505892504357 ] ], [ [ 127.150591146385764, 37.491951844725904 ], [ 127.1505793165353, 37.491973573733247 ], [ 127.150576903722524, 37.491977108694357 ], [ 127.150574098007269, 37.491982085749861 ], [ 127.150591167409686, 37.491951806101994 ], [ 127.150591146385764, 37.491951844725904 ] ], [ [ 127.150649409987437, 37.491830037189104 ], [ 127.150651369320315, 37.49181790918194 ], [ 127.150649409987437, 37.491830037189111 ], [ 127.15064929832657, 37.49183074911938 ], [ 127.150649298326542, 37.491830749119451 ], [ 127.150649409987437, 37.491830037189104 ] ], [ [ 127.150665669675092, 37.491795571462646 ], [ 127.150666267383272, 37.491794768818771 ], [ 127.150689997842221, 37.49174448897179 ], [ 127.150666269936053, 37.491794769802524 ], [ 127.150665669675092, 37.491795571462646 ] ], [ [ 127.150666267854774, 37.49179477421287 ], [ 127.150666267854774, 37.491794774212885 ], [ 127.150665669675092, 37.491795571462646 ], [ 127.150652034976446, 37.491813788859091 ], [ 127.150652034976446, 37.491813788859083 ], [ 127.150665669675092, 37.491795571462646 ], [ 127.150666267854774, 37.49179477421287 ] ], [ [ 127.150562201333017, 37.491998643104104 ], [ 127.150550041230588, 37.492013515920839 ], [ 127.150544582479654, 37.492020640700311 ], [ 127.150568565537412, 37.491989312597028 ], [ 127.150562201333017, 37.491998643104104 ] ], [ [ 127.148880917028848, 37.497641923695006 ], [ 127.148847196110921, 37.497607917022712 ], [ 127.148813497875906, 37.497573928332251 ], [ 127.148880917028848, 37.497641923695006 ] ], [ [ 127.148961686179476, 37.500784342252118 ], [ 127.148960515310023, 37.500787019677183 ], [ 127.14898690146488, 37.500724935017473 ], [ 127.148961686179476, 37.500784342252118 ] ], [ [ 127.150209574677248, 37.496335108593762 ], [ 127.150304359607034, 37.496266044851268 ], [ 127.150317898684136, 37.496256179885265 ], [ 127.150209574677248, 37.496335108593762 ] ], [ [ 127.148917440765487, 37.496576078039624 ], [ 127.148845491574846, 37.496515710781502 ], [ 127.14879781622443, 37.496475702818493 ], [ 127.148917440765487, 37.496576078039624 ] ], [ [ 127.14954135372632, 37.49771507002572 ], [ 127.149513552538139, 37.497689687691526 ], [ 127.149483938723151, 37.497662640773896 ], [ 127.149425017054739, 37.497608834852407 ], [ 127.14954135372632, 37.49771507002572 ] ], [ [ 127.14960433208951, 37.497904687293641 ], [ 127.149539141196641, 37.497860304722288 ], [ 127.149575909112556, 37.497885171253607 ], [ 127.149604320176124, 37.497904380969132 ], [ 127.149624102631932, 37.497917763026024 ], [ 127.14960433208951, 37.497904687293641 ] ], [ [ 127.149511796829302, 37.497837219361777 ], [ 127.149512034102216, 37.497837419791765 ], [ 127.149451594649705, 37.497787884011188 ], [ 127.149482143144311, 37.497812920539346 ], [ 127.149511796829302, 37.497837219361777 ] ], [ [ 127.149030263861377, 37.502072097846693 ], [ 127.149137866047099, 37.502253586553017 ], [ 127.14899144643104, 37.502006634766737 ], [ 127.149030263861377, 37.502072097846693 ] ], [ [ 127.149131299156664, 37.502238259778245 ], [ 127.149123777882551, 37.502220690711312 ], [ 127.149137866047099, 37.502253586553017 ], [ 127.149131299156664, 37.502238259778245 ] ], [ [ 127.149233984574437, 37.502179782817457 ], [ 127.149198793609955, 37.502192909300625 ], [ 127.149191262121704, 37.502195697813534 ], [ 127.149233973265282, 37.502179782831597 ], [ 127.149287843146126, 37.502147486774369 ], [ 127.149288758122495, 37.502146945031264 ], [ 127.149233984574437, 37.502179782817457 ] ], [ [ 127.14933222581891, 37.502127293952285 ], [ 127.149347752530218, 37.50208099928264 ], [ 127.149350931256976, 37.502071543604906 ], [ 127.149332214580781, 37.502127330006267 ], [ 127.149288758122495, 37.502146945031264 ], [ 127.14933222581891, 37.502127293952285 ] ], [ [ 127.149335714287005, 37.502040087994502 ], [ 127.149354003734018, 37.50206238585762 ], [ 127.149353999454618, 37.502062398612701 ], [ 127.149335714287005, 37.502040087994502 ] ], [ [ 127.149307501066104, 37.501988120741082 ], [ 127.14930750429474, 37.501988118682021 ], [ 127.149317035311185, 37.50200852539087 ], [ 127.149307501066104, 37.501988120741082 ] ], [ [ 127.149346513857452, 37.501963240432701 ], [ 127.149355493352957, 37.50195751687054 ], [ 127.149343241788614, 37.501965327187399 ], [ 127.149346513857452, 37.501963240432701 ] ], [ [ 127.14942085847062, 37.50185339684726 ], [ 127.149410267309278, 37.501838985132835 ], [ 127.149420881142163, 37.501853423848793 ], [ 127.149355493352957, 37.50195751687054 ], [ 127.14942085847062, 37.50185339684726 ] ], [ [ 127.149408594289497, 37.501839356636289 ], [ 127.149145172320758, 37.501897710362336 ], [ 127.148994464439198, 37.501931100360721 ], [ 127.14898542483985, 37.501933098971129 ], [ 127.149479991589786, 37.501823535815284 ], [ 127.149436481743621, 37.501833176917437 ], [ 127.149410267309278, 37.501838985132835 ], [ 127.149408594289497, 37.501839356636289 ] ], [ [ 127.149663341751847, 37.502502252835733 ], [ 127.149522565974365, 37.502525260332703 ], [ 127.149522565974365, 37.502525260332703 ], [ 127.149663341751847, 37.502502252835733 ] ], [ [ 127.149724408674132, 37.502271881243082 ], [ 127.149744738075483, 37.50219520786586 ], [ 127.149663341751847, 37.502502252835733 ], [ 127.149724408674132, 37.502271881243082 ] ], [ [ 127.149716804071019, 37.502177889696227 ], [ 127.149536541163215, 37.502066130690082 ], [ 127.149744738075483, 37.50219520786586 ], [ 127.149716804071019, 37.502177889696227 ] ], [ [ 127.149630805426924, 37.501781026967343 ], [ 127.149664353799437, 37.501778083689096 ], [ 127.149698840664456, 37.501775058134363 ], [ 127.14953884427932, 37.501789134076368 ], [ 127.149630805426924, 37.501781026967343 ] ], [ [ 127.149645650667267, 37.501786839881817 ], [ 127.149541100791694, 37.501843731711695 ], [ 127.149645650667267, 37.501786839881817 ], [ 127.149645650667267, 37.501786839881817 ] ], [ [ 127.149680071714215, 37.502349539785037 ], [ 127.149491182629234, 37.502318350137607 ], [ 127.149491182629234, 37.502318350137607 ], [ 127.149680071714215, 37.502349539785037 ] ], [ [ 127.149093909518115, 37.502317981714839 ], [ 127.149087500266447, 37.502382753432613 ], [ 127.149091181613315, 37.502345501590995 ], [ 127.149093909518115, 37.502317981714839 ] ], [ [ 127.149095266546851, 37.502409881780359 ], [ 127.149093831746484, 37.502404883035766 ], [ 127.149087500266447, 37.502382753432613 ], [ 127.149095266546851, 37.502409881780359 ] ], [ [ 127.149093274161885, 37.502460601426606 ], [ 127.149094458734368, 37.502430398505901 ], [ 127.149095266546851, 37.502409881780359 ], [ 127.149093274161885, 37.502460601426606 ] ], [ [ 127.151882409686607, 37.493304680307141 ], [ 127.15174341960676, 37.49324548136903 ], [ 127.151882409686607, 37.493304680307141 ], [ 127.151882409686607, 37.493304680307141 ] ], [ [ 127.149957684101224, 37.503014785243472 ], [ 127.150293453465991, 37.50332758298628 ], [ 127.150293453465991, 37.50332758298628 ], [ 127.149957684101224, 37.503014785243472 ] ], [ [ 127.153875313014581, 37.496993332026904 ], [ 127.153875313015007, 37.496993332026825 ], [ 127.153887910733772, 37.497049319555614 ], [ 127.153901136769022, 37.49710817373353 ], [ 127.153905094094668, 37.497125825661726 ], [ 127.153905094091726, 37.497125825677522 ], [ 127.153887899425371, 37.497049319570195 ], [ 127.153875313014581, 37.496993332026904 ] ], [ [ 127.153762340289759, 37.494051291295229 ], [ 127.153892416914488, 37.494101939941366 ], [ 127.153891873748918, 37.494101751432133 ], [ 127.153762340289759, 37.494051291295229 ] ], [ [ 127.153843467614109, 37.493947463733214 ], [ 127.153839134522144, 37.493951974314307 ], [ 127.153875367694212, 37.493914238810618 ], [ 127.153843467614109, 37.493947463733214 ] ], [ [ 127.153793318481902, 37.493831290511039 ], [ 127.153837411356662, 37.493788346124063 ], [ 127.153772530387883, 37.493851544728116 ], [ 127.153793318481902, 37.493831290511039 ] ], [ [ 127.153781783988705, 37.493825520963981 ], [ 127.153941351572655, 37.493670397453428 ], [ 127.153781840418489, 37.493825466831325 ], [ 127.153771423765477, 37.493835598473453 ], [ 127.153781783988705, 37.493825520963981 ] ], [ [ 127.153819933303922, 37.492236532958053 ], [ 127.153676060060107, 37.492311861664646 ], [ 127.153819929856681, 37.492236529088579 ], [ 127.153819933303922, 37.492236532958053 ] ], [ [ 127.153743196264216, 37.492150380697247 ], [ 127.153774752469999, 37.492185806709593 ], [ 127.153743024757304, 37.492150514574099 ], [ 127.153743196264216, 37.492150380697247 ] ], [ [ 127.153993734261491, 37.491964819713637 ], [ 127.154097745626927, 37.491894326408023 ], [ 127.154277745908587, 37.49176366516626 ], [ 127.154387399074594, 37.491682000928428 ], [ 127.154451159947214, 37.491630750665344 ], [ 127.154639465680006, 37.491453631604458 ], [ 127.154734860229254, 37.4913890954954 ], [ 127.154835453037251, 37.491312001643124 ], [ 127.155036525445922, 37.491147001834548 ], [ 127.155126083752137, 37.49103788253349 ], [ 127.155166575086952, 37.490973754825049 ], [ 127.155126558112755, 37.49103761161696 ], [ 127.155036999807535, 37.491146730918381 ], [ 127.154835916111537, 37.491311739752433 ], [ 127.154735323304351, 37.491388833605079 ], [ 127.154639928755856, 37.491453369714527 ], [ 127.154451623024812, 37.491630488776146 ], [ 127.154387862152731, 37.491681739039493 ], [ 127.154278208987634, 37.49176340327773 ], [ 127.154098208725685, 37.491894073530169 ], [ 127.153994197361101, 37.491964566836216 ], [ 127.153830407893935, 37.492082412556613 ], [ 127.153819705650804, 37.492090658042265 ], [ 127.15382994479306, 37.492082665433401 ], [ 127.153993734261491, 37.491964819713637 ] ], [ [ 127.154579376034889, 37.491303413775448 ], [ 127.15458343659823, 37.491300154296702 ], [ 127.15431736486066, 37.491545725286961 ], [ 127.154579376034889, 37.491303413775448 ] ], [ [ 127.154070348647053, 37.491333453711093 ], [ 127.154041672928557, 37.491349175933166 ], [ 127.154041668292805, 37.491349172628183 ], [ 127.154070348647053, 37.491333453711093 ] ], [ [ 127.154340127114324, 37.491112837765897 ], [ 127.154334622035776, 37.491119214951645 ], [ 127.154407188904514, 37.491035098821371 ], [ 127.154340127114324, 37.491112837765897 ] ], [ [ 127.153702499542888, 37.502321748435563 ], [ 127.153293406264737, 37.501978354913568 ], [ 127.153339762121206, 37.50201726349831 ], [ 127.153702499542888, 37.502321748435563 ] ], [ [ 127.153441243792955, 37.501879956141714 ], [ 127.153581743028781, 37.502011050738275 ], [ 127.153440620678111, 37.501879407334435 ], [ 127.153418922675328, 37.501859171797804 ], [ 127.153441243792955, 37.501879956141714 ] ], [ [ 127.151523846369486, 37.502913886064576 ], [ 127.152242025579994, 37.502708716183463 ], [ 127.151774089718756, 37.502842398622008 ], [ 127.151523846369486, 37.502913886064583 ], [ 127.151523846369486, 37.502913886064576 ] ], [ [ 127.15152171265423, 37.502911022230357 ], [ 127.151506597309648, 37.502890734679418 ], [ 127.151511654814783, 37.502897512769707 ], [ 127.15152171265423, 37.502911022230357 ] ], [ [ 127.151504378443363, 37.502765228536724 ], [ 127.15150641866822, 37.502880580663849 ], [ 127.151506597309648, 37.502890734679418 ], [ 127.151504378443363, 37.502765228536724 ] ], [ [ 127.151458979901307, 37.502622288840456 ], [ 127.151472272793114, 37.502664132315992 ], [ 127.151504378443363, 37.502765228536724 ], [ 127.151458979901307, 37.502622288840456 ] ], [ [ 127.152481244418496, 37.502621215283625 ], [ 127.152481244418496, 37.502621215283625 ], [ 127.151511654814783, 37.502897512769707 ], [ 127.152481244418496, 37.502621215283625 ] ], [ [ 127.151969685682886, 37.502482570560147 ], [ 127.151902587809957, 37.50227895266687 ], [ 127.151902587809957, 37.50227895266687 ], [ 127.151969685682886, 37.502482570560147 ] ], [ [ 127.151966285829801, 37.502270489059633 ], [ 127.152176424444392, 37.502260382365051 ], [ 127.152051209751136, 37.502266407478125 ], [ 127.151966285829801, 37.502270489059633 ] ], [ [ 127.152149323674337, 37.500974755727079 ], [ 127.152148600320587, 37.500973946164457 ], [ 127.152149386338778, 37.500974572226731 ], [ 127.152149323674337, 37.500974755727079 ] ], [ [ 127.1529882066217, 37.492751287240104 ], [ 127.152988206606736, 37.492751279819075 ], [ 127.152988217914469, 37.492751279804594 ], [ 127.1529882066217, 37.492751287240104 ] ], [ [ 127.153188238472922, 37.492554290044865 ], [ 127.152931328464518, 37.492751244606112 ], [ 127.152704323520354, 37.492896361902716 ], [ 127.152931317156785, 37.492751244620585 ], [ 127.153188238472922, 37.492554290044865 ] ], [ [ 127.15100323455431, 37.499045796741072 ], [ 127.151065253621411, 37.499109211589584 ], [ 127.151127476781667, 37.499172842385903 ], [ 127.15100323455431, 37.499045796741072 ] ], [ [ 127.151177203112567, 37.499039668305116 ], [ 127.151177203112567, 37.499039668305116 ], [ 127.151065253621411, 37.499109211589584 ], [ 127.151177203112567, 37.499039668305116 ] ], [ [ 127.151172901526195, 37.495992413786503 ], [ 127.151326314266257, 37.496113773076779 ], [ 127.151335137356313, 37.496120753637648 ], [ 127.151172901526195, 37.495992413786503 ] ], [ [ 127.151369056661224, 37.496117989604095 ], [ 127.151338981548406, 37.496120442423248 ], [ 127.151335137356313, 37.496120753637648 ], [ 127.151369056661224, 37.496117989604095 ] ], [ [ 127.151263244882159, 37.499889792756065 ], [ 127.151263893452835, 37.499886115862061 ], [ 127.151265134805584, 37.499879140563998 ], [ 127.151263244882159, 37.499889792756065 ] ], [ [ 127.151558007748577, 37.500561319973748 ], [ 127.15152881382356, 37.500575511724513 ], [ 127.151528762026231, 37.500575459374112 ], [ 127.151558007748577, 37.500561319973748 ] ], [ [ 127.151534826295503, 37.500353101763068 ], [ 127.151515296345977, 37.500325105525334 ], [ 127.151494370788186, 37.500294795491236 ], [ 127.151669031903211, 37.500546492651296 ], [ 127.151534826295503, 37.500353101763068 ] ], [ [ 127.150741434053231, 37.503408434757731 ], [ 127.150937783222986, 37.503582259284755 ], [ 127.150669368211496, 37.503344636034548 ], [ 127.150741434053231, 37.503408434757731 ] ], [ [ 127.151141587861915, 37.503461084792555 ], [ 127.15097243939546, 37.503561654684148 ], [ 127.150937783222986, 37.503582259284755 ], [ 127.151141587861915, 37.503461084792555 ] ], [ [ 127.151406340274946, 37.503303671958342 ], [ 127.151114953410911, 37.503150006772522 ], [ 127.151072702526307, 37.503127724539411 ], [ 127.151406340274946, 37.503303671958342 ] ], [ [ 127.151006389004849, 37.502046449171083 ], [ 127.150971144646817, 37.502123384905204 ], [ 127.151037939939926, 37.501977564009579 ], [ 127.151006389004849, 37.502046449171083 ] ], [ [ 127.150972552385085, 37.503964644003091 ], [ 127.150877638805738, 37.504047295056125 ], [ 127.150972552385085, 37.503964644003091 ], [ 127.150972552385085, 37.503964644003091 ] ], [ [ 127.150738717691553, 37.503725607312049 ], [ 127.150706688921247, 37.503742415326492 ], [ 127.150706700212694, 37.503742406302258 ], [ 127.150738717691553, 37.503725607312049 ] ], [ [ 127.150973555582453, 37.503917376064763 ], [ 127.150937488656197, 37.503939532164516 ], [ 127.150878672282559, 37.503975655447597 ], [ 127.150973555582453, 37.503917376064763 ] ], [ [ 127.151236449279239, 37.50211333621975 ], [ 127.151274171350295, 37.502076680871994 ], [ 127.151210432103213, 37.502138624153901 ], [ 127.151236449279239, 37.50211333621975 ] ], [ [ 127.151637916478577, 37.500143146407311 ], [ 127.151739070554257, 37.500056531031412 ], [ 127.151775422917183, 37.500025490470961 ], [ 127.151515425032301, 37.500248097067335 ], [ 127.151637916478577, 37.500143146407311 ] ], [ [ 127.151754183303808, 37.50065979162288 ], [ 127.151741967246053, 37.500650086767976 ], [ 127.151687359602292, 37.500606565915902 ], [ 127.151754183303808, 37.50065979162288 ] ], [ [ 127.152093653418532, 37.500930181001848 ], [ 127.152093653418532, 37.500930181001848 ], [ 127.151999954860827, 37.501008932218085 ], [ 127.152093653418532, 37.500930181001848 ] ], [ [ 127.151810585314593, 37.50070471626637 ], [ 127.151739231880455, 37.500769337315752 ], [ 127.151810585314593, 37.50070471626637 ], [ 127.151810585314593, 37.50070471626637 ] ], [ [ 127.151955323673675, 37.500820004761543 ], [ 127.151951818632341, 37.500817209354061 ], [ 127.152057405460738, 37.500901309490864 ], [ 127.152025948143603, 37.500876281233161 ], [ 127.151955323673675, 37.500820004761543 ] ], [ [ 127.152651547713148, 37.492440604967562 ], [ 127.152691558685731, 37.492403441624162 ], [ 127.15280702580678, 37.492298922081638 ], [ 127.152651547713148, 37.492440604967562 ] ], [ [ 127.152934409149282, 37.491934391146962 ], [ 127.153059377035717, 37.49186834703319 ], [ 127.152981915465304, 37.491909286154417 ], [ 127.152934409149282, 37.491934391146962 ] ], [ [ 127.153241507704792, 37.491772089942003 ], [ 127.15317467374831, 37.491735478723079 ], [ 127.153241527602802, 37.491772079426156 ], [ 127.153241507704792, 37.491772089942003 ] ], [ [ 127.153071006154732, 37.491678723333159 ], [ 127.153071017060071, 37.491678729303558 ], [ 127.153070448173565, 37.491732756973896 ], [ 127.153070437112291, 37.491732765816039 ], [ 127.153071006154732, 37.491678723333159 ] ], [ [ 127.151587486292016, 37.490917740855579 ], [ 127.151652211870385, 37.490901539746162 ], [ 127.151456243083871, 37.490794199277104 ], [ 127.151456207970426, 37.490794110211617 ], [ 127.151652268389654, 37.49090153066436 ], [ 127.151587508906957, 37.490917740826887 ], [ 127.151563256187657, 37.490969090817124 ], [ 127.151587486292016, 37.490917740855579 ] ], [ [ 127.151396978247476, 37.491014236443995 ], [ 127.151399049731907, 37.491009856525203 ], [ 127.151282382495069, 37.491257114246601 ], [ 127.151396978247476, 37.491014236443995 ] ], [ [ 127.151216672757627, 37.491703608166233 ], [ 127.151242258931376, 37.491649384858995 ], [ 127.151312025565204, 37.491501523532698 ], [ 127.15141033572219, 37.491293177907856 ], [ 127.151453643449258, 37.491201391938993 ], [ 127.151410392187771, 37.491293141796241 ], [ 127.151362988209883, 37.491393663351687 ], [ 127.151312093338547, 37.491501487406801 ], [ 127.151242281636442, 37.491649429880184 ], [ 127.151216672757627, 37.491703608166233 ] ], [ [ 127.151777096161254, 37.492355859099398 ], [ 127.151730716937664, 37.492340047487588 ], [ 127.151676863822999, 37.49231454558781 ], [ 127.150966926531254, 37.491925664494765 ], [ 127.151676875130647, 37.492314545573436 ], [ 127.151730716937664, 37.492340047487566 ], [ 127.151777096161254, 37.492355859099398 ] ], [ [ 127.151525747681589, 37.492665109089252 ], [ 127.151494345548272, 37.492681826449136 ], [ 127.15148947142994, 37.492684420265093 ], [ 127.151494345548244, 37.492681826449122 ], [ 127.151525747681589, 37.492665109089245 ], [ 127.151525747719219, 37.492665109075162 ], [ 127.151525747681589, 37.492665109089252 ] ], [ [ 127.151715790208854, 37.492610834727792 ], [ 127.151715790208854, 37.492610834727799 ], [ 127.151688443351958, 37.492612902342692 ], [ 127.151715790208854, 37.492610834727792 ] ], [ [ 127.151725007381316, 37.492645394346148 ], [ 127.151729519088221, 37.492662291353554 ], [ 127.151722685468769, 37.492637837916547 ], [ 127.151723015737872, 37.492639008794484 ], [ 127.151852214211658, 37.492563728178339 ], [ 127.151723298358775, 37.49263897239522 ], [ 127.151725007381316, 37.492645394346148 ] ], [ [ 127.151769037424955, 37.492711967244546 ], [ 127.151799159096882, 37.492750374565922 ], [ 127.151830833968958, 37.492790780121275 ], [ 127.151837443302696, 37.492799214073855 ], [ 127.15183078871992, 37.492790771168835 ], [ 127.151828215307887, 37.492787503816125 ], [ 127.151729519088221, 37.492662291353554 ], [ 127.151769037424955, 37.492711967244546 ] ], [ [ 127.151915152077052, 37.492542487968237 ], [ 127.151952898036797, 37.492529749477967 ], [ 127.151976930855056, 37.49251900995516 ], [ 127.151952898036797, 37.492529749477974 ], [ 127.151915152077052, 37.492542487968237 ] ], [ [ 127.151923096227321, 37.492380167502063 ], [ 127.152039460274992, 37.492491067454878 ], [ 127.152039460274992, 37.492491067454878 ], [ 127.151923096227321, 37.49238016750207 ], [ 127.15191065759555, 37.492380084226426 ], [ 127.151973291827034, 37.492380500030521 ], [ 127.151923096227321, 37.492380167502063 ] ], [ [ 127.151877695570946, 37.492376377056843 ], [ 127.151848632105285, 37.49237310834036 ], [ 127.15183824808534, 37.492370796935113 ], [ 127.151848632105285, 37.49237310834036 ], [ 127.151877695570946, 37.492376377056843 ] ], [ [ 127.151413679774748, 37.492706345895108 ], [ 127.151445691840834, 37.492711900480849 ], [ 127.151413679774748, 37.492706345895108 ], [ 127.151413679774748, 37.492706345895108 ] ], [ [ 127.15251650077299, 37.492025507122399 ], [ 127.152532608374941, 37.492017000652957 ], [ 127.152480226527942, 37.492044682498204 ], [ 127.15251650077299, 37.492025507122399 ] ], [ [ 127.152213135897242, 37.492185834126609 ], [ 127.152215358315061, 37.49218464767187 ], [ 127.152292636630904, 37.492143819124607 ], [ 127.152215347043608, 37.492184665706233 ], [ 127.152213135897242, 37.492185834126609 ] ], [ [ 127.152136012011511, 37.492226588105162 ], [ 127.152133408055334, 37.492227964091924 ], [ 127.152104551632959, 37.49224087042608 ], [ 127.152136012011511, 37.492226588105162 ] ], [ [ 127.15209392527278, 37.492245623172963 ], [ 127.152089528386895, 37.492247589724109 ], [ 127.152068084188031, 37.492254077254827 ], [ 127.15209392527278, 37.492245623172963 ] ], [ [ 127.152049159747008, 37.49225980247698 ], [ 127.152042483026605, 37.492261822388166 ], [ 127.152022893120375, 37.492265221557702 ], [ 127.152049159747008, 37.49225980247698 ] ], [ [ 127.151993311673536, 37.492270354416412 ], [ 127.151995244615705, 37.492270018584847 ], [ 127.151995256592201, 37.492269351633411 ], [ 127.152004228462772, 37.492268460178138 ], [ 127.151993311673536, 37.492270354416412 ] ], [ [ 127.15175373605301, 37.492225447163698 ], [ 127.151749116240723, 37.492222916569695 ], [ 127.15176427299491, 37.492230182030205 ], [ 127.15176417227373, 37.492230298350137 ], [ 127.15175373605301, 37.492225447163698 ] ], [ [ 127.151965294287379, 37.492807484690111 ], [ 127.151954660210663, 37.49282202233632 ], [ 127.151926603403851, 37.492860395568975 ], [ 127.151938950578398, 37.492843017597167 ], [ 127.151950453225709, 37.49282741566757 ], [ 127.151954467888544, 37.492821977531257 ], [ 127.151967210153131, 37.492804693315414 ], [ 127.151965294287379, 37.492807484690111 ] ], [ [ 127.152363972437911, 37.492915656134556 ], [ 127.152363975238231, 37.49291565484922 ], [ 127.152377299824522, 37.492917647063997 ], [ 127.152363972437911, 37.492915656134556 ] ], [ [ 127.15266345456854, 37.496413490043309 ], [ 127.15272065688049, 37.496354185204382 ], [ 127.152664752316454, 37.496412145895221 ], [ 127.15266345456854, 37.496413490043309 ] ], [ [ 127.153000876992422, 37.499959747413428 ], [ 127.153184536867428, 37.499905848334606 ], [ 127.153090039665628, 37.499933585200125 ], [ 127.153000876992422, 37.499959747413428 ] ], [ [ 127.152883166153046, 37.50005089007405 ], [ 127.152883753685288, 37.500050628031843 ], [ 127.152873031307976, 37.500055453098575 ], [ 127.152883166153046, 37.50005089007405 ] ], [ [ 127.152552847560614, 37.502123815033244 ], [ 127.152865253433021, 37.502242004527503 ], [ 127.152894113933044, 37.502252923681446 ], [ 127.152552847560614, 37.502123815033244 ] ], [ [ 127.153287708762164, 37.502050777819704 ], [ 127.153184446842332, 37.501963718485968 ], [ 127.153120984834018, 37.501910244640605 ], [ 127.153206401404631, 37.501982214810418 ], [ 127.153287708762164, 37.502050777819704 ] ], [ [ 127.153494723072797, 37.502225979304434 ], [ 127.1534947235034, 37.502225979670307 ], [ 127.153494713585332, 37.502225987597512 ], [ 127.15306677377518, 37.502399537897247 ], [ 127.153494723072797, 37.502225979304434 ] ], [ [ 127.153396108604866, 37.502142186476561 ], [ 127.153494001972106, 37.502225366585314 ], [ 127.153303712765364, 37.502064273288084 ], [ 127.153396108604866, 37.502142186476561 ] ], [ [ 127.15404007813575, 37.491350044149343 ], [ 127.153627263289778, 37.491568221732209 ], [ 127.153619389049794, 37.491572383217921 ], [ 127.15404007813575, 37.491350044149343 ] ], [ [ 127.15352414780719, 37.494095170299872 ], [ 127.153516902862265, 37.494102459691952 ], [ 127.15351824576851, 37.494101106465919 ], [ 127.153524136517547, 37.494095179324404 ], [ 127.153515934535093, 37.494092238548674 ], [ 127.15352414780719, 37.494095170299872 ] ], [ [ 127.153475987280942, 37.493453342597412 ], [ 127.153481762291946, 37.493423800422981 ], [ 127.153474599528266, 37.493460462274236 ], [ 127.153475987280942, 37.493453342597412 ] ], [ [ 127.153361019640315, 37.492581692745226 ], [ 127.153370827913037, 37.492578310402521 ], [ 127.153309062914914, 37.492599617311114 ], [ 127.153361019640315, 37.492581692745226 ] ], [ [ 127.152852955402452, 37.493631711166664 ], [ 127.15287474735851, 37.493615708539508 ], [ 127.152848156664803, 37.493635240219248 ], [ 127.152852955402452, 37.493631711166664 ] ], [ [ 127.152961552055885, 37.493551112806443 ], [ 127.152964611901282, 37.493548838366792 ], [ 127.15287474735851, 37.493615708539508 ], [ 127.152961552055885, 37.493551112806443 ] ], [ [ 127.152866526923347, 37.496524350217051 ], [ 127.152902153521453, 37.496543802179517 ], [ 127.152803865294061, 37.49649014412379 ], [ 127.152866526923347, 37.496524350217051 ] ], [ [ 127.153530379139283, 37.497811330976781 ], [ 127.153521374221555, 37.497798530367106 ], [ 127.153516497487772, 37.497791589944534 ], [ 127.153530379139283, 37.497811330976781 ] ], [ [ 127.153629549698351, 37.490355262522201 ], [ 127.153629524282508, 37.490355248595442 ], [ 127.153744662803376, 37.490221797274302 ], [ 127.153825180164318, 37.490265900501484 ], [ 127.15374469681683, 37.49022184228042 ], [ 127.153629549698351, 37.490355262522201 ] ], [ [ 127.15265415721143, 37.489296411113628 ], [ 127.152788514171249, 37.489326557807452 ], [ 127.152893459068252, 37.489350110677698 ], [ 127.15265415721143, 37.489296411113628 ] ], [ [ 127.152467266447033, 37.489081022325884 ], [ 127.152467266447033, 37.489081022325884 ], [ 127.152333991067493, 37.489008842722662 ], [ 127.152467266447033, 37.489081022325884 ] ], [ [ 127.153457915614169, 37.487479018779695 ], [ 127.152783921773647, 37.48826025757208 ], [ 127.152874546219479, 37.488236904729305 ], [ 127.152913745166344, 37.488224348630553 ], [ 127.153412721258647, 37.488064470461886 ], [ 127.153412719926251, 37.488064564613794 ], [ 127.152913632350348, 37.488224474915064 ], [ 127.152874331712582, 37.488237067184059 ], [ 127.152783800701854, 37.488260392099406 ], [ 127.153457915614169, 37.487479018779695 ] ], [ [ 127.152225035078459, 37.489236334409021 ], [ 127.152225209374876, 37.489236429882055 ], [ 127.152136259087101, 37.489249562753955 ], [ 127.152082952291224, 37.489311350337871 ], [ 127.152082933752837, 37.489311340185814 ], [ 127.152121402019944, 37.489266781775832 ], [ 127.152136405700944, 37.48924937335714 ], [ 127.152225035078459, 37.489236334409021 ] ], [ [ 127.151989266956576, 37.489106877507297 ], [ 127.151982193808422, 37.489100922923505 ], [ 127.151989266956576, 37.489106877507297 ], [ 127.151989266956576, 37.489106877507297 ] ], [ [ 127.152417991000988, 37.489075661724648 ], [ 127.15238636884628, 37.489077711336876 ], [ 127.152261044669146, 37.489085818115498 ], [ 127.152417991000988, 37.489075661724648 ] ], [ [ 127.151996479343538, 37.489172935207279 ], [ 127.151986423809234, 37.489129659425693 ], [ 127.151980025231637, 37.4891021240147 ], [ 127.151980265872922, 37.489102255892497 ], [ 127.151996607664984, 37.489172786319202 ], [ 127.151996479343538, 37.489172935207279 ] ], [ [ 127.151683944161675, 37.489092733399346 ], [ 127.151683944161675, 37.489092733399346 ], [ 127.151737653074136, 37.489078564939668 ], [ 127.151683944161675, 37.489092733399346 ] ], [ [ 127.153413941712586, 37.487993223813383 ], [ 127.153413943397567, 37.487993104745911 ], [ 127.1536319253253, 37.487948663898308 ], [ 127.153631921305433, 37.487948783441894 ], [ 127.153413941712586, 37.487993223813383 ] ], [ [ 127.153256778558998, 37.490151121939469 ], [ 127.153256741776929, 37.490151101796393 ], [ 127.153371878582689, 37.490017604079483 ], [ 127.153371931212746, 37.490017632908014 ], [ 127.153256778558998, 37.490151121939469 ] ], [ [ 127.153131717139942, 37.489885806245525 ], [ 127.153649636612201, 37.489798576043064 ], [ 127.153131717139942, 37.489885806245525 ], [ 127.153131717139942, 37.489885806245525 ] ], [ [ 127.152933026523158, 37.489336972451873 ], [ 127.152933026523158, 37.489336972451873 ], [ 127.152967974710833, 37.489356123961514 ], [ 127.152933026523158, 37.489336972451873 ] ], [ [ 127.154352519765567, 37.497711034316715 ], [ 127.154336460960792, 37.497694035232037 ], [ 127.154295061668421, 37.497650201147344 ], [ 127.154352519765567, 37.497711034316715 ] ], [ [ 127.154290180191268, 37.497563243100984 ], [ 127.154290179989417, 37.497563143991421 ], [ 127.154290133177099, 37.497562369193382 ], [ 127.154288994501698, 37.497541872953612 ], [ 127.154286401124565, 37.49749562806214 ], [ 127.154286225312731, 37.497492591925045 ], [ 127.154286201796509, 37.497492150466286 ], [ 127.154281858392309, 37.497402858135658 ], [ 127.154295061668421, 37.497650201147344 ], [ 127.154290180191268, 37.497563243100984 ] ], [ [ 127.15525629615729, 37.497655801786564 ], [ 127.155261985817162, 37.497656524191079 ], [ 127.155267494504542, 37.497657228810866 ], [ 127.15525629615729, 37.497655801786564 ] ], [ [ 127.15533490015909, 37.497164385072843 ], [ 127.155189534447985, 37.497094683798899 ], [ 127.155176741282787, 37.497088548660017 ], [ 127.15533490015909, 37.497164385072843 ] ], [ [ 127.155149939473901, 37.497075697286554 ], [ 127.155138449365396, 37.497070189019446 ], [ 127.155111265802958, 37.49705715337825 ], [ 127.155149939473901, 37.497075697286554 ] ], [ [ 127.155015575894424, 37.497011270262178 ], [ 127.154982761103952, 37.497006825920423 ], [ 127.154977111664806, 37.497006060279389 ], [ 127.155015575894424, 37.497011270262178 ] ], [ [ 127.154925304971982, 37.496999043037995 ], [ 127.154890628598793, 37.496994349605032 ], [ 127.15486458117762, 37.496990817940279 ], [ 127.154925304971982, 37.496999043037995 ] ], [ [ 127.154740431220006, 37.496974001603526 ], [ 127.154842423106075, 37.496987816599457 ], [ 127.15481789540209, 37.496984496982428 ], [ 127.154756281467314, 37.496976152580466 ], [ 127.154740431220006, 37.496974001603526 ] ], [ [ 127.15455513919774, 37.496948903206366 ], [ 127.154700093736537, 37.49696853778854 ], [ 127.154646186319184, 37.496961239645948 ], [ 127.154626900155222, 37.496958624716399 ], [ 127.15455513919774, 37.496948903206366 ] ], [ [ 127.154367058531363, 37.4969234267638 ], [ 127.154310629968592, 37.496915786244507 ], [ 127.154286208398517, 37.496912475121988 ], [ 127.154367058531363, 37.4969234267638 ] ], [ [ 127.154689951612028, 37.496912276717545 ], [ 127.15469015515842, 37.496912304357586 ], [ 127.154482686879149, 37.496884185609012 ], [ 127.154681615010333, 37.496911143257648 ], [ 127.15468889963968, 37.496912133921661 ], [ 127.154689951612028, 37.496912276717545 ] ], [ [ 127.155074234087181, 37.496892347551608 ], [ 127.155115127981304, 37.496831085350692 ], [ 127.155118222170785, 37.496826455036754 ], [ 127.155074234087181, 37.496892347551608 ] ], [ [ 127.155221834240137, 37.496671244598176 ], [ 127.155227395304863, 37.496662917165615 ], [ 127.155213207122898, 37.496684170655627 ], [ 127.155217956066522, 37.496677052073707 ], [ 127.155218891795784, 37.496675654308753 ], [ 127.155221834240137, 37.496671244598176 ] ], [ [ 127.155318513844264, 37.496226746319607 ], [ 127.155266856596597, 37.496297983430026 ], [ 127.155318502517559, 37.496226737324371 ], [ 127.155369225068014, 37.496156793818912 ], [ 127.155318513844264, 37.496226746319607 ] ], [ [ 127.155375569838796, 37.496138007712531 ], [ 127.155378920982045, 37.49613424941154 ], [ 127.155375653340826, 37.496137914554872 ], [ 127.155375569838796, 37.496138007712531 ] ], [ [ 127.155389574702099, 37.496122299684345 ], [ 127.155281335850773, 37.49607409347945 ], [ 127.155389574702099, 37.496122299684345 ], [ 127.155389574702099, 37.496122299684345 ] ], [ [ 127.155889961230017, 37.495581120299562 ], [ 127.155981813264034, 37.495620118595959 ], [ 127.155981813264034, 37.495620118595959 ], [ 127.155889961230017, 37.495581120299562 ] ], [ [ 127.155821747479024, 37.49546436790807 ], [ 127.155792551989094, 37.495452572134973 ], [ 127.15600587338615, 37.495538738981253 ], [ 127.155924341497496, 37.49550585099621 ], [ 127.155849034166849, 37.495475387520074 ], [ 127.155821747479024, 37.49546436790807 ] ], [ [ 127.156088541741369, 37.495255810389551 ], [ 127.156071968954365, 37.495300382100012 ], [ 127.156072819526287, 37.495298093793089 ], [ 127.156088001375025, 37.495257258691709 ], [ 127.156088541741369, 37.495255810389551 ] ], [ [ 127.156099008090138, 37.495227661621364 ], [ 127.15609938212458, 37.495226645886596 ], [ 127.15610260853714, 37.495217978378093 ], [ 127.156099008090138, 37.495227661621364 ] ], [ [ 127.15596951180467, 37.494569465086911 ], [ 127.155847993746619, 37.49454108925412 ], [ 127.156016978055831, 37.494580546438129 ], [ 127.15596951180467, 37.494569465086911 ] ], [ [ 127.155750381550192, 37.494763309951082 ], [ 127.155794299572207, 37.494636024740991 ], [ 127.155768856453548, 37.494709769473019 ], [ 127.155762089355207, 37.494729393050982 ], [ 127.155750381550192, 37.494763309951082 ] ], [ [ 127.155736695742206, 37.494802974690884 ], [ 127.155736695729075, 37.49480297472897 ], [ 127.155736695686429, 37.494802974852547 ], [ 127.155736695742206, 37.494802974690884 ] ], [ [ 127.155658007868297, 37.495031030095284 ], [ 127.155710635722869, 37.494878502729819 ], [ 127.15571006557613, 37.494880162009366 ], [ 127.15568168173607, 37.49496242419395 ], [ 127.155658007868297, 37.495031030095284 ] ], [ [ 127.155682071321522, 37.494825259482084 ], [ 127.155671075877862, 37.494857110958925 ], [ 127.155671444107142, 37.494856038612312 ], [ 127.155674928844888, 37.49484593386957 ], [ 127.155682071321522, 37.494825259482084 ] ], [ [ 127.15573982961115, 37.494657945460453 ], [ 127.155711902158671, 37.494738845708909 ], [ 127.1557272338529, 37.494694425739667 ], [ 127.155739407975631, 37.494659162777026 ], [ 127.15573982961115, 37.494657945460453 ] ], [ [ 127.155541750145503, 37.494469823451801 ], [ 127.155473066271171, 37.494453821135238 ], [ 127.155766197576597, 37.494522094899892 ], [ 127.155642552897419, 37.494493298162418 ], [ 127.155609958872446, 37.49448570921821 ], [ 127.155541750145503, 37.494469823451801 ] ], [ [ 127.155504152517707, 37.494404486978006 ], [ 127.155568118701495, 37.49441941422959 ], [ 127.155599568793463, 37.494426755275342 ], [ 127.15550417515216, 37.49440449595847 ], [ 127.155473066271171, 37.494453821135238 ], [ 127.155504152517707, 37.494404486978006 ] ], [ [ 127.156197490691625, 37.494195369454879 ], [ 127.156243741920207, 37.494179685572554 ], [ 127.156255912108506, 37.494175561078897 ], [ 127.156197490691625, 37.494195369454879 ] ], [ [ 127.156396532490731, 37.494260431110682 ], [ 127.156242425003711, 37.494210059967884 ], [ 127.156197490691625, 37.494195369454879 ], [ 127.156396532490731, 37.494260431110682 ] ], [ [ 127.156051247020969, 37.492753568252013 ], [ 127.15604036110831, 37.492776708961571 ], [ 127.156051247020969, 37.492753568252013 ], [ 127.156051247020969, 37.492753568252013 ] ], [ [ 127.156229910032579, 37.491042668171112 ], [ 127.156496599446541, 37.490917656382656 ], [ 127.156739259844684, 37.490781836539306 ], [ 127.156998053499947, 37.490656158238451 ], [ 127.157036585751669, 37.490654449686282 ], [ 127.157148867699163, 37.490572193764407 ], [ 127.157441398929052, 37.490325700083758 ], [ 127.157539258253706, 37.490273772440588 ], [ 127.157642091704744, 37.490188771464148 ], [ 127.157631847977612, 37.490182298688154 ], [ 127.157631910187604, 37.49018225452533 ], [ 127.157642408573054, 37.490188897185369 ], [ 127.157544171896632, 37.490271333253389 ], [ 127.157442450008858, 37.490325455426799 ], [ 127.1574323829729, 37.490334676926061 ], [ 127.157304594336495, 37.490441803130985 ], [ 127.157147616913534, 37.490574285730567 ], [ 127.157038971206362, 37.490654248326415 ], [ 127.157028977482938, 37.490655243570174 ], [ 127.156999391977351, 37.490658183725643 ], [ 127.156761581268071, 37.490771139379547 ], [ 127.156740650864805, 37.490781933821751 ], [ 127.156496036251426, 37.490918711290611 ], [ 127.156231413945889, 37.491042675211787 ], [ 127.155848471958791, 37.49130008698689 ], [ 127.155633817464519, 37.491430570587681 ], [ 127.155243116496337, 37.491633813424215 ], [ 127.15563553243399, 37.491428730312101 ], [ 127.155847770206805, 37.491299754533827 ], [ 127.156229910032579, 37.491042668171112 ] ], [ [ 127.155366947065573, 37.490663978762605 ], [ 127.155323524717161, 37.490718284470148 ], [ 127.155289610115858, 37.490760693605615 ], [ 127.155363258980756, 37.490668587671884 ], [ 127.155366947065573, 37.490663978762605 ] ], [ [ 127.154320376975107, 37.497370507531478 ], [ 127.154188339854755, 37.497315203761929 ], [ 127.15433623365864, 37.497377145399618 ], [ 127.154320376975107, 37.497370507531478 ] ], [ [ 127.155916431864171, 37.493547702652108 ], [ 127.155945939587383, 37.49356133224029 ], [ 127.155974632394589, 37.493574593476872 ], [ 127.155916431864171, 37.493547702652108 ] ], [ [ 127.155261079206696, 37.491658927929834 ], [ 127.15539416150969, 37.491809284618078 ], [ 127.155413066442861, 37.491830640705921 ], [ 127.155394138949916, 37.491809311677436 ], [ 127.155261079206696, 37.491658927929834 ] ], [ [ 127.155653211196707, 37.491898938747191 ], [ 127.155662206022157, 37.491901494859917 ], [ 127.155653267827304, 37.491898983723274 ], [ 127.155413066442861, 37.491830640705921 ], [ 127.155653211196707, 37.491898938747191 ] ], [ [ 127.1547404644365, 37.494968523017029 ], [ 127.154793714699309, 37.494929990308471 ], [ 127.154731260530511, 37.494975183528226 ], [ 127.1547404644365, 37.494968523017029 ] ], [ [ 127.154654216524406, 37.494331088103884 ], [ 127.154759918980176, 37.494262330977186 ], [ 127.154670433289326, 37.494320543416769 ], [ 127.154654216524406, 37.494331088103884 ] ], [ [ 127.154685148076425, 37.492361734535805 ], [ 127.154680816768874, 37.492355973756432 ], [ 127.154669836285322, 37.49234135703454 ], [ 127.154680839384241, 37.492355973727115 ], [ 127.154685148076425, 37.492361734535805 ] ], [ [ 127.154500433268453, 37.492115827848359 ], [ 127.154516771262294, 37.49213751381243 ], [ 127.154525048448605, 37.492148585383084 ], [ 127.154600109170246, 37.492248499058327 ], [ 127.154611787874629, 37.492264071211103 ], [ 127.15461612414029, 37.492269857077616 ], [ 127.154600086573325, 37.492248508097617 ], [ 127.154525037140942, 37.492148585397729 ], [ 127.154516714705693, 37.492137504875686 ], [ 127.154500433268453, 37.492115827848359 ] ], [ [ 127.154507586579911, 37.492291353291961 ], [ 127.154475989141346, 37.492305968426052 ], [ 127.154535365889743, 37.492278451049394 ], [ 127.154537410647421, 37.492277502352017 ], [ 127.154600086573325, 37.492248508097617 ], [ 127.154507586579911, 37.492291353291961 ] ], [ [ 127.154532180670785, 37.492856689368111 ], [ 127.154575333354884, 37.492863300865395 ], [ 127.154448827585242, 37.49284392201433 ], [ 127.154532180670785, 37.492856689368111 ] ], [ [ 127.154282483349064, 37.497565325349875 ], [ 127.154243657889836, 37.497580314099579 ], [ 127.154263884188566, 37.497572503325053 ], [ 127.154282483349064, 37.497565325349875 ] ], [ [ 127.154065763109188, 37.496434618099421 ], [ 127.154048617079269, 37.496477816085921 ], [ 127.154027049437374, 37.496532120079031 ], [ 127.154049044394171, 37.49647663522618 ], [ 127.154065763109188, 37.496434618099421 ] ], [ [ 127.154077550895778, 37.496436837354594 ], [ 127.15410209034853, 37.496364770832464 ], [ 127.154039816230863, 37.496547689834955 ], [ 127.154044142153992, 37.496534981208235 ], [ 127.154063555672863, 37.496477958977948 ], [ 127.154077550895778, 37.496436837354594 ] ], [ [ 127.154577971729495, 37.494758510702368 ], [ 127.154576970216326, 37.494768208659302 ], [ 127.154575539591505, 37.494781986783757 ], [ 127.154577971729495, 37.494758510702368 ] ], [ [ 127.154496733398531, 37.494826228780767 ], [ 127.154468845663345, 37.494841879196102 ], [ 127.154456613004939, 37.494848742622466 ], [ 127.154575539591505, 37.494781986783757 ], [ 127.154496733398531, 37.494826228780767 ] ], [ [ 127.154426714832127, 37.494915500279163 ], [ 127.154421232730101, 37.494927733927156 ], [ 127.154456613004939, 37.494848742622466 ], [ 127.154426714832127, 37.494915500279163 ] ], [ [ 127.15442061341308, 37.494929023156885 ], [ 127.154416469420212, 37.49493755196805 ], [ 127.154421232730101, 37.494927733927156 ], [ 127.15442061341308, 37.494929023156885 ] ], [ [ 127.154466093216996, 37.494956084350214 ], [ 127.154466998560764, 37.494956425557717 ], [ 127.154416469420212, 37.49493755196805 ], [ 127.154466093216996, 37.494956084350214 ] ], [ [ 127.154591730539536, 37.494775361486248 ], [ 127.154620034679624, 37.494736599883801 ], [ 127.154588663320638, 37.494779564114459 ], [ 127.154591730539536, 37.494775361486248 ] ], [ [ 127.154558835991921, 37.492359294332765 ], [ 127.154634188484081, 37.492325039824529 ], [ 127.154472875436994, 37.49239842792192 ], [ 127.154558835991921, 37.492359294332765 ] ], [ [ 127.154565990719817, 37.492761496508749 ], [ 127.154570459722237, 37.492752475284121 ], [ 127.154565990719817, 37.492761496508749 ], [ 127.154565990719817, 37.492761496508749 ] ], [ [ 127.15458422093225, 37.494836307266411 ], [ 127.15458422093225, 37.494836307266411 ], [ 127.154552822483026, 37.494882144203281 ], [ 127.15458422093225, 37.494836307266411 ] ], [ [ 127.154506454305348, 37.496010623987203 ], [ 127.154484107124318, 37.496059514075753 ], [ 127.154468818689494, 37.496092951906171 ], [ 127.154506454305348, 37.496010623987203 ] ], [ [ 127.15455531243164, 37.495908486579687 ], [ 127.154550977263781, 37.495917556240954 ], [ 127.154514032450379, 37.495994783628788 ], [ 127.154506454305348, 37.496010623987203 ], [ 127.15455531243164, 37.495908486579687 ] ], [ [ 127.154528421853527, 37.496072639747879 ], [ 127.154464219256425, 37.496149891959369 ], [ 127.154528360675485, 37.49607271045906 ], [ 127.154528421853527, 37.496072639747879 ] ], [ [ 127.154577232804172, 37.496016217613253 ], [ 127.154576330425769, 37.496017336020529 ], [ 127.154544010099215, 37.496054622446621 ], [ 127.154576285156097, 37.496017318059195 ], [ 127.154577232804172, 37.496016217613253 ] ], [ [ 127.15521628922582, 37.490588013368289 ], [ 127.15509188660873, 37.490782232383459 ], [ 127.154859728513557, 37.490647311934488 ], [ 127.15509168279813, 37.490782097498474 ], [ 127.155216164696625, 37.490587941450315 ], [ 127.15540471228222, 37.490293853081333 ], [ 127.15521628922582, 37.490588013368289 ] ], [ [ 127.154402163678455, 37.490581933729729 ], [ 127.154468847729433, 37.490622752795254 ], [ 127.154430920498868, 37.490599556103504 ], [ 127.154402163678455, 37.490581933729729 ] ], [ [ 127.1545296630199, 37.490668985419752 ], [ 127.154583941218732, 37.490720046828429 ], [ 127.154631195091739, 37.490775442111918 ], [ 127.154583930003199, 37.490720091892918 ], [ 127.154531928915404, 37.490671144883791 ], [ 127.1545296630199, 37.490668985419752 ] ], [ [ 127.155777322050568, 37.49128222298868 ], [ 127.155740190374189, 37.491283343652583 ], [ 127.155710418697666, 37.491267371753217 ], [ 127.155706490656939, 37.491265268541198 ], [ 127.155566926255517, 37.491190424384385 ], [ 127.155649946799656, 37.491296720371771 ], [ 127.155649946799585, 37.491296720371821 ], [ 127.155566880914492, 37.491190370383578 ], [ 127.155710554258178, 37.491267308506345 ], [ 127.155740461736031, 37.491283334288376 ], [ 127.155777322050568, 37.49128222298868 ] ], [ [ 127.155782379245764, 37.491228561877996 ], [ 127.155781991858021, 37.491232634900626 ], [ 127.155710554258178, 37.491267308506345 ], [ 127.155782379245764, 37.491228561877996 ] ], [ [ 127.155782434597469, 37.491227985166205 ], [ 127.155783214018712, 37.491227596718787 ], [ 127.155786296938089, 37.491192642930741 ], [ 127.15578316995601, 37.491228164405889 ], [ 127.155782379245764, 37.491228561877996 ], [ 127.155782434597469, 37.491227985166205 ] ], [ [ 127.155009475581949, 37.492068759205623 ], [ 127.155007366665217, 37.492065977858076 ], [ 127.154999872040207, 37.492056076603419 ], [ 127.154911172578082, 37.491938899722825 ], [ 127.154899505520177, 37.491923498773531 ], [ 127.15483639678277, 37.491840130139266 ], [ 127.154899550713765, 37.491923480694886 ], [ 127.154911229060829, 37.491938872619528 ], [ 127.154999894637029, 37.492056067564064 ], [ 127.155007377954405, 37.492065968833394 ], [ 127.155009475581949, 37.492068759205623 ] ], [ [ 127.154691127457241, 37.492299647943469 ], [ 127.154630466273346, 37.492218816849046 ], [ 127.154691172632752, 37.492299620854922 ], [ 127.154704540751879, 37.492317416275938 ], [ 127.15470564161653, 37.492318881834464 ], [ 127.154704506755294, 37.492317380280063 ], [ 127.154691127457241, 37.492299647943469 ] ], [ [ 127.155289992468099, 37.493148097685634 ], [ 127.155236436086184, 37.493157907178279 ], [ 127.155207205011337, 37.493163261100875 ], [ 127.155289992468099, 37.493148097685634 ] ], [ [ 127.155594643524239, 37.492204589008146 ], [ 127.15561844603539, 37.49217698739087 ], [ 127.155594666158052, 37.492204597988618 ], [ 127.155391814475124, 37.49244010421706 ], [ 127.155594643524239, 37.492204589008146 ] ], [ [ 127.15489384988652, 37.492387151273959 ], [ 127.154880148711456, 37.492401392115603 ], [ 127.154893827252721, 37.492387142293367 ], [ 127.154930110151952, 37.49234944711489 ], [ 127.15489384988652, 37.492387151273959 ] ], [ [ 127.155224525452027, 37.49204335723158 ], [ 127.155240574491117, 37.492026652386045 ], [ 127.155250168687232, 37.492016696960967 ], [ 127.155240585817225, 37.492026661381281 ], [ 127.155224525452027, 37.49204335723158 ] ], [ [ 127.155404882735169, 37.492361249773538 ], [ 127.155403528956057, 37.492362783235322 ], [ 127.155404871390502, 37.492361231768335 ], [ 127.155426401955069, 37.492336233374637 ], [ 127.155404882735169, 37.492361249773538 ] ], [ [ 127.155298414902788, 37.491794038051189 ], [ 127.15530909936939, 37.491806268905314 ], [ 127.15534026860486, 37.491841997997305 ], [ 127.155309088080244, 37.491806277930024 ], [ 127.155298414902788, 37.491794038051189 ] ], [ [ 127.155085015465389, 37.492098664316359 ], [ 127.155034219868654, 37.492031605890553 ], [ 127.155023480043909, 37.492017395897754 ], [ 127.15503423115787, 37.492031596865893 ], [ 127.155085015465389, 37.492098664316359 ] ], [ [ 127.155011571054956, 37.492071546711557 ], [ 127.155011571054956, 37.492071546711557 ], [ 127.154853719007491, 37.492143852505052 ], [ 127.155011571054956, 37.492071546711557 ] ], [ [ 127.155240417813047, 37.494344850934681 ], [ 127.155240309130406, 37.494330444104946 ], [ 127.155207996559156, 37.494305636595747 ], [ 127.155240320438381, 37.494330444090224 ], [ 127.155240417813047, 37.494344850934681 ] ], [ [ 127.155199437874856, 37.494372582931575 ], [ 127.155227420315228, 37.494353643573945 ], [ 127.155240417813047, 37.494344850934681 ], [ 127.155199437874856, 37.494372582931575 ] ], [ [ 127.155183174177168, 37.494360976105305 ], [ 127.155194047374621, 37.494368733668402 ], [ 127.155199437874856, 37.494372582931575 ], [ 127.155183174177168, 37.494360976105305 ] ], [ [ 127.154978167389913, 37.494159324815449 ], [ 127.154961266807391, 37.494178276752422 ], [ 127.154952466749705, 37.494188136098714 ], [ 127.154978167389913, 37.494159324815449 ] ], [ [ 127.154959121091721, 37.494219239265433 ], [ 127.154959100297901, 37.494219229963747 ], [ 127.154952466749705, 37.494188136098714 ], [ 127.154959121091721, 37.494219239265433 ] ], [ [ 127.155036094265967, 37.496223662815432 ], [ 127.15523407692514, 37.496295966164382 ], [ 127.15523407692514, 37.496295966164382 ], [ 127.155036094265967, 37.496223662815432 ] ], [ [ 127.155417674301503, 37.49255538940983 ], [ 127.155407618440719, 37.492553789719871 ], [ 127.155440625183431, 37.492559035587831 ], [ 127.155417674301503, 37.49255538940983 ] ], [ [ 127.155459180708164, 37.492547784963428 ], [ 127.155449310031429, 37.492553771448151 ], [ 127.155440625183431, 37.492559035587831 ], [ 127.155459180708164, 37.492547784963428 ] ], [ [ 127.154987820536874, 37.499031614716692 ], [ 127.155221232205847, 37.498672876197489 ], [ 127.155410564040352, 37.498381895629713 ], [ 127.154987820536874, 37.499031614716692 ] ], [ [ 127.155953127822968, 37.501756670490792 ], [ 127.155748030500945, 37.501702017463955 ], [ 127.155872411659587, 37.501735158825312 ], [ 127.155953127822968, 37.501756670490792 ] ], [ [ 127.15558863261316, 37.497276985586332 ], [ 127.155501299824934, 37.497234076773623 ], [ 127.155499126408316, 37.497233007418323 ], [ 127.155440602740882, 37.497204251732811 ], [ 127.155673885456778, 37.497318870217697 ], [ 127.155660400656728, 37.497312247146681 ], [ 127.155617509622843, 37.497291174688108 ], [ 127.15558863261316, 37.497276985586332 ] ], [ [ 127.156050595831942, 37.491031829559425 ], [ 127.155834138582279, 37.491137421276207 ], [ 127.155834747277837, 37.491136492451879 ], [ 127.156050595831942, 37.491031829559425 ] ], [ [ 127.156133780675859, 37.490991247838991 ], [ 127.15620260895048, 37.49095810909126 ], [ 127.156050595831942, 37.491031829559425 ], [ 127.156133780675859, 37.490991247838991 ] ], [ [ 127.15643378537348, 37.490846010203121 ], [ 127.156703201367165, 37.490716750662983 ], [ 127.15620260895048, 37.49095810909126 ], [ 127.15643378537348, 37.490846010203121 ] ], [ [ 127.156632474019915, 37.495708469098552 ], [ 127.156653045080972, 37.495633676114359 ], [ 127.156632474019915, 37.495708469098552 ], [ 127.156632474019915, 37.495708469098552 ] ], [ [ 127.156660246011455, 37.494949159956349 ], [ 127.156635598115855, 37.49503299421 ], [ 127.156675864189495, 37.494896014150534 ], [ 127.156675742109059, 37.494896431181637 ], [ 127.156660246011455, 37.494949159956349 ] ], [ [ 127.156630528543772, 37.495047687144805 ], [ 127.156584643691446, 37.495180635674892 ], [ 127.156565017252362, 37.495237505439661 ], [ 127.156548924133205, 37.495284129754701 ], [ 127.156635598115855, 37.49503299421 ], [ 127.156630528543772, 37.495047687144805 ] ], [ [ 127.156744374421294, 37.494756064535409 ], [ 127.156897151536583, 37.494807653115402 ], [ 127.157031687463075, 37.494853084658232 ], [ 127.156744374421294, 37.494756064535409 ] ], [ [ 127.156768431160131, 37.494621258798858 ], [ 127.156799594161555, 37.494532526960278 ], [ 127.156780717657682, 37.494586286634366 ], [ 127.156771476910038, 37.494612598931901 ], [ 127.156768431160131, 37.494621258798858 ] ], [ [ 127.15690190352278, 37.494241224975504 ], [ 127.156892662859732, 37.494267537283875 ], [ 127.156881533574591, 37.494299222027898 ], [ 127.156867976089487, 37.494337829634411 ], [ 127.156845110438212, 37.494402938841723 ], [ 127.156840366418152, 37.494416442040581 ], [ 127.156835827353774, 37.494429358261144 ], [ 127.15694894985154, 37.494107256645215 ], [ 127.156932368445382, 37.494154481787383 ], [ 127.156916607627082, 37.494199354240564 ], [ 127.15690190352278, 37.494241224975504 ] ], [ [ 127.157280112288475, 37.494198470108188 ], [ 127.157157446604216, 37.494156483041067 ], [ 127.156979570280541, 37.494095593472331 ], [ 127.157622773497025, 37.494315760373368 ], [ 127.157495354693324, 37.494272149130595 ], [ 127.157396090330238, 37.49423816832428 ], [ 127.157280112288475, 37.494198470108188 ] ], [ [ 127.157335264448747, 37.494178196989473 ], [ 127.157478197226069, 37.494227085800375 ], [ 127.15762834984703, 37.494278451654814 ], [ 127.157335264448747, 37.494178196989473 ] ], [ [ 127.157617689244319, 37.493943774995905 ], [ 127.157617689244418, 37.493943774995948 ], [ 127.157540661861518, 37.494090265458546 ], [ 127.157389442552002, 37.494037470595714 ], [ 127.157323112536574, 37.494152985048416 ], [ 127.157467394222891, 37.493901699683377 ], [ 127.157389476494529, 37.494037479560959 ], [ 127.157540660639924, 37.494090258736122 ], [ 127.157617689244319, 37.493943774995905 ] ], [ [ 127.157491467054712, 37.493859773527205 ], [ 127.15754833311702, 37.493760733231923 ], [ 127.157532907093213, 37.493787605438676 ], [ 127.157520524544196, 37.493809173682735 ], [ 127.157491467054712, 37.493859773527205 ] ], [ [ 127.157389758312817, 37.493950260928401 ], [ 127.157398085277336, 37.493935745432474 ], [ 127.15740035689862, 37.493931800191277 ], [ 127.157389758312817, 37.493950260928401 ] ], [ [ 127.157281357208973, 37.494139074624293 ], [ 127.157308274577176, 37.494092187193935 ], [ 127.157311595366892, 37.494086405724467 ], [ 127.157281357208973, 37.494139074624293 ] ], [ [ 127.156987749626836, 37.49405918235599 ], [ 127.157146626318962, 37.494113582720331 ], [ 127.157249602086239, 37.494148847273429 ], [ 127.156987749626836, 37.49405918235599 ] ], [ [ 127.157012472779115, 37.493921623757402 ], [ 127.157006711056781, 37.493938198306537 ], [ 127.157001190172878, 37.493954060695664 ], [ 127.157012472779115, 37.493921623757402 ] ], [ [ 127.156763272457439, 37.493653550510871 ], [ 127.156784115783395, 37.493665857795698 ], [ 127.156796728217998, 37.493673310500846 ], [ 127.156763272457439, 37.493653550510871 ] ], [ [ 127.156872522290158, 37.49354091718979 ], [ 127.15682673263909, 37.493588126665024 ], [ 127.156763272457439, 37.493653550510871 ], [ 127.156872522290158, 37.49354091718979 ] ], [ [ 127.157564391892521, 37.490701903167206 ], [ 127.1575651543763, 37.490709686794574 ], [ 127.157570504233547, 37.490846262219023 ], [ 127.157569823740644, 37.490828972940633 ], [ 127.157564218663808, 37.490700164467235 ], [ 127.157561018772626, 37.490667606576679 ], [ 127.157564391892521, 37.490701903167206 ] ], [ [ 127.157206441174026, 37.49055936877113 ], [ 127.157123466585901, 37.490635387277258 ], [ 127.157295509967966, 37.490477746964778 ], [ 127.157206441174026, 37.49055936877113 ] ], [ [ 127.155718974755814, 37.497733946046516 ], [ 127.155693512690704, 37.497725239593947 ], [ 127.15571336178138, 37.497732025236182 ], [ 127.155718974755814, 37.497733946046516 ] ], [ [ 127.156078697442553, 37.49697241995608 ], [ 127.156033937390134, 37.497030305321658 ], [ 127.156076874076305, 37.49697477468613 ], [ 127.156078697442553, 37.49697241995608 ] ], [ [ 127.156091680597456, 37.496955629637064 ], [ 127.156091680597456, 37.496955629637064 ], [ 127.155921772878557, 37.496872777243702 ], [ 127.156091680597456, 37.496955629637064 ] ], [ [ 127.156153859231239, 37.496573207061786 ], [ 127.156127675160135, 37.49656126482963 ], [ 127.156305669599348, 37.496642430192892 ], [ 127.156153859231239, 37.496573207061786 ] ], [ [ 127.156068363261056, 37.496300224447147 ], [ 127.156059275252957, 37.496314789307185 ], [ 127.156008791990445, 37.496395683908588 ], [ 127.155985212789489, 37.496433457566766 ], [ 127.156068363261056, 37.496300224447147 ] ], [ [ 127.156112014531857, 37.496230281215034 ], [ 127.156195573241263, 37.496096393151866 ], [ 127.156187224343881, 37.496109779855175 ], [ 127.156157806932626, 37.496156913557272 ], [ 127.156116667583049, 37.496222830390536 ], [ 127.156112014531857, 37.496230281215034 ] ], [ [ 127.15629675593847, 37.49593426605125 ], [ 127.156263179582496, 37.49598806554512 ], [ 127.156297926013451, 37.495932390191136 ], [ 127.15629675593847, 37.49593426605125 ] ], [ [ 127.156403235213517, 37.495763649212741 ], [ 127.15639896094153, 37.49577050175764 ], [ 127.156311847785602, 37.495910090507003 ], [ 127.156310277284362, 37.49591259931934 ], [ 127.156403235213517, 37.495763649212741 ] ], [ [ 127.156414097806831, 37.495746254060812 ], [ 127.156405848738302, 37.495759461450653 ], [ 127.156429629108885, 37.495721357125802 ], [ 127.156414097806831, 37.495746254060812 ] ], [ [ 127.15674839462406, 37.495769682750037 ], [ 127.156637424813724, 37.49574673590859 ], [ 127.156460477371539, 37.49571014429052 ], [ 127.156748949169398, 37.495769797022582 ], [ 127.15674839462406, 37.495769682750037 ] ], [ [ 127.156841539669784, 37.495788943529796 ], [ 127.157096497935342, 37.495841665145839 ], [ 127.157017306354405, 37.495825290139528 ], [ 127.156862305901612, 37.495793238298496 ], [ 127.156841539669784, 37.495788943529796 ] ], [ [ 127.156239558756639, 37.495577923947259 ], [ 127.156336460464701, 37.495617143614432 ], [ 127.156194913235794, 37.495559859227676 ], [ 127.156239558756639, 37.495577923947259 ] ], [ [ 127.155566874472086, 37.49700138053241 ], [ 127.155558218142588, 37.497012993975318 ], [ 127.155632660870793, 37.496913049410566 ], [ 127.155613224169443, 37.496939151196216 ], [ 127.155566874472086, 37.49700138053241 ] ], [ [ 127.155782930827868, 37.496711300535097 ], [ 127.155780409496202, 37.496714692525003 ], [ 127.155731680573666, 37.49678011456907 ], [ 127.155682173438166, 37.496846582766068 ], [ 127.155673072671547, 37.496858794160062 ], [ 127.155672777717385, 37.496859189610348 ], [ 127.155782930827868, 37.496711300535097 ] ], [ [ 127.155372066144238, 37.496152876132236 ], [ 127.155372066144238, 37.496152876132236 ], [ 127.155470987521824, 37.49619563446921 ], [ 127.155372066144238, 37.496152876132236 ] ], [ [ 127.155442690337907, 37.496237838071266 ], [ 127.155495756540375, 37.496260917129064 ], [ 127.155495756540375, 37.496260917129064 ], [ 127.155442690337907, 37.496237838071266 ] ], [ [ 127.15566820183372, 37.496123036141185 ], [ 127.155678255675468, 37.496106913168838 ], [ 127.155683624152132, 37.496098305867946 ], [ 127.155659907243901, 37.496136338898928 ], [ 127.15566820183372, 37.496123036141185 ] ], [ [ 127.156721720208935, 37.491442283059193 ], [ 127.156727552067139, 37.49142997675834 ], [ 127.156721472524268, 37.491442805964134 ], [ 127.156721720208935, 37.491442283059193 ] ], [ [ 127.156705860020764, 37.491390635311078 ], [ 127.1567058619259, 37.491390640592826 ], [ 127.156715479281033, 37.49137164390563 ], [ 127.156685861438376, 37.491430157659188 ], [ 127.156705860020764, 37.491390635311078 ] ], [ [ 127.156770056252668, 37.491249216500833 ], [ 127.156550832566367, 37.491135854258204 ], [ 127.156550832566367, 37.491135854258204 ], [ 127.156770056252668, 37.491249216500833 ] ], [ [ 127.156471722282717, 37.491185698016594 ], [ 127.156543296516034, 37.491140601460565 ], [ 127.156494793840224, 37.491171163918203 ], [ 127.156471722282717, 37.491185698016594 ] ], [ [ 127.156577395601602, 37.491614383215619 ], [ 127.156574169553252, 37.491618216696196 ], [ 127.156577553516371, 37.491614193798554 ], [ 127.156586552752074, 37.491620427151034 ], [ 127.156577395601602, 37.491614383215619 ] ], [ [ 127.156165707825551, 37.492535419584982 ], [ 127.156319667842595, 37.492181792047418 ], [ 127.156236059199955, 37.492373841409417 ], [ 127.156165707825551, 37.492535419584982 ] ], [ [ 127.156265807818926, 37.494779055127132 ], [ 127.156308147714697, 37.494665185499798 ], [ 127.15624720769955, 37.494829083153334 ], [ 127.15625927407531, 37.49479662415041 ], [ 127.156265807818926, 37.494779055127132 ] ], [ [ 127.156161200171027, 37.495060384788893 ], [ 127.15616736629282, 37.495043814806365 ], [ 127.156137413569098, 37.495124371646163 ], [ 127.156145681016397, 37.495102121341112 ], [ 127.156161200171027, 37.495060384788893 ] ], [ [ 127.15618099849172, 37.495134005294155 ], [ 127.156180038325388, 37.495136593629084 ], [ 127.15617550761263, 37.495148769705935 ], [ 127.15618099849172, 37.495134005294155 ] ], [ [ 127.156268148683964, 37.494899677771507 ], [ 127.156261890391988, 37.494916494551106 ], [ 127.156271434397866, 37.494890831526341 ], [ 127.156270566495039, 37.494893169393741 ], [ 127.156268148683964, 37.494899677771507 ] ], [ [ 127.156318900422107, 37.494763200075703 ], [ 127.156318786940318, 37.494763504272079 ], [ 127.156352491168747, 37.494672875983241 ], [ 127.156332552673035, 37.494726502527833 ], [ 127.156318900422107, 37.494763200075703 ] ], [ [ 127.156569757707643, 37.49501983595578 ], [ 127.156597841555026, 37.494924203132349 ], [ 127.156602946828386, 37.494906838624438 ], [ 127.156569757707643, 37.49501983595578 ] ], [ [ 127.156544359037625, 37.495093441459815 ], [ 127.156545927234163, 37.495088883728535 ], [ 127.156569757707643, 37.49501983595578 ], [ 127.156544359037625, 37.495093441459815 ] ], [ [ 127.156367422338292, 37.495606200953993 ], [ 127.156392298490388, 37.495534097466908 ], [ 127.156421041485245, 37.495450798500819 ], [ 127.156454325746125, 37.495354348000809 ], [ 127.156481854605971, 37.495274573514493 ], [ 127.15649745949132, 37.49522935624308 ], [ 127.156367422338292, 37.495606200953993 ] ], [ [ 127.156461811294037, 37.495536535114361 ], [ 127.156448876655702, 37.495574018614192 ], [ 127.156423146166773, 37.495648564939053 ], [ 127.156461811294037, 37.495536535114361 ] ], [ [ 127.156457991486846, 37.494272614014953 ], [ 127.15644994104413, 37.49429918512358 ], [ 127.156437455195501, 37.494340384239528 ], [ 127.156457991486846, 37.494272614014953 ] ], [ [ 127.156416617303918, 37.494409150672993 ], [ 127.156416396888346, 37.494409876997175 ], [ 127.156417809226397, 37.494405216262606 ], [ 127.156416617303918, 37.494409150672993 ] ], [ [ 127.156791019775881, 37.494356362452336 ], [ 127.156673563493712, 37.494690564841406 ], [ 127.156714427701189, 37.494574291338623 ], [ 127.156748007072096, 37.494478741353305 ], [ 127.156778674730305, 37.494391475362399 ], [ 127.156787915504395, 37.494365190093284 ], [ 127.156791019775881, 37.494356362452336 ] ], [ [ 127.156387225975323, 37.494353516487891 ], [ 127.156387530849301, 37.494352527722945 ], [ 127.156338268198013, 37.494514281808563 ], [ 127.15633910859826, 37.494511515631068 ], [ 127.156362324913829, 37.494435278727799 ], [ 127.156387225975323, 37.494353516487891 ] ], [ [ 127.155999953308481, 37.494520176693243 ], [ 127.156009350204613, 37.494522373348829 ], [ 127.155993867217916, 37.494518760591163 ], [ 127.155999953308481, 37.494520176693243 ] ], [ [ 127.156032208017479, 37.494527702903618 ], [ 127.156041273675129, 37.494529822276398 ], [ 127.156017632343762, 37.494524305879501 ], [ 127.156032208017479, 37.494527702903618 ] ], [ [ 127.156642715495579, 37.494701687633622 ], [ 127.156494023825289, 37.494644429326684 ], [ 127.156563258339787, 37.494671085896954 ], [ 127.156642715495579, 37.494701687633622 ] ], [ [ 127.156222849860086, 37.496786247924391 ], [ 127.156217503926484, 37.496793147556822 ], [ 127.156219556576929, 37.496790495939443 ], [ 127.156222849860086, 37.496786247924391 ] ], [ [ 127.157001624129336, 37.490562197324692 ], [ 127.157002426581698, 37.490562016068779 ], [ 127.157114297034994, 37.490537640920898 ], [ 127.157001658275661, 37.490562305399671 ], [ 127.157000245951679, 37.490562838847929 ], [ 127.156999624343158, 37.490562983825839 ], [ 127.156914443218554, 37.490583755807265 ], [ 127.156707483397426, 37.490715060169784 ], [ 127.156706771495379, 37.490715286354693 ], [ 127.156707664074005, 37.490714942802533 ], [ 127.156913244035849, 37.490583469064696 ], [ 127.156999499289398, 37.490562659630605 ], [ 127.157001624129336, 37.490562197324692 ] ], [ [ 127.156705393219184, 37.490715882824659 ], [ 127.156706059574645, 37.490715503529657 ], [ 127.156706771495379, 37.490715286354693 ], [ 127.156705393219184, 37.490715882824659 ] ], [ [ 127.157122683214823, 37.490115998188919 ], [ 127.157118561893341, 37.490483329367663 ], [ 127.15711944750602, 37.490404051967509 ], [ 127.157122683214823, 37.490115998188919 ] ], [ [ 127.157124542168603, 37.489976457954128 ], [ 127.157122686265282, 37.490115997967258 ], [ 127.157122683214823, 37.490115998188919 ], [ 127.157124542168603, 37.489976457954128 ] ], [ [ 127.157025484249246, 37.489870144295843 ], [ 127.157134113430374, 37.489909223115895 ], [ 127.157024726828084, 37.489870226382685 ], [ 127.157015662955871, 37.489866994713893 ], [ 127.157001653256032, 37.489861580124334 ], [ 127.157016974808286, 37.489867092097292 ], [ 127.157025484249246, 37.489870144295843 ] ], [ [ 127.156820795425531, 37.489808379711917 ], [ 127.15680239050171, 37.489799096578039 ], [ 127.15672959712262, 37.489762368377981 ], [ 127.156820795425531, 37.489808379711917 ] ], [ [ 127.15658451995516, 37.489667296195051 ], [ 127.156701097972629, 37.489743692053509 ], [ 127.15672959712262, 37.489762368377981 ], [ 127.15658451995516, 37.489667296195051 ] ], [ [ 127.157312098302256, 37.490102233583364 ], [ 127.157146270651126, 37.490114284130271 ], [ 127.157227293115241, 37.490107715335064 ], [ 127.157312539045122, 37.490102115872254 ], [ 127.157313336428942, 37.49011038599577 ], [ 127.157132286040351, 37.490127554233119 ], [ 127.157132284286163, 37.490127437246784 ], [ 127.157313155212151, 37.49011024207482 ], [ 127.157312098302256, 37.490102233583364 ] ], [ [ 127.157134177797147, 37.490251698384732 ], [ 127.157134147726353, 37.490251709645065 ], [ 127.157132374761716, 37.490133471051706 ], [ 127.157134177797147, 37.490251698384732 ] ], [ [ 127.157229008396214, 37.490216584447708 ], [ 127.157229090753702, 37.490216553698531 ], [ 127.157234926702728, 37.490222645773272 ], [ 127.157130768321792, 37.490274239081735 ], [ 127.157132826459815, 37.490320230011115 ], [ 127.157130303822797, 37.490273807213796 ], [ 127.157234700275097, 37.490222510921775 ], [ 127.157229008396214, 37.490216584447708 ] ], [ [ 127.157141379966433, 37.49047130435666 ], [ 127.157141047982321, 37.490471057873357 ], [ 127.15713373289941, 37.490336867271253 ], [ 127.157141379966433, 37.49047130435666 ] ], [ [ 127.157168193173533, 37.49049118557398 ], [ 127.157168171044788, 37.490491195520924 ], [ 127.157166226817054, 37.490489752020309 ], [ 127.157168193173533, 37.49049118557398 ] ], [ [ 127.157700106176677, 37.494146090192395 ], [ 127.157658856972347, 37.494266698356064 ], [ 127.157700060907388, 37.494146072232247 ], [ 127.157700106176677, 37.494146090192395 ] ], [ [ 127.157752875084498, 37.493991481102498 ], [ 127.157771688656567, 37.493936431268381 ], [ 127.157752931661662, 37.493991499047624 ], [ 127.157700106176677, 37.494146090192395 ], [ 127.157752875084498, 37.493991481102498 ] ], [ [ 127.157040198454126, 37.492178827544137 ], [ 127.157050934378105, 37.492186661113998 ], [ 127.157041240345777, 37.49217959202192 ], [ 127.157040198454126, 37.492178827544137 ] ], [ [ 127.157052961080709, 37.492291543754106 ], [ 127.157041073740885, 37.492301028903256 ], [ 127.157041830103054, 37.492300424238238 ], [ 127.157043354116311, 37.492299205883249 ], [ 127.157052961080709, 37.492291543754106 ] ], [ [ 127.156914624884962, 37.493225953676863 ], [ 127.15689874563769, 37.493213567805689 ], [ 127.156824117729769, 37.493155335255175 ], [ 127.156914624884962, 37.493225953676863 ] ], [ [ 127.156883825680794, 37.493642471934159 ], [ 127.156891712434145, 37.493639497276121 ], [ 127.156939710946403, 37.493621423175298 ], [ 127.156883825680794, 37.493642471934159 ] ], [ [ 127.157517228111246, 37.494567548742474 ], [ 127.157475304237906, 37.494604950878106 ], [ 127.157517182841744, 37.49456753078227 ], [ 127.15757411475137, 37.494516657285025 ], [ 127.157517228111246, 37.494567548742474 ] ], [ [ 127.156905502280708, 37.495377911232247 ], [ 127.156905169380238, 37.495376814391371 ], [ 127.156910454900355, 37.495394113683872 ], [ 127.156905502280708, 37.495377911232247 ] ], [ [ 127.158951120655232, 37.498031067078529 ], [ 127.158970677131848, 37.498027572173044 ], [ 127.158951132020505, 37.498031094093307 ], [ 127.158949764198923, 37.498031339185538 ], [ 127.158951120655232, 37.498031067078529 ] ], [ [ 127.160210092983405, 37.497796555735633 ], [ 127.160237982819766, 37.497808663725912 ], [ 127.16024624394629, 37.497812435864532 ], [ 127.160246393671486, 37.497812733947839 ], [ 127.160189233145772, 37.497787943180384 ], [ 127.160115601572357, 37.49776779076624 ], [ 127.160157232789601, 37.49777856171287 ], [ 127.160189244416131, 37.497787925145282 ], [ 127.160210092983405, 37.497796555735633 ] ], [ [ 127.160090092098159, 37.497643916571143 ], [ 127.160080154163481, 37.497647554676433 ], [ 127.160080148262381, 37.497647533910573 ], [ 127.160090092098159, 37.497643916571143 ] ], [ [ 127.160054383424765, 37.497596267514581 ], [ 127.160042590759403, 37.497587758026988 ], [ 127.160066232100959, 37.49755500390502 ], [ 127.160065175536275, 37.497556472090125 ], [ 127.160042624703834, 37.497587766991408 ], [ 127.160054383424765, 37.497596267514581 ] ], [ [ 127.160078406882647, 37.497535271863349 ], [ 127.160078400869992, 37.497535284324847 ], [ 127.16009194751598, 37.497505250446707 ], [ 127.160201339859071, 37.497723037573984 ], [ 127.160092083807953, 37.497505529573239 ], [ 127.160086288263912, 37.497518926186551 ], [ 127.160078406882647, 37.497535271863349 ] ], [ [ 127.159899171918198, 37.497580273876409 ], [ 127.159911604686329, 37.497571805844544 ], [ 127.159885632515994, 37.497589500228926 ], [ 127.159899171918198, 37.497580273876409 ] ], [ [ 127.159569051881817, 37.497670329262753 ], [ 127.159762693003131, 37.497635435675967 ], [ 127.159402213536168, 37.497700397598535 ], [ 127.159569051881817, 37.497670329262753 ] ], [ [ 127.158709527638763, 37.497825222962774 ], [ 127.158755203307052, 37.497816989522534 ], [ 127.158860061587703, 37.49779809113425 ], [ 127.158991678766412, 37.497774378499095 ], [ 127.158709527638763, 37.497825222962774 ] ], [ [ 127.1584186204974, 37.497397427647918 ], [ 127.158420108217172, 37.497400444016478 ], [ 127.158383085732666, 37.497325440019196 ], [ 127.1584186204974, 37.497397427647918 ] ], [ [ 127.158298210203967, 37.497182131767687 ], [ 127.158341882035344, 37.497251793057103 ], [ 127.158296723868375, 37.497179773124437 ], [ 127.158298210203967, 37.497182131767687 ] ], [ [ 127.157724176050834, 37.490576272911611 ], [ 127.157700098035505, 37.490568691298215 ], [ 127.15771606329254, 37.490573715789097 ], [ 127.157724176050834, 37.490576272911611 ] ], [ [ 127.157714917055202, 37.490664024470959 ], [ 127.15771187851675, 37.490692698287525 ], [ 127.157724176050834, 37.490576272911611 ], [ 127.157714917055202, 37.490664024470959 ] ], [ [ 127.157915643505902, 37.496660420161575 ], [ 127.157915576144475, 37.496660654510343 ], [ 127.157915564873747, 37.496660672545232 ], [ 127.157969455210917, 37.496473824214149 ], [ 127.157915643505902, 37.496660420161575 ] ], [ [ 127.159986788240914, 37.497295729243802 ], [ 127.159976181478697, 37.497274588030123 ], [ 127.159957492769706, 37.497237324701139 ], [ 127.159986788240914, 37.497295729243802 ] ], [ [ 127.158871425568179, 37.498045499123556 ], [ 127.158871504727912, 37.498045499018133 ], [ 127.158861029467772, 37.498049207062444 ], [ 127.158871425568179, 37.498045499123556 ] ], [ [ 127.159922235080529, 37.499713554198323 ], [ 127.159791114372027, 37.499528394654732 ], [ 127.15991280933423, 37.499700241076589 ], [ 127.159922235080529, 37.499713554198323 ] ], [ [ 127.160789692369704, 37.499342348042831 ], [ 127.160749918736357, 37.499331355422008 ], [ 127.160741556652056, 37.499329042117516 ], [ 127.160789692369704, 37.499342348042831 ] ], [ [ 127.157562607150282, 37.492474828718002 ], [ 127.157694238194694, 37.492468347797605 ], [ 127.157616415104641, 37.49247218078078 ], [ 127.157562607150282, 37.492474828718002 ] ], [ [ 127.157920521485877, 37.49404858083556 ], [ 127.157974825867754, 37.494061122917991 ], [ 127.157920520604563, 37.494048583258142 ], [ 127.157920521485877, 37.49404858083556 ] ], [ [ 127.157928470631191, 37.494026721090265 ], [ 127.157933114218977, 37.494013965809025 ], [ 127.157920521485877, 37.49404858083556 ], [ 127.157928470631191, 37.494026721090265 ] ], [ [ 127.159031910207688, 37.493960968850132 ], [ 127.159055425945155, 37.493958684999114 ], [ 127.159073440130811, 37.493955729166558 ], [ 127.159055482560433, 37.493958720963576 ], [ 127.159031876359649, 37.493961004935237 ], [ 127.159010265037438, 37.493960132747006 ], [ 127.158987768652764, 37.493957811126336 ], [ 127.158965484850299, 37.493954408019512 ], [ 127.158872872649269, 37.493938187284378 ], [ 127.158410445766549, 37.493857216826221 ], [ 127.158071462768149, 37.493795191232955 ], [ 127.158016312724172, 37.493785099834064 ], [ 127.158016315565646, 37.493785092017561 ], [ 127.158071519326427, 37.493795200167988 ], [ 127.1584104344021, 37.493857189811351 ], [ 127.158965518736238, 37.493954389954382 ], [ 127.158987802519761, 37.493957784051254 ], [ 127.159010310193423, 37.493960096646859 ], [ 127.159031910207688, 37.493960968850132 ] ], [ [ 127.159098456673078, 37.493949815844715 ], [ 127.159087382075768, 37.493952562518956 ], [ 127.159098490558989, 37.493949797779564 ], [ 127.159119282357437, 37.493942742255079 ], [ 127.159137581866915, 37.493933527654711 ], [ 127.159146666767143, 37.493927857264147 ], [ 127.159137570596855, 37.493933545689721 ], [ 127.159119293703213, 37.493942760259934 ], [ 127.159098456673078, 37.493949815844715 ] ], [ [ 127.15921323239499, 37.493875483835097 ], [ 127.159203562478311, 37.493884524383475 ], [ 127.15918895412058, 37.493895995575265 ], [ 127.159168206544791, 37.493912284224834 ], [ 127.159203517227738, 37.493884515433898 ], [ 127.15921323239499, 37.493875483835097 ] ], [ [ 127.15926136534371, 37.493807673109288 ], [ 127.159286815245892, 37.493757273290434 ], [ 127.159298427844632, 37.493729579938851 ], [ 127.159286849245376, 37.493757309285016 ], [ 127.159261365362696, 37.49380768211924 ], [ 127.159260721824367, 37.49380868570735 ], [ 127.15926136534371, 37.493807673109288 ] ], [ [ 127.159312135832181, 37.493688421181446 ], [ 127.159304241323142, 37.493713282699169 ], [ 127.159312113178515, 37.493688403191733 ], [ 127.159316026394706, 37.493669304039955 ], [ 127.159312135832181, 37.493688421181446 ] ], [ [ 127.15932560823336, 37.493599276377523 ], [ 127.159328481172196, 37.493567377179275 ], [ 127.159405434295593, 37.49352585801536 ], [ 127.159328526441513, 37.49356739513879 ], [ 127.159325608271274, 37.493599294397463 ], [ 127.159323140138923, 37.49362055319515 ], [ 127.15932560823336, 37.493599276377523 ] ], [ [ 127.159422230174769, 37.49351679598103 ], [ 127.159490779864214, 37.493581846563615 ], [ 127.159422202478652, 37.493516810924177 ], [ 127.159422230174769, 37.49351679598103 ] ], [ [ 127.159555264344775, 37.493649515440225 ], [ 127.159512539122929, 37.493604684819189 ], [ 127.159490779864214, 37.493581846563615 ], [ 127.159555264344775, 37.493649515440225 ] ], [ [ 127.157703087889729, 37.493769657939573 ], [ 127.15769620400205, 37.493781785474603 ], [ 127.157708462034222, 37.493760181336739 ], [ 127.157703087889729, 37.493769657939573 ] ], [ [ 127.157586140447691, 37.494481142048222 ], [ 127.157582718359933, 37.494491193937982 ], [ 127.157583150761695, 37.494489912715615 ], [ 127.15758611781294, 37.494481133068128 ], [ 127.157619070173112, 37.494383700575604 ], [ 127.157586140447691, 37.494481142048222 ] ], [ [ 127.159788855790481, 37.495886112235375 ], [ 127.159771168362951, 37.496020723344891 ], [ 127.159773652809889, 37.496001784771821 ], [ 127.159788855790481, 37.495886112235375 ] ], [ [ 127.159788832546624, 37.49588581493699 ], [ 127.159787921473438, 37.495872057909885 ], [ 127.159788855790481, 37.495886112235375 ], [ 127.159788832546624, 37.49588581493699 ] ], [ [ 127.159763816059453, 37.496345474812209 ], [ 127.159759639057782, 37.496402423509664 ], [ 127.159761859342623, 37.496372092927679 ], [ 127.159763816059453, 37.496345474812209 ] ], [ [ 127.159966645585143, 37.494580813446156 ], [ 127.159961123193753, 37.494514651504943 ], [ 127.159968200182533, 37.494599425995013 ], [ 127.159966645585143, 37.494580813446156 ] ], [ [ 127.159892161902206, 37.494212422841755 ], [ 127.159881715455285, 37.494181298326488 ], [ 127.159909254026701, 37.494263342399854 ], [ 127.159892161902206, 37.494212422841755 ] ], [ [ 127.158125944371974, 37.494114739359432 ], [ 127.158260528917737, 37.494145798513152 ], [ 127.1580092177539, 37.494087808172139 ], [ 127.158125944371974, 37.494114739359432 ] ], [ [ 127.159947481732999, 37.494935697486319 ], [ 127.159958221405319, 37.494853971513407 ], [ 127.159947538292357, 37.494935706420449 ], [ 127.15989612283829, 37.495327799868612 ], [ 127.159917746265663, 37.495162870109802 ], [ 127.159947481732999, 37.494935697486319 ] ], [ [ 127.158103963455318, 37.494689749876343 ], [ 127.158073157476807, 37.49479674826086 ], [ 127.15817395012337, 37.494446635631157 ], [ 127.158173950131896, 37.494446639713075 ], [ 127.158103963455318, 37.494689749876343 ] ], [ [ 127.158048290220805, 37.494883060847052 ], [ 127.158025892784906, 37.49496079264744 ], [ 127.158073157476807, 37.49479674826086 ], [ 127.158048290220805, 37.494883060847052 ] ], [ [ 127.158173972597311, 37.494446567603376 ], [ 127.158173963215603, 37.494446590153899 ], [ 127.158179171598945, 37.494428498258891 ], [ 127.158173972578496, 37.494446558593395 ], [ 127.158173972597311, 37.494446567603376 ] ], [ [ 127.159888178864335, 37.495367968025953 ], [ 127.159888185276543, 37.495367962899692 ], [ 127.159888178921406, 37.49536799505583 ], [ 127.159888178864335, 37.495367968025953 ] ], [ [ 127.159857273840998, 37.497017818768491 ], [ 127.159843751792977, 37.496981652796272 ], [ 127.159867634251412, 37.497045501572117 ], [ 127.159857273840998, 37.497017818768491 ] ], [ [ 127.159820667944913, 37.496910396738137 ], [ 127.159817348277429, 37.496898474005697 ], [ 127.159822582241389, 37.496917259780737 ], [ 127.159820667944913, 37.496910396738137 ] ], [ [ 127.160931911618817, 37.499033924801907 ], [ 127.160875769054996, 37.498961866641743 ], [ 127.160873852643775, 37.49895940049209 ], [ 127.160931911618817, 37.499033924801907 ] ], [ [ 127.160584449378149, 37.498473161435804 ], [ 127.160588895850978, 37.498490184313539 ], [ 127.160610787649219, 37.498574668458829 ], [ 127.160584449378149, 37.498473161435804 ] ], [ [ 127.161347828949403, 37.499641374308595 ], [ 127.161357972119646, 37.499656902800034 ], [ 127.161336517216483, 37.499624081441112 ], [ 127.161347828949403, 37.499641374308595 ] ], [ [ 127.158064167952332, 37.489877205983731 ], [ 127.157920527074552, 37.48984283387734 ], [ 127.158064122685502, 37.489877188023733 ], [ 127.158064167933503, 37.489877196973765 ], [ 127.158064167952332, 37.489877205983731 ] ], [ [ 127.150774277411116, 37.499471510502765 ], [ 127.15084212219945, 37.499564092420862 ], [ 127.150775660844829, 37.499473400850896 ], [ 127.150774277411116, 37.499471510502765 ] ] ], [ [ [ 127.136023078527728, 37.48494807876866 ], [ 127.136178968970668, 37.485146959231322 ], [ 127.136179773598968, 37.485147994464775 ], [ 127.136181541794869, 37.485150425150671 ], [ 127.136112951369654, 37.484750864551799 ], [ 127.135991114610832, 37.484670399773279 ], [ 127.136023078527728, 37.48494807876866 ] ] ], [ [ [ 127.15522493149075, 37.488315978532768 ], [ 127.155239243096901, 37.488353054072974 ], [ 127.155254634657794, 37.488332247982726 ], [ 127.15522493149075, 37.488315978532768 ] ] ] ] } }
]
}
