{"type": "FeatureCollection", "features": [{"type": "Feature", "properties": {"station": "pangyo", "threshold": "30min", "threshold_min": 30, "n_stations": 86, "area_km2": 100.3}, "geometry": {"type": "MultiPolygon", "coordinates": [[[[127.00514827224046, 37.47749778429389], [127.00462310095956, 37.476927199219084], [127.00403029153956, 37.47640038321203], [127.00337555334715, 37.47592240884114], [127.00266519167614, 37.475497878297816], [127.00190604703137, 37.475130879111674], [127.00110542927659, 37.4748249448214], [127.00027104727931, 37.47458302097781], [126.99941093472856, 37.474407436805976], [126.99853337283766, 37.47429988279795], [126.997646810674, 37.47426139445067], [126.99675978387933, 37.47429234230542], [126.9958808325606, 37.47439242838403], [126.99501841913793, 37.47456068905596], [126.9941808469376, 37.474795504308894], [126.99337618031043, 37.47509461333385], [126.99261216704176, 37.47545513627539], [126.99189616379725, 37.475873601938105], [126.99123506532031, 37.47634598118412], [126.99063523806112, 37.47686772570063], [126.99010245887537, 37.47743381176597], [126.98964185938277, 37.47803878859366], [126.98925787652111, 37.478676830790775], [126.98895420977354, 37.47934179442641], [126.98873378548211, 37.48002727617166], [126.98859872859406, 37.480726674942886], [126.98855034211489, 37.48143325545517], [126.98856638557812, 37.48172593714834], [126.98796079090158, 37.48207981307992], [126.98729961277279, 37.482552169222565], [126.9866997082671, 37.48307389264194], [126.98616685498388, 37.483639959819776], [126.98570618525619, 37.48424492015178], [126.98532213669831, 37.484882948404184], [126.9850184094262, 37.485547900780674], [126.98479793036518, 37.486233374061094], [126.98466282499031, 37.486932767243594], [126.98461439677477, 37.48763934509739], [126.98465311454683, 37.48834630301488], [126.9847786078813, 37.48904683253887], [126.98498967057267, 37.48973418693442], [126.98528427216077, 37.49040174617314], [126.98565957740098, 37.49104308070423], [126.98611197349504, 37.49165201339725], [126.98663710482286, 37.49222267905925], [126.98722991484327, 37.49274958095198], [126.98788469476199, 37.4932276437637], [126.98859513849926, 37.49365226252406], [126.98935440342815, 37.49401934698951], [126.99015517629834, 37.49432536107055], [126.99098974370949, 37.494567356919376], [126.99185006645402, 37.494743003348724], [126.99272785701078, 37.49485060830697], [126.99361465944071, 37.49488913519184], [126.99450193091222, 37.49485821284546], [126.99538112406692, 37.4947581391334], [126.99624376942958, 37.49458987807361], [126.99708155706479, 37.494355050542595], [126.99788641669025, 37.494055918648925], [126.99865059547221, 37.493695363925205], [126.99892533081541, 37.49353481206249], [126.99902788714495, 37.49386856559661], [126.99932262989792, 37.494536090387975], [126.99969807597402, 37.4951773808951], [127.00015061121793, 37.495786260410895], [127.00067587866855, 37.49635686425402], [127.00126882047256, 37.496883696281195], [127.00129248503607, 37.4969009681172], [127.00086623336753, 37.497059397350114], [127.00054743418166, 37.49720981526953], [127.00042622708428, 37.497151233602814], [126.9996253814647, 37.49684528876881], [126.99879076022367, 37.49660335363511], [126.99793039935237, 37.49642775753499], [126.99705258245334, 37.496320191074844], [126.99616576104724, 37.49628168987129], [126.99527847326993, 37.49631262458925], [126.99439926173908, 37.49641269737702], [126.99353659137812, 37.49658094473221], [126.9926987679854, 37.49681574677105], [126.99189385832868, 37.497114842812245], [126.99112961253196, 37.49747535312588], [126.99041338949884, 37.49789380663885], [126.98975208608846, 37.49836617433096], [126.98915207072419, 37.498887908001485], [126.98861912207335, 37.49945398403392], [126.9881583733883, 37.500058951739206], [126.98777426304468, 37.50069698581301], [126.98747049175499, 37.50136194240328], [126.98744153332544, 37.50145196522011], [126.98726619546277, 37.5008811056528], [126.9869715360958, 37.50021355210301], [126.9865961746082, 37.499572222310434], [126.98614372753268, 37.49896329190308], [126.98561855338338, 37.49839262437541], [126.98502571063473, 37.497865714651766], [126.98437090897659, 37.497387636202475], [126.98366045431555, 37.4969629922204], [126.98290118805303, 37.49659587132671], [126.98210042122449, 37.49628980823094], [126.98126586413292, 37.49604774972317], [126.98040555215277, 37.495872026324086], [126.97952776841665, 37.49576432986526], [126.97864096412646, 37.49572569721427], [126.97775367725343, 37.49575650030101], [126.97687445040646, 37.49585644254046], [126.97601174865613, 37.49602456168655], [126.97517387810231, 37.49625923908934], [126.97436890596597, 37.496558215267086], [126.97360458297157, 37.49691861164355], [126.97288826876472, 37.49733695824242], [126.97222686108105, 37.49780922707285], [126.97162672934638, 37.49833087088603], [126.97109365334717, 37.498896866930934], [126.9706327675604, 37.49950176528908], [126.97024851168072, 37.50013974132438], [126.96994458782072, 37.500804651744374], [126.9697239247994, 37.50149009373393], [126.9695886498644, 37.502189466593556], [126.96954006812315, 37.50289603528915], [126.96957864988418, 37.503602995302174], [126.96970402603408, 37.50430353815611], [126.96991499149809, 37.50499091698825], [126.97020951675466, 37.505658511535394], [126.97058476729671, 37.50629989190704], [126.97103713085507, 37.506908880531384], [126.97156225212507, 37.5074796116768], [126.97215507466443, 37.508006587974116], [126.97280988955995, 37.5084847333946], [126.9735203903963, 37.50890944217175], [126.9742797339976, 37.50927662319437], [126.97508060635629, 37.509582739442145], [126.97591529311389, 37.50982484208245], [126.97677575391299, 37.510000598898586], [126.97765369990195, 37.51010831677479], [126.97854067364356, 37.51014695802042], [126.97942813065468, 37.51011615037531], [126.98030752178812, 37.510016190599636], [126.98117037565983, 37.50984804161338], [126.982008380324, 37.50961332321322], [126.98281346340592, 37.50931429645645], [126.98357786991751, 37.508953841862954], [126.98429423700364, 37.50853543164635], [126.98495566489657, 37.50806309624225], [126.98555578339385, 37.50754138545787], [126.98608881321775, 37.50697532461789], [126.9865496216657, 37.506370366130845], [126.98693377201525, 37.50573233694352], [126.98723756620922, 37.505067382391005], [126.98726652633022, 37.50497735969135], [126.98744187341184, 37.50554821893379], [126.9877365573937, 37.50621577089443], [126.9881119612795, 37.50685709666107], [126.98856447132201, 37.50746601918717], [126.98908973080447, 37.50803667337713], [126.98968268195189, 37.50856356260261], [126.99033761461082, 37.50904161167331], [126.99104822123016, 37.50946621575064], [126.99180765761353, 37.50983328473204], [126.99260860885839, 37.51013928267661], [126.99344335984514, 37.510381261891624], [126.99430386959666, 37.510556891349836], [126.99518184878895, 37.5106644791628], [126.99606883966452, 37.51070298889343], [126.99695629757493, 37.51067204954904], [126.9969584489344, 37.510671804690034], [126.99752167536889, 37.51117217945388], [126.99817668112465, 37.5116501853767], [126.99888735725317, 37.51207474260696], [126.99964685888791, 37.51244176149325], [127.00044787049703, 37.51274770657729], [127.00128267637886, 37.51298963067562], [127.00214323502682, 37.513165203292], [127.00254080791697, 37.513213894204334], [127.00256467421704, 37.51364766042963], [127.00269037477818, 37.51434816944587], [127.00290167063612, 37.51503549059981], [127.00319652908706, 37.51570300418194], [127.00357211241402, 37.5163442810798], [127.00402480514128, 37.51695314471668], [127.00455024879199, 37.517523730563404], [127.00514338381636, 37.51805054264925], [127.00579849828884, 37.51852850652635], [127.00650928290571, 37.51895301817635], [127.0072688917547, 37.51931998838669], [127.00807000827042, 37.51962588216785], [127.00890491573973, 37.51986775283053], [127.00976557167667, 37.52004327039329], [127.01064368534769, 37.52015074404597], [127.01153079769857, 37.52018913845158], [127.01154568914545, 37.52018861747496], [127.01183700767547, 37.52058034135036], [127.01236253633039, 37.52115089269068], [127.0129557551472, 37.52167766580907], [127.0136109513926, 37.52215558663279], [127.0143218149746, 37.52258005155803], [127.01508149921959, 37.52294697182218], [127.01588268683516, 37.52325281291685], [127.01671766042261, 37.5234946286603], [127.01757837685844, 37.523670089600245], [127.01845654482563, 37.52377750547215], [127.01934370474648, 37.52381584149587], [127.02023131034268, 37.52378472835291], [127.0203062629645, 37.52377618406055], [127.02014794019215, 37.52403931507153], [127.01984435829354, 37.52470435365114], [127.01962407778771, 37.52538988882912], [127.01948922224337, 37.52608931900645], [127.01944109273316, 37.526795908594636], [127.01948015521386, 37.52750285287124], [127.01960603594493, 37.52820334350842], [127.01981752499368, 37.52889063414346], [127.02011258779658, 37.52955810535964], [127.02048838466891, 37.530199328451495], [127.0209412980782, 37.5308081273595], [127.02146696742169, 37.531378638176975], [127.02206033097508, 37.531905365654985], [127.02271567461041, 37.53238323615995], [127.02342668681534, 37.53280764657232], [127.02418651948369, 37.53317450865429], [127.0249878538923, 37.53348028845768], [127.02582297122738, 37.533722040391076], [127.02668382697944, 37.53389743561687], [127.02756212848831, 37.53400478450369], [127.02844941488874, 37.534043052916864], [127.02933713868309, 37.534011872189474], [127.03021674815234, 37.53391154267756], [127.03107976980833, 37.53374303086479], [127.03191789008902, 37.533507960044936], [127.03272303550699, 37.53320859467196], [127.03348745047563, 37.53284781852929], [127.03420377206116, 37.5324291069293], [127.03486510093784, 37.531956493211766], [127.03546506786117, 37.53143452986531], [127.0359978950183, 37.53086824464758], [127.03645845166385, 37.53026309212797], [127.03684230350598, 37.52962490112137], [127.03714575536792, 37.528959818520235], [127.03736588671579, 37.52827425006719], [127.03750057971301, 37.52757479863998], [127.03754853953346, 37.52686820064377], [127.03750930674148, 37.526161261124074], [127.03738326162258, 37.525460788225935], [127.03717162042673, 37.52477352763039], [127.03687642356442, 37.52410609759974], [127.03650051587222, 37.52346492525671], [127.03638847202842, 37.52331436094359], [127.03679053177211, 37.523508448407526], [127.03759181555355, 37.523814142839136], [127.03842686707529, 37.52405580559004], [127.03928764246169, 37.52423110868225], [127.04016584982703, 37.524338363372486], [127.04105302921347, 37.524376536433984], [127.04194063415497, 37.5243452601189], [127.04282011407845, 37.52424483570443], [127.04368299674479, 37.52407623058888], [127.04452096993211, 37.523841068965005], [127.04532596157122, 37.52354161616159], [127.04591830217379, 37.52326193096702], [127.04602571572448, 37.52340623988079], [127.04655152592588, 37.52397664067798], [127.04714500909155, 37.52450324355892], [127.04780044993909, 37.52498097609001], [127.04851153601761, 37.52540523648089], [127.04927141850742, 37.525771937939176], [127.05007277820378, 37.526077548064464], [127.05090789604803, 37.52631912290049], [127.05176872752489, 37.52649433531645], [127.05264698020763, 37.52660149744288], [127.0535341937013, 37.52663957694512], [127.05442182121097, 37.526608206977016], [127.05530131194608, 37.52650768971845], [127.05616419356348, 37.526338993462495], [127.05700215385164, 37.52610374328032], [127.05780712086619, 37.525804205354184], [127.05857134074108, 37.52544326513002], [127.059287452424, 37.52502439950082], [127.05994855861319, 37.524551643289946], [127.06054829221134, 37.524029550358186], [127.06108087765493, 37.52346314971078], [127.06154118652853, 37.522857897028175], [127.06192478692824, 37.52221962208899], [127.06222798610015, 37.52155447259288], [127.0624478659448, 37.52086885492551], [127.06258231104806, 37.5201693724372], [127.06263002897111, 37.51946276183083], [127.06259056260727, 37.51875582827198], [127.06246429449028, 37.51805537984688], [127.06225244301629, 37.51736816199958], [127.06195705061893, 37.51670079257959], [127.06158096401562, 37.51605969812498], [127.06155418629531, 37.516023732666994], [127.0615625012428, 37.51600989619933], [127.06220297528304, 37.51608800199243], [127.06309006991779, 37.51612600901968], [127.06397756955377, 37.516094566365624], [127.06485692463322, 37.51599397691066], [127.06571966412089, 37.51582520964354], [127.06655747717568, 37.51558989031963], [127.06670746900426, 37.51553405427386], [127.06685055701588, 37.515689222473654], [127.06744411879802, 37.51621572457564], [127.06809961822026, 37.51669334548247], [127.0688107422657, 37.517117484479186], [127.06957064174735, 37.517484055943086], [127.07037199729564, 37.51778952872646], [127.07120708989089, 37.518030960196654], [127.07206787526052, 37.51820602460466], [127.0729460614217, 37.51831303550749], [127.07383318862055, 37.51835096202804], [127.07472071089398, 37.51831943879463], [127.07560007846611, 37.51821876946424], [127.07646282018133, 37.51804992379553], [127.07730062517733, 37.517814528299446], [127.07810542300729, 37.51751485055842], [127.07886946143662, 37.517153777365365], [127.07958538116266, 37.516734786894155], [127.08024628673448, 37.51626191517049], [127.08084581298885, 37.51573971716748], [127.08137818636105, 37.515173222901836], [127.08183828047953, 37.51456788895502], [127.08222166550993, 37.513929545887486], [127.08252465077334, 37.51326434205406], [127.08274432023086, 37.51257868436265], [127.08287856049459, 37.51187917654791], [127.08292608109804, 37.51117255555546], [127.08288642683402, 37.51046562664969], [127.08275998204476, 37.50976519787095], [127.08254796682627, 37.50907801447309], [127.08225242518735, 37.50841069397296], [127.08187620528071, 37.5077696624368], [127.08142293189975, 37.50716109261664], [127.08089697150879, 37.50659084453142], [127.08030339014573, 37.50606440906414], [127.07964790460463, 37.50558685511691], [127.07893682736896, 37.50516278083153], [127.07817700582677, 37.50479626934384], [127.07737575635252, 37.50449084949674], [127.07654079388955, 37.50424946188852], [127.07568015770948, 37.50407443058265], [127.07480213406184, 37.503967440749975], [127.07391517645526, 37.503929522457916], [127.07302782433547, 37.50396104076192], [127.07214862093949, 37.50406169219443], [127.07128603111364, 37.50423050768465], [127.07044835988327, 37.50446586188131], [127.07029839302204, 37.504521702936906], [127.07015531892257, 37.50436653870864], [127.06969794371254, 37.50396079752322], [127.07028697043499, 37.50403259901535], [127.07117392716017, 37.50407054454599], [127.07206128122036, 37.50403904018189], [127.07294048446136, 37.503938389398144], [127.07380306731179, 37.503769561774476], [127.07464072044071, 37.50353418364771], [127.075445374865, 37.50323452243254], [127.07620927973218, 37.50287346476231], [127.07692507702636, 37.50245448866082], [127.07758587247605, 37.501981630014896], [127.07818530197848, 37.50145944367118], [127.07871759290025, 37.500892959533616], [127.07887184608937, 37.500689987037354], [127.0796139681101, 37.5007216838875], [127.08050127958504, 37.500690115841856], [127.08138043278423, 37.500589401875615], [127.08224295861882, 37.5004205121774], [127.08308054830773, 37.50018507368221], [127.08388513347958, 37.49988535438645], [127.08464896394973, 37.499524241482966], [127.08536468241974, 37.49910521352764], [127.08602539537807, 37.49863230690672], [127.08662473951728, 37.49811007692878], [127.08715694302681, 37.49754355391786], [127.08761688117107, 37.496938194731534], [127.08800012561719, 37.49629983017265], [127.0883029870393, 37.49563460880233], [127.08852255058993, 37.494948937696705], [127.0886567038995, 37.49424942071907], [127.08870415733702, 37.49354279490276], [127.08866445634015, 37.49283586555825], [127.08853798569893, 37.49213544072986], [127.08832596575617, 37.491448265633245], [127.08803044056397, 37.490780957705304], [127.08786463434683, 37.49049842543973], [127.0884867086485, 37.49026663310415], [127.08925041884882, 37.48990548914554], [127.08996601958104, 37.4894864319325], [127.09062661846829, 37.48901349813277], [127.09122585330225, 37.48849124331638], [127.09175795332543, 37.48792469804623], [127.09221779479886, 37.48731931939384], [127.09260095032059, 37.486680938349124], [127.0929037314208, 37.48601570363156], [127.09312322402488, 37.48533002244538], [127.09325731644572, 37.484630498750604], [127.09330471963774, 37.48392386964488], [127.0932649795214, 37.483216940470115], [127.09313848126227, 37.482516519268714], [127.09292644546791, 37.48182935122128], [127.09263091634182, 37.48116205369675], [127.09225474191304, 37.48052105254024], [127.09180154653409, 37.47991252021157], [127.09127569591556, 37.47934231636919], [127.0906822550363, 37.478815931470734], [127.09002693933603, 37.47833843393221], [127.08931605966187, 37.477914421353155], [127.08855646149917, 37.47754797627622], [127.08775545907176, 37.47724262690585], [127.08692076494505, 37.477001313162695], [127.08606041580836, 37.47682635839995], [127.08518269514923, 37.476719447052275], [127.08429605356115, 37.47668160843207], [127.08340902744966, 37.476713206828165], [127.08253015691548, 37.476813938002174], [127.08166790360275, 37.476982832115624], [127.0808305692994, 37.47721826306015], [127.08002621607018, 37.47751796410121], [127.07926258868842, 37.47787904968503], [127.07854704011068, 37.47829804320013], [127.07788646070952, 37.47877091042667], [127.07728721194448, 37.479293098352926], [127.07675506510837, 37.47985957898661], [127.07629514573917, 37.48046489774014], [127.07591188423228, 37.48110322592545], [127.07560897313054, 37.48176841685444], [127.07538933150443, 37.48245406500561], [127.07525507676785, 37.48315356768853], [127.07520750420409, 37.483860188612965], [127.07524707440162, 37.48456712275144], [127.07537340872464, 37.485267561870785], [127.07558529286568, 37.485954760101826], [127.07588068844913, 37.48662209891569], [127.07604644094108, 37.48690464785853], [127.07542435680715, 37.487136374757235], [127.07466060922175, 37.48749742927403], [127.0739449429602, 37.48791639351448], [127.07328424952769, 37.4883892335409], [127.07268489148127, 37.48891139660387], [127.07215264116593, 37.4894778549509], [127.07199839323077, 37.48968081908875], [127.07125638409393, 37.489649075031565], [127.07036920006891, 37.48968057447967], [127.06980396932052, 37.489745283200484], [127.0693110928391, 37.48930796001241], [127.06865582330343, 37.488830345057615], [127.06839656838387, 37.488675658830154], [127.06846330080924, 37.48846742636575], [127.06859762878987, 37.487767932482335], [127.06864526642205, 37.487061315088965], [127.0686057573685, 37.48635437941609], [127.06847948457018, 37.485653933570106], [127.06826766646427, 37.48496672297025], [127.06797234515938, 37.48429936539638], [127.0675963666848, 37.48365828727301], [127.067143353508, 37.48304966180196], [127.06661766958716, 37.48247934953923], [127.06602437829811, 37.481952841986946], [127.06536919364231, 37.48147520874238], [127.06465842520724, 37.48105104871175], [127.06389891740915, 37.48068444585729], [127.0630979836035, 37.48037892990213], [127.06226333569649, 37.48013744237035], [127.06140300993354, 37.47996230828767], [127.06052528957792, 37.479855213814396], [127.05963862522061, 37.479817190025216], [127.05875155348625, 37.47984860299086], [127.05787261491434, 37.47994915025737], [127.05701027180328, 37.48011786375608], [127.05617282680436, 37.48035311911692], [127.05536834304658, 37.48065265129525], [127.05460456655831, 37.48101357636277], [127.05388885172977, 37.48143241925328], [127.05322809053227, 37.48190514719721], [127.053222207679, 37.48191027067609], [127.05320511787646, 37.481895100273455], [127.05255001604301, 37.48141739646356], [127.05183932139903, 37.48099315978034], [127.05107987765125, 37.480626474924016], [127.0502789975395, 37.480320872407134], [127.04944439245374, 37.48007929458692], [127.0485840982279, 37.479904067358106], [127.04770639782207, 37.47979687777743], [127.0468197416355, 37.479758757834794], [127.04593266621428, 37.479790074526264], [127.04505371213337, 37.47989052632432], [127.04419134184013, 37.48005914607901], [127.0433538582471, 37.480294310322456], [127.04297575667968, 37.480435039411816], [127.04291961002988, 37.48033923375029], [127.04246681775123, 37.47973051475978], [127.04194134551193, 37.47916009376271], [127.04134825465128, 37.4786334633089], [127.04069325724294, 37.47815569417949], [127.0399826610734, 37.47773138658937], [127.03922330890231, 37.477364625921545], [127.03910102874565, 37.47731794926466], [127.03931901650861, 37.477310266521606], [127.04019794756266, 37.47720985719182], [127.04106029371509, 37.47704126634556], [127.04189774791591, 37.47680611803733], [127.04270224309833, 37.47650667746654], [127.04346602994315, 37.47614582913964], [127.04418175156988, 37.47572704906271], [127.04484251443375, 37.47525437123327], [127.04544195474297, 37.47473234875547], [127.0459742997567, 37.474166009954345], [127.04643442337184, 37.47356080991334], [127.04681789546459, 37.47292257790297], [127.04712102451185, 37.47225746120863], [127.04734089308398, 37.47157186589961], [127.0474753858695, 37.47087239511088], [127.04752320996418, 37.4701657854329], [127.04748390723275, 37.46945884202293], [127.0473578586273, 37.468758373063096], [127.04714628042454, 37.46807112419652], [127.04685121242174, 37.467403713573], [127.04647549820847, 37.46676256812914], [127.04602275770746, 37.46615386171635], [127.04549735225166, 37.46558345567125], [127.04490434253644, 37.46505684240004], [127.04424943985337, 37.46457909251884], [127.04353895107657, 37.46415480605763], [127.04277971793152, 37.463788068196486], [127.04197905113146, 37.463482409958715], [127.04114466001398, 37.46324077423834], [127.04028457835442, 37.463065487487725], [127.03940708706791, 37.46295823733672], [127.038520634542, 37.462920056358264], [127.03763375536349, 37.462951312135864], [127.03675498821936, 37.46305170372808], [127.03589279375849, 37.46322026456422], [127.03505547320142, 37.46345537174307], [127.0342510884791, 37.4637547616458], [127.03348738466583, 37.46411555171308], [127.03277171545118, 37.46453426817775], [127.03211097236586, 37.46500687948685], [127.03151151844146, 37.46552883509258], [127.03097912694216, 37.46609510923973], [127.03051892575736, 37.466700249329534], [127.0301353479919, 37.46733842839533], [127.02983208922981, 37.46800350118634], [127.02961207188558, 37.46868906332046], [127.02947741698793, 37.46938851293765], [127.02942942367098, 37.47009511426102], [127.02946855657306, 37.470802062454375], [127.02959444126859, 37.471502549151786], [127.02980586777981, 37.472189828028455], [127.03010080213886, 37.472857279781365], [127.03047640589202, 37.473498475893294], [127.0309290633615, 37.47410724056569], [127.03145441640518, 37.47467771022307], [127.03204740634187, 37.47520439001462], [127.0327023226401, 37.47568220676791], [127.0334128579025, 37.476106557883035], [127.03417216861718, 37.476473355695425], [127.03429444428363, 37.476520037430156], [127.03407645840059, 37.476527710916066], [127.03319752763741, 37.47662807471888], [127.03233516918755, 37.47679660810318], [127.03149768584926, 37.4770316884322], [127.03069314111967, 37.47733105234581], [127.02992928161268, 37.47769181753523], [127.02921346251624, 37.478110510473186], [127.0285525768036, 37.47858309983369], [127.02795298887946, 37.479105035280774], [127.02786878082547, 37.47919457952673], [127.02750334269287, 37.47945588860708], [127.0269037404888, 37.47997781855496], [127.02637121077575, 37.48054406961883], [127.0259108827743, 37.48114918942277], [127.02552719081092, 37.48178735119608], [127.02522383157024, 37.48245240985505], [127.02501944082448, 37.483089022495875], [127.02497442652468, 37.48294268528053], [127.02467949922672, 37.48227522191018], [127.02430390208137, 37.481634008360054], [127.02385125388676, 37.481025219137855], [127.0233259150896, 37.480454716377814], [127.02273294574594, 37.47992799341747], [127.02207805676085, 37.47945012192891], [127.02136755487847, 37.479025703112654], [127.02060828195215, 37.47865882342257], [127.01980754907927, 37.47835301524682], [127.01897306623425, 37.47811122292225], [127.01811286807589, 37.47793577440808], [127.01723523664072, 37.477828358890754], [127.01634862166486, 37.4777900105344], [127.0154615592981, 37.477821098533184], [127.0145825899897, 37.47792132356028], [127.01372017633307, 37.47808972064807], [127.01288262165718, 37.47832466847146], [127.01207799014495, 37.478623904945636], [127.01131402924456, 37.478984548988514], [127.01059809511878, 37.47940312823905], [127.00993708184689, 37.479875612465875], [127.00933735506027, 37.48039745234541], [127.00880469064886, 37.4809636232376], [127.00834421912887, 37.481568673538895], [127.00796037620746, 37.48220677714841], [127.00765686002177, 37.48287178954323], [127.00743659546536, 37.483557306924155], [127.00730170594828, 37.4842567278635], [127.00727707938408, 37.48461764539149], [127.00686183235285, 37.48463216542526], [127.0059827723813, 37.48473232570953], [127.00561675732966, 37.484803760546484], [127.00593982924941, 37.48426673751256], [127.0062433663864, 37.483601729834405], [127.0064636419551, 37.48291621476188], [127.00659853672359, 37.482216794659394], [127.00664675391656, 37.48151020563157], [127.0066078316138, 37.48080325263914], [127.00648214710546, 37.48010274395877], [127.00627091316417, 37.47941542561818], [127.00597616627479, 37.47874791643805], [127.00560074693797, 37.47810664430574], [127.00514827224046, 37.47749778429389]], [[127.03629814870722, 37.49324734939785], [127.03584533361023, 37.49263860619736], [127.03531982264192, 37.49206815672681], [127.03494258544417, 37.491733203065465], [127.0355910975996, 37.491659157300326], [127.03645362018868, 37.49149060167172], [127.03729125026209, 37.49125548776499], [127.03809591905767, 37.49095608044838], [127.03885987558272, 37.490595263908304], [127.03893412823686, 37.49055183099765], [127.03922767218698, 37.490946440308946], [127.03975320528926, 37.49151687264999], [127.04034638578203, 37.49204351056539], [127.04100150129801, 37.49252128128538], [127.04171224252039, 37.49294558265286], [127.04247176395235, 37.493312327481846], [127.04327274986879, 37.49361798295506], [127.04410748481365, 37.49385960468017], [127.04436666428991, 37.49391239670758], [127.04425104795465, 37.494165980989024], [127.04403108284708, 37.49485156730616], [127.04389651268404, 37.4955510308427], [127.04384863578704, 37.49625763568721], [127.04386814141664, 37.49660869050801], [127.04339245126347, 37.49609244215015], [127.0427992174943, 37.49556581953729], [127.04214406403034, 37.49508805878085], [127.0414333001607, 37.4946637600145], [127.04067377025943, 37.49429700853572], [127.03987278789607, 37.493991335497995], [127.03903806544518, 37.493749683936976], [127.03817763987028, 37.49357438045677], [127.03729979539553, 37.49346711284776], [127.03641298380627, 37.493428913850565], [127.03640472327884, 37.49342920471252], [127.03629814870722, 37.49324734939785]], [[127.0242607961213, 37.488432211599395], [127.02464453340839, 37.48779405496331], [127.02494791987972, 37.48712899857605], [127.02515232260804, 37.48649238657353], [127.02519733931061, 37.48663872365028], [127.02549228796411, 37.4873061853847], [127.02586792318168, 37.48794739480611], [127.02632062898394, 37.48855617598757], [127.02684604676462, 37.48912666519426], [127.0272232345457, 37.48946164452173], [127.02657473364499, 37.48953564445263], [127.02571221215808, 37.489704128013464], [127.02487456404918, 37.489939159754], [127.02406985440057, 37.49023847678206], [127.02330583141296, 37.49059919724049], [127.02274400584156, 37.49092771118344], [127.02252401680515, 37.49055217356525], [127.02236684469442, 37.4903408020746], [127.02266807075256, 37.49012546432332], [127.02326778406187, 37.489603557528376], [127.0238004020961, 37.4890373219236], [127.0242607961213, 37.488432211599395]], [[127.05962606800642, 37.50110330631899], [127.06021510561591, 37.50127370036119], [127.0610756724921, 37.50144884399539], [127.06195364608342, 37.50155593559351], [127.06284056868536, 37.50159394350088], [127.06372789630737, 37.50156250156149], [127.0642932211838, 37.50149782263402], [127.06465004648526, 37.50181441266284], [127.0640610428443, 37.50174258317872], [127.06317411777515, 37.501704584420914], [127.06228678828022, 37.50173602218768], [127.06140759737887, 37.501836593786436], [127.0605450097971, 37.502005330914635], [127.05970733053836, 37.50224060897512], [127.0589026249858, 37.50254016270533], [127.05813864130239, 37.50290110797009], [127.05774064929052, 37.50313396603058], [127.05773488863953, 37.50310199211132], [127.05754082819266, 37.502472226920766], [127.05789129699413, 37.502306649869666], [127.05860719010221, 37.50188778534036], [127.05926809502685, 37.501415029816], [127.05962606800642, 37.50110330631899]]], [[[127.02437876611906, 37.53710052634983], [127.02378534536525, 37.53657381058952], [127.02312995845796, 37.53609594606061], [127.0224189169359, 37.53567153389463], [127.02165906784742, 37.5353046604795], [127.02085772783543, 37.534998858141236], [127.02002261271709, 37.53475707115897], [127.01916176323496, 37.53458162743922], [127.01828346769216, 37.53447421612134], [127.01739618221394, 37.53443587132851], [127.01650844940055, 37.53446696222041], [127.01562881615112, 37.53456718944259], [127.01476575144665, 37.53473558800689], [127.01392756488002, 37.53497053657497], [127.01312232671415, 37.53526977305616], [127.0123577902354, 37.535630416369806], [127.01164131714636, 37.53604899416373], [127.01097980671481, 37.53652147622244], [127.01037962935945, 37.53704331324525], [127.00984656531003, 37.5376094806216], [127.00938574893351, 37.53821452678367], [127.00900161926144, 37.53885262567215], [127.00869787719688, 37.539517632811126], [127.00847744981407, 37.54020314445327], [127.00834246209726, 37.54090255922701], [127.0082942163934, 37.541609141692945], [127.00833317977992, 37.542316087197904], [127.0084589794725, 37.54301658740281], [127.00867040632097, 37.54370389585322], [127.00896542636289, 37.5443713929612], [127.0093412003274, 37.54501264977207], [127.00979411090465, 37.545621489901585], [127.010319797521, 37.54619204904593], [127.01091319828737, 37.546718831490445], [127.01156859871871, 37.54719676307174], [127.01227968675659, 37.54762124008148], [127.01303961356504, 37.54798817363985], [127.0138410595145, 37.54829402910957], [127.01467630471663, 37.548535860169714], [127.01553730342985, 37.54871133721982], [127.01641576161617, 37.54881876983971], [127.01730321690005, 37.548857123087544], [127.01819112015566, 37.548826027478775], [127.01907091793393, 37.54872578254906], [127.01993413493105, 37.5485573539671], [127.02077245570167, 37.54832236422476], [127.02157780482543, 37.54802307699504], [127.022342424752, 37.5476623753088], [127.02305895057188, 37.54724373376149], [127.02372048099085, 37.54677118501858], [127.0243206448222, 37.54624928094338], [127.02485366235577, 37.54568304872326], [127.02531440101231, 37.545077942417954], [127.02569842474689, 37.54443979039801], [127.02600203672765, 37.54377473918119], [127.02622231487938, 37.5430891942087], [127.02635713995268, 37.54238975813295], [127.02640521585091, 37.54168316721199], [127.02636608202215, 37.54097622642391], [127.02624011780075, 37.540275743926536], [127.02602853865962, 37.53958846549378], [127.02573338441375, 37.538921009560056], [127.02535749949134, 37.538279803497716], [127.02490450546625, 37.53767102174078], [127.02437876611906, 37.53710052634983]]], [[[127.05917246852539, 37.284472140179496], [127.05864821471704, 37.283901782577274], [127.05805652810216, 37.28337522772884], [127.05740310722642, 37.28289754569391], [127.05669424469387, 37.28247333585545], [127.05593676657334, 37.28210668266188], [127.05513796668504, 37.281801116327095], [127.0543055363999, 37.28155957886545], [127.05344749062527, 37.281384395787605], [127.0525720906882, 37.28127725372871], [127.05168776485586, 37.28123918422334], [127.05080302725545, 37.28127055378279], [127.04992639597134, 37.28137106037009], [127.04906631110434, 37.28153973630595], [127.04823105357845, 37.281774957578435], [127.0474286654744, 37.28207445946651], [127.04666687265312, 37.28243535832799], [127.04595301041198, 37.28285417934274], [127.04529395288742, 37.28332688994513], [127.0446960468819, 37.283848938624864], [127.04416505075167, 37.28441529872399], [127.04370607894319, 37.285020516809695], [127.04332355271272, 37.28565876515822], [127.04302115750485, 37.286323897846145], [127.04280180740163, 37.287009509909915], [127.04266761698736, 37.28770899900491], [127.04261988090234, 37.28841562897149], [127.04265906128607, 37.28912259469617], [127.04278478323373, 37.289823087644], [127.04299583831344, 37.290510361431096], [127.04329019611441, 37.291177796805705], [127.04366502371758, 37.29181896541174], [127.04411671290474, 37.29242769171997], [127.04464091484718, 37.29299811252956], [127.04523258194152, 37.29352473346598], [127.04588601639225, 37.29400248192981], [127.04659492507365, 37.29442675598524], [127.04735248014346, 37.29479346871603], [127.04815138482427, 37.29509908762031], [127.04898394371808, 37.29534066866351], [127.04984213697519, 37.29551588466014], [127.05071769760085, 37.29562304771001], [127.05160219115274, 37.29566112547189], [127.05248709705829, 37.29562975111715], [127.05336389076523, 37.295529226867096], [127.05422412593099, 37.29536052107973], [127.0550595158556, 37.29512525891421], [127.05586201337037, 37.29482570666304], [127.05662388840977, 37.294464749903845], [127.05733780251681, 37.29404586568171], [127.05799687956191, 37.29357308899134], [127.05859477199242, 37.293050973882735], [127.05912572197379, 37.29248454956662], [127.05958461683302, 37.291879271943685], [127.05996703827095, 37.29124097102567], [127.06026930487015, 37.2905757947562], [127.06048850749089, 37.289890149773655], [127.0606225372166, 37.289190639687675], [127.06067010558206, 37.288484001464596], [127.06063075689319, 37.2877770405352], [127.06050487252273, 37.28707656525012], [127.06029366714426, 37.28638932131452], [127.05999917694454, 37.285721926832956], [127.05962423993066, 37.28508080859], [127.05917246852539, 37.284472140179496]]], [[[127.07633837452742, 37.29320003968134], [127.07574649159142, 37.29267357286354], [127.07509287809313, 37.29219598802982], [127.07438382848987, 37.29177188362677], [127.07362617065006, 37.29140534308743], [127.07282720012276, 37.2910998955409], [127.07199460992017, 37.290858481857924], [127.07113641648783, 37.29068342635767], [127.07026088257301, 37.29057641444731], [127.06937643773153, 37.290538476408884], [127.06849159723546, 37.29056997748855], [127.06761488015916, 37.290670614383735], [127.06675472742899, 37.29083941816124], [127.06591942062235, 37.29107476357898], [127.0651170022948, 37.2913743847213], [127.06435519859885, 37.291735396798416], [127.06364134493755, 37.292154323900654], [127.06298231536599, 37.29262713244127], [127.06238445641898, 37.29314926996721], [127.06185352600141, 37.29371570896515], [127.06139463792876, 37.294320995242444], [127.06101221265297, 37.29495930041846], [127.06070993464834, 37.29562447802213], [127.06049071687015, 37.29631012265676], [127.0603566726301, 37.29700963166339], [127.06030909516241, 37.29771626868976], [127.0603484450803, 37.29842322855344], [127.06047434584713, 37.299123702774914], [127.06068558730959, 37.299810945149595], [127.06098013726209, 37.30047833672724], [127.06135516093484, 37.30111944957255], [127.06180704822086, 37.30172810869243], [127.06233144838261, 37.302298451532366], [127.06292331190656, 37.30282498446807], [127.06357693910385, 37.303302635747215], [127.06428603499077, 37.30372680436969], [127.06504376992015, 37.30409340443459], [127.0658428453805, 37.30439890452524], [127.06667556432706, 37.30464036175169], [127.06753390536674, 37.30481545012141], [127.06840960007983, 37.30492248296405], [127.06929421273108, 37.3049604291932], [127.0701792215996, 37.304928923247864], [127.07105610114058, 37.3048282686177], [127.07191640418425, 37.30465943491735], [127.0727518433767, 37.304424048538905], [127.07355437107488, 37.30412437697205], [127.07431625692325, 37.303763306944376], [127.07503016236164, 37.30334431659259], [127.07568921134522, 37.30287144193406], [127.0762870565932, 37.30234923796272], [127.07681794072715, 37.30178273474534], [127.07727675171019, 37.3011773889425], [127.07765907205294, 37.30053903122236], [127.07796122131359, 37.29987381007522], [127.07818029148447, 37.29918813257112], [127.07831417492625, 37.29848860263221], [127.07836158458416, 37.29778195741513], [127.07832206629384, 37.29707500241711], [127.07819600306232, 37.29637454593063], [127.0779846112864, 37.29568733347878], [127.07768992894808, 37.29501998286185], [127.0773147959047, 37.29437892044106], [127.07686282646628, 37.293770319271715], [127.07633837452742, 37.29320003968134]]], [[[127.1018936050895, 37.29233761698843], [127.10105838882458, 37.29257321088678], [127.10025609165872, 37.292873070913615], [127.09949443858007, 37.29323430997988], [127.09878076354397, 37.29365344999081], [127.09812193888845, 37.29412645530993], [127.0975243091782, 37.29464877158934], [127.09699363011376, 37.29521536959412], [127.0965350130933, 37.29582079359977], [127.09615287596138, 37.29645921389844], [127.0958509004201, 37.297124482909176], [127.09563199651417, 37.297810194353495], [127.09549827453432, 37.29850974492734], [127.09545102461244, 37.299216397876265], [127.09549070420779, 37.29992334786257], [127.09561693360872, 37.300623786499905], [127.09582849949616, 37.30131096792447], [127.09612336653882, 37.30197827377123], [127.09649869691114, 37.30261927692899], [127.09695087755, 37.30322780345967], [127.09747555488987, 37.30379799208466], [127.09806767674463, 37.30432435066425], [127.0987215409343, 37.30480180912495], [127.09943085018931, 37.30522576832373], [127.10018877280447, 37.305592144377044], [127.10098800845762, 37.305897408026446], [127.10182085855855, 37.306138618660206], [127.10267930044874, 37.30631345266211], [127.10355506473545, 37.3064202258132], [127.10407963279167, 37.30644257180038], [127.10335581633879, 37.30678583394145], [127.10264203377311, 37.307204995656924], [127.10198311410818, 37.30767802083952], [127.10138540282388, 37.30820035495057], [127.10085465640687, 37.308766968583875], [127.10039598690476, 37.30937240586481], [127.10001381266865, 37.310010836957986], [127.09971181575926, 37.31067611417872], [127.09949290642855, 37.31136183116964], [127.09935919502115, 37.31206138457327], [127.0993119715687, 37.312768037607846], [127.0993516932773, 37.3134749849347], [127.09947798003127, 37.314175418192825], [127.0996896179607, 37.31486259156989], [127.09998457104174, 37.31552988677796], [127.10036000062125, 37.3161708768078], [127.10081229268152, 37.3167793878473], [127.10133709258437, 37.31734955876648], [127.10192934696353, 37.31787589759566], [127.1025833523625, 37.31835333445105], [127.10289752504875, 37.31854106920526], [127.10258156881137, 37.318690879992786], [127.10244454219915, 37.31877133378419], [127.10229593304103, 37.31857141030247], [127.10177111744548, 37.318001243661946], [127.10117886320135, 37.317474904052666], [127.1005248743173, 37.31699745946003], [127.09981544886314, 37.31657350697933], [127.0990574183238, 37.31620712858004], [127.098258081834, 37.315901851829665], [127.09742513592671, 37.31566061595428], [127.0965666004692, 37.31548574356124], [127.09569074149881, 37.315378918295124], [127.09480599169827, 37.31534116864155], [127.09392086927336, 37.3153728580338], [127.09304389601078, 37.31547368135716], [127.09218351530193, 37.315642667884696], [127.09134801091828, 37.315878190616004], [127.09054542731727, 37.31617798192942], [127.08978349224309, 37.31653915539792], [127.08906954236477, 37.31695823355894], [127.08841045266536, 37.31743118137228], [127.0878125702609, 37.31795344504459], [127.08728165328483, 37.318519995848426], [127.08682281542637, 37.31912537851483], [127.08644047665739, 37.31976376373499], [127.0861383206229, 37.32042900426678], [127.08591925910733, 37.32111469410691], [127.08578540392132, 37.32181423016026], [127.08573804648195, 37.32252087581296], [127.08577764528668, 37.323227825798234], [127.08590382140477, 37.323928271730175], [127.08611536203327, 37.32461546767505], [127.08641023208698, 37.3252827951281], [127.08678559371415, 37.32592382676993], [127.0872378335532, 37.32653238838788], [127.08776259747064, 37.327102618365], [127.08835483244832, 37.32762902416269], [127.089008835218, 37.32810653525198], [127.0897183071762, 37.328530551982155], [127.090476415051, 37.328896989914696], [127.09127585673555, 37.32920231919423], [127.09210893165444, 37.32944359857601], [127.09296761498253, 37.32961850378081], [127.09384363499981, 37.329725349903036], [127.09472855283471, 37.32976310765565], [127.09561384382394, 37.32973141329409], [127.09649097970298, 37.329630572124046], [127.09735151083115, 37.32946155555829], [127.09818714765647, 37.3292259917516], [127.09898984063186, 37.3289261499041], [127.09975185780986, 37.32856491838484], [127.0998889051437, 37.32848446796539], [127.10003752717977, 37.32868439421192], [127.10056240316985, 37.32925456786881], [127.10115474479076, 37.32978091002911], [127.10180884774604, 37.33025835077653], [127.10251841246618, 37.330682291137826], [127.10261194916615, 37.330727488247696], [127.10197370275729, 37.330750376290325], [127.10109656080196, 37.330851258054], [127.10023602193458, 37.33102030177465], [127.09940037144851, 37.33125587990167], [127.0985976552073, 37.33155572428064], [127.0978356022319, 37.331916947974165], [127.09712155032659, 37.33233607303669], [127.0964623754572, 37.33280906397696], [127.09586442556055, 37.33333136658686], [127.09533345942097, 37.3338979517645], [127.09487459120247, 37.33450336391021], [127.09449224117076, 37.33514177343158], [127.09419009308114, 37.335807032852564], [127.0939710586434, 37.336492735988], [127.09383724940945, 37.33719227961454], [127.0937899563558, 37.33789892704515], [127.09382963736174, 37.33860587299551], [127.09395591270668, 37.339306309118115], [127.09416756863361, 37.33999348957306], [127.09446256894827, 37.340660796004144], [127.09483807454538, 37.34130180129376], [127.09529047067743, 37.3419103314823], [127.09581540170596, 37.34248052525481], [127.09640781300325, 37.34300689042074], [127.09706199960247, 37.34348435684184], [127.0977716611289, 37.34390832529706], [127.09852996248357, 37.3442747118124], [127.09932959969488, 37.344579987027416], [127.1001628703026, 37.34482121021789], [127.10102174759506, 37.34499605764574], [127.10189795798233, 37.34510284496194], [127.10223841247476, 37.34511734645941], [127.10186230303846, 37.34544586034799], [127.10133129558488, 37.3460124710497], [127.10087240069583, 37.3466179050701], [127.10049003889509, 37.34725633260632], [127.10018789405255, 37.34792160600896], [127.09996887784834, 37.348607318958194], [127.09983510166023, 37.349306868136104], [127.09978785614813, 37.350013516801965], [127.09982759873492, 37.35072045965929], [127.09995394910838, 37.351420888389995], [127.1001656927902, 37.35210805722493], [127.100460792742, 37.35277534791928], [127.10083640889972, 37.35341633350647], [127.10128892545158, 37.35402484021611], [127.10181398559962, 37.35459500695883], [127.10240653347256, 37.35512134180387], [127.10306086278779, 37.35559877490454], [127.10377067179549, 37.35602270736032], [127.1045291239754, 37.35638905554354], [127.10532891390221, 37.35669429046271], [127.10616233764361, 37.3569354717816], [127.10702136701164, 37.357110276165315], [127.10789772695031, 37.35721701967951], [127.10807152151841, 37.35722441261722], [127.10809584458781, 37.35722737511314], [127.10898109318204, 37.357265027977846], [127.10986670216573, 37.35723322892507], [127.11074414020872, 37.357132284269596], [127.11160495475754, 37.35696316642185], [127.11244085352843, 37.35672750451318], [127.11324378444979, 37.35642756868969], [127.11400601328167, 37.356066248226725], [127.1147201981611, 37.355647023675495], [127.1153794603538, 37.355173933311235], [127.11597745052876, 37.35465153420729], [127.1165084099162, 37.3540848583113], [127.11696722575984, 37.35347936394798], [127.11734948052987, 37.35284088321678], [127.11765149442283, 37.35217556579269], [127.11787036074195, 37.35148981967246], [127.11800397381859, 37.35079024943792], [127.11805104920876, 37.35008359263226], [127.11801113597402, 37.34937665486226], [127.11788462093085, 37.348676244252154], [127.11767272483225, 37.34798910588052], [127.11737749052091, 37.34732185683147], [127.11700176317252, 37.34668092248514], [127.11654916282173, 37.3460724746606], [127.11602404943883, 37.345502372205935], [127.11543148089552, 37.344976104606395], [127.11537742162514, 37.34493666531067], [127.11592334411884, 37.34445968602014], [127.11645423146886, 37.34389300899144], [127.1169129850117, 37.343287513450875], [127.11729518781681, 37.34264903150897], [127.11759716058053, 37.34198371285208], [127.11781599700122, 37.34129796548857], [127.11794959169704, 37.34059839401213], [127.11799666039994, 37.33989173597779], [127.11795675223458, 37.339184797004094], [127.11783025396744, 37.338484385226955], [127.11761838618872, 37.33779724573628], [127.11732319146739, 37.3371299956271], [127.11694751459684, 37.33648906028999], [127.11649497512485, 37.335880611553875], [127.11596993243477, 37.33531050827589], [127.11537744371715, 37.33478423994957], [127.11472321523758, 37.33430687387314], [127.11401354737175, 37.333883006385236], [127.11325527393726, 37.33351671863638], [127.11245569640596, 37.333211537320956], [127.11162251362967, 37.332970400745964], [127.11076374775446, 37.33279563056264], [127.10988766703422, 37.33268890943165], [127.10900270628487, 37.33265126483633], [127.10896050450059, 37.33265278057267], [127.10857922808309, 37.33237453279231], [127.10786961314815, 37.33195062861357], [127.10777607175112, 37.331905435642796], [127.10841432645597, 37.33188251635005], [127.1092914711157, 37.33178158036577], [127.11015199898245, 37.33161247073795], [127.11098762053601, 37.3313768165183], [127.11179028637687, 37.33107688777829], [127.11255226481974, 37.330715573724284], [127.11326621641447, 37.33029635484495], [127.1139252646742, 37.32982326936005], [127.11452306232835, 37.32930087429502], [127.11505385246083, 37.328734201557786], [127.11551252394447, 37.328128709441756], [127.1158946606381, 37.327490230024026], [127.11619658387346, 37.326824912966295], [127.1164153878244, 37.32613916626125], [127.11654896742013, 37.325439594496046], [127.11659603853624, 37.3247329352284], [127.11655615027236, 37.32402599408881], [127.11642968920145, 37.3233255792341], [127.11621787555382, 37.32263843578409], [127.11592275137552, 37.32197118087224], [127.11554716077926, 37.32133023993577], [127.11509472248088, 37.32072178485797], [127.11456979488864, 37.320151674557586], [127.11397743408418, 37.31962539859631], [127.11332334510112, 37.31914802434638], [127.11300914372359, 37.3189603171309], [127.11332508064474, 37.31881047839601], [127.11403891477765, 37.318391253350654], [127.11469785361007, 37.3179181619974], [127.11529555092554, 37.31739576141777], [127.11582625077418, 37.31682908357237], [127.11628484289803, 37.31622358680343], [127.11666691191958, 37.31558510323244], [127.1169687798214, 37.31491978256076], [127.11718754130926, 37.31423403281558], [127.1173210917201, 37.31353445861308], [127.11736814720915, 37.312827797534325], [127.11732825702518, 37.31212085522713], [127.1172018077582, 37.311420439859575], [127.11699001952343, 37.31073329655648], [127.1166949341209, 37.31006604245006], [127.11631939528876, 37.30942510297002], [127.11586702124326, 37.30881664998587], [127.11534216977316, 37.308246542396574], [127.1147498962265, 37.30772026973807], [127.11409590479637, 37.307242899351245], [127.11338649357592, 37.30681902761716], [127.11262849391201, 37.30645273572817], [127.11182920464151, 37.30614755041933], [127.11099632184226, 37.305906410036805], [127.11013786477385, 37.30573163626907], [127.10926209871911, 37.30562491181176], [127.10917353994726, 37.30562114332872], [127.10989258194529, 37.305352381193046], [127.11065430862105, 37.304991076364296], [127.11136802610815, 37.30457186579341], [127.11202686017509, 37.30409878761925], [127.11262446561422, 37.30357639879597], [127.11315508736016, 37.303009731170455], [127.11361361590636, 37.30240424298607], [127.1139956364866, 37.30176576628131], [127.11429747154878, 37.301100450691116], [127.11451621611344, 37.30041470419356], [127.11464976567892, 37.299715131373425], [127.114696836407, 37.299008469798466], [127.11465697739793, 37.29830152512136], [127.11453057493989, 37.29760110553323], [127.1143188486958, 37.29691395619982], [127.11402383986733, 37.29624669431177], [127.11364839145398, 37.295605745374125], [127.1131961208004, 37.294997281347996], [127.11267138469907, 37.29442716123911], [127.11207923738667, 37.29390087470454], [127.11142538184068, 37.29342348921927], [127.11130372275764, 37.29335078125308], [127.1121770436973, 37.29331937515539], [127.11305373518465, 37.293218408055786], [127.11391381465705, 37.29304926743452], [127.1147489969168, 37.29281358264133], [127.11555123679891, 37.29251362404139], [127.11631280672356, 37.29215228112779], [127.11702637117735, 37.29173303466604], [127.1176850574036, 37.29125992314031], [127.11828252161916, 37.29073750382554], [127.11881301011913, 37.290170808861774], [127.11927141468024, 37.28956529675518], [127.11965332173011, 37.28892679977406], [127.11995505480944, 37.2882614677481], [127.12017370992014, 37.28757570881311], [127.12030718342088, 37.286876127673175], [127.12035419220472, 37.28616946197574], [127.12031428596701, 37.285462517412824], [127.12018785144915, 37.28476210217419], [127.1199761086212, 37.28407496138349], [127.11968109884288, 37.283407712149014], [127.11930566512137, 37.28276677985401], [127.11894728755478, 37.28228462022807], [127.11938082491004, 37.28216224001846], [127.12018293323783, 37.28186224875282], [127.12094437349066, 37.28150087466789], [127.12165781140492, 37.28108159882919], [127.12231637544336, 37.28060846000351], [127.1229137230002, 37.280086015728365], [127.12344410149431, 37.27951929838381], [127.12390240376195, 37.2789137666911], [127.12428421721563, 37.27827525310673], [127.12458586629707, 37.27760990761981], [127.12480444781632, 37.27692413849538], [127.12493785883997, 37.27622455053525], [127.12498481686163, 37.27551788145216], [127.12494487206429, 37.274810936970475], [127.12481841155942, 37.274110525278914], [127.12460665556596, 37.273423391466835], [127.12431164556915, 37.27275615257531], [127.12393622457688, 37.27211523388795], [127.12348400966722, 37.27150680707481], [127.12295935709355, 37.270936730783674], [127.12236732028633, 37.27041049425023], [127.12171360115754, 37.269933164468696], [127.12100449517753, 37.2695093374304], [127.12024683075416, 37.26914309389863], [127.11944790349708, 37.268837960144054], [127.11861540600002, 37.268596874017675], [127.11775735381484, 37.268422156686555], [127.11688200832872, 37.26831549030383], [127.115997797284, 37.268277901826586], [127.11511323370334, 37.26830975313722], [127.11423683399725, 37.26841073756271], [127.11337703603951, 37.26857988282531], [127.11254211799528, 37.26881556039611], [127.11174011868094, 37.26911550116226], [127.11097876021891, 37.26947681725688], [127.11026537372953, 37.26989602984298], [127.1096068287739, 37.27036910258454], [127.10900946722441, 37.27089148048359], [127.10847904219996, 37.271458133710915], [127.10802066265238, 37.272063606009226], [127.107638744139, 37.27270206720451], [127.10733696625552, 37.27336736932095], [127.1071182371416, 37.27405310576022], [127.10698466540273, 37.274752672976575], [127.10693753972146, 37.27545933405443], [127.10697731635786, 37.27616628357708], [127.10710361466273, 37.276866713162086], [127.10731522065045, 37.27755387703244], [127.10761009860045, 37.27822115699197], [127.10798541057923, 37.2788621261788], [127.10834370188839, 37.27934431877994], [127.10791016322725, 37.279466658614844], [127.10710803243937, 37.27976656670705], [127.1063465443753, 37.28012785161636], [127.1056330314026, 37.28054703480631], [127.10497436429957, 37.281020080224245], [127.10437688611445, 37.28154243313572], [127.10384635108899, 37.28210906395249], [127.10338786923441, 37.282714516633575], [127.10300585709344, 37.283352961194325], [127.10270399516394, 37.284018249819546], [127.1024851923957, 37.284703976041314], [127.10235155810439, 37.28540353641264], [127.10230438157606, 37.286110194084266], [127.10234411956172, 37.28681714367258], [127.10247039178572, 37.28751757679469], [127.10268198451494, 37.28820474763971], [127.10297686215783, 37.28887203794435], [127.10335218678513, 37.28951302074708], [127.10380434538753, 37.290121522305945], [127.10432898461039, 37.29069168158306], [127.10492105263357, 37.29121800672166], [127.1055748477947, 37.29169542797074], [127.10569649866012, 37.291768141798826], [127.10482319339486, 37.291799500175415], [127.1039465079407, 37.29190040636683], [127.1030864199107, 37.29206947453839], [127.10269259903995, 37.2921805674808], [127.1018936050895, 37.29233761698843]]], [[[127.05189077783368, 37.298084522956486], [127.05136648591572, 37.29751413415423], [127.0507747447844, 37.29698754374895], [127.0501212535113, 37.29650982214239], [127.049412305379, 37.29608556909808], [127.04865472728086, 37.295718869479984], [127.04785581399987, 37.295413253948475], [127.04702325799848, 37.295171664991095], [127.04616507539399, 37.2949964286138], [127.0452895288301, 37.29488923196447], [127.04440504798467, 37.294851107102865], [127.04352014847629, 37.294882421073], [127.0426433499469, 37.29498287237279], [127.04178309410614, 37.295151493855236], [127.04094766352289, 37.295386662032634], [127.04014510194276, 37.29568611269526], [127.03938313689576, 37.296046962694376], [127.03866910533652, 37.29646573768063], [127.03800988303088, 37.29693840553199], [127.0374118183674, 37.297460415150304], [127.03688067122975, 37.29802674025436], [127.03642155751842, 37.29863192774886], [127.03603889985644, 37.29927015020531], [127.03573638495459, 37.29993526195024], [127.03551692804842, 37.30062085822242], [127.03538264475192, 37.3013203368299], [127.03533483060126, 37.30202696171457], [127.03537394848931, 37.302733927812326], [127.03549962411472, 37.30343442658501], [127.03571064949358, 37.30412171159287], [127.0360049945029, 37.30478916347626], [127.03637982634842, 37.30543035372011], [127.0368315367728, 37.306039106586695], [127.0373557767441, 37.30660955861921], [127.03794749829395, 37.307136215142094], [127.03860100310322, 37.30761400321277], [127.0393099973692, 37.30803832051352], [127.0400676524256, 37.308405079711015], [127.04086667053194, 37.30871074785532], [127.04169935519747, 37.308952380437], [127.04255768536032, 37.30912764977362], [127.04343339270626, 37.309234867450726], [127.04431804137865, 37.30927300060044], [127.04520310930938, 37.30924168186026], [127.04608007038415, 37.309141212915556], [127.04694047664682, 37.30897256159145], [127.04777603974787, 37.308737352522414], [127.04857871084904, 37.30843785148962], [127.04934075821154, 37.30807694357752], [127.05005484171743, 37.307658105361014], [127.05071408360453, 37.307185371392045], [127.05131213473182, 37.306663295309605], [127.05184323573582, 37.30609690594913], [127.05230227248889, 37.305491658875226], [127.05268482532549, 37.304853383805984], [127.05298721156323, 37.30418822843674], [127.053206520911, 37.303502599205245], [127.05334064342549, 37.30280309956999], [127.0533882897492, 37.30209646639722], [127.05334900343878, 37.301389505069515], [127.053223165268, 37.30068902394173], [127.05301198946724, 37.300001768775545], [127.05271751194016, 37.299334357783785], [127.05234257057356, 37.2986932179101], [127.05189077783368, 37.298084522956486]]], [[[127.0878701799376, 37.3094497304505], [127.08734553665761, 37.308879499984066], [127.08675345462504, 37.30835308839662], [127.08609963619129, 37.30787556436715], [127.08539037778615, 37.307451525756235], [127.08463250928736, 37.30708505536286], [127.08383332827093, 37.306779681640435], [127.08300052977417, 37.30653834474869], [127.08214213224653, 37.30636336826734], [127.0812664003986, 37.3062564368429], [127.08038176569036, 37.30621857998267], [127.0794967452204, 37.306250162151585], [127.0786198597945, 37.30635087926676], [127.07775955195883, 37.30651976162322], [127.07692410478339, 37.30675518322291], [127.07612156217463, 37.30705487741733], [127.07535965148169, 37.30741595871398], [127.074645709138, 37.307834950537305], [127.07398661005318, 37.308307818678], [127.07338870143232, 37.30883001010965], [127.07285774165989, 37.30939649680026], [127.07239884483563, 37.31000182409823], [127.07201643149754, 37.310640163228086], [127.071714186007, 37.3113053673918], [127.07149502100822, 37.31199103093679], [127.07136104930684, 37.31269055102166], [127.07131356344057, 37.31339719118707], [127.07135302314242, 37.3141041462198], [127.0714790508203, 37.31480460768621], [127.07169043510021, 37.3154918295038], [127.07198514240228, 37.316159192919486], [127.07236033644223, 37.31680027026839], [127.07281240547272, 37.317408886898434], [127.0733369970059, 37.317979180663514], [127.07392905968482, 37.31850565841128], [127.07458289190178, 37.31898324892027], [127.0752921966974, 37.31940735177513], [127.07605014241113, 37.31977388170799], [127.07684942849964, 37.320079307977394], [127.07768235588772, 37.32032068840426], [127.07854090117276, 37.320495697735815], [127.07941679396585, 37.32060265006317], [127.08030159662209, 37.320640515075716], [127.08118678558867, 37.320608927995245], [127.0820638335846, 37.32050819309335], [127.08292429181621, 37.320339280758574], [127.08375987143393, 37.32010381814103], [127.08456252344155, 37.31980407346548], [127.08532451628585, 37.31944293416442], [127.08603851037633, 37.31902387904244], [127.08669762881479, 37.31855094474142], [127.0872955236524, 37.31802868683025], [127.08782643703435, 37.31746213589571], [127.08828525664369, 37.31685674905826], [127.08866756490973, 37.31621835738143], [127.08896968150893, 37.315553109682604], [127.0891886987503, 37.31486741328739], [127.08932250950652, 37.314167872299606], [127.08936982742479, 37.313461223981875], [127.08933019922634, 37.312754273860705], [127.08920400897841, 37.31205383018102], [127.08899247430257, 37.311366638341745], [127.08869763455823, 37.31069931594393], [127.08832233111941, 37.31005828907613], [127.0878701799376, 37.3094497304505]]], [[[127.06183405941555, 37.44366000784683], [127.06124110585436, 37.443133474974594], [127.06058628806875, 37.442655814413854], [127.05987591211385, 37.442231625335275], [127.05911681862786, 37.44186499198202], [127.0583163169788, 37.44155944437206], [127.05748211491421, 37.441317924335195], [127.05662224438974, 37.44114275721084], [127.05574498428878, 37.44103562947797], [127.05485878077441, 37.440997572531685], [127.05397216603782, 37.44102895276196], [127.05309367622208, 37.441129468029665], [127.05223176930816, 37.4412981505737], [127.05139474375052, 37.4415333763212], [127.05059065864212, 37.44183288051168], [127.04982725617477, 37.442193779485194], [127.04911188713851, 37.44261259842548], [127.04845144017553, 37.443085304792234], [127.04785227546748, 37.44360734712154], [127.04732016349453, 37.44417369882218], [127.04686022945492, 37.444778906547455], [127.04647690388086, 37.445417142678295], [127.04617387992727, 37.44608226141316], [127.04595407774626, 37.446767857926304], [127.04581961629289, 37.44746733002538], [127.04577179283623, 37.44817394171594], [127.04581107037632, 37.448880888060955], [127.04593707309185, 37.44958136071141], [127.04614858986544, 37.45026861347718], [127.04644358585692, 37.450936027306184], [127.0468192220159, 37.45157717404625], [127.04727188234966, 37.45218587837428], [127.04779720868576, 37.45275627729618], [127.04839014259797, 37.45328287664282], [127.04904497409242, 37.45376060401713], [127.04975539658716, 37.45418485768087], [127.05051456765548, 37.45455155090889], [127.05131517494793, 37.454857151382264], [127.05214950665716, 37.455098715239714], [127.0530095258453, 37.45527391545776], [127.05388694791596, 37.4553810642857], [127.05477332048163, 37.45541912951775], [127.05566010485454, 37.45538774444554], [127.05653875837264, 37.45528721139423], [127.0574008167639, 37.455118498808375], [127.05823797575279, 37.454883231915275], [127.05904217111856, 37.454583677056675], [127.05980565643235, 37.45422271983966], [127.06052107772027, 37.453803837318766], [127.06118154433221, 37.4533310644776], [127.06178069533141, 37.4528089553347], [127.06231276076453, 37.45224253904892], [127.06277261722181, 37.45163727144887], [127.06315583715246, 37.450998982454614], [127.06345873146144, 37.450333819899186], [127.06367838497876, 37.44964819029236], [127.06381268446243, 37.448948697098196], [127.06386033886783, 37.44824207712185], [127.0638208916914, 37.44753513561881], [127.06369472527355, 37.44683468075194], [127.06348305702258, 37.446147458028015], [127.06318792759988, 37.44548008534457], [127.06281218118349, 37.444838989272625], [127.06235943800334, 37.44423034318809], [127.06183405941555, 37.44366000784683]]], [[[127.11001319416117, 37.48241139548418], [127.10948718708164, 37.48184127204934], [127.10889359802133, 37.48131497800355], [127.1082381438453, 37.48083758088767], [127.10752713673247, 37.4804136773341], [127.10676742339378, 37.48004734883574], [127.10596631916053, 37.47974212247467], [127.10513153757697, 37.47950093698752], [127.10427111617338, 37.47932611449299], [127.1033933391321, 37.47921933815279], [127.10250665758886, 37.479181635980055], [127.10161960833345, 37.47921337095059], [127.10074073168929, 37.479314237511716], [127.09987848935964, 37.47948326452212], [127.09904118302714, 37.47971882459452], [127.09823687448804, 37.480018649751635], [127.09747330808644, 37.48037985324513], [127.09675783619299, 37.480798957328545], [127.09609734844342, 37.481271926717575], [127.09549820541619, 37.48179420741688], [127.0949661773877, 37.482360770540666], [127.09450638875346, 37.4829661607067], [127.09412326865156, 37.48360454853882], [127.09382050826454, 37.484269786773936], [127.09360102521282, 37.48495546943424], [127.09346693538423, 37.48565499349605], [127.0934195324748, 37.48636162246236], [127.09345927543954, 37.487068551227225], [127.09358578397904, 37.48776897160819], [127.09379784210776, 37.488456137915556], [127.094093409774, 37.48912343192692], [127.09446964242255, 37.48976442664105], [127.09492291831563, 37.49037294819627], [127.09544887335085, 37.49094313535616], [127.09604244304423, 37.49146949598893], [127.096697911275, 37.49194695999483], [127.09740896532404, 37.492370928170914], [127.09816875667674, 37.49273731654086], [127.09896996700378, 37.49304259572175], [127.09980487868374, 37.493283824947156], [127.10066544918683, 37.493458680417504], [127.10154338860089, 37.49356547770387], [127.10243023955027, 37.493603187988136], [127.10331745873509, 37.4935714479828], [127.10419649930152, 37.493470563434016], [127.10505889324696, 37.49330150617436], [127.10589633306218, 37.493065904753564], [127.10670075182131, 37.49276602873792], [127.10746440094455, 37.49240476683023], [127.10817992488225, 37.491985599021746], [127.10884043199876, 37.49151256304573], [127.10943956097125, 37.490990215456414], [127.1099715420635, 37.49042358771012], [127.11043125268372, 37.48981813767249], [127.11081426669188, 37.48917969702054], [127.11111689698247, 37.48851441504718], [127.11133623093473, 37.48782869941106], [127.11147015839052, 37.487129154403085], [127.1115173918938, 37.48642251732524], [127.1114774789997, 37.48571559359517], [127.11135080653791, 37.48501519120186], [127.11113859679341, 37.48432805514376], [127.11084289564445, 37.48366080248078], [127.11046655277586, 37.48301985862518], [127.11001319416117, 37.48241139548418]]], [[[127.11381027286768, 37.36081487797818], [127.11310036196275, 37.360391005536044], [127.11234182753257, 37.360024712095154], [127.11154197356122, 37.35971952440383], [127.11070850156086, 37.359478380829735], [127.1098494364605, 37.359303603090886], [127.10897304939301, 37.35919687392021], [127.10808777812161, 37.359159220878155], [127.1072021458687, 37.3591910064681], [127.10632467932574, 37.35929192464983], [127.10546382663003, 37.359461003784006], [127.10462787609438, 37.359696615979686], [127.10382487646964, 37.359996492755215], [127.10306255950412, 37.360357746862164], [127.10234826554318, 37.360776900063065], [127.1016888728833, 37.3612499165967], [127.10109073155881, 37.36177224200952], [127.10055960219842, 37.36233884698099], [127.10010060053943, 37.362944275721674], [127.09971814813478, 37.363582698480094], [127.09941592972808, 37.36424796765333], [127.09919685770937, 37.364933676962686], [127.09906304399564, 37.365633223125556], [127.09901577961001, 37.36633986943056], [127.09905552215915, 37.36704681060398], [127.09918189133312, 37.367747238343945], [127.09939367247445, 37.36843440689075], [127.0996888281858, 37.36910169800213], [127.09995392102823, 37.36955399005753], [127.10017176662892, 37.370046482318514], [127.1005474650717, 37.370687467438394], [127.10100008172982, 37.37129597406581], [127.10152525884227, 37.37186614111158], [127.10211793941197, 37.372392476641515], [127.10277241587868, 37.372869910801704], [127.10348238507518, 37.37329384468081], [127.10424100893808, 37.373660194636905], [127.10504098038764, 37.373965431660885], [127.10587459374213, 37.374206615395714], [127.10673381898597, 37.374381422482905], [127.1068826324553, 37.37439954529267], [127.10685982237361, 37.37442387807082], [127.10640079661385, 37.375029329892286], [127.10601833513458, 37.37566777167287], [127.1057161227682, 37.37633305562655], [127.1054970718481, 37.37701877533232], [127.10536329408967, 37.37771832740736], [127.10531608017128, 37.378424975083064], [127.1053558872151, 37.37913191307228], [127.10548233429147, 37.37983233310339], [127.10569420599394, 37.380519489490474], [127.10598946405399, 37.38118676410786], [127.1063652668873, 37.38182773014292], [127.10681799688602, 37.38243621401264], [127.10734329519782, 37.38300635484655], [127.10793610365826, 37.38353266096238], [127.10859071347504, 37.3840100627891], [127.10930082019604, 37.3844339617264], [127.11005958443248, 37.384800274468574], [127.1108596977517, 37.3851054723647], [127.11169345310435, 37.38534661543451], [127.11255281910596, 37.38552138071108], [127.11342951745526, 37.385628084636494], [127.11431510274086, 37.38566569929354], [127.11445551259452, 37.385660654001825], [127.11445805715225, 37.38570574238761], [127.11458459947531, 37.38640615244676], [127.11479657235101, 37.387093292334036], [127.11509193653673, 37.38776054408213], [127.1153390087768, 37.38818180725267], [127.11464935731267, 37.38791878754532], [127.11381556389848, 37.387677665207754], [127.11295617031767, 37.387502909016355], [127.11207945086343, 37.38739620149628], [127.11119384649668, 37.38735856999927], [127.1103078836443, 37.38739037682134], [127.10943009217827, 37.387491315718016], [127.10856892336186, 37.387660414850934], [127.10773266854946, 37.38789604613715], [127.10692937941977, 37.38819594091193], [127.10616679050723, 37.388557211754346], [127.10545224477487, 37.38897638026671], [127.10479262294304, 37.38944941054137], [127.10419427725307, 37.38997174799342], [127.10366297030244, 37.3905383631873], [127.10320381953998, 37.391143800236094], [127.10282124795637, 37.39178222930907], [127.10251894144537, 37.39244750274316], [127.10229981324828, 37.39313321421911], [127.10216597582628, 37.393832760433824], [127.10211872043409, 37.394539404675484], [127.10215850459525, 37.39524634169022], [127.10228494760236, 37.395946763215925], [127.10249683409016, 37.39663392355233], [127.1027921256496, 37.39730120453559], [127.1031679803754, 37.39794217929156], [127.10362078016156, 37.39855067415294], [127.10414616548476, 37.39912082814297], [127.1047390773435, 37.399647149452235], [127.10500203791538, 37.399838897773336], [127.1050256713138, 37.399859876495086], [127.10568040359152, 37.40033729382256], [127.10639064697706, 37.400761209852966], [127.10714956076521, 37.401127541115414], [127.10794983508231, 37.40143275878004], [127.10878376132754, 37.401673922675634], [127.10964330646934, 37.40184870963423], [127.1105201904796, 37.40195543588869], [127.11140596615716, 37.4019930733064], [127.11229210056847, 37.40196125930247], [127.11317005731779, 37.401860300335855], [127.11403137885115, 37.40169116895544], [127.11486776799754, 37.401455494423736], [127.11546539409089, 37.40123237293207], [127.11590012803461, 37.401398139864185], [127.1167340798688, 37.401639247828385], [127.11759364358842, 37.40181397709276], [127.11768310533466, 37.401824859714445], [127.11820521271423, 37.40197579988995], [127.11906478378035, 37.402150518489755], [127.11994168527568, 37.402257174959736], [127.1208274698303, 37.4022947418399], [127.1217136044251, 37.402262857225125], [127.1225915526626, 37.402161828255], [127.12276789691559, 37.40212718664527], [127.12323774424225, 37.40240750829151], [127.12399675751475, 37.40277373186167], [127.12479711860013, 37.403078835885296], [127.1256311180605, 37.40331988128609], [127.12649072215794, 37.40349454603798], [127.12736765029568, 37.403601147551534], [127.1282534548469, 37.403638658896355], [127.12913960259955, 37.40360671870259], [127.13001755702945, 37.40350563464547], [127.13087886060514, 37.403336380479466], [127.13171521632914, 37.40310058665043], [127.13251856772602, 37.402800524576804], [127.13328117650417, 37.40243908475173], [127.13399569714049, 37.40201974887786], [127.13465524766727, 37.401546556304424], [127.13525347597789, 37.40102406509079], [127.1357846210115, 37.40045730807322], [127.1362435682274, 37.399851744358905], [127.1366258988347, 37.39921320671612], [127.13692793230462, 37.39854784536853], [127.13714676175726, 37.39786206873609], [127.13728028188487, 37.39716248169433], [127.13732720914449, 37.39645582194775], [127.13728709402999, 37.39574889513054], [127.13716032530753, 37.39504850926026], [127.13694812617794, 37.39436140917573], [127.1366525424065, 37.3936942115906], [127.13627642253752, 37.39305334138753], [127.13597649090872, 37.39265056797328], [127.13597500985017, 37.392645771945624], [127.1356794413344, 37.391978571815606], [127.13530333822612, 37.39133769842059], [127.13485032418093, 37.39072932299083], [127.13432476315425, 37.390159303675304], [127.13373171732874, 37.389633129156834], [127.13307689833424, 37.389155865828165], [127.13236661223112, 37.38873210903662], [127.13160769878735, 37.38836593886512], [127.13148716841626, 37.388319991819316], [127.1317902975752, 37.38781371677603], [127.13209232710369, 37.387148366480545], [127.13231116652867, 37.386462597532386], [127.13244471044477, 37.38576301473316], [127.13249167507864, 37.38505635574663], [127.13245161056274, 37.384349426199904], [127.13232490517457, 37.38364903413713], [127.13211278150388, 37.38296192445711], [127.13181728458818, 37.38229471396638], [127.13144126213457, 37.38165382767233], [127.13098833702136, 37.38104543692981], [127.1304628723473, 37.3804754000357], [127.12986992936716, 37.379949205842486], [127.12921521872049, 37.37947192093278], [127.12850504542473, 37.37904814086201], [127.12774624816214, 37.3786819459376], [127.12694613344559, 37.378376861958934], [127.12611240529581, 37.37813582629488], [127.12525309110603, 37.37796115962445], [127.12437646440529, 37.37785454361139], [127.12349096526198, 37.377817004727], [127.12335057054936, 37.377822060837076], [127.12334802089127, 37.37777697255467], [127.12322141078573, 37.377076570481485], [127.12300938830909, 37.37638944426293], [127.12271399752397, 37.375722210865305], [127.12233808511532, 37.375081295517184], [127.12188527290188, 37.37447286985374], [127.12135992289541, 37.37390279250856], [127.12076709524699, 37.37337655272412], [127.12011249948634, 37.37289921752234], [127.11940243952529, 37.3724753829432], [127.11864375295575, 37.37210912981913], [127.1178437452257, 37.37180398450998], [127.11701011932672, 37.37156288497513], [127.11615090166845, 37.371388152508466], [127.11600209180898, 37.37137004137225], [127.11602489801975, 37.37134570679651], [127.11648382405069, 37.37074021668482], [127.11686617174614, 37.37010173989091], [127.11716826040904, 37.369436426052346], [127.1173871826241, 37.3687506831317], [127.1175208321861, 37.36805111568036], [127.11756792430174, 37.36734446121487], [127.1175280078735, 37.36663752531959], [127.11740146975073, 37.36593711610068], [127.1171895309107, 37.365249978623176], [127.11689423460959, 37.364582729962294], [127.11662905696829, 37.36413047502095], [127.11641112029129, 37.36363801206938], [127.11603532106695, 37.36299707601307], [127.11558263173016, 37.36238862566472], [127.11505741310927, 37.3618185198962], [127.11446472409008, 37.36129224822418], [127.11381027286768, 37.36081487797818]]], [[[127.30687951108135, 37.36882824197006], [127.30628542233363, 37.36830292738633], [127.30562968957246, 37.367826614715234], [127.30491862764198, 37.367403890150264], [127.3041590837666, 37.367038823836964], [127.30335837163506, 37.36673493071049], [127.30252420100922, 37.36649513667767], [127.3016646035338, 37.366321750467776], [127.30078785545909, 37.36621644142186], [127.29990239801865, 37.36618022343397], [127.29901675622504, 37.36621344519774], [127.29813945686237, 37.36631578685253], [127.29727894646228, 37.36648626306051], [127.29644351004889, 37.36672323248579], [127.29564119143271, 37.36702441358434], [127.29487971581712, 37.36738690655343], [127.29416641546068, 37.367807221230066], [127.29350815910819, 37.36828131067076], [127.29291128586905, 37.36880461009074], [127.29238154417801, 37.36937208078844], [127.29192403642635, 37.36997825863429], [127.29154316979663, 37.37061730665774], [127.29124261377542, 37.371283071227666], [127.29102526475566, 37.371969141286364], [127.29089321807047, 37.37266891006776], [127.29084774773187, 37.3733756387063], [127.29088929407169, 37.37408252112476], [127.29101745940771, 37.37478274957639], [127.29123101178011, 37.3754695802104], [127.29152789672577, 37.37613639802916], [127.29190525698088, 37.37677678061132], [127.29235945992471, 37.377384559986304], [127.29288613250364, 37.37795388206353], [127.29348020330112, 37.37847926304284], [127.29413595135, 37.378955642261886], [127.29484706121863, 37.3793784309697], [127.29560668384038, 37.37974355655581], [127.29640750250033, 37.38004750180725], [127.29724180334277, 37.38028733881399], [127.29810154971887, 37.38046075719537], [127.29897845965613, 37.38056608637395], [127.29986408570072, 37.38060231168207], [127.30074989636074, 37.380569084144696], [127.30162735836258, 37.38046672384439], [127.30248801892452, 37.38029621683551], [127.30332358725177, 37.38005920563762], [127.3041260144645, 37.379757973400025], [127.30488757118594, 37.379395421890706], [127.30560092204077, 37.37897504352236], [127.30625919634346, 37.37850088768604], [127.3068560542949, 37.37797752171815], [127.30738574804776, 37.37740998687758], [127.30784317705304, 37.37680374975893], [127.3082239371544, 37.37616464961054], [127.30852436295896, 37.37549884206667], [127.30874156307807, 37.374812739836486], [127.30887344790071, 37.37411295092242], [127.30891874963515, 37.373406214963666], [127.30887703442895, 37.37269933831881], [127.30874870645374, 37.371999128512684], [127.30853500391952, 37.371312328679586], [127.30823798705998, 37.370645552633434], [127.30786051820837, 37.370005221190304], [127.30740623415866, 37.36939750035554], [127.30687951108135, 37.36882824197006]]], [[[127.26075105787986, 37.39498393907069], [127.26022451059056, 37.394414475938255], [127.25963054757922, 37.39388892967643], [127.25897488929661, 37.39341236062663], [127.2582638498738, 37.39298935745034], [127.25750427632188, 37.39262399297464], [127.25670348261794, 37.392319785004155], [127.25586917931099, 37.392079662475524], [127.25500939932397, 37.39190593727902], [127.25413242066436, 37.39180028201762], [127.25324668678476, 37.3917637139168], [127.25236072535732, 37.391796585039366], [127.25148306624102, 37.391898578898974], [127.2506221594278, 37.39206871350503], [127.24978629375472, 37.39230535080958], [127.248983517161, 37.39260621246562], [127.24822155925519, 37.39296840174585], [127.24750775693514, 37.39338843141148], [127.24684898377465, 37.393862257263976], [127.24625158385545, 37.394385317057605], [127.24572131068035, 37.39495257439971], [127.24526327175565, 37.39555856721705], [127.24488187937682, 37.39619746032298], [127.2445808080922, 37.39686310158068], [127.24436295925646, 37.397549081122555], [127.24423043301678, 37.39824879305702], [127.24418450800515, 37.3989554990687], [127.2442256289348, 37.39966239330097], [127.24435340222387, 37.400362667895855], [127.2445665996924, 37.4010495785604], [127.24486317030006, 37.401716509528136], [127.24524025981547, 37.4023570372895], [127.24569423823074, 37.40296499247673], [127.24622073466, 37.40353451930652], [127.24681467938831, 37.40406013200679], [127.24747035266738, 37.404536767682934], [127.24818143978993, 37.40495983511308], [127.24894109191176, 37.405325259000875], [127.24974199203639, 37.40562951925853], [127.25057642552515, 37.405869684940065], [127.25143635445224, 37.40604344249684], [127.25231349508653, 37.40614911808229], [127.2531993977508, 37.40618569368989], [127.2540855282866, 37.40615281696837], [127.25496335033623, 37.40605080461925], [127.2558244076463, 37.40588063934363], [127.25666040559626, 37.405643960368096], [127.25746329116353, 37.40534304764105], [127.25822533055177, 37.40498079985243], [127.25893918373184, 37.404560706489434], [127.25959797517537, 37.4040868141985], [127.26019536009808, 37.403563687778515], [127.26072558557347, 37.402996366182556], [127.26118354592823, 37.40239031395313], [127.26156483188636, 37.401751368560014], [127.26186577298915, 37.401085684149436], [127.26208347288485, 37.40039967224728], [127.26221583714988, 37.399699939988786], [127.26226159337683, 37.39899322647031], [127.26222030333884, 37.398286337836986], [127.26209236711641, 37.397586081731625], [127.26187901915104, 37.396899201736645], [127.26158231626651, 37.396232312439885], [127.26120511777755, 37.39559183574952], [127.26075105787986, 37.39498393907069]]], [[[127.21043082495645, 37.404163641685834], [127.20983713474013, 37.40363784726565], [127.20918170898265, 37.403161003836644], [127.20847085958037, 37.40273770270214], [127.20771143171865, 37.40237201955757], [127.20691073797525, 37.40206747527493], [127.20607648793941, 37.40182700202773], [127.2052167140233, 37.40165291508146], [127.20433969417714, 37.401546890520386], [127.20345387225049, 37.40150994912375], [127.20256777676285, 37.40154244654661], [127.20168993886259, 37.40164406989879], [127.20082881026097, 37.40181384075535], [127.19999268192774, 37.40205012456911], [127.19918960432776, 37.40235064639543], [127.198427309964, 37.40271251277824], [127.1977131389698, 37.40313223958737], [127.19705396846456, 37.40360578554049], [127.19645614635175, 37.40412859108749], [127.19592543019549, 37.40469562228483], [127.19546693176396, 37.405301419238256], [127.19508506777422, 37.40594014864904], [127.19478351731348, 37.406605659958814], [127.19456518634894, 37.40729154455385], [127.1944321796697, 37.407991197459495], [127.19438578053439, 37.408697880931676], [127.19442643822285, 37.40940478933363], [127.19455376361618, 37.41010511467363], [127.19476653285038, 37.4107921121726], [127.19506269901245, 37.411459165230156], [127.19543941177004, 37.412099849162864], [127.19589304474803, 37.41270799310047], [127.19641923039214, 37.41327773944294], [127.1970129019853, 37.413803600304675], [127.19766834241467, 37.41428051040109], [127.19837923922006, 37.41470387586687], [127.1991387453944, 37.41506961853437], [127.19993954535046, 37.41537421524413], [127.20077392541725, 37.415614731807935], [127.20163384818566, 37.41578885129563], [127.2025110299851, 37.41589489637243], [127.20339702074227, 37.41593184547066], [127.2042832854496, 37.415899342639314], [127.20516128645569, 37.415797700976384], [127.20602256578121, 37.4156278996105], [127.20685882666419, 37.415391574261314], [127.20766201354597, 37.415091001469634], [127.2084243897239, 37.4147290766501], [127.20913861192061, 37.414309286178565], [127.20979780104899, 37.413835673783886], [127.21039560848989, 37.41331280156947], [127.21092627724305, 37.41274570604087], [127.21138469736194, 37.41213984956452], [127.21176645513904, 37.41150106772662], [127.21206787556879, 37.410835513100245], [127.21228605768107, 37.41014959596377], [127.212418902407, 37.409449922542414], [127.21246513271183, 37.408743231368646], [127.21242430580368, 37.40803632837519], [127.2122968173045, 37.40733602134592], [127.21208389734642, 37.40664905435625], [127.21178759863459, 37.40598204283412], [127.21141077659523, 37.40534140986678], [127.21095706180303, 37.4047333243659], [127.21043082495645, 37.404163641685834]]], [[[127.13569535551599, 37.40725135880049], [127.13510216634833, 37.40672519191261], [127.13444719077847, 37.40624793671711], [127.1337367363744, 37.405824188482384], [127.13297764452422, 37.405458027208425], [127.13217722457587, 37.40515297836983], [127.13134318348726, 37.40491197899652], [127.13048355166258, 37.40473734941767], [127.12960660568677, 37.40463077093959], [127.12872078869981, 37.40459326967209], [127.12783462917396, 37.404625206657876], [127.12695665887341, 37.4047262744], [127.12609533078208, 37.4048954998203], [127.12525893778722, 37.40513125362081], [127.1244555328978, 37.40543126595803], [127.12369285176298, 37.40579264827994], [127.12297823823441, 37.40621192111626], [127.12231857368636, 37.40668504755548], [127.12172021077303, 37.40720747208732], [127.12118891225957, 37.40777416443809], [127.12072979551577, 37.40837966797811], [127.12034728320718, 37.40901815223639], [127.1200450606593, 37.409683469018226], [127.11982604030749, 37.41036921158659], [127.11969233357696, 37.411068776338325], [127.11964523046635, 37.411775426382356], [127.11968518703482, 37.41248235640801], [127.11981182091661, 37.413182758219484], [127.12002391490965, 37.41386988630523], [127.12031942860767, 37.41453712281086], [127.12069551796664, 37.41517804128945], [127.12114856262087, 37.41578646861455], [127.12167420068843, 37.416356544458836], [127.12226737073277, 37.4168827777646], [127.1229223604784, 37.417360099660726], [127.12363286181258, 37.417783912315606], [127.12439203154369, 37.41815013325362], [127.12519255733089, 37.41845523470727], [127.12602672814893, 37.41869627762466], [127.12688650860821, 37.41887094000331], [127.12776361641181, 37.41897753927637], [127.12864960220084, 37.419015048534916], [127.12953593101604, 37.41898310642916], [127.13041406458754, 37.418882020652795], [127.131275543657, 37.41871276497702], [127.13211206953515, 37.41847696986252], [127.13291558410646, 37.41817690674045], [127.13367834750666, 37.417815466114455], [127.13439301272275, 37.41739612969544], [127.13505269639411, 37.416922936838354], [127.13565104513167, 37.41640044560587], [127.13618229671503, 37.415833688834944], [127.13664133557789, 37.4152281256309], [127.13702374204765, 37.41458958875758], [127.1373258348661, 37.413924228431625], [127.13754470658331, 37.41323845306348], [127.13767825148604, 37.41253886751676], [127.1377251857946, 37.41183220948168], [127.13768505993677, 37.411125284575995], [127.13755826278405, 37.410424900798766], [127.13734601781286, 37.40973780296849], [127.13705037123154, 37.409070607776854], [127.13667417219071, 37.40842974008312], [127.1362210452711, 37.407821371062084], [127.13569535551599, 37.40725135880049]]], [[[127.13548559173428, 37.427220341816046], [127.13483043629031, 37.42674308944129], [127.13411978704775, 37.42631934393988], [127.13336048727038, 37.4259531852848], [127.1325598483074, 37.42564813892482], [127.13172557922438, 37.42540714186543], [127.13086571261927, 37.425232514413075], [127.12998852733595, 37.425125937853274], [127.1291024688166, 37.425088438277164], [127.12821606785721, 37.425120376711114], [127.12733785854454, 37.42522144564429], [127.12647629616204, 37.42539067198732], [127.12563967585112, 37.425626426433695], [127.12483605280794, 37.425926439134145], [127.12407316478111, 37.42628782153373], [127.12335835761358, 37.426707094162055], [127.12269851454376, 37.42718022011029], [127.12209998994489, 37.42770264387361], [127.12156854813946, 37.42826933518644], [127.12110930787799, 37.428874837429795], [127.12072669301673, 37.42951332014576], [127.12042438987041, 37.430178635155066], [127.12020531165253, 37.430864375738146], [127.12007157034773, 37.43156393831134], [127.12002445629004, 37.43227058600473], [127.12006442564646, 37.43297751353032], [127.1201910959306, 37.43367791271633], [127.12040324959214, 37.43436503807623], [127.12069884565238, 37.43503227178156], [127.12079815031025, 37.4352014568649], [127.12030437070727, 37.43572791917284], [127.11984507421423, 37.436333415433374], [127.11946241013274, 37.436971892982726], [127.11916006525205, 37.43763720369162], [127.11894095318816, 37.43832294088215], [127.11880718625244, 37.4390225010035], [127.11876005502654, 37.43972914720948], [127.11880001584372, 37.440436074226575], [127.11892668630065, 37.441136473887894], [127.11913884884639, 37.44182360070236], [127.11943446241742, 37.44249083682744], [127.11981068201058, 37.44313175581928], [127.12026388600825, 37.443740184545774], [127.12029242802953, 37.44377112892925], [127.11972288419054, 37.444268118883315], [127.11919130632336, 37.44483479717524], [127.11873194459663, 37.44544028782045], [127.11834922403712, 37.44607876047335], [127.11804683197856, 37.44674406705207], [127.11782768249213, 37.44742980091876], [127.1176938882505, 37.4481293585548], [127.11764674009923, 37.44883600313812], [127.11768669453578, 37.44954292941091], [127.11781336921933, 37.45024332921346], [127.1180255465593, 37.45093045705334], [127.11832118535072, 37.45159769507801], [127.11869744034853, 37.452238616825205], [127.11915068959487, 37.452847049136054], [127.1196765692398, 37.45341713163417], [127.12027001552177, 37.45394337319651], [127.12092531350567, 37.45442070487122], [127.12163615211004, 37.45484452873118], [127.12239568489417, 37.45521076219158], [127.12319659601881, 37.45551587736316], [127.12403117074514, 37.455756935060826], [127.12489136979035, 37.45593161313881], [127.12576890682249, 37.45603822887839], [127.12665532834473, 37.456075755211536], [127.12754209519701, 37.45604383062379], [127.1284206648865, 37.45594276264013], [127.12928257395038, 37.455773524860675], [127.13011951955424, 37.45553774757425], [127.13092343953674, 37.45523770204105], [127.13168659012631, 37.454876278596295], [127.13240162057869, 37.45445695878643], [127.13306164401436, 37.4539837818077], [127.13366030377139, 37.45346130557116], [127.13419183463438, 37.452894562770595], [127.13465111834842, 37.452289012378074], [127.13503373288476, 37.45165048703528], [127.13533599498412, 37.45098513684888], [127.13555499556952, 37.450299370132576], [127.13568862769054, 37.449599791667374], [127.13573560673173, 37.448893139075786], [127.13569548269452, 37.4481862179234], [127.13556864443736, 37.447485836173115], [127.13535631583686, 37.44679873862366], [127.13506054391081, 37.4461315419635], [127.13468417902065, 37.4454906710653], [127.13423084734731, 37.44488229713382], [127.13420229913896, 37.44485135608925], [127.13477175224224, 37.444354295922395], [127.13530320975873, 37.44378754686449], [127.13562296493927, 37.44336589770885], [127.13580428238802, 37.44347398634227], [127.13656377051288, 37.443840129210336], [127.13736461914826, 37.44414514861777], [127.13819911415686, 37.444386106302574], [127.13905921702383, 37.444560681083026], [127.13993664234397, 37.444667191236064], [127.14082293769724, 37.444704610711426], [127.14170956513985, 37.44467257902455], [127.14258798352309, 37.444571404732635], [127.14344973084295, 37.44440206246021], [127.14428650582461, 37.44416618350298], [127.1450902479518, 37.44386604010063], [127.14585321516775, 37.4435045235311], [127.14656805849607, 37.44308511623776], [127.14722789286101, 37.442611858259184], [127.14782636342309, 37.44208930828618], [127.14835770679008, 37.441522499722254], [127.14881680651382, 37.44091689217216], [127.14919924233799, 37.4402783188273], [127.14950133272458, 37.439612930255876], [127.14972017025019, 37.438927135140354], [127.14985364953418, 37.43822753853437], [127.1499004874321, 37.43752087823428], [127.14986023530348, 37.43681395987904], [127.14973328323879, 37.43611359140392], [127.14952085620905, 37.43542651747908], [127.14922500217808, 37.434759354564996], [127.14884857229613, 37.434118527208966], [127.14839519336805, 37.43351020619621], [127.14786923286466, 37.43294024914998], [127.14727575681611, 37.432414144151764], [127.1466204809948, 37.43193695692322], [127.14590971585878, 37.431513282077326], [127.14515030578673, 37.43114719890665], [127.14434956318881, 37.430842232133145], [127.14351519812728, 37.430601317996114], [127.14265524412326, 37.430426776003806], [127.14177798086119, 37.43032028661919], [127.14089185453335, 37.43028287509444], [127.14000539658794, 37.43031490160858], [127.13912714166004, 37.4304160578032], [127.1382655454721, 37.43058536974922], [127.13787313907936, 37.43069598449816], [127.13773006339943, 37.430232938446345], [127.1374343343232, 37.42956574608743], [127.13705803090902, 37.42892488128111], [127.13660477874424, 37.42831651517385], [127.13607894407961, 37.427746505823634], [127.13548559173428, 37.427220341816046]]], [[[127.13357130980448, 37.46633659097162], [127.13297767252894, 37.46581041628711], [127.13232219858155, 37.46533315142288], [127.13161120032944, 37.46490939173838], [127.13085152439653, 37.46454321734184], [127.13005048575266, 37.464238153832355], [127.12921579730983, 37.4639971383795], [127.12835549570119, 37.4638224914658], [127.12747786395596, 37.46371589456349], [127.1265913518117, 37.46367837395905], [127.1257044944283, 37.463710290881096], [127.1248258302836, 37.46381133802595], [127.12396381903667, 37.4639805425143], [127.1231267601475, 37.46421627525062], [127.12232271303225, 37.46451626659548], [127.12155941952034, 37.46487762820053], [127.12084422935735, 37.465296880796764], [127.12018402946845, 37.46576998766952], [127.11958517766247, 37.466292393498996], [127.11905344141331, 37.46685906819371], [127.11859394230817, 37.467464555296004], [127.11821110669806, 37.468103024495086], [127.11790862302637, 37.468768327742985], [127.11768940624859, 37.46945405843438], [127.11755556968775, 37.470153613081635], [127.1175084045996, 37.47086025489169], [127.11754836764725, 37.47156717863354], [127.11767507640964, 37.472267576171795], [127.11788731297062, 37.4729547020356], [127.11818303555722, 37.47362193839111], [127.11855939811946, 37.474262858791654], [127.1190127776653, 37.47487129009074], [127.1195388090913, 37.47544137192104], [127.12013242717492, 37.475967613165245], [127.12078791532686, 37.476444944873755], [127.12149896063406, 37.47686876911839], [127.1222587146643, 37.47723500330987], [127.1230598594465, 37.47754011955122], [127.12389467798984, 37.477781178646445], [127.12475512866148, 37.477955858435806], [127.12563292270376, 37.478062476183716], [127.1265196041422, 37.478100004802606], [127.12740663131092, 37.47806808275586], [127.12828545920749, 37.47796701754409], [127.12914762187978, 37.47779778274092], [127.12998481404868, 37.47756200860685], [127.1307889711762, 37.477261966372225], [127.13155234720516, 37.47690054634106], [127.13226758921894, 37.476481230027595], [127.13292780829973, 37.47600805659516], [127.13352664590114, 37.47548558392138], [127.13405833509522, 37.474918844666554], [127.13451775610301, 37.47431329776932], [127.13490048557479, 37.47367477583836], [127.13520283914599, 37.473009428948124], [127.13542190686078, 37.47232366538105], [127.13555558112455, 37.471624089888195], [127.13560257691857, 37.47091744006369], [127.13556244408555, 37.470210521446546], [127.13543557157132, 37.469510141975206], [127.135223183585, 37.468823046426216], [127.13492732771863, 37.468155851468445], [127.13455085514414, 37.46751498195766], [127.13409739308123, 37.4669066090847], [127.13357130980448, 37.46633659097162]]]]}}, {"type": "Feature", "properties": {"station": "pangyo", "threshold": "60min", "threshold_min": 60, "n_stations": 454, "area_km2": 464.08}, "geometry": {"type": "MultiPolygon", "coordinates": [[[[126.90007152552093, 37.45105797959759], [126.8994176755557, 37.450579434560154], [126.89870814776218, 37.45015428419744], [126.89794977462503, 37.44978662200757], [126.89714985858834, 37.44947998791238], [126.89631610177139, 37.449237334199296], [126.89545653185122, 37.449060997118565], [126.89457942482298, 37.448952674408474], [126.89369322537941, 37.44891340896373], [126.89280646567327, 37.44894357880381], [126.89192768324162, 37.449042893437365], [126.89106533887824, 37.44921039665745], [126.89022773524246, 37.44944447574084], [126.88942293698413, 37.4497428769632], [126.8886586931505, 37.45010272728111], [126.88794236262048, 37.45052056197335], [126.88728084328078, 37.45099235797599], [126.8866805056251, 37.45151357259165], [126.88614713141429, 37.45207918720147], [126.88568585798797, 37.452683755560116], [126.88530112876393, 37.45332145621033], [126.88499665040341, 37.45398614851338], [126.88477535705599, 37.454671431757355], [126.88463938203067, 37.45537070677491], [126.88459003716919, 37.456077239478255], [126.88462780012277, 37.45678422570003], [126.88475230965858, 37.45748485671616], [126.88496236904462, 37.45817238481994], [126.88525595748402, 37.45884018831561], [126.88563024949242, 37.459481835305084], [126.8856519507295, 37.459511128894086], [126.885221435831, 37.45967071262671], [126.8844570705495, 37.460030534092446], [126.88374062152805, 37.460448341564366], [126.88307898779375, 37.460920112240906], [126.88247854094149, 37.46144130366893], [126.88194506378338, 37.462006897453236], [126.88148369465043, 37.46261144754947], [126.88109887788237, 37.463249132676644], [126.8807943209839, 37.46391381234596], [126.8805729588616, 37.46459908596755], [126.88043692548774, 37.46529835446715], [126.88038753326695, 37.466004883820055], [126.88042526030776, 37.466711869891405], [126.88054974572432, 37.467412503958855], [126.88075979301823, 37.468100038286416], [126.8810533815104, 37.46876785111837], [126.88142768571704, 37.469409510466775], [126.8818791024864, 37.47001883607735], [126.88240328563735, 37.47058995897662], [126.88299518776891, 37.471117378025404], [126.88364910884003, 37.47159601293288], [126.88435875105235, 37.47202125321937], [126.88511727950846, 37.472389002654836], [126.88591738806089, 37.47269571874372], [126.88675136971654, 37.47293844687449], [126.88761119091747, 37.47311484880361], [126.88848856897988, 37.47322322519884], [126.8893750519429, 37.47326253202327], [126.89026210005532, 37.47323239060199], [126.89114116811157, 37.473133091274], [126.89200378784105, 37.47296559059368], [126.89284164955286, 37.472731502109106], [126.89364668224714, 37.472433080806404], [126.89441113141743, 37.47207320137044], [126.8951276337924, 37.471655330472146], [126.8957892882946, 37.471183493350495], [126.89638972253113, 37.47066223501208], [126.89692315417457, 37.4700965764234], [126.89738444664314, 37.469491966119264], [126.89776915854323, 37.468854227694386], [126.89807358640007, 37.46818950368575], [126.8982948002662, 37.467504196387175], [126.8984306718667, 37.466804906167106], [126.89847989501379, 37.46609836788498], [126.89844199809642, 37.46539138601876], [126.8983173485286, 37.46469076912923], [126.89810714911701, 37.46400326429223], [126.89781342638656, 37.46333549213013], [126.8974390109797, 37.46269388306801], [126.89741730421152, 37.462664591611095], [126.89784781105544, 37.46250496344945], [126.8986121387125, 37.4621450551745], [126.89932852254347, 37.46172715707387], [126.89999006261337, 37.461255294648204], [126.90059038763182, 37.460734013147515], [126.90112371632361, 37.46016833376098], [126.90158491309845, 37.45956370522329], [126.90196953748412, 37.45892595130435], [126.90227388684833, 37.45826121468997], [126.90249503199875, 37.45757589779493], [126.9026308453215, 37.45687660107977], [126.90268002118896, 37.45617005946608], [126.90264208844428, 37.45546307746366], [126.90251741484526, 37.45476246363443], [126.90230720342879, 37.454074965024596], [126.90201348083409, 37.45340720219655], [126.90163907770112, 37.452765605485475], [126.90118760133572, 37.45215635309433], [126.90066340090797, 37.451585311622146], [126.90007152552093, 37.45105797959759]]], [[[126.87378521705845, 37.47057769796284], [126.8730756491839, 37.47015239473267], [126.87231720327144, 37.46978456859205], [126.87151718246714, 37.46947776104043], [126.87068328989972, 37.4692349260343], [126.86982355455338, 37.46905840156833], [126.86894625401541, 37.46894988718383], [126.86805983484062, 37.468910427619875], [126.86717283129589, 37.46894040276387], [126.86629378326384, 37.46903952399817], [126.86543115409322, 37.46920683697714], [126.86459324918292, 37.469440730808785], [126.8637881360807, 37.46973895355212], [126.8630235668626, 37.47009863388218], [126.86230690353773, 37.47051630871475], [126.86164504719471, 37.470987956525626], [126.86104437157003, 37.471509036045205], [126.86051066167713, 37.472074529956394], [126.86004905808662, 37.47267899317738], [126.85976225701525, 37.4731539131929], [126.85924056615086, 37.47290083730682], [126.85844056705507, 37.47259394156242], [126.85760668366338, 37.47235101446572], [126.85674694487204, 37.47217439489763], [126.8558696283019, 37.472065783314676], [126.85498318066217, 37.47202622539124], [126.85409613649364, 37.47205610196129], [126.85321703606968, 37.472155125355734], [126.85235434324288, 37.472322342170585], [126.85151636402429, 37.472556142439274], [126.85071116667622, 37.47285427512142], [126.84994650408477, 37.47321386975901], [126.84922973915712, 37.473631464092804], [126.84856777395898, 37.47410303737379], [126.84796698327389, 37.47462404905005], [126.84743315322216, 37.47518948245811], [126.84697142553048, 37.47579389309911], [126.8465862479895, 37.476431461036384], [126.84628133157676, 37.477096046911285], [126.84605961466016, 37.47778125103901], [126.84592323462859, 37.47848047501645], [126.84587350722572, 37.47918698524966], [126.8459109137892, 37.479893977789956], [126.84603509652146, 37.48059464385445], [126.84624486184153, 37.48128223540082], [126.8465381917888, 37.481950130123806], [126.8469122633728, 37.48259189524801], [126.8473634756856, 37.48320134950136], [126.84788748451874, 37.48377262267208], [126.84847924415376, 37.484300212173885], [126.84913305592538, 37.48477903607418], [126.84984262309108, 37.485204482072575], [126.85060111147895, 37.48557245195693], [126.85140121532964, 37.48587940110737], [126.85223522769698, 37.48612237266625], [126.85309511472825, 37.486299026043994], [126.85397259310582, 37.486407659484826], [126.85485920990229, 37.48644722647432], [126.85574642407633, 37.48641734583013], [126.85662568882128, 37.48631830537792], [126.85748853396983, 37.4861510591772], [126.85832664765731, 37.48591721832381], [126.85913195645381, 37.48561903541779], [126.85989670319027, 37.48525938284722], [126.86061352172601, 37.48484172509767], [126.86127550793509, 37.4843700853552], [126.86187628622652, 37.48384900672579], [126.86241007095637, 37.48328350844587], [126.86287172213952, 37.48267903750733], [126.86315854092285, 37.48220411086058], [126.86368030947781, 37.4824571697672], [126.8644804350897, 37.482764030687385], [126.86531445666981, 37.48300691011209], [126.8661743402761, 37.48318346833965], [126.86705180262368, 37.48329200453132], [126.86793839093947, 37.483331473110006], [126.86882556445666, 37.48330149384182], [126.86970477676063, 37.483202355502975], [126.87056755818982, 37.483035013096334], [126.87140559749405, 37.48280107864486], [126.87221082196088, 37.482502805650505], [126.87297547523467, 37.48214306736933], [126.87357759396586, 37.4817921232066], [126.87360090814086, 37.482229697438335], [126.87372535342625, 37.48293033651904], [126.87393537944166, 37.48361788100693], [126.87422896571489, 37.48428570904858], [126.87460328678543, 37.48492738850948], [126.87505473934081, 37.485536738941526], [126.87557897685677, 37.48610789113189], [126.87617095141, 37.486635343658904], [126.8768249622628, 37.48711401590882], [126.87753471075274, 37.4875392970418], [126.87829336095903, 37.48790709043376], [126.8787068772884, 37.48806560720304], [126.87881659774965, 37.48842468506385], [126.87911024585554, 37.48909250099334], [126.8794846323038, 37.48973416505806], [126.87993615315236, 37.49034349695788], [126.88046046121906, 37.49091462765818], [126.88105250790093, 37.49144205594398], [126.88170659176522, 37.491920701434836], [126.88241641344585, 37.4923459535484], [126.88317513631652, 37.49271371594005], [126.88397545235641, 37.49302044598876], [126.88480965257293, 37.4932631889479], [126.88566970130151, 37.493439606430655], [126.88586834151813, 37.4934641407691], [126.88590093984746, 37.494074014335084], [126.88602551830175, 37.494774640257525], [126.88623568901234, 37.49546216280338], [126.88652943011428, 37.496129960329675], [126.8869039146564, 37.496771600995004], [126.88733896289999, 37.497358543098045], [126.88663351677916, 37.49701665986338], [126.88583314719705, 37.49670994755459], [126.88499890538178, 37.49646721159427], [126.88413882367756, 37.496290789023256], [126.88326118300377, 37.49618237840176], [126.88237443318734, 37.49614302347003], [126.88148711167594, 37.49617310310855], [126.88060776141123, 37.49627232769415], [126.87974484864979, 37.49643974188696], [126.87890668151938, 37.49667373382136], [126.87883817270833, 37.49669911103685], [126.87886673686332, 37.496290841848676], [126.87882901357781, 37.4955838588054], [126.87870450122482, 37.49488322597899], [126.87849440129355, 37.49419569059949], [126.87820073935502, 37.49352787358392], [126.87782634547027, 37.492886205789524], [126.87737482686096, 37.49227686610361], [126.87685053310835, 37.491705721965324], [126.87625851421802, 37.491178272891126], [126.87560447195588, 37.490699597546524], [126.87489470492574, 37.49027430487254], [126.87413604791706, 37.48990648973612], [126.87333580610756, 37.48959969353021], [126.87250168475282, 37.48935687010148], [126.87164171503834, 37.489180357332785], [126.87076417680629, 37.48907185465251], [126.86987751889828, 37.48903240668686], [126.86899027787781, 37.48906239321164], [126.86811099591213, 37.489161525499675], [126.86724813860062, 37.489328849099245], [126.86641001353718, 37.48956275301646], [126.86560469038795, 37.4898609852137], [126.86540772023827, 37.48995362599812], [126.86505042534075, 37.48963521622937], [126.86439646881236, 37.48915647948479], [126.86368678077724, 37.48873112007693], [126.86292819526527, 37.48836323351527], [126.86212801676668, 37.488056361880396], [126.86129394992822, 37.48781345974507], [126.86043402541124, 37.48763686574964], [126.85955652262335, 37.487528280104264], [126.85866989006533, 37.48748874823358], [126.85778266405684, 37.48751865072078], [126.85690338662069, 37.487617699647444], [126.85604052331244, 37.48778494136402], [126.85520238178351, 37.48801876566458], [126.85439703185804, 37.48831692127778], [126.85363222789067, 37.488676537525336], [126.8529153341494, 37.48909415194047], [126.85225325394032, 37.48956574358131], [126.85183614322189, 37.48992741843369], [126.85183441635854, 37.48992553614776], [126.85124258908577, 37.4893979633149], [126.85058872385405, 37.488919150957976], [126.84987911756465, 37.48849370933752], [126.84912060346146, 37.48812573475453], [126.84832048534821, 37.48781877013697], [126.8476492678606, 37.48762320504935], [126.8476740508499, 37.48749614458103], [126.84772376797852, 37.486789634471556], [126.84768634185058, 37.486082643133535], [126.84756213534901, 37.48538197922173], [126.84735234701733, 37.48469439026738], [126.84705899942593, 37.48402649770514], [126.84668491960946, 37.48338473312137], [126.84623371176653, 37.482775276336916], [126.8457097224876, 37.48220399591979], [126.84511799884852, 37.48167639269972], [126.84446423977458, 37.48119754682729], [126.84375474114543, 37.48077206888596], [126.84299633516892, 37.48040405552676], [126.84219632460845, 37.48009705005112], [126.84136241249551, 37.479854008320295], [126.84050262800335, 37.479677270318376], [126.83962524919286, 37.47956853764149], [126.83873872337234, 37.4795288571293], [126.83785158583477, 37.479558610795465], [126.83697237775164, 37.47965751215361], [126.8361095640111, 37.479824608974205], [126.83527145178714, 37.480058292445655], [126.83446611062126, 37.4803563126518], [126.8337012947829, 37.480715800217475], [126.8329843686532, 37.4811332939144], [126.83232223584861, 37.48160477396266], [126.83172127276512, 37.48212570070844], [126.83118726718182, 37.48269105830649], [126.83072536251463, 37.48329540298857], [126.83034000825758, 37.48393291545385], [126.83003491708939, 37.48459745687868], [126.82981302906062, 37.48528262800723], [126.82967648320815, 37.48598183075511], [126.82962659687288, 37.486688331733745], [126.82963670228847, 37.48688009988814], [126.82897443593659, 37.48648284637655], [126.82821604659952, 37.48611473863224], [126.82741603750438, 37.48580763336138], [126.82658211166923, 37.485564487385666], [126.82572229839987, 37.485387641692355], [126.82484487603445, 37.485278798913896], [126.8239582923005, 37.48523900694943], [126.82307108304818, 37.48526864888511], [126.8221917901389, 37.48536743930979], [126.82132887927663, 37.485534427061566], [126.82049065856944, 37.48576800437856], [126.8196851986022, 37.486065922366436], [126.81892025478689, 37.48642531263403], [126.81820319273555, 37.48684271488991], [126.81754091737206, 37.487314110234706], [126.81693980646385, 37.48783495983042], [126.81640564921226, 37.488400248575125], [126.81594359049268, 37.489004533364024], [126.81555808128176, 37.48964199547369], [126.81525283574986, 37.49030649656608], [126.81503079543371, 37.49099163777455], [126.81489410083668, 37.49169082130365], [126.81484407073245, 37.49239731395079], [126.81488118937507, 37.49310431193837], [126.81500510174169, 37.493805006432794], [126.81521461685742, 37.49449264911946], [126.81550771917406, 37.495160617201954], [126.81588158789644, 37.49580247719943], [126.81633262407362, 37.496412046926956], [126.81685648519687, 37.49698345506106], [126.81744812697353, 37.49751119771581], [126.81810185187658, 37.49799019148343], [126.81881136400297, 37.49841582242698], [126.81956982971329, 37.49878399055229], [126.8203699434685, 37.49909114932912], [126.82120399822848, 37.499334339879574], [126.8220639597329, 37.49951121950341], [126.82294154394707, 37.499620084264265], [126.82382829692364, 37.499659885418204], [126.82471567630861, 37.49963023952594], [126.82559513370244, 37.49953143215066], [126.82645819708009, 37.499364415105674], [126.82729655247245, 37.49913079727858], [126.82810212411876, 37.498832829120516], [126.82886715231525, 37.49847338095061], [126.82958426820723, 37.49805591528551], [126.83024656480166, 37.497584453461315], [126.83084766351527, 37.49706353687081], [126.83138177561534, 37.4964981831905], [126.83184375796166, 37.49589383802061], [126.8322291625125, 37.495256322404984], [126.83253427911961, 37.49459177673785], [126.83275617120069, 37.49390660159886], [126.832892703949, 37.49320739608736], [126.8329425648106, 37.49250089425075], [126.83293245039987, 37.49230912647196], [126.83359478902646, 37.49270635810266], [126.83435327144292, 37.49307443180437], [126.83515338671172, 37.493381490739495], [126.83582462185556, 37.49357712681827], [126.83579981666614, 37.49370418445938], [126.83574998173131, 37.494410687609474], [126.8357872982651, 37.49511768070066], [126.8359114093389, 37.49581835494537], [126.83612112206389, 37.496505962222784], [126.83641441898807, 37.49717388007649], [126.83678847744105, 37.497815675508384], [126.83723969664328, 37.498425166954526], [126.83776373232176, 37.4989964838447], [126.83835553850096, 37.499524123171305], [126.83900941606856, 37.500003002521396], [126.83971906764921, 37.500428509060036], [126.84047765825851, 37.50079654399136], [126.84127788115266, 37.501103562068316], [126.8421120282387, 37.50134660576872], [126.84297206436564, 37.50152333380742], [126.84384970477896, 37.501632043708874], [126.84473649498926, 37.5016716882216], [126.84562389228341, 37.501641885416056], [126.8465033480893, 37.501542922367726], [126.84736639039758, 37.50137575239032], [126.84820470544264, 37.5011419858453], [126.84901021785345, 37.500843874617004], [126.84977516849806, 37.50048429040324], [126.85049218927018, 37.50006669703144], [126.85115437409483, 37.49959511706804], [126.8515715425274, 37.49923344574683], [126.85157326959497, 37.49923532803558], [126.85216517583578, 37.49976289908504], [126.85281914479266, 37.50024170281906], [126.85352887820883, 37.500667127130974], [126.85428754031047, 37.50103507401704], [126.85508782366404, 37.50134199907845], [126.85592201959324, 37.50158494568928], [126.85678209247592, 37.50176157350002], [126.85765975720274, 37.50187018100101], [126.85854655904984, 37.501909721927696], [126.85943395519176, 37.501879815348886], [126.86031339706759, 37.50178074934022], [126.86117641280245, 37.50161347820774], [126.86201468888726, 37.50137961328776], [126.86282015032694, 37.50108140741264], [126.86301715303935, 37.5009887714147], [126.86337449261406, 37.501307187141386], [126.86402854738073, 37.501785929475695], [126.86473835986796, 37.50221128704543], [126.86549709353928, 37.50257916248971], [126.86629744027088, 37.50288601209805], [126.86713169077521, 37.50312887997148], [126.86799180890351, 37.50330542651924], [126.86886950911017, 37.50341395101478], [126.869756336329, 37.503453407993554], [126.87064374748996, 37.5034234173334], [126.87152319388738, 37.50332426792039], [126.87238620360294, 37.50315691486438], [126.87322446318588, 37.50292297029125], [126.87329297956742, 37.50289759642672], [126.87326438205378, 37.503305863515195], [126.87330205569502, 37.50401284697575], [126.87342653143337, 37.504713484098694], [126.87363661286813, 37.50540102711864], [126.87393027899577, 37.506068854195966], [126.87430470358883, 37.50671053320498], [126.87475628233962, 37.50731988370134], [126.87528066750981, 37.507891036470966], [126.87587280975501, 37.508418490085866], [126.87652700672285, 37.508897163921084], [126.8767459810504, 37.50902833742222], [126.8762871466258, 37.50935523717138], [126.87568626051724, 37.50987638590693], [126.87515238285835, 37.51044194083385], [126.87476097561992, 37.51095439096661], [126.87459286652494, 37.51040428161016], [126.87429917803496, 37.50973645646199], [126.87392473874316, 37.50909477762692], [126.87347315631006, 37.50848542409833], [126.87294878093294, 37.507914263448264], [126.87235666340435, 37.507386795351735], [126.8717025064408, 37.506908098656915], [126.87099260975089, 37.50648278250984], [126.87023380937268, 37.50611494200293], [126.86943341186407, 37.50580811877284], [126.8685991239791, 37.505565266925935], [126.8677389785058, 37.505388724618214], [126.86686125697754, 37.50528019156205], [126.86597440999941, 37.50524071267585], [126.8650869759538, 37.50527066803288], [126.86420749886493, 37.505369769206006], [126.86334444620931, 37.50553706204306], [126.86250612746021, 37.50577093584649], [126.86170061414727, 37.50606913886889], [126.8609356621978, 37.506428799976135], [126.86021863730446, 37.50684645627018], [126.85955644403643, 37.50731808640656], [126.85895545937427, 37.50783914928707], [126.85842147130771, 37.508404627756235], [126.8579596230874, 37.50900907688213], [126.85757436366744, 37.50964667635826], [126.8572694048173, 37.51031128652273], [126.8570476853173, 37.51099650745713], [126.85691134258525, 37.5116957405965], [126.8568616920098, 37.51240225225845], [126.85689921419278, 37.51310923847997], [126.85701691076179, 37.513772476485755], [126.85643502438369, 37.513549359995466], [126.85560069414927, 37.51330641624445], [126.85474049210207, 37.51312977896834], [126.85386270032005, 37.51302114879341], [126.85297577008436, 37.51298157157253], [126.85208824057844, 37.51301142832529], [126.85120865674484, 37.5131104315734], [126.8503454870868, 37.513277628107204], [126.84950704220296, 37.51351140815605], [126.84870139483624, 37.513809520875036], [126.84793630220334, 37.51416909599944], [126.84721913135026, 37.51458667145918], [126.84655678825037, 37.5150582266883], [126.8459556513258, 37.51557922131017], [126.84542151003151, 37.516144638826994], [126.84495950909283, 37.51674903489436], [126.84457409893392, 37.51738658971727], [126.84426899277557, 37.51805116406456], [126.84404713081665, 37.51873635836348], [126.84391065184711, 37.51943557430638], [126.84386087256814, 37.52014207837719], [126.84389827482187, 37.52084906668684], [126.84402250085726, 37.52154973049325], [126.84423235668113, 37.52223732177548], [126.84452582346576, 37.522905218230285], [126.8449000769069, 37.52354698706479], [126.84535151434861, 37.52415644697017], [126.84546484788636, 37.5242799427374], [126.84518480360023, 37.52431144317952], [126.84432149173992, 37.52447859402715], [126.84348290282963, 37.52471232950666], [126.84267711099787, 37.52501039920237], [126.84191187485125, 37.525369933264], [126.8411945628168, 37.52578747001706], [126.84053208222649, 37.526258989268634], [126.83993081282584, 37.526779950988946], [126.83939654534514, 37.5273453389975], [126.83893442572479, 37.52794970923447], [126.83854890553204, 37.528587242154174], [126.83838472204201, 37.528944736876625], [126.83817313317196, 37.52929463183833], [126.83786792039125, 37.52995918731131], [126.83764596316036, 37.530644367315084], [126.83750940118776, 37.531343573680154], [126.83745955197516, 37.53205007298322], [126.83749689803959, 37.53275706138149], [126.83762108217256, 37.53345773013235], [126.83783091078605, 37.5341453311675], [126.83807421120106, 37.53469909077146], [126.83784642956284, 37.534743172556006], [126.83700770572297, 37.53497686036191], [126.83620177773403, 37.53527488405816], [126.83543640551265, 37.535634374237524], [126.83471895879516, 37.53605186964828], [126.83405634620962, 37.536523350495884], [126.83345494877197, 37.53704427712071], [126.83292055844507, 37.537609633680624], [126.83245832235207, 37.538213976419186], [126.83207269318194, 37.53885148605593], [126.83176738626527, 37.53951602379594], [126.83154534373563, 37.54020119041999], [126.8314087061236, 37.54090038788793], [126.83135879166026, 37.54160688286254], [126.83139608349212, 37.5423138715431], [126.83152022493425, 37.54301454518461], [126.83173002281099, 37.54370215567187], [126.83202345885557, 37.54437008051696], [126.83239770906256, 37.54501188665367], [126.83284917080982, 37.54562139241379], [126.83337349749164, 37.54619272708799], [126.83396564033217, 37.54672038749586], [126.83461989697794, 37.54719929101985], [126.83532996640287, 37.54762482459051], [126.83608900959734, 37.54799288915], [126.83688971545668, 37.54829993916435], [126.83772437123348, 37.548543016802356], [126.83858493687377, 37.548719780450774], [126.83946312251867, 37.5488285272901], [126.84035046842256, 37.548868209712424], [126.84123842651506, 37.548838445422625], [126.84211844281754, 37.54873952112521], [126.84298203991706, 37.54857238976088], [126.84382089869983, 37.548338661319775], [126.84462693855349, 37.54804058732013], [126.8453923952625, 37.54768103910231], [126.84610989584377, 37.54726348014842], [126.8467725295992, 37.546791932694944], [126.8473739146994, 37.54627093896111], [126.8479082596556, 37.54570551736803], [126.8483704190882, 37.545101114171345], [126.84875594325423, 37.54446355097484], [126.84906112085838, 37.54379896863176], [126.84928301473651, 37.54311376807537], [126.84941949007062, 37.54241454864985], [126.84946923486584, 37.54170804453621], [126.84943177249593, 37.54100105988637], [126.8493074661995, 37.54030040329047], [126.84909751548753, 37.539612822208646], [126.84885411778764, 37.539059084858806], [126.84908190642763, 37.53901498193506], [126.84992063927633, 37.538781208597975], [126.85072655199717, 37.53848309128663], [126.85149188160018, 37.538123501758484], [126.85220925632743, 37.53770590389337], [126.85287176669382, 37.53723432030225], [126.85347303205896, 37.53671329355213], [126.85400726208769, 37.5361478423817], [126.85446931250749, 37.535543413331034], [126.85485473462526, 37.53490582825248], [126.85501885332302, 37.53454831037802], [126.85523037914096, 37.534198384945874], [126.85553545635038, 37.53353378379538], [126.85575725936339, 37.53284856905255], [126.85587554084913, 37.53224219934267], [126.85613993766563, 37.532253989194615], [126.85702769410302, 37.53222410419127], [126.85790749568379, 37.53212505993346], [126.85877086706523, 37.53195781051787], [126.8589807189074, 37.53189929576358], [126.85935471569499, 37.53212335175673], [126.86011372323512, 37.53249126247826], [126.86091436516887, 37.53279814975693], [126.86174892936381, 37.53304105733], [126.86260937664785, 37.533217645223466], [126.86348741830247, 37.53332621231185], [126.86437459596986, 37.533365712719764], [126.8652623632014, 37.533335765906436], [126.86614216785861, 37.533236660335426], [126.8670055345693, 37.533069350694355], [126.86784414644116, 37.532835448691245], [126.86864992524262, 37.53253720751649], [126.86941510927524, 37.532177500120945], [126.87013232818491, 37.53175979151985], [126.87079467398901, 37.53128810539077], [126.87122924492438, 37.530911353741445], [126.87186227760704, 37.5311539284396], [126.87269686017154, 37.53139675886404], [126.87355731557332, 37.531573267097386], [126.87443535501527, 37.531681752781914], [126.87532252016076, 37.5317211708268], [126.87621026468189, 37.53169114148506], [126.87709003665917, 37.531591954015695], [126.87795336103557, 37.5314245638956], [126.87879192132715, 37.531190583608385], [126.87959763979995, 37.53089226709881], [126.88008298046417, 37.530664047118144], [126.8806910988284, 37.531108834970794], [126.88140128277296, 37.53153409363645], [126.88216039468972, 37.53190186360933], [126.88296112280908, 37.532208602194146], [126.88379575416698, 37.53245135456099], [126.88465624894317, 37.532627782231486], [126.88553431796073, 37.53273618562431], [126.88642150259781, 37.53277552044174], [126.88730925633845, 37.532745407738936], [126.8873363171345, 37.532742354398344], [126.88709380020616, 37.53291512037735], [126.88649279722165, 37.533436321014264], [126.88595883005122, 37.53400192177743], [126.88549704174771, 37.53460647655767], [126.88511188069195, 37.53524416403099], [126.88480705771015, 37.535908843687864], [126.8845855102782, 37.53659411493999], [126.88444937416087, 37.53729337873692], [126.88444459120691, 37.537361769752685], [126.88393351695143, 37.53729867393751], [126.88304628032776, 37.53725931999367], [126.88215847178328, 37.53728940013445], [126.8812786389451, 37.53738862473199], [126.88041525271245, 37.53755603844674], [126.87957662576846, 37.53779002941837], [126.87877083260881, 37.53808834477256], [126.87800563185456, 37.538448112294816], [126.8772883915941, 37.53886586806374], [126.8766260184711, 37.53933758977819], [126.87606100287175, 37.53982742883624], [126.87592754907887, 37.53981094402967], [126.87504028776364, 37.53977152971853], [126.87415244705376, 37.53980154935635], [126.87327257488577, 37.539900713897566], [126.87240914253718, 37.540068068580574], [126.87157046313456, 37.54030200211318], [126.87076461167811, 37.54060026217394], [126.86999934734953, 37.54095997708068], [126.86928203884865, 37.541377683418496], [126.86861959347549, 37.541849359362324], [126.86801839063882, 37.542370463374084], [126.86748422043075, 37.542935977903284], [126.86702222785807, 37.54354045767181], [126.86695747734706, 37.54364759475655], [126.86644997628692, 37.54358486805607], [126.86556267628598, 37.54354538219225], [126.8646747880241, 37.54357533010546], [126.86379485989521, 37.54367442344034], [126.86293136371506, 37.5438417081206], [126.86209261322412, 37.54407557352779], [126.86128668410632, 37.54437376799623], [126.86052133629025, 37.54473342047513], [126.85980393927876, 37.54515106815075], [126.85914140122321, 37.54562268976289], [126.85854010242409, 37.54614374429677], [126.85800583389673, 37.54670921467859], [126.85754374159401, 37.54731365605569], [126.85715827682276, 37.54795124819732], [126.85685315333293, 37.54861585151334], [126.85663131149394, 37.549301066152154], [126.85649488990585, 37.550000293610125], [126.8564452047211, 37.55070680025997], [126.85648273687949, 37.551413782187154], [126.85653014691862, 37.55168082798732], [126.85645692136102, 37.55170791476889], [126.85569147528358, 37.55206753458672], [126.85497398085374, 37.552485151498075], [126.85431134716039, 37.55295674453923], [126.85370995542438, 37.55347777297074], [126.8531755975558, 37.55404321997054], [126.85292713674573, 37.55436815074639], [126.85259715085412, 37.5544052736336], [126.8517335066869, 37.55457247473418], [126.8508946016217, 37.554806258725336], [126.85008851282944, 37.555104374725175], [126.84932300177479, 37.55546395243853], [126.84860543953106, 37.55588152977166], [126.84794273583947, 37.55635308614201], [126.84734127259439, 37.55687408116339], [126.84680684239396, 37.557439498335604], [126.8463445927473, 37.5580438933189], [126.84595897647624, 37.55868144633001], [126.84565370878965, 37.55934601815628], [126.84543173144597, 37.56003120925011], [126.84529518435082, 37.56073042133536], [126.84525316599769, 37.56132653189053], [126.84470574292814, 37.5611671723098], [126.84384501944358, 37.5609904521568], [126.84296668446866, 37.560881736723246], [126.84207919451056, 37.560842072682036], [126.84119109413754, 37.560871841888044], [126.84031093378401, 37.560970757705704], [126.83944718749947, 37.561137867767194], [126.83860817143018, 37.561371563134855], [126.83780196381466, 37.56166959377992], [126.8370363272605, 37.562029090228954], [126.83631863404823, 37.56244659117072], [126.83565579517894, 37.56291807675833], [126.83526553008569, 37.56325601104726], [126.83487765208702, 37.56273250092066], [126.83435319982752, 37.56216117329979], [126.83376093367733, 37.56163351501234], [126.8331065577887, 37.56115460673648], [126.83239637398181, 37.56072905965383], [126.83163722106164, 37.56036097107843], [126.83083640898157, 37.560053885033284], [126.83000164848708, 37.559810758153], [126.82914097691511, 37.5596339312394], [126.8282626808617, 37.559525106743], [126.82737521645977, 37.55948533238626], [126.8264871280318, 37.55951499108567], [126.82560696589721, 37.55961379726902], [126.82474320412246, 37.55978079962357], [126.82390415900248, 37.560014390248185], [126.82309790905477, 37.56031232012212], [126.82233221729365, 37.56067172074187], [126.82161445653017, 37.561089131718624], [126.82137613702479, 37.56125860230475], [126.82127629306609, 37.5612101792577], [126.82047551555728, 37.5609030233011], [126.81964078042772, 37.56065982343148], [126.8187801247706, 37.56048292115316], [126.81790183502913, 37.56037401964189], [126.81701436727565, 37.56033416736134], [126.81612626586494, 37.56036374797779], [126.81524608124124, 37.56046247667051], [126.81438228768725, 37.56062940287242], [126.81354320180338, 37.560862919415314], [126.81273690249904, 37.56116077799143], [126.81197115326304, 37.56152011078356], [126.81125332745899, 37.56193745805587], [126.81091540702126, 37.56217769900917], [126.81087986935604, 37.56150057625451], [126.81075589351806, 37.56079988469723], [126.81054624343552, 37.56011224034973], [126.81025294035726, 37.55944426518075], [126.8098788108986, 37.55880239157218], [126.80942745974491, 37.55819280039414], [126.80890323487444, 37.55762136150761], [126.80831118563808, 37.557093577266606], [126.80765701410148, 37.55661452956264], [126.80694702011934, 37.55618883092012], [126.80618804067099, 37.55582058011247], [126.80538738404171, 37.555513322724565], [126.80455275948212, 37.5552700170404], [126.80369220302208, 37.555093005582755], [126.80281400015072, 37.554983992578265], [126.80192660610486, 37.55494402756353], [126.80103856453027, 37.554973495289744], [126.80015842529549, 37.55507211202249], [126.79929466224633, 37.55523892827208], [126.79845559168932, 37.555472337928336], [126.79764929238591, 37.55577009371212], [126.7968835278242, 37.556129328795485], [126.79616567151449, 37.55654658438298], [126.79550263602512, 37.55701784298973], [126.79490080644076, 37.55753856709687], [126.79436597888264, 37.55810374281351], [126.79390330468166, 37.55870792812606], [126.79351724074391, 37.55934530527186], [126.79321150658559, 37.56000973673379], [126.79298904845426, 37.560694824318276], [126.79285201088335, 37.56139397074857], [126.79280171595701, 37.56210044318127], [126.79283865048778, 37.56280743803497], [126.79296246123458, 37.56350814650728], [126.79317195820985, 37.56419582014949], [126.79346512604864, 37.56486383586703], [126.79383914333278, 37.56550575971979], [126.7942904096877, 37.56611540890676], [126.79481458039396, 37.56668691133774], [126.79540660818213, 37.56721476221671], [126.79606079181079, 37.56769387709134], [126.7967708309606, 37.568119640855826], [126.79752988691641, 37.5684879522342], [126.79833064845282, 37.568795263313845], [126.79916540228773, 37.569038613747466], [126.80002610742324, 37.569215659292546], [126.80090447265675, 37.569324694412515], [126.80179203651191, 37.56936466872089], [126.80268024881732, 37.5693351971093], [126.80356055314333, 37.569236563461516], [126.80442446929973, 37.56906971791722], [126.80526367509621, 37.5688362677124], [126.80607008657415, 37.56853846168444], [126.8068359359346, 37.56817916859213], [126.80755384640857, 37.567761849460204], [126.80789180299996, 37.56752161871359], [126.80792731560823, 37.568198741440014], [126.80805127607968, 37.568899434952364], [126.80826092651924, 37.56958708272891], [126.80855425008389, 37.57025506192341], [126.80892842385533, 37.570896938946674], [126.8093798459513, 37.571506531448], [126.80990417015148, 37.57207796788252], [126.8104963477071, 37.57260574408935], [126.81115067593295, 37.57308477633501], [126.81186085311566, 37.573510450309335], [126.81262003920915, 37.573878665601136], [126.81342092173318, 37.5741858752234], [126.8142557862388, 37.57442911980625], [126.81511659066094, 37.574606056127124], [126.81599504283945, 37.574714979701994], [126.81688268045964, 37.57475484121934], [126.81777095263884, 37.574725256657864], [126.81865130237026, 37.57462651098996], [126.8195152490262, 37.57445955543499], [126.82035447012265, 37.57422599828925], [126.82116088155402, 37.5739280894208], [126.82192671552255, 37.57356869857954], [126.8226445954084, 37.57315128773216], [126.82274306139398, 37.57308127771248], [126.82300735985208, 37.573209434234755], [126.82380827900911, 37.573516573762724], [126.82464317099384, 37.573759745163436], [126.8255039934759, 37.57393660591955], [126.82638245412086, 37.57404545227528], [126.82727009053217, 37.57408523566332], [126.82815835183882, 37.57405557281544], [126.82903868113887, 37.57395674945848], [126.82990259800178, 37.5737897175606], [126.83074178023091, 37.57355608615379], [126.83154814409573, 37.57325810582175], [126.83231392225738, 37.57289864700297], [126.83303173863439, 37.57248117231905], [126.83369467948523, 37.57200970319547], [126.83415091549544, 37.571614704805924], [126.83444833963775, 37.57201609231562], [126.83497286059853, 37.57258741923187], [126.83556522096752, 37.573115071374794], [126.83621971629663, 37.5735939662055], [126.83693004326068, 37.57401949073732], [126.83768936036883, 37.57438754599865], [126.83849035387684, 37.57469458654424], [126.839325308265, 37.57493765463343], [126.840186180601, 37.5751144087444], [126.8410646780694, 37.57522314614912], [126.84195233791853, 37.57526281933035], [126.84284060905124, 37.57523304608196], [126.84372093447101, 37.57513411319487], [126.84458483378486, 37.57496697369288], [126.84542398496572, 37.574733237645006], [126.84623030458282, 37.574435156643375], [126.84699602572444, 37.574075602096556], [126.84771377285935, 37.573658037548476], [126.84837663291424, 37.573186485290364], [126.84897822188, 37.572665487588694], [126.84951274630502, 37.57210006290366], [126.84997505908228, 37.57149565752159], [126.85036070899368, 37.570858093068075], [126.85066598353494, 37.57019351040914], [126.85088794461099, 37.569508310481616], [126.85102445675949, 37.56880909262399], [126.85105875814946, 37.56832198744828], [126.85174217902123, 37.56852087639815], [126.85260300840113, 37.568697539731275], [126.85348145004589, 37.56880618431188], [126.8543690417418, 37.56884576351737], [126.85525723304873, 37.56881589604741], [126.85613746773977, 37.568716869600976], [126.85700126629679, 37.568549638103505], [126.85784030766429, 37.5683158125105], [126.8586465094705, 37.56801764527685], [126.85941210593958, 37.56765800864189], [126.86012972274253, 37.56724036694022], [126.8607924480625, 37.566768743206104], [126.86139389918931, 37.566247680394206], [126.86192828399989, 37.56568219759155], [126.86231310581925, 37.565178906414616], [126.86237850165315, 37.56517154523616], [126.8632422458616, 37.56500426746819], [126.86408122843233, 37.56477039683466], [126.8648873675604, 37.56447218622443], [126.8656528980745, 37.5641125082947], [126.86637044628144, 37.56369482777783], [126.86703310102574, 37.56322316808189], [126.86763448027753, 37.56270207250778], [126.86816879260653, 37.56213656045789], [126.86863089294975, 37.56153207905924], [126.86901633213598, 37.560894450668755], [126.86932139969107, 37.560229816767254], [126.86954315951357, 37.55954457878406], [126.86967947807909, 37.55884533642306], [126.86972904490513, 37.55813882408526], [126.86969138508158, 37.55743184600073], [126.86964392465076, 37.55716480528379], [126.86971715092093, 37.557137710353494], [126.87048258311498, 37.55677799976916], [126.87120003385347, 37.55636028849928], [126.87186259292035, 37.555888600247926], [126.87246387920774, 37.555367478590796], [126.87299810218104, 37.55480194318116], [126.87341348920687, 37.554258450622974], [126.87401464354205, 37.5543327063002], [126.87490207671601, 37.55437212976993], [126.87579009012939, 37.5543421061202], [126.87667012927035, 37.55424292455525], [126.87753371650629, 37.55407554049532], [126.87837253281931, 37.55384156636598], [126.87917849800765, 37.553543256053175], [126.8799438485769, 37.553183483174536], [126.8806612125688, 37.55276571337687], [126.88132368060366, 37.55229397092798], [126.88192487245124, 37.551772799925416], [126.88204908049117, 37.551641278566194], [126.88292742360015, 37.55168023943082], [126.88381540268391, 37.551650155093604], [126.88469540032155, 37.55155091328922], [126.88555893928061, 37.55138347001843], [126.88639770100886, 37.551149438277434], [126.88720360583086, 37.55085107250727], [126.88796889083444, 37.550491246859885], [126.88868618469358, 37.550073427490425], [126.88934857870487, 37.549601639144115], [126.88994969335174, 37.54908042636052], [126.89048373975427, 37.548514809670195], [126.8909455754121, 37.54791023720714], [126.89133075370427, 37.547272532204275], [126.89163556666983, 37.54660783687908], [126.89185708065928, 37.54592255325119], [126.89199316451545, 37.545223281462725], [126.89199794117985, 37.54515489017584], [126.89250907625468, 37.5452179515328], [126.8933964130972, 37.54525723519154], [126.89428431282757, 37.54522707138391], [126.89516422203005, 37.545127750664925], [126.89602766432493, 37.54496022979587], [126.89686632209207, 37.544726122520636], [126.89767211665844, 37.544427684008056], [126.89843728617501, 37.544067789110805], [126.89915446042919, 37.543649904651055], [126.89981673187064, 37.543178056000826], [126.90041772216435, 37.54265678828029], [126.90095164362889, 37.542091122548825], [126.90110139566265, 37.54189502220613], [126.90167211392547, 37.54196539232224], [126.90255941798537, 37.54200460685193], [126.90344727636577, 37.54197437376064], [126.90432713604953, 37.541874984271125], [126.90519052113456, 37.541707395807435], [126.90602911455233, 37.54147322276484], [126.9068348382505, 37.5411747209459], [126.90759993106339, 37.54081476581319], [126.90831702351812, 37.540396824769104], [126.90897920885305, 37.53992492373068], [126.90958010956341, 37.53940360832259], [126.9101139388313, 37.53883790006326], [126.91057555624907, 37.53823324796794], [126.91096051729865, 37.53759547603562], [126.911265116112, 37.53693072712744], [126.91148642110242, 37.53624540377797], [126.91162230312536, 37.53554610651077], [126.91167145590092, 37.53483957025314], [126.91163340850427, 37.534132599463085], [126.9116114332052, 37.53400931414731], [126.91165817954573, 37.53404348097963], [126.91236856945052, 37.53446855494194], [126.91312786567566, 37.53483612721816], [126.91392875467375, 37.53514265701767], [126.91476352192879, 37.535385191522266], [126.91562412630957, 37.535561394352925], [126.91650227758187, 37.53566956809515], [126.91738951633033, 37.5357086706645], [126.91827729551727, 37.5356783253545], [126.91915706288916, 37.53557882446948], [126.92002034343398, 37.535411126506986], [126.92085882109136, 37.535176846917466], [126.92166441892526, 37.534878242530084], [126.92242937698377, 37.53451818979561], [126.92314632709335, 37.5341001570566], [126.92380836386488, 37.53362817111322], [126.92440911122577, 37.53310677840763], [126.92494278383644, 37.53254100120244], [126.92540424279903, 37.53193628917646], [126.92572100957321, 37.53141123892134], [126.92591223311561, 37.53161921528218], [126.92650492049772, 37.53214641750955], [126.92715964986171, 37.53262481342776], [126.9278701156201, 37.53304979485681], [126.92862947493825, 37.533417268058216], [126.92943041365987, 37.53372369319592], [126.93026521678902, 37.53396611846022], [126.93112584284818, 37.5341422085249], [126.9320040013937, 37.534250267062184], [126.93289123293995, 37.53428925309798], [126.93377899051859, 37.53425879104899], [126.93465872208448, 37.534159174344616], [126.93552195297102, 37.53399136259866], [126.93636036759688, 37.53375697235812], [126.93716588963417, 37.53345826151843], [126.93793075986214, 37.533098107556064], [126.93864761095455, 37.53267997978886], [126.9393095384773, 37.53220790593235], [126.93991016741151, 37.5316864332754], [126.94044371355952, 37.53112058485051], [126.9409050392428, 37.53051581102203], [126.94128970275503, 37.5298779369603], [126.94159400109542, 37.52921310650875], [126.94181500557207, 37.52852772298577], [126.9419505899352, 37.527828387492846], [126.94199945077158, 37.52712183532368], [126.94196111996727, 37.52641487108783], [126.94183596912188, 37.52571430317366], [126.94162520587568, 37.5250268781824], [126.94133086218825, 37.52435921596434], [126.94095577468543, 37.523717745882465], [126.94050355726655, 37.52310864491693], [126.93997856623938, 37.52253777820519], [126.93938585831981, 37.5220106425898], [126.938731141904, 37.521532313716044], [126.93802072208172, 37.52110739718744], [126.93726143992234, 37.520739984248394], [126.9371354586779, 37.52069178859554], [126.93719297481857, 37.520616383692186], [126.9373402098296, 37.52037222165272], [126.93739543934167, 37.52039335036751], [126.93823012097542, 37.520635718876704], [126.93895754524003, 37.52078452879025], [126.93944798775723, 37.520926932585525], [126.94030848684999, 37.52110295508004], [126.94118650690034, 37.521210944444455], [126.9420735897576, 37.52124986037145], [126.9429611898869, 37.5212193279535], [126.94384075676103, 37.52111964129814], [126.9447038173013, 37.52095176069325], [126.94554205756867, 37.5207173033492], [126.94634740291623, 37.52041852780778], [126.94711209582654, 37.520058312168565], [126.9478287706826, 37.51964012634322], [126.9484905247489, 37.519167998606136], [126.9486955936784, 37.518989889766125], [126.94879501995415, 37.519037990072974], [126.94959588990062, 37.519344278621126], [126.95043060043787, 37.51958656116948], [126.95129111098012, 37.519762503767474], [126.95216913219687, 37.519870411508734], [126.95305620592602, 37.51990924487263], [126.95394378672064, 37.51987862974735], [126.95482332424, 37.519778861037615], [126.95568634568852, 37.519610899822055], [126.9565245375043, 37.51937636408792], [126.95732982550778, 37.51907751313236], [126.9580944527348, 37.518717225781636], [126.95881105420182, 37.518298972638256], [126.95947272788122, 37.517826782625086], [126.96007310120085, 37.517305204149274], [126.9606063924266, 37.51673926126177], [126.9610674663364, 37.5161344052359], [126.96108307633675, 37.51610850057177], [126.96167322342889, 37.51622911330914], [126.96255121920441, 37.51633694372655], [126.96343825746223, 37.516375698852436], [126.96432579309729, 37.516345005328986], [126.96520527620432, 37.51624515881653], [126.96606823451242, 37.51607712114352], [126.96690635506862, 37.515842511033945], [126.9677115643806, 37.515543588501686], [126.96847610624305, 37.51518323306252], [126.96919261649565, 37.514764915974936], [126.96985419399033, 37.514292666777614], [126.97045446708228, 37.51377103444766], [126.97098765500361, 37.5132050435545], [126.97144862352793, 37.51260014583346], [126.97183293439026, 37.51196216764672], [126.97213688798689, 37.51129725383891], [126.97235755894633, 37.51061180852951], [126.9724928242302, 37.509912433413206], [126.9725413834971, 37.5092058641635], [126.97250277153547, 37.50849890555265], [126.97245366991562, 37.50822462324112], [126.97280988955995, 37.5084847333946], [126.9735203903963, 37.50890944217175], [126.9742797339976, 37.50927662319437], [126.97508060635629, 37.509582739442145], [126.97591529311389, 37.50982484208245], [126.97677575391299, 37.510000598898586], [126.97765369990195, 37.51010831677479], [126.97813487928786, 37.510129280313116], [126.97847896549177, 37.510199556679396], [126.97935691640548, 37.51030726192805], [126.98024389352945, 37.510345890406526], [126.98113135234796, 37.51031506997777], [126.98201074369638, 37.51021509752511], [126.98287359618864, 37.510046936090774], [126.98371159789228, 37.50981220559136], [126.98451667646108, 37.50951316720079], [126.98528107695067, 37.509152701551045], [126.98599743656396, 37.50873428096226], [126.98617863759986, 37.50860487924384], [126.98652572987223, 37.508647438338755], [126.98741269168919, 37.50868601287656], [126.98830012852854, 37.50865513840944], [126.98917949143762, 37.508555112341575], [126.98958434600107, 37.508476183181536], [126.98968268195189, 37.50856356260261], [126.99033761461082, 37.50904161167331], [126.99104822123016, 37.50946621575064], [126.99180765761353, 37.50983328473204], [126.99260860885839, 37.51013928267661], [126.99344335984514, 37.510381261891624], [126.99430386959666, 37.510556891349836], [126.99518184878895, 37.5106644791628], [126.99606883966452, 37.51070298889343], [126.99695629757493, 37.51067204954904], [126.9969584489344, 37.510671804690034], [126.99752167536889, 37.51117217945388], [126.99817668112465, 37.5116501853767], [126.99888735725317, 37.51207474260696], [126.99964685888791, 37.51244176149325], [127.00044787049703, 37.51274770657729], [127.00128267637886, 37.51298963067562], [127.00214323502682, 37.513165203292], [127.00254080791697, 37.513213894204334], [127.00256467421704, 37.51364766042963], [127.00269037477818, 37.51434816944587], [127.00290167063612, 37.51503549059981], [127.00319652908706, 37.51570300418194], [127.00357211241402, 37.5163442810798], [127.00402480514128, 37.51695314471668], [127.00455024879199, 37.517523730563404], [127.00514338381636, 37.51805054264925], [127.00579849828884, 37.51852850652635], [127.00650928290571, 37.51895301817635], [127.0072688917547, 37.51931998838669], [127.00807000827042, 37.51962588216785], [127.00890491573973, 37.51986775283053], [127.00976557167667, 37.52004327039329], [127.01064368534769, 37.52015074404597], [127.01153079769857, 37.52018913845158], [127.01154568914545, 37.52018861747496], [127.01183700767547, 37.52058034135036], [127.01236253633039, 37.52115089269068], [127.0129557551472, 37.52167766580907], [127.0136109513926, 37.52215558663279], [127.0143218149746, 37.52258005155803], [127.01508149921959, 37.52294697182218], [127.01588268683516, 37.52325281291685], [127.01671766042261, 37.5234946286603], [127.01757837685844, 37.523670089600245], [127.01845654482563, 37.52377750547215], [127.01934370474648, 37.52381584149587], [127.02023131034268, 37.52378472835291], [127.0203062629645, 37.52377618406055], [127.02014794019215, 37.52403931507153], [127.01984435829354, 37.52470435365114], [127.01962407778771, 37.52538988882912], [127.01948922224337, 37.52608931900645], [127.01944109273316, 37.526795908594636], [127.01948015521386, 37.52750285287124], [127.01960603594493, 37.52820334350842], [127.01981752499368, 37.52889063414346], [127.02011258779658, 37.52955810535964], [127.02048838466891, 37.530199328451495], [127.0209412980782, 37.5308081273595], [127.02146696742169, 37.531378638176975], [127.02206033097508, 37.531905365654985], [127.02271567461041, 37.53238323615995], [127.02342668681534, 37.53280764657232], [127.02418651948369, 37.53317450865429], [127.0249878538923, 37.53348028845768], [127.02582297122738, 37.533722040391076], [127.02668382697944, 37.53389743561687], [127.02756212848831, 37.53400478450369], [127.02844941488874, 37.534043052916864], [127.02933713868309, 37.534011872189474], [127.03021674815234, 37.53391154267756], [127.03107976980833, 37.53374303086479], [127.03191789008902, 37.533507960044936], [127.03272303550699, 37.53320859467196], [127.03348745047563, 37.53284781852929], [127.03416913537004, 37.532449353330634], [127.03478017697965, 37.53289480112458], [127.03549126314924, 37.53331913935456], [127.03625116090166, 37.53368592420996], [127.03705255088589, 37.53399162248659], [127.03788771375197, 37.5342332893786], [127.03874860455105, 37.534408596867884], [127.0396269302849, 37.53451585616859], [127.04051422985452, 37.53455403400945], [127.04140195563524, 37.53452276259651], [127.04228155588898, 37.53442234315979], [127.04314455721656, 37.53425374304966], [127.04398264625223, 37.53401858641086], [127.0447877498101, 37.53371913852436], [127.04555211270761, 37.5333582839687], [127.04626837251345, 37.53293949881175], [127.04692963049787, 37.5324668171019], [127.04752951810033, 37.531944791982674], [127.048062258273, 37.53137845180656], [127.04852272110939, 37.5307732516721], [127.04890647322215, 37.53013502085245], [127.04920982039587, 37.52946990662301], [127.04942984310576, 37.52878431503056], [127.049564424562, 37.52808484917511], [127.04961227101319, 37.52737824560008], [127.04957292411558, 37.52667130940411], [127.04944676525358, 37.525970848699515], [127.04940066350225, 37.52582122792538], [127.05007277820378, 37.526077548064464], [127.05090789604803, 37.52631912290049], [127.05176872752489, 37.52649433531645], [127.05264698020763, 37.52660149744288], [127.0535341937013, 37.52663957694512], [127.05442182121097, 37.526608206977016], [127.05530131194608, 37.52650768971845], [127.05616419356348, 37.526338993462495], [127.05700215385164, 37.52610374328032], [127.05780712086619, 37.525804205354184], [127.05857134074108, 37.52544326513002], [127.059287452424, 37.52502439950082], [127.05994855861319, 37.524551643289946], [127.06054829221134, 37.524029550358186], [127.06108087765493, 37.52346314971078], [127.06154118652853, 37.522857897028175], [127.06192478692824, 37.52221962208899], [127.06222798610015, 37.52155447259288], [127.06226665880793, 37.52143388636688], [127.0627608983022, 37.52133722399176], [127.06359878224322, 37.52110192632154], [127.0644036693917, 37.52080234267556], [127.06516780665167, 37.52044135894015], [127.06588383376726, 37.52002245242734], [127.06654485425199, 37.51954965835418], [127.06714450183455, 37.51902753094599], [127.06767700178045, 37.51846109953979], [127.06813722649808, 37.517855820112004], [127.06852074489429, 37.51721752269848], [127.0686185661565, 37.517002864890124], [127.0688107422657, 37.517117484479186], [127.06957064174735, 37.517484055943086], [127.07037199729564, 37.51778952872646], [127.07120708989089, 37.518030960196654], [127.07206787526052, 37.51820602460466], [127.07209041478423, 37.5182087712316], [127.07260174165475, 37.51840367214913], [127.07343684841226, 37.51864508791517], [127.07429764618948, 37.51882013612969], [127.07517584288405, 37.518927130505794], [127.0760629786404, 37.51896504032565], [127.07695050741296, 37.5189335003785], [127.0778298793632, 37.51883281448247], [127.07869262329335, 37.51866395255584], [127.07953042831981, 37.51842854126627], [127.0803352239955, 37.51812884834838], [127.0810827671198, 37.51777555458108], [127.08148104379109, 37.517967623947456], [127.08228245381699, 37.518273016220874], [127.08311759096318, 37.51851436372277], [127.08397841052721, 37.51868934151322], [127.0848566201964, 37.51879626398404], [127.08574375999, 37.5188341011104], [127.08663128382348, 37.51880248838218], [127.08751064190594, 37.518701730318924], [127.08837336317346, 37.51853279753446], [127.08921113696114, 37.518297317379336], [127.09001589312331, 37.51799755825182], [127.09077987982761, 37.51763640772908], [127.09149573827044, 37.51721734473001], [127.09215657359215, 37.51674440597904], [127.09233954185001, 37.516584999022676], [127.09241201793131, 37.51670843991233], [127.09286543795376, 37.51731696744612], [127.0933915644175, 37.51788716218312], [127.09398533118878, 37.51841353191768], [127.09464102024936, 37.518891006461445], [127.09497505965989, 37.519090117308046], [127.09491367676557, 37.51928180064592], [127.09477953481249, 37.51998132184521], [127.09473211957706, 37.52068794717745], [127.09477189013735, 37.52139487157174], [127.09489846593222, 37.52209528688754], [127.09511063033244, 37.52278244748352], [127.09540634226644, 37.523449735191676], [127.09578275579291, 37.52409072307066], [127.09623624743459, 37.52469923732362], [127.09676245101332, 37.525269416783395], [127.09735629965259, 37.5257957693912], [127.09801207454552, 37.52627322512335], [127.0987234600193, 37.526697184855365], [127.09948360436616, 37.527063564691126], [127.1002851858552, 37.52736883532891], [127.10112048328784, 37.52761005608361], [127.101981450416, 37.52778490323655], [127.10285979350408, 37.527891692438374], [127.10374705128488, 37.52792939494857], [127.10463467653628, 37.52789764755445], [127.10551411848967, 37.52779675607346], [127.10637690527288, 37.527627692405375], [127.10721472558987, 37.52739208516228], [127.10801950884711, 37.52709220396734], [127.10878350295188, 37.52673093757419], [127.10949934903034, 37.526311766018424], [127.11016015234323, 37.52583872707049], [127.1107595487149, 37.5253163773145], [127.11114885836865, 37.524901896859866], [127.11194170182908, 37.524998231894834], [127.1128289305275, 37.52503586602683], [127.11371651823696, 37.52500405014559], [127.11459591455082, 37.524903090728664], [127.11472772993788, 37.52487725007939], [127.11414702393746, 37.52529299761751], [127.11354765122276, 37.52581536470072], [127.11301544343515, 37.52638200390315], [127.1125555267045, 37.52698745911107], [127.11217233140657, 37.527625900322846], [127.11186954945279, 37.528291179761844], [127.11165009867645, 37.528976891053695], [127.11151609466017, 37.52967643089884], [127.11146883027905, 37.530383062647715], [127.1115087631596, 37.53108998116677], [127.11163551117858, 37.53179037837107], [127.1118478560488, 37.532477508792695], [127.11214375496093, 37.53314475455328], [127.11252036017288, 37.53378568911448], [127.11297404636089, 37.53439413919208], [127.11350044547234, 37.53496424423622], [127.11409448874646, 37.53549051290414], [127.11458821236813, 37.535849808583514], [127.11456708371189, 37.535896231814974], [127.11434763469363, 37.53658194724975], [127.11421364161518, 37.53728148931932], [127.1141663972473, 37.537988121352605], [127.11420635902472, 37.538695038213206], [127.11433314454679, 37.53939543183198], [127.11454553516592, 37.54008255677533], [127.11484148763299, 37.54074979521736], [127.11521815369062, 37.54139072068996], [127.11567190742952, 37.541999159996124], [127.11619838014667, 37.54256925268942], [127.11679250237255, 37.54309550754572], [127.11744855266383, 37.543572855482054], [127.11788200957905, 37.543831010234], [127.11819146815134, 37.54405616876415], [127.11890313699634, 37.54448000722984], [127.11966356097457, 37.54484625761358], [127.1204654156594, 37.54515139186027], [127.12086047270714, 37.54526537583945], [127.12054861794421, 37.545537130279904], [127.1200163213858, 37.54610379866234], [127.11955633849836, 37.546709278758726], [127.11917310029636, 37.547347740328156], [127.1188702991066, 37.54801303539827], [127.11865085294981, 37.54869875744425], [127.11851687736656, 37.54939830306299], [127.11846966496064, 37.55010493554917], [127.11850967286043, 37.55081184976179], [127.11863651822256, 37.55151223765696], [127.11884898182451, 37.55219935385584], [127.11914501971533, 37.55286658061633], [127.11952178281588, 37.55350749158237], [127.11997564428292, 37.554115913696165], [127.12050223437633, 37.5546859866764], [127.12109648249617, 37.555212219488276], [127.12175266598648, 37.555689543260705], [127.12246446523679, 37.55611336013912], [127.12322502455122, 37.55647958760257], [127.12402701819887, 37.55678469781639], [127.12486272100777, 37.557025751640545], [127.12572408282163, 37.55720042696432], [127.1266028060996, 37.557307041093864], [127.12749042590887, 37.55734456697564], [127.12837839153703, 37.55731264309919], [127.12925814893406, 37.55721157698303], [127.12928381883992, 37.557206543635814], [127.12927934112487, 37.557273699658836], [127.1293194544239, 37.557980609918516], [127.12944641263786, 37.558680985957686], [127.12965899545797, 37.55936808251102], [127.12995515778539, 37.560035282025], [127.13033204934268, 37.56067615840529], [127.13078604204924, 37.561284538926614], [127.13131276490053, 37.56185456370769], [127.13190714601733, 37.5623807421775], [127.13256346146191, 37.56285800598797], [127.13327539035184, 37.56328175786181], [127.13403607574162, 37.563647915904006], [127.13483819068472, 37.56395295294857], [127.13567400883967, 37.56419393056024], [127.1365354789381, 37.564368527362625], [127.13741430239492, 37.56447506141845], [127.13830201331147, 37.56451250644585], [127.1391900600969, 37.56448050171363], [127.14006988791891, 37.56437935551962], [127.14093302118579, 37.564210042218825], [127.1417711452623, 37.563974192829725], [127.14257618662812, 37.56367407930981], [127.14334039070458, 37.563312592652366], [127.1440563965964, 37.56289321501632], [127.14471730802714, 37.56241998615858], [127.14531675978274, 37.56189746449367], [127.14584897902262, 37.56133068315667], [127.14630884086719, 37.56072510149416], [127.14669191772714, 37.56008655245207], [127.14699452189979, 37.55942118636784], [127.14699811431717, 37.559409948454956], [127.1471639946954, 37.55958940669539], [127.14775847006781, 37.560115506043516], [127.14841486758473, 37.560592682333926], [127.14912686557186, 37.56101633913236], [127.14988760641675, 37.56138239545977], [127.15068976263771, 37.561687325130215], [127.15152560749465, 37.56192819074314], [127.1523870894612, 37.56210267200145], [127.1532659098376, 37.56220908808148], [127.15415360275459, 37.5622464138384], [127.15504161679478, 37.56221428969053], [127.15592139744162, 37.56211302508663], [127.15678446955845, 37.5619435955229], [127.15762251909987, 37.5617076331382], [127.15842747326457, 37.561407410978916], [127.15871588203325, 37.56127093114012], [127.15923267747931, 37.56172816250913], [127.15988916274114, 37.56220527530628], [127.160601241515, 37.56262886318632], [127.16136205540933, 37.56299484583404], [127.16216427623772, 37.563299697773274], [127.16300017663706, 37.56354048235246], [127.16386170454513, 37.56371488005538], [127.16474056081898, 37.56382121086355], [127.16562827924318, 37.56385845045397], [127.16651630815437, 37.56382624007542], [127.16739609289264, 37.563724890007755], [127.16825915828213, 37.56355537657084], [127.16909719034246, 37.56331933271196], [127.1699021164413, 37.56301903226262], [127.1706661831121, 37.5626573680173], [127.17138203078525, 37.562237823845855], [127.17204276471057, 37.56176444110956], [127.17264202138614, 37.56124177970494], [127.17317402985275, 37.56067487411271], [127.17363366726316, 37.56006918487565], [127.17401650819183, 37.55943054597495], [127.17431886721022, 37.558765108612484], [127.17453783432049, 37.55807928194223], [127.17467130290785, 37.55737967132247], [127.17471798994546, 37.55667301468442], [127.17467744826025, 37.555966117630874], [127.17455007074557, 37.55526578789013], [127.1743370864829, 37.554578769756844], [127.1740405488143, 37.553911679151], [127.17366331548352, 37.55327093991983], [127.17320902104056, 37.55266272199576], [127.17268204177799, 37.55209288200489], [127.17208745353916, 37.551566906897015], [127.17143098280673, 37.55108986113858], [127.17071895154274, 37.5506663379761], [127.16995821631298, 37.55030041523773], [127.16915610228077, 37.549995616097334], [127.16832033270518, 37.549754875177435], [127.1674589546209, 37.549580510316495], [127.16658026141324, 37.54947420027083], [127.16569271303109, 37.5494369685656], [127.16480485460323, 37.549469173648994], [127.16392523423794, 37.54957050544464], [127.16306232079434, 37.54973998833485], [127.16222442241359, 37.54997599054624], [127.1614196065908, 37.5502762398478], [127.16113124522771, 37.550412726776294], [127.16061451572278, 37.54995550316564], [127.15995813265714, 37.549478393913994], [127.1592461821019, 37.549054801841926], [127.15848551984675, 37.548688805441046], [127.15768347035325, 37.54838392859439], [127.15684775625998, 37.5481431066725], [127.15598642406812, 37.54796865829345], [127.15510776672173, 37.54786226301739], [127.15422024382488, 37.547824945189646], [127.15333240026118, 37.547857064087204], [127.15245278399587, 37.54795831046304], [127.15209614053423, 37.54802832367153], [127.15203112718366, 37.54791782214471], [127.15157704132429, 37.54730952146992], [127.15157518806986, 37.54730751639485], [127.15171634569217, 37.546865775668515], [127.15185000659325, 37.54616619047154], [127.15189690120988, 37.54545954254416], [127.15185658036837, 37.54475263740649], [127.15172943483401, 37.544052282866005], [127.1515166914535, 37.54336522345755], [127.1512204012489, 37.54269807549991], [127.15084341958104, 37.54205726339387], [127.15038937857712, 37.54144895777484], [127.14986265209019, 37.54087901611444], [127.14926831353102, 37.54035292634228], [127.14871653305454, 37.53995170219453], [127.14891636488467, 37.53932635964448], [127.14905003790419, 37.53862677678712], [127.14909695365068, 37.537920129178346], [127.14905666274603, 37.53721322233531], [127.14892955566633, 37.536512864082106], [127.14872692511746, 37.53585831578339], [127.14912011456893, 37.535844105212185], [127.14999959270193, 37.53574288276019], [127.15086237340391, 37.5355734942682], [127.15101933005579, 37.53552929468383], [127.15107768807394, 37.53551783699309], [127.15191545881827, 37.5352819126675], [127.15272015060758, 37.53498172676765], [127.15348401223274, 37.534620170983494], [127.15419968609905, 37.534200728139034], [127.15486027912961, 37.53372743861845], [127.15545942917814, 37.533204861419506], [127.15599136631026, 37.53263803021102], [127.15645096836327, 37.53203240481881], [127.15683381024903, 37.53139381860873], [127.15713620652635, 37.530728422275054], [127.15735524683491, 37.530042624576765], [127.15748882385118, 37.529343030593495], [127.15753565350028, 37.52863637809688], [127.15749528723222, 37.52792947265067], [127.1573681162477, 37.52722912206504], [127.15715536763639, 37.526542070836605], [127.15685909246865, 37.52587493520537], [127.15648214595859, 37.52523413945355], [127.15602815989304, 37.52462585405929], [127.15550150759455, 37.52405593629978], [127.15490726175824, 37.523529873874985], [127.15425114557047, 37.52305273209337], [127.15353947758076, 37.52262910512707], [127.15277911085903, 37.522263071804616], [127.15197736702261, 37.52195815636526], [127.15114196576887, 37.52171729455174], [127.15028095058904, 37.52154280536665], [127.14940261137721, 37.5214363687633], [127.14851540467691, 37.52139900948496], [127.14799327212378, 37.521417881521906], [127.14816388296231, 37.5210425276278], [127.148382976251, 37.52035674571601], [127.14851661898435, 37.519657161067656], [127.14856352645322, 37.51895051136487], [127.1485232493569, 37.518243602144935], [127.14839617803621, 37.517543241254906], [127.14818353862012, 37.51685617329125], [127.14788738112671, 37.516189014655694], [127.14751055963652, 37.51554818985263], [127.14705670473221, 37.51493986964054], [127.1465301884734, 37.51436991163253], [127.14593608224557, 37.51384380391658], [127.14528010789125, 37.51336661223775], [127.14456858259507, 37.512942931249036], [127.14380835805379, 37.512576840299396], [127.14300675451692, 37.51227186418313], [127.14217149033196, 37.512030939227266], [127.1413106076716, 37.51185638504235], [127.14043239515514, 37.511749882207354], [127.13954530810739, 37.51171245610309], [127.13865788721893, 37.51174446704857], [127.1383459942551, 37.51178034635493], [127.13827477218933, 37.51170323034813], [127.13768074523479, 37.51117708128227], [127.1370248470157, 37.510699843936294], [127.13631339398427, 37.510276113403016], [127.13555323714216, 37.50990996950855], [127.13497381425505, 37.50968946694346], [127.13503430446558, 37.509373073858036], [127.13508133177764, 37.50866642890886], [127.13504118661095, 37.50795951455315], [127.13492373453947, 37.50731142929518], [127.13539952015093, 37.50689647767709], [127.13593141993151, 37.50632973410634], [127.13639102040429, 37.505724184078765], [127.1367738964931, 37.505085660234144], [127.13680550815576, 37.505016123272014], [127.13680902456363, 37.5050157187671], [127.13767147999019, 37.50484642407049], [127.1385089485233, 37.5046105920569], [127.13931336296143, 37.504310494514975], [127.14007697476788, 37.503949022282434], [127.14079242875448, 37.503529657377335], [127.14145283396181, 37.50305643943198], [127.14205183005149, 37.5025339267537], [127.14258364857031, 37.501967152388936], [127.14304316849554, 37.501361575615256], [127.14342596552707, 37.500723029329656], [127.14351169906955, 37.50053438581326], [127.14373335181931, 37.50054373172256], [127.14462063823316, 37.50051168189248], [127.14549970720823, 37.5004104902549], [127.14636209046866, 37.50024113160211], [127.14655464159382, 37.500186890284844], [127.14705928679452, 37.50055405225895], [127.1477707092716, 37.500977718606585], [127.14853083620342, 37.50134378427435], [127.149332346024, 37.50164872298816], [127.15016751822324, 37.50188959726194], [127.15102830775845, 37.50206408671654], [127.15190642260478, 37.50217051045023], [127.1527934036947, 37.502207843245074], [127.15368070647335, 37.502175725451735], [127.15455978328124, 37.50207446645751], [127.15542216576709, 37.50190504170387], [127.1562595465334, 37.501669083282394], [127.15706385922516, 37.50136886419986], [127.15782735628714, 37.501007276465], [127.1585426836379, 37.50058780320864], [127.15920295153931, 37.500114485106735], [127.1598018009771, 37.499591881431215], [127.16033346491206, 37.49902502610467], [127.16079282381173, 37.49841937918398], [127.16117545492814, 37.49778077424117], [127.16147767484775, 37.497115362149884], [127.16169657490573, 37.49642955181989], [127.16183004912592, 37.49572994845171], [127.16187681441964, 37.49502328990676], [127.16183642285267, 37.49431638180667], [127.16170926586523, 37.49361603198707], [127.16149657040815, 37.49292898493728], [127.16120038703606, 37.49226185685739], [127.16082357007565, 37.49162107195745], [127.1603697500631, 37.49101280061185], [127.15984329871947, 37.4904428999634], [127.15924928680296, 37.489916857548316], [127.15859343524627, 37.489439738483505], [127.15788206005037, 37.489016136723535], [127.15712201146604, 37.488650130855376], [127.15632060804845, 37.48834524485503], [127.15548556621864, 37.48810441418279], [127.15462492600933, 37.487929957542285], [127.15374697370677, 37.487823554574156], [127.15286016213213, 37.48778622969841], [127.15197302932586, 37.48781834225997], [127.15109411641545, 37.487919583072646], [127.15023188545375, 37.488088977393645], [127.15003936806703, 37.4881432249864], [127.14953479119121, 37.487776075319886], [127.1488234832828, 37.487352419233204], [127.14806349615037, 37.48698635529418], [127.14726214775813, 37.48668140803788], [127.14642715399805, 37.48644051351427], [127.14556655444058, 37.48626599104153], [127.14468863498112, 37.4861595208939], [127.14380184812498, 37.48612212813784], [127.1429147316748, 37.486154172771606], [127.14203582660075, 37.48625534626259], [127.14117359488014, 37.486424674515874], [127.14033633809456, 37.486660527245206], [127.13953211756487, 37.4869606336568], [127.13876867679015, 37.48732210429538], [127.1380533669343, 37.48774145884305], [127.13739307607602, 37.48821465960433], [127.1367941629016, 37.4887371503561], [127.13626239547776, 37.48930390018973], [127.13580289569434, 37.48990945192443], [127.13542008991159, 37.490547974627205], [127.13533434768695, 37.49073661254353], [127.13511272508723, 37.49072725101735], [127.13422555098842, 37.49075923007491], [127.13334658072418, 37.490860338498976], [127.1324842768988, 37.49102960282081], [127.13164694178741, 37.49126539336952], [127.13145036028467, 37.49133872903811], [127.131400930689, 37.49128518615181], [127.13080711279763, 37.49075900181464], [127.13015143613869, 37.49028172583524], [127.12983494543892, 37.49009314994997], [127.12989467587497, 37.49002950043879], [127.13035422390432, 37.489423971953755], [127.13073706685505, 37.488785465743014], [127.13103951927056, 37.48812013173014], [127.13125867024424, 37.48743437807406], [127.13139241138104, 37.486734809430864], [127.13143945701988, 37.48602816332908], [127.13139935652518, 37.485321245272175], [127.13127249853319, 37.484620863193356], [127.13125768945199, 37.48457295518274], [127.13193132919896, 37.48417807282301], [127.13259161851401, 37.48370490225726], [127.13319052031572, 37.48318243230651], [127.13372226705778, 37.48261569560514], [127.13418173840732, 37.48201015106743], [127.13456451053018, 37.4813716312796], [127.13486689865157, 37.480706286295685], [127.13508599248365, 37.480020524379945], [127.13521968418111, 37.47932095026768], [127.13526668855815, 37.478614301539814], [127.1352265553758, 37.47790738372486], [127.13509967358415, 37.47720700475352], [127.13488726748255, 37.47651990939746], [127.1345913848384, 37.47585271432359], [127.13421487708223, 37.475211844388646], [127.13410930083765, 37.47507021576953], [127.13427103627697, 37.47489781636008], [127.13473045544539, 37.47429226862391], [127.13511318300466, 37.473653745991605], [127.13541553460864, 37.47298839854434], [127.13563460032046, 37.47230263456992], [127.13576827256482, 37.47160305882331], [127.13581526634242, 37.47089640890109], [127.13577513151542, 37.47018949034317], [127.13564825704881, 37.46948911108742], [127.1354534674239, 37.46885895437051], [127.13619827643805, 37.46914254472234], [127.1370330447786, 37.469383511063235], [127.13789343071817, 37.46955809507815], [127.13877114612275, 37.469664614954624], [127.1396577357758, 37.46970204454841], [127.14054465889629, 37.469670023277374], [127.14142337148488, 37.4695688595984], [127.14228540870131, 37.46939952803398], [127.14312246647616, 37.469163659777045], [127.14392648156728, 37.46886352696477], [127.14468970928705, 37.4685020207737], [127.14540479814875, 37.468082623548], [127.14606486071096, 37.46760937523011], [127.14666353993611, 37.467086834418666], [127.14719507042263, 37.46652003442978], [127.14765433392095, 37.46591443478653], [127.14803690859888, 37.465275868604955], [127.14833911158297, 37.464610486385], [127.14854007475678, 37.463980956875545], [127.14906942520975, 37.46404515568962], [127.14995595427911, 37.46408250773978], [127.15084280722014, 37.46405040878261], [127.15172144071019, 37.46394916802376], [127.15258339067167, 37.46377976072852], [127.15342035387651, 37.4635438188196], [127.1542242679945, 37.46324361514377], [127.15498738931166, 37.46288204156027], [127.15570236736713, 37.462462581062375], [127.15636231578783, 37.46198927420188], [127.1569608786365, 37.461466680141086], [127.1574922916332, 37.46089983270865], [127.1579514376607, 37.46029419188424], [127.15833389601862, 37.45965559118003], [127.15856692077736, 37.459142309861186], [127.15911358355432, 37.45920856493309], [127.1600000611251, 37.459245841404176], [127.16088685321964, 37.45921366673859], [127.16176541710189, 37.4591123508716], [127.16262728936553, 37.4589428697924], [127.16346416753171, 37.45870685613461], [127.16426799009021, 37.45840658343636], [127.16503101420996, 37.45804494422185], [127.1657458903673, 37.45762542211652], [127.1664057331716, 37.45715205826548], [127.16700418770375, 37.45662941237979], [127.16753549072791, 37.45606251878699], [127.16799452618665, 37.45545683791095], [127.16837687444506, 37.4548182036492], [127.168678854811, 37.45415276715629], [127.16889756092313, 37.45346693757573], [127.16903088866884, 37.45276732029237], [127.16907755636531, 37.4520606533008], [127.16903711701313, 37.451353742303425], [127.16890996250748, 37.45065339516353], [127.1686973197701, 37.44996635634467], [127.168401238843, 37.44929924196799], [127.16802457306169, 37.44865847611222], [127.16757095150257, 37.44805022896923], [127.1670447439724, 37.44748035744986], [127.16645101887907, 37.44695434881116], [127.16579549439174, 37.446477267846156], [127.16561692121843, 37.446370890038295], [127.16572172827073, 37.44582100613826], [127.16576842227398, 37.44511433975165], [127.16572801731057, 37.444407426959], [127.16560090494366, 37.44370707564107], [127.16538831168845, 37.443020030301895], [127.16509228710974, 37.44235290712572], [127.16471568400002, 37.44171213027631], [127.16426213083183, 37.44110387005166], [127.16373599675308, 37.44053398348898], [127.1631423494644, 37.44000795799043], [127.16248690638588, 37.43953085851169], [127.16177597958482, 37.43910727882046], [127.16101641499499, 37.43874129729292], [127.16021552651286, 37.438436437672316], [127.15938102560395, 37.438195635166394], [127.15852094709594, 37.438021208208774], [127.15764357187075, 37.43791483615529], [127.1567573471976, 37.43787754312889], [127.15587080547076, 37.43790968816827], [127.15581791351292, 37.437915786979794], [127.15559422954863, 37.437535078203865], [127.15514077542768, 37.43692678303965], [127.15461473983063, 37.436356855961634], [127.15402118951037, 37.43583078476245], [127.15336584095392, 37.435353634838116], [127.1526550053192, 37.43493000044227], [127.15189552766302, 37.43456396047788], [127.15109472104567, 37.43425903925088], [127.1502602961452, 37.43401817256213], [127.14940028705827, 37.43384367946305], [127.1485685179089, 37.43374276570305], [127.14839519336805, 37.43351020619621], [127.14786923286466, 37.43294024914998], [127.14727575681611, 37.432414144151764], [127.1466204809948, 37.43193695692322], [127.14590971585878, 37.431513282077326], [127.14515030578673, 37.43114719890665], [127.14434956318881, 37.430842232133145], [127.14351519812728, 37.430601317996114], [127.14265524412326, 37.430426776003806], [127.14177798086119, 37.43032028661919], [127.14089185453335, 37.43028287509444], [127.14000539658794, 37.43031490160858], [127.13912714166004, 37.4304160578032], [127.1382655454721, 37.43058536974922], [127.13787313907936, 37.43069598449816], [127.13773006339943, 37.430232938446345], [127.1374343343232, 37.42956574608743], [127.13705803090902, 37.42892488128111], [127.13660477874424, 37.42831651517385], [127.13607894407961, 37.427746505823634], [127.13548559173428, 37.427220341816046], [127.13483043629031, 37.42674308944129], [127.13411978704775, 37.42631934393988], [127.13336048727038, 37.4259531852848], [127.1325598483074, 37.42564813892482], [127.13172557922438, 37.42540714186543], [127.13086571261927, 37.425232514413075], [127.12998852733595, 37.425125937853274], [127.1291024688166, 37.425088438277164], [127.12821606785721, 37.425120376711114], [127.12733785854454, 37.42522144564429], [127.12647629616204, 37.42539067198732], [127.12563967585112, 37.425626426433695], [127.12483605280794, 37.425926439134145], [127.12407316478111, 37.42628782153373], [127.12335835761358, 37.426707094162055], [127.12269851454376, 37.42718022011029], [127.12209998994489, 37.42770264387361], [127.12156854813946, 37.42826933518644], [127.12110930787799, 37.428874837429795], [127.12072669301673, 37.42951332014576], [127.12042438987041, 37.430178635155066], [127.12020531165253, 37.430864375738146], [127.12007157034773, 37.43156393831134], [127.12002445629004, 37.43227058600473], [127.12006442564646, 37.43297751353032], [127.1201910959306, 37.43367791271633], [127.12040324959214, 37.43436503807623], [127.12069884565238, 37.43503227178156], [127.12079815031025, 37.4352014568649], [127.12030437070727, 37.43572791917284], [127.11984507421423, 37.436333415433374], [127.11946241013274, 37.436971892982726], [127.11916006525205, 37.43763720369162], [127.11894095318816, 37.43832294088215], [127.11880718625244, 37.4390225010035], [127.11876005502654, 37.43972914720948], [127.11880001584372, 37.440436074226575], [127.11892668630065, 37.441136473887894], [127.11913884884639, 37.44182360070236], [127.11943446241742, 37.44249083682744], [127.11981068201058, 37.44313175581928], [127.12026388600825, 37.443740184545774], [127.12029242802953, 37.44377112892925], [127.11972288419054, 37.444268118883315], [127.11919130632336, 37.44483479717524], [127.11873194459663, 37.44544028782045], [127.11834922403712, 37.44607876047335], [127.11804683197856, 37.44674406705207], [127.11782768249213, 37.44742980091876], [127.1176938882505, 37.4481293585548], [127.11764674009923, 37.44883600313812], [127.11768669453578, 37.44954292941091], [127.11781336921933, 37.45024332921346], [127.1180255465593, 37.45093045705334], [127.11832118535072, 37.45159769507801], [127.11869744034853, 37.452238616825205], [127.11915068959487, 37.452847049136054], [127.1196765692398, 37.45341713163417], [127.12027001552177, 37.45394337319651], [127.12092531350567, 37.45442070487122], [127.12163615211004, 37.45484452873118], [127.12239568489417, 37.45521076219158], [127.12319659601881, 37.45551587736316], [127.12403117074514, 37.455756935060826], [127.12489136979035, 37.45593161313881], [127.12576890682249, 37.45603822887839], [127.12665532834473, 37.456075755211536], [127.12754209519701, 37.45604383062379], [127.1284206648865, 37.45594276264013], [127.12928257395038, 37.455773524860675], [127.13011951955424, 37.45553774757425], [127.13092343953674, 37.45523770204105], [127.13168659012631, 37.454876278596295], [127.13240162057869, 37.45445695878643], [127.13306164401436, 37.4539837818077], [127.13366030377139, 37.45346130557116], [127.13419183463438, 37.452894562770595], [127.13465111834842, 37.452289012378074], [127.13503373288476, 37.45165048703528], [127.13533599498412, 37.45098513684888], [127.13555499556952, 37.450299370132576], [127.13568862769054, 37.449599791667374], [127.13573560673173, 37.448893139075786], [127.13569548269452, 37.4481862179234], [127.13556864443736, 37.447485836173115], [127.13535631583686, 37.44679873862366], [127.13506054391081, 37.4461315419635], [127.13468417902065, 37.4454906710653], [127.13423084734731, 37.44488229713382], [127.13420229913896, 37.44485135608925], [127.13477175224224, 37.444354295922395], [127.13530320975873, 37.44378754686449], [127.13562296493927, 37.44336589770885], [127.13580428238802, 37.44347398634227], [127.13656377051288, 37.443840129210336], [127.13736461914826, 37.44414514861777], [127.13819911415686, 37.444386106302574], [127.13905921702383, 37.444560681083026], [127.13989109248145, 37.444661662132155], [127.14006441604322, 37.44489423366736], [127.14059040000001, 37.445464224417584], [127.14118393129623, 37.445990362112845], [127.14183929417591, 37.446467578801744], [127.14255017693075, 37.446891277664896], [127.1433097326931, 37.447257377321876], [127.1441106454011, 37.44756235117283], [127.14494520029972, 37.4478032613946], [127.14580535829651, 37.44797778726276], [127.14668283345475, 37.448084247525614], [127.14756917287377, 37.44812161661367], [127.14845583818496, 37.448089534527995], [127.14850873788261, 37.4480834390609], [127.1487324168175, 37.44846416054368], [127.14918588775046, 37.449072479195685], [127.14971197023668, 37.44964242945086], [127.14974410295441, 37.44967090673654], [127.14913648245488, 37.449692899006656], [127.14825801255944, 37.44979412162082], [127.14739621384616, 37.449963498536285], [127.14655938373068, 37.450199398997896], [127.14575557942871, 37.45049955175164], [127.14499254043405, 37.45086106689517], [127.14427761404392, 37.451280463681066], [127.14361768464593, 37.4517537040059], [127.14301910744639, 37.452276231264364], [127.14248764727664, 37.452843014194904], [127.1420284230668, 37.453448595296685], [127.14164585852173, 37.45408714335259], [127.141343639475, 37.454752509554005], [127.14114264139602, 37.45538202762482], [127.14061335901306, 37.45531779356039], [127.13972693859354, 37.45528037192811], [127.13884018518034, 37.45531238802543], [127.13796163625109, 37.45541353359427], [127.13709975035665, 37.45558283480807], [127.13626282575129, 37.455818661640286], [127.13545892055947, 37.45611874354568], [127.13469577524549, 37.45648019130401], [127.13398073812922, 37.456899524816656], [127.13332069466355, 37.45737270658963], [127.13272200115217, 37.45789518058161], [127.13219042354571, 37.45846191604427], [127.13173108190448, 37.45906745593426], [127.13134840106369, 37.45970596943182], [127.13104606797654, 37.46037130806167], [127.13082699614837, 37.461057064876975], [127.130693297506, 37.46175663613775], [127.13064626197632, 37.46246328489011], [127.1306863449739, 37.46317020583546], [127.13081316292136, 37.46387059086463], [127.13100790094109, 37.46450075548668], [127.13026315770992, 37.46421713254676], [127.12942846880483, 37.46397611859283], [127.12856816692886, 37.463801473225445], [127.12769053511376, 37.46369487790194], [127.12680402309769, 37.4636573588936], [127.12591716603943, 37.4636892774137], [127.125748090839, 37.46370872205537], [127.1257044944283, 37.463710290881096], [127.1248258302836, 37.46381133802595], [127.12396381903667, 37.4639805425143], [127.1231267601475, 37.46421627525062], [127.12232271303225, 37.46451626659548], [127.12155941952034, 37.46487762820053], [127.12084422935735, 37.465296880796764], [127.12018402946845, 37.46576998766952], [127.11958517766247, 37.466292393498996], [127.11905344141331, 37.46685906819371], [127.11859394230817, 37.467464555296004], [127.11821110669806, 37.468103024495086], [127.11790862302637, 37.468768327742985], [127.11768940624859, 37.46945405843438], [127.11755556968775, 37.470153613081635], [127.1175084045996, 37.47086025489169], [127.11754836764725, 37.47156717863354], [127.11767507640964, 37.472267576171795], [127.11788731297062, 37.4729547020356], [127.11818303555722, 37.47362193839111], [127.11855939811946, 37.474262858791654], [127.11875036260682, 37.4745191328399], [127.11871587807687, 37.47455587874192], [127.11825632860211, 37.4751613634675], [127.11787345030216, 37.475799830508095], [127.1175709320321, 37.47646513183667], [127.1173516890813, 37.47715086086665], [127.1172178350257, 37.4778504141265], [127.11717066129033, 37.47855705483665], [127.11721062462256, 37.47926397777668], [127.11733734259954, 37.479964374818984], [127.11735214189339, 37.48001228455801], [127.1166784637266, 37.48040708385532], [127.11601810402992, 37.480880165360475], [127.11541910192142, 37.48140254791015], [127.11488722632218, 37.48196920163758], [127.11442760016162, 37.48257467028763], [127.11404465101478, 37.483213123727786], [127.11374206841933, 37.48387841406239], [127.1135227682846, 37.48456413481102], [127.1133888647378, 37.48526368258225], [127.11334467438662, 37.48592505221669], [127.112702737949, 37.48622880589318], [127.11198729423695, 37.48664800195311], [127.11147793313815, 37.487012841232605], [127.1115173918938, 37.48642251732524], [127.1114774789997, 37.48571559359517], [127.11135080653791, 37.48501519120186], [127.11113859679341, 37.48432805514376], [127.11084289564445, 37.48366080248078], [127.11046655277586, 37.48301985862518], [127.11001319416117, 37.48241139548418], [127.10948718708164, 37.48184127204934], [127.10889359802133, 37.48131497800355], [127.1082381438453, 37.48083758088767], [127.10752713673247, 37.4804136773341], [127.10676742339378, 37.48004734883574], [127.10596631916053, 37.47974212247467], [127.10513153757697, 37.47950093698752], [127.10427111617338, 37.47932611449299], [127.1033933391321, 37.47921933815279], [127.10250665758886, 37.479181635980055], [127.10161960833345, 37.47921337095059], [127.10074073168929, 37.479314237511716], [127.09987848935964, 37.47948326452212], [127.09904118302714, 37.47971882459452], [127.09823687448804, 37.480018649751635], [127.09747330808644, 37.48037985324513], [127.09675783619299, 37.480798957328545], [127.09609734844342, 37.481271926717575], [127.09549820541619, 37.48179420741688], [127.0949661773877, 37.482360770540666], [127.09468638803415, 37.48272916234389], [127.09428948256574, 37.483151819846135], [127.09382968358915, 37.483757207237176], [127.09344655364802, 37.48439559273192], [127.09319741379001, 37.48494299629656], [127.09325731644572, 37.484630498750604], [127.09330471963774, 37.48392386964488], [127.0932649795214, 37.483216940470115], [127.09313848126227, 37.482516519268714], [127.09292644546791, 37.48182935122128], [127.09263091634182, 37.48116205369675], [127.09225474191304, 37.48052105254024], [127.09180154653409, 37.47991252021157], [127.09127569591556, 37.47934231636919], [127.0906822550363, 37.478815931470734], [127.09002693933603, 37.47833843393221], [127.08931605966187, 37.477914421353155], [127.08855646149917, 37.47754797627622], [127.08775545907176, 37.47724262690585], [127.08692076494505, 37.477001313162695], [127.08606041580836, 37.47682635839995], [127.08518269514923, 37.476719447052275], [127.08429605356115, 37.47668160843207], [127.08340902744966, 37.476713206828165], [127.08253015691548, 37.476813938002174], [127.08166790360275, 37.476982832115624], [127.0808305692994, 37.47721826306015], [127.08002621607018, 37.47751796410121], [127.07926258868842, 37.47787904968503], [127.07854704011068, 37.47829804320013], [127.07788646070952, 37.47877091042667], [127.07728721194448, 37.479293098352926], [127.07675506510837, 37.47985957898661], [127.07629514573917, 37.48046489774014], [127.07591188423228, 37.48110322592545], [127.07560897313054, 37.48176841685444], [127.07538933150443, 37.48245406500561], [127.07525507676785, 37.48315356768853], [127.07520750420409, 37.483860188612965], [127.07524207082568, 37.48447773295717], [127.07453078794731, 37.484333031056465], [127.07365299683306, 37.48422603375541], [127.07276627322899, 37.48418810815152], [127.07265914563514, 37.48419191377009], [127.07246138927954, 37.484016445621265], [127.071806145406, 37.483538847873675], [127.07109532076845, 37.48311472636764], [127.07033576032377, 37.482748164694364], [127.06953477793378, 37.48244269218053], [127.06870008597188, 37.48220124993198], [127.06783972110723, 37.482026162538574], [127.06696196697914, 37.4819191157113], [127.06607527450336, 37.48188114006624], [127.06593294644087, 37.48188618823904], [127.06536919364231, 37.48147520874238], [127.06465842520724, 37.48105104871175], [127.06389891740915, 37.48068444585729], [127.0630979836035, 37.48037892990213], [127.06226333569649, 37.48013744237035], [127.06140300993354, 37.47996230828767], [127.06052528957792, 37.479855213814396], [127.05963862522061, 37.479817190025216], [127.05875155348625, 37.47984860299086], [127.05787261491434, 37.47994915025737], [127.05701027180328, 37.48011786375608], [127.05617282680436, 37.48035311911692], [127.05536834304658, 37.48065265129525], [127.05460456655831, 37.48101357636277], [127.05388885172977, 37.48143241925328], [127.05322809053227, 37.48190514719721], [127.053222207679, 37.48191027067609], [127.05320511787646, 37.481895100273455], [127.05255001604301, 37.48141739646356], [127.05183932139903, 37.48099315978034], [127.05107987765125, 37.480626474924016], [127.0502789975395, 37.480320872407134], [127.04944439245374, 37.48007929458692], [127.0485840982279, 37.479904067358106], [127.04770639782207, 37.47979687777743], [127.0468197416355, 37.479758757834794], [127.04593266621428, 37.479790074526264], [127.04505371213337, 37.47989052632432], [127.04419134184013, 37.48005914607901], [127.0433538582471, 37.480294310322456], [127.04297575667968, 37.480435039411816], [127.04291961002988, 37.48033923375029], [127.04246681775123, 37.47973051475978], [127.04194134551193, 37.47916009376271], [127.04134825465128, 37.4786334633089], [127.04069325724294, 37.47815569417949], [127.0399826610734, 37.47773138658937], [127.03922330890231, 37.477364625921545], [127.03910102874565, 37.47731794926466], [127.03931901650861, 37.477310266521606], [127.04019794756266, 37.47720985719182], [127.04106029371509, 37.47704126634556], [127.04189774791591, 37.47680611803733], [127.04270224309833, 37.47650667746654], [127.04346602994315, 37.47614582913964], [127.04418175156988, 37.47572704906271], [127.04484251443375, 37.47525437123327], [127.04544195474297, 37.47473234875547], [127.0459742997567, 37.474166009954345], [127.04643442337184, 37.47356080991334], [127.04681789546459, 37.47292257790297], [127.04712102451185, 37.47225746120863], [127.04734089308398, 37.47157186589961], [127.0474753858695, 37.47087239511088], [127.04752320996418, 37.4701657854329], [127.04748390723275, 37.46945884202293], [127.0473578586273, 37.468758373063096], [127.04714628042454, 37.46807112419652], [127.04685121242174, 37.467403713573], [127.04647549820847, 37.46676256812914], [127.04602275770746, 37.46615386171635], [127.04549735225166, 37.46558345567125], [127.04490434253644, 37.46505684240004], [127.04424943985337, 37.46457909251884], [127.04353895107657, 37.46415480605763], [127.04277971793152, 37.463788068196486], [127.04197905113146, 37.463482409958715], [127.04114466001398, 37.46324077423834], [127.04028457835442, 37.463065487487725], [127.03940708706791, 37.46295823733672], [127.038520634542, 37.462920056358264], [127.03763375536349, 37.462951312135864], [127.03675498821936, 37.46305170372808], [127.03589279375849, 37.46322026456422], [127.03505547320142, 37.46345537174307], [127.0342510884791, 37.4637547616458], [127.03348738466583, 37.46411555171308], [127.03277171545118, 37.46453426817775], [127.03211097236586, 37.46500687948685], [127.03151151844146, 37.46552883509258], [127.03097912694216, 37.46609510923973], [127.03051892575736, 37.466700249329534], [127.0301353479919, 37.46733842839533], [127.02983208922981, 37.46800350118634], [127.02961207188558, 37.46868906332046], [127.02947741698793, 37.46938851293765], [127.02942942367098, 37.47009511426102], [127.02946855657306, 37.470802062454375], [127.02959444126859, 37.471502549151786], [127.02980586777981, 37.472189828028455], [127.03010080213886, 37.472857279781365], [127.03047640589202, 37.473498475893294], [127.0309290633615, 37.47410724056569], [127.03145441640518, 37.47467771022307], [127.03204740634187, 37.47520439001462], [127.0327023226401, 37.47568220676791], [127.0334128579025, 37.476106557883035], [127.03417216861718, 37.476473355695425], [127.03429444428363, 37.476520037430156], [127.03407645840059, 37.476527710916066], [127.03319752763741, 37.47662807471888], [127.03233516918755, 37.47679660810318], [127.03149768584926, 37.4770316884322], [127.03069314111967, 37.47733105234581], [127.02992928161268, 37.47769181753523], [127.02921346251624, 37.478110510473186], [127.0285525768036, 37.47858309983369], [127.02795298887946, 37.479105035280774], [127.02786878082547, 37.47919457952673], [127.02750334269287, 37.47945588860708], [127.0269037404888, 37.47997781855496], [127.02637121077575, 37.48054406961883], [127.0259108827743, 37.48114918942277], [127.02552719081092, 37.48178735119608], [127.02522383157024, 37.48245240985505], [127.02501944082448, 37.483089022495875], [127.02497442652468, 37.48294268528053], [127.02467949922672, 37.48227522191018], [127.02430390208137, 37.481634008360054], [127.02385125388676, 37.481025219137855], [127.0233259150896, 37.480454716377814], [127.02273294574594, 37.47992799341747], [127.02207805676085, 37.47945012192891], [127.02136755487847, 37.479025703112654], [127.02060828195215, 37.47865882342257], [127.01980754907927, 37.47835301524682], [127.01897306623425, 37.47811122292225], [127.01811286807589, 37.47793577440808], [127.01723523664072, 37.477828358890754], [127.01634862166486, 37.4777900105344], [127.0154615592981, 37.477821098533184], [127.0145825899897, 37.47792132356028], [127.01372017633307, 37.47808972064807], [127.01288262165718, 37.47832466847146], [127.01207799014495, 37.478623904945636], [127.01131402924456, 37.478984548988514], [127.01059809511878, 37.47940312823905], [127.00993708184689, 37.479875612465875], [127.00933735506027, 37.48039745234541], [127.00880469064886, 37.4809636232376], [127.00834421912887, 37.481568673538895], [127.00796037620746, 37.48220677714841], [127.00765686002177, 37.48287178954323], [127.00743659546536, 37.483557306924155], [127.00730170594828, 37.4842567278635], [127.00727707938408, 37.48461764539149], [127.00686183235285, 37.48463216542526], [127.0059827723813, 37.48473232570953], [127.00561675732966, 37.484803760546484], [127.00593982924941, 37.48426673751256], [127.0062433663864, 37.483601729834405], [127.0064636419551, 37.48291621476188], [127.00659853672359, 37.482216794659394], [127.00664675391656, 37.48151020563157], [127.0066078316138, 37.48080325263914], [127.00648214710546, 37.48010274395877], [127.00627091316417, 37.47941542561818], [127.00597616627479, 37.47874791643805], [127.00560074693797, 37.47810664430574], [127.00514827224046, 37.47749778429389], [127.00462310095956, 37.476927199219084], [127.00403029153956, 37.47640038321203], [127.00337555334715, 37.47592240884114], [127.00266519167614, 37.475497878297816], [127.00190604703137, 37.475130879111674], [127.00110542927659, 37.4748249448214], [127.00027104727931, 37.47458302097781], [126.99941093472856, 37.474407436805976], [126.99853337283766, 37.47429988279795], [126.997646810674, 37.47426139445067], [126.99675978387933, 37.47429234230542], [126.9958808325606, 37.47439242838403], [126.99501841913793, 37.47456068905596], [126.9941808469376, 37.474795504308894], [126.99337618031043, 37.47509461333385], [126.99261216704176, 37.47545513627539], [126.99189616379725, 37.475873601938105], [126.99123506532031, 37.47634598118412], [126.99069422118914, 37.47681642118547], [126.99070047293915, 37.47672508376886], [126.9906617028886, 37.47601812606856], [126.99053617492953, 37.47531760100654], [126.99032510032686, 37.474630254769224], [126.9900305140311, 37.473962706446834], [126.98965525499678, 37.473321384304484], [126.9892029387677, 37.47271246389711], [126.98867792259607, 37.472141808623554], [126.98808526343363, 37.47161491329102], [126.98784175362991, 37.47143707479059], [126.98814197163945, 37.47147389942958], [126.98902849519371, 37.4715124588341], [126.98991549163827, 37.471481568787006], [126.99079441626618, 37.47138152684251], [126.99165680219093, 37.471213296712115], [126.9924943419779, 37.47097849897386], [126.99329896773368, 37.470679395448705], [126.99406292887835, 37.47031886739521], [126.99477886684903, 37.469900387733546], [126.99543988601302, 37.46942798756703], [126.99603962010565, 37.468906217325255], [126.99657229355188, 37.46834010290413], [126.99703277708095, 37.46773509722676], [126.99741663709825, 37.46709702769291], [126.99772017834057, 37.46643204002482], [126.99794047940505, 37.46574653905118], [126.99807542081207, 37.46504712700076], [126.99812370533486, 37.464340539900896], [126.99808487040272, 37.463633582694186], [126.9979592924623, 37.462933063698365], [126.99774818325812, 37.462245729041165], [126.99745357807235, 37.461578197701115], [126.99707831603978, 37.46093689777969], [126.99662601273158, 37.46032800461795], [126.99610102527413, 37.459757381352496], [126.99550841034159, 37.45923052248252], [126.9948538754282, 37.45875250098993], [126.99414372387108, 37.45832791952042], [126.99338479415289, 37.45796086609459], [126.99258439406923, 37.457654874773716], [126.99175023039327, 37.45741289165803], [126.99089033471355, 37.45723724654351], [126.9900129861571, 37.45712963050893], [126.98912663173897, 37.45709107964833], [126.98823980510235, 37.45712196510464], [126.98736104442862, 37.457221989500034], [126.98649881030364, 37.45739018979744], [126.98566140432838, 37.457624946565275], [126.984856889254, 37.457923999557046], [126.98409301140698, 37.45828446945615], [126.98337712614912, 37.458702885577274], [126.9827161270874, 37.45917521925894], [126.98211637971394, 37.45969692262651], [126.9815836601142, 37.460262972354016], [126.98112309933256, 37.46086791800451], [126.9807391339324, 37.461505934485], [126.98043546322678, 37.46217087811208], [126.98021501359372, 37.462856345749515], [126.98007991022226, 37.463555736449656], [126.98003145656337, 37.46426231500558], [126.98007012168755, 37.46496927680309], [126.98019553567383, 37.46566981334799], [126.98040649307823, 37.466357177838184], [126.98070096445228, 37.467024750148674], [126.98107611580346, 37.467666100603466], [126.981528335814, 37.46827505191959], [126.98205327055864, 37.46884573872558], [126.98264586538892, 37.4693726640804], [126.98271627258733, 37.469424090648296], [126.98239623635669, 37.46938481902195], [126.98150974191019, 37.46934621005645], [126.98062276799284, 37.46937703717744], [126.97974385420284, 37.4694770035685], [126.97888146259895, 37.469645146750885], [126.97804389629717, 37.46987984784286], [126.97723921959103, 37.4701788471341], [126.97647518036213, 37.47053926582519], [126.97575913552505, 37.470957633724154], [126.97509798022247, 37.471429922634194], [126.9744980814503, 37.47195158511223], [126.97396521675144, 37.472517598226545], [126.97350451856738, 37.47312251189332], [126.97312042478477, 37.47376050132819], [126.97281663595334, 37.474425423108755], [126.9725960795895, 37.47511087430984], [126.97246088191099, 37.475810254142594], [126.97241234727831, 37.47651682750537], [126.97245094554312, 37.47722378983439], [126.97255811083386, 37.47782264786332], [126.97244853804146, 37.477800253517536], [126.97237638407444, 37.47779139410759], [126.97241911528822, 37.477169325328674], [126.97238051734527, 37.47646236298525], [126.97225515956696, 37.47576181984067], [126.97204425157982, 37.47507444225648], [126.97174982673064, 37.4744068496257], [126.97137472242028, 37.473765470640934], [126.97092255270381, 37.47315648140522], [126.97039767342399, 37.47258574598071], [126.96980514021601, 37.472058759946776], [126.96915065978969, 37.47158059750967], [126.96844053495978, 37.47115586267193], [126.9676816039535, 37.47078864493031], [126.96688117458034, 37.4704824799275], [126.96604695389652, 37.47024031543515], [126.96518697404002, 37.47006448299457], [126.96430951494837, 37.46995667548713], [126.96342302470043, 37.46991793084937], [126.96253603824628, 37.469948622088886], [126.96165709530463, 37.47004845369693], [126.9607946582145, 37.47021646449175], [126.95995703052903, 37.47045103686573], [126.9591522771318, 37.47074991234738], [126.95838814664158, 37.47111021332899], [126.95767199685034, 37.47152847075175], [126.95701072390976, 37.47200065748249], [126.95641069594704, 37.47252222706208], [126.95587769174742, 37.473088157453574], [126.95541684509422, 37.473692999370115], [126.95504833468746, 37.47430479852168], [126.9545627259006, 37.47420546832481], [126.95368523470833, 37.47409758173394], [126.95279870205138, 37.47405875707082], [126.95191166328793, 37.47408936811311], [126.95186035895233, 37.47409519046602], [126.95245451133643, 37.47357878950858], [126.95298754468561, 37.47301287483759], [126.9534484065536, 37.472408042448286], [126.95383265969878, 37.47177011807289], [126.95413660506888, 37.47110524603731], [126.95435731736681, 37.47041983005862], [126.95449267315101, 37.46972047154922], [126.95454137120326, 37.469013906023235], [126.95450294497041, 37.4683069382179], [126.95437776696404, 37.46760637655545], [126.95416704507882, 37.46691896757682], [126.95387281086921, 37.46625133097838], [126.9534978999004, 37.46560989587712], [126.95304592436618, 37.46500083891738], [126.95252123824022, 37.4644300248143], [126.95192889529889, 37.46390294990552], [126.95127460042129, 37.463424689253586], [126.95056465463693, 37.46299984780712], [126.94980589445073, 37.462632516089585], [126.94900562602906, 37.462326230841086], [126.94817155488006, 37.462083940990915], [126.9473117117035, 37.46190797928708], [126.94643437512227, 37.461800039855106], [126.94554799203688, 37.461761161901116], [126.94466109636653, 37.4617917197157], [126.94378222695647, 37.46189141907398], [126.94291984543811, 37.46205930006688], [126.94208225482949, 37.46229374633581], [126.94127751965674, 37.462592500622726], [126.94051338836253, 37.462952686486275], [126.93979721874548, 37.463370835975525], [126.93913590714692, 37.46384292299622], [126.93853582206471, 37.4643644020491], [126.93800274283237, 37.46493025196879], [126.93754180395393, 37.46553502424349], [126.93741370258239, 37.46574761935813], [126.9371780629292, 37.46565740753387], [126.9363439941456, 37.4654150343445], [126.93548414174032, 37.4652389865905], [126.93460678442536, 37.46513095922543], [126.93372036930081, 37.46509199230163], [126.93283343059426, 37.46512246096581], [126.93195450756484, 37.465222071851066], [126.93109206235964, 37.46538986589972], [126.93025439860921, 37.46562422758996], [126.92944958154303, 37.46592290047787], [126.92868536039131, 37.46628300890565], [126.92796909381687, 37.466701085667914], [126.92730767909357, 37.4671731053707], [126.9267074857112, 37.4676945231631], [126.92617429404524, 37.4682603184699], [126.92571323968147, 37.46886504330551], [126.92532876393241, 37.46950287470519], [126.92502457102242, 37.47016767077006], [126.92480359235597, 37.47085302978759], [126.9246679582152, 37.471552351859], [126.92461897716196, 37.4722589024414], [126.9246571233462, 37.47296587719306], [126.92478203184598, 37.47366646749812], [126.92499250208792, 37.47435392603961], [126.92515410131013, 37.47472092784469], [126.9251043641632, 37.47478615688022], [126.92471985227525, 37.47542398536579], [126.92441562930661, 37.47608877895394], [126.92419462695172, 37.47677413595613], [126.92405897572144, 37.47747345649315], [126.92400998434289, 37.47818000603693], [126.92403341572611, 37.47861430741145], [126.92394989435232, 37.478663045031425], [126.92328834823903, 37.479135040193896], [126.92268803044507, 37.479656435486135], [126.92215472254372, 37.48022221055005], [126.92169356124029, 37.48082691759548], [126.92130898887743, 37.48146473382945], [126.92100471061059, 37.482129517499644], [126.92078365866709, 37.482814867013296], [126.92070730726948, 37.483208353095506], [126.92067687940043, 37.48317523455819], [126.92008461593066, 37.482648002300984], [126.9194303644019, 37.48216956715084], [126.91872042542909, 37.48174453573612], [126.91796163545388, 37.48137700040863], [126.91716130093123, 37.48107049986799], [126.91632712800681, 37.48082798511521], [126.9154671483609, 37.48065179106249], [126.91458964193012, 37.4805436140711], [126.91370305724953, 37.48050449563312], [126.9128159301779, 37.48053481235327], [126.91193680178651, 37.48063427232685], [126.91107413619778, 37.480801917948625], [126.91023623916215, 37.48103613512547], [126.90943117815318, 37.48133466880469], [126.9090377069224, 37.48151994791769], [126.90890023956419, 37.481334544946414], [126.9083757792258, 37.48076353824909], [126.90778362183056, 37.48023624501034], [126.90712947047514, 37.479757742395066], [126.90641962481097, 37.479332637681324], [126.90566092038227, 37.47896502392678], [126.90486066282139, 37.47865844058608], [126.90402655753392, 37.478415839457305], [126.90316663554968, 37.47823955628401], [126.9022891762509, 37.47813128828518], [126.9014026277193, 37.47809207782873], [126.90051552546602, 37.478122302404884], [126.89963641032347, 37.47822167099566], [126.89877374628647, 37.47838922687518], [126.89793583909022, 37.47862335681396], [126.8971307563056, 37.47892180659885], [126.89636624971838, 37.47928170271981], [126.89564968073678, 37.47969958001562], [126.89498794954358, 37.48017141501315], [126.89438742867306, 37.48069266464056], [126.89385648351772, 37.48125557267523], [126.89327838487245, 37.48083258217285], [126.8925686087405, 37.48040739491316], [126.89180996260045, 37.480039692776735], [126.89150740949914, 37.479923741813444], [126.8914977095395, 37.47974249688118], [126.89137310291044, 37.47904187472203], [126.89116292889992, 37.47835435940156], [126.89086921379008, 37.47768657164324], [126.89049478815177, 37.47704494202233], [126.89004325951029, 37.476435649058466], [126.88951897754151, 37.475864559741], [126.88892699213574, 37.47533717305871], [126.88827300473501, 37.47485856707675], [126.88756331341366, 37.47443335006873], [126.88680475223147, 37.47406561617361], [126.88600462544302, 37.47375890600275], [126.88517063719638, 37.473516172575174], [126.88431081739583, 37.47333975290782], [126.8834334444409, 37.47323134553336], [126.88254696558293, 37.47319199416101], [126.88165991566281, 37.473222077637075], [126.88078083500945, 37.47332130630138], [126.87991818728557, 37.47348872477453], [126.87908027806897, 37.47372272114935], [126.87827517494935, 37.474021042498016], [126.87751062990728, 37.47438081654661], [126.87688032118216, 37.474748260872516], [126.8766742993463, 37.47407383963485], [126.87638072988413, 37.47340601668354], [126.87600644960324, 37.472764341988615], [126.87555506462986, 37.47215499450443], [126.87503092325723, 37.47158384174595], [126.87443907402277, 37.4710563833133], [126.87378521705845, 37.47057769796284]], [[127.04339245126347, 37.49609244215015], [127.0427992174943, 37.49556581953729], [127.04214406403034, 37.49508805878085], [127.0414333001607, 37.4946637600145], [127.04067377025943, 37.49429700853572], [127.03987278789607, 37.493991335497995], [127.03903806544518, 37.493749683936976], [127.03817763987028, 37.49357438045677], [127.03729979539553, 37.49346711284776], [127.03641298380627, 37.493428913850565], [127.03640472327884, 37.49342920471252], [127.03629814870722, 37.49324734939785], [127.03584533361023, 37.49263860619736], [127.03531982264192, 37.49206815672681], [127.03494258544417, 37.491733203065465], [127.0355910975996, 37.491659157300326], [127.03645362018868, 37.49149060167172], [127.03729125026209, 37.49125548776499], [127.03809591905767, 37.49095608044838], [127.03885987558272, 37.490595263908304], [127.03893412823686, 37.49055183099765], [127.03922767218698, 37.490946440308946], [127.03975320528926, 37.49151687264999], [127.04034638578203, 37.49204351056539], [127.04100150129801, 37.49252128128538], [127.04171224252039, 37.49294558265286], [127.04247176395235, 37.493312327481846], [127.04327274986879, 37.49361798295506], [127.04410748481365, 37.49385960468017], [127.04436666428991, 37.49391239670758], [127.04425104795465, 37.494165980989024], [127.04403108284708, 37.49485156730616], [127.04389651268404, 37.4955510308427], [127.04384863578704, 37.49625763568721], [127.04386814141664, 37.49660869050801], [127.04339245126347, 37.49609244215015]], [[126.96856112469838, 37.50319242507284], [126.96780187081653, 37.50282520759681], [126.96700110063159, 37.502519042429824], [126.96616652447958, 37.50227687734421], [126.96530617791889, 37.50210104388633], [126.96442834441515, 37.50199323494679], [126.96354147564938, 37.50195448847557], [126.96265411021307, 37.50198517749784], [126.96177479147086, 37.50208500652629], [126.96091198537724, 37.502253014404346], [126.96007399903563, 37.50248758355301], [126.95926890078056, 37.502786455532544], [126.95850444254951, 37.50314675276983], [126.95778798528883, 37.503565006243115], [126.95712642811024, 37.504037188858305], [126.95673684833135, 37.50437568074964], [126.95674205441311, 37.50435951925818], [126.95687745316664, 37.50366016233243], [126.95692615476175, 37.502953599870786], [126.95691771180721, 37.50279841301274], [126.95728181351859, 37.502696505942026], [126.95808691855761, 37.50239764755582], [126.95885137107955, 37.502037352931026], [126.95956780778447, 37.50161909273973], [126.96022932823216, 37.50114689597213], [126.96082956132646, 37.500625311099846], [126.96136272668367, 37.500059362234865], [126.96182369029336, 37.499454500707465], [126.96220801393629, 37.4988165525311], [126.96251199788396, 37.49815166226136], [126.96273271647075, 37.49746623379112], [126.96286804619781, 37.49676686865321], [126.96291668610127, 37.496060302425356], [126.96287817019127, 37.49535333985122], [126.96275287184628, 37.49465278930213], [126.96254200012284, 37.49396539721124], [126.96224758802094, 37.493297783111444], [126.96187247282104, 37.492656375902115], [126.96142026868533, 37.49204735195793], [126.96089533178991, 37.491476575674994], [126.9603027183264, 37.49094954302571], [126.95964813577876, 37.49047132866465], [126.95893788794592, 37.49004653709368], [126.95817881423993, 37.48967925835521], [126.95737822384432, 37.489373028678465], [126.95654382536534, 37.48913079645712], [126.95568365265216, 37.488954893883935], [126.95480598749796, 37.4888470145149], [126.95391927996427, 37.4888081969779], [126.95303206709153, 37.488838814982024], [126.95215289077663, 37.48893857372332], [126.95129021560369, 37.489106512721456], [126.95045234741626, 37.48934101506011], [126.94964735341168, 37.489639822942245], [126.94888298452373, 37.49000005941136], [126.94816660083838, 37.490418256030225], [126.94750510075824, 37.49089038625174], [126.94690485459684, 37.49141190416157], [126.94637164324, 37.49197778822109], [126.94591060246591, 37.49258258959045], [126.9455261734592, 37.49322048456802], [126.9452220599974, 37.493885330642655], [126.94500119272334, 37.4945707256198], [126.94486570084979, 37.49527006925383], [126.94481689157189, 37.495976626793315], [126.94482530888078, 37.49613181448916], [126.94446122271043, 37.49623368339749], [126.94365613102225, 37.496532449322316], [126.94289166317898, 37.496892645811634], [126.94217518021864, 37.49731080481332], [126.94151358149918, 37.49778290014263], [126.94124188060141, 37.49801891348843], [126.94117565325861, 37.49800536287501], [126.94029790458497, 37.49789737520087], [126.93941109899357, 37.49785844802467], [126.93852377446841, 37.49788895611057], [126.93764447398037, 37.49798860571238], [126.93707577478689, 37.49809922839508], [126.93694686566442, 37.497678537739255], [126.93665266806684, 37.49701086198744], [126.9362777546313, 37.49636937552189], [126.93582573757902, 37.49576025548136], [126.93530097128685, 37.49518936718802], [126.93470851030584, 37.4946622076933], [126.93467797697919, 37.49463989028094], [126.93512955514225, 37.49416078379561], [126.93559069218018, 37.493556025447646], [126.93597520703293, 37.492918163538164], [126.93627939812818, 37.49225334179272], [126.93650033780312, 37.49156796344527], [126.93663590042787, 37.49086862954706], [126.93668478279413, 37.490162075376375], [126.93664651657609, 37.48945510556215], [126.93663151342176, 37.48937104879181], [126.93711954455095, 37.48885320682038], [126.93727983153676, 37.48864297429826], [126.9375187096648, 37.488758616113046], [126.93831921075098, 37.48906497969839], [126.93915354801585, 37.48930734016184], [126.94001368447205, 37.48948336280258], [126.94089133439543, 37.489591351943375], [126.94177804320351, 37.48963026727939], [126.94266526896752, 37.489599733908896], [126.94354446476943, 37.489500045948475], [126.94440716110783, 37.48933216369826], [126.94524504755461, 37.489097704383944], [126.94605005287326, 37.48879892656557], [126.94681442282354, 37.48843870836379], [126.94753079490053, 37.48802051971398], [126.94819226928583, 37.487548388916636], [126.94823417258392, 37.48751197905473], [126.94843412269454, 37.48760875178761], [126.94923465708017, 37.487915041728215], [126.95006901783755, 37.4881573253289], [126.95092916775238, 37.488333268629596], [126.95180682097053, 37.4884411767177], [126.95269352287765, 37.48848001006961], [126.95358073161137, 37.488449394573664], [126.95445990041794, 37.488349625138056], [126.95532256005636, 37.48818166284808], [126.95616040045255, 37.48794712570079], [126.95696535081427, 37.4876482730063], [126.95772965743143, 37.487287983606684], [126.95844595841002, 37.48686972812326], [126.95910735461742, 37.48639753550034], [126.95970747615405, 37.48587595416914], [126.96024054371033, 37.48531000820698], [126.96070142421708, 37.484705148915786], [126.96106994087229, 37.48409333324573], [126.9615556224341, 37.484192637097784], [126.96162778118946, 37.484201503144334], [126.96158495584066, 37.484823566556756], [126.96162345536507, 37.48553053067339], [126.96174872895233, 37.48623108329961], [126.9619595725135, 37.486918477479215], [126.96225395769952, 37.487586092801884], [126.96262905135093, 37.488227499177775], [126.96308124270867, 37.48883651878544], [126.96360617812613, 37.48940728559561], [126.96419880295088, 37.489934301896405], [126.96485341017437, 37.490412491274505], [126.96556369538223, 37.49083724754066], [126.9663228174765, 37.491204479126814], [126.96712346458455, 37.491510648526095], [126.96795792451918, 37.49175280639415], [126.96881815910956, 37.49192861998253], [126.96969588168486, 37.49203639562862], [126.97058263696178, 37.49207509508518], [126.97146988256338, 37.49204434553106], [126.97234907138062, 37.491944443166496], [126.97321173397975, 37.491776350357995], [126.97404956025859, 37.49154168636048], [126.97485447956161, 37.49124271170658], [126.97507677830622, 37.49113788208017], [126.97515732144403, 37.4912254319743], [126.97575004233603, 37.491752390894476], [126.9764047396976, 37.49223051679902], [126.9771151082452, 37.49265520410993], [126.97787430607704, 37.49302236192337], [126.97867502059009, 37.49332845344314], [126.97950953894699, 37.4935705300753], [126.9803698224133, 37.49374625985417], [126.9812475838468, 37.49385394992483], [126.98213436758945, 37.49389256286474], [126.98302163098981, 37.49386172668664], [126.98390082676724, 37.49376173842562], [126.98476348542108, 37.49359356127602], [126.9856012968875, 37.49335881530571], [126.98640619065412, 37.49305976183723], [126.98717041355768, 37.49269928164747], [126.98717216923261, 37.49269825590577], [126.98722991484327, 37.49274958095198], [126.98788469476199, 37.4932276437637], [126.98859513849926, 37.49365226252406], [126.98935440342815, 37.49401934698951], [126.99015517629834, 37.49432536107055], [126.99098974370949, 37.494567356919376], [126.99185006645402, 37.494743003348724], [126.99272785701078, 37.49485060830697], [126.99361465944071, 37.49488913519184], [126.99450193091222, 37.49485821284546], [126.99538112406692, 37.4947581391334], [126.99624376942958, 37.49458987807361], [126.99708155706479, 37.494355050542595], [126.99788641669025, 37.494055918648925], [126.99865059547221, 37.493695363925205], [126.99892533081541, 37.49353481206249], [126.99902788714495, 37.49386856559661], [126.99932262989792, 37.494536090387975], [126.99969807597402, 37.4951773808951], [127.00015061121793, 37.495786260410895], [127.00067587866855, 37.49635686425402], [127.00126882047256, 37.496883696281195], [127.00129248503607, 37.4969009681172], [127.00086623336753, 37.497059397350114], [127.00054743418166, 37.49720981526953], [127.00042622708428, 37.497151233602814], [126.9996253814647, 37.49684528876881], [126.99879076022367, 37.49660335363511], [126.99793039935237, 37.49642775753499], [126.99705258245334, 37.496320191074844], [126.99616576104724, 37.49628168987129], [126.99527847326993, 37.49631262458925], [126.99439926173908, 37.49641269737702], [126.99399447733607, 37.496491643714215], [126.99389615198851, 37.4964042677834], [126.99324130586439, 37.49592623806385], [126.99253081410563, 37.495501647057274], [126.99177151847017, 37.49513458287477], [126.99097073027569, 37.49482857968006], [126.99013616003032, 37.494586583686655], [126.9892758432348, 37.49441092481362], [126.98839806306782, 37.49430329427156], [126.98751127069687, 37.49426472829373], [126.98662400397843, 37.49429559816841], [126.98574480532757, 37.49439560666788], [126.98488213954371, 37.494563790908416], [126.9840443123809, 37.4947985316136], [126.98323939064292, 37.49509756869237], [126.98247512456963, 37.49545802298232], [126.9817588732593, 37.495876423949554], [126.98157769569292, 37.496005819339295], [126.98146926308537, 37.49599251709125], [126.98114114508219, 37.4958973468742], [126.98028083512627, 37.4957216225775], [126.9794030533381, 37.495613925203784], [126.97851625090088, 37.495575291629464], [126.977628965768, 37.49560609379328], [126.97674974053162, 37.495706035119156], [126.97588704024683, 37.49587415336975], [126.9750491709994, 37.496108829903754], [126.97424419999768, 37.49640780524778], [126.97347987795528, 37.49676820083363], [126.97276356450864, 37.4971865466926], [126.97210215738596, 37.497658814840925], [126.97150202600778, 37.4981804580364], [126.97096895015697, 37.498746453533926], [126.97050806430923, 37.499351351420266], [126.97012380815966, 37.49998932706394], [126.9698198838234, 37.500654237176164], [126.96959922012414, 37.50133967894486], [126.96946394431598, 37.50203905167261], [126.96941536151466, 37.50274562032662], [126.969453942039, 37.50345258038876], [126.96951524677833, 37.50379512789169], [126.96927155136002, 37.503617159218784], [126.96856112469838, 37.50319242507284]], [[126.91379811940153, 37.51052803688926], [126.91323190939859, 37.51011408160745], [126.91252174356953, 37.509689013004376], [126.91176270353553, 37.50932143745563], [126.91096209815879, 37.50901489404711], [126.91012763619183, 37.50877233419173], [126.90926735209634, 37.50859609323512], [126.9083895287383, 37.50848786798949], [126.90750261770188, 37.508448700411016], [126.90661515798557, 37.508478967577204], [126.90573569386078, 37.508578378060356], [126.90487269267979, 37.50874597473176], [126.90403446342167, 37.50898014396985], [126.90322907675645, 37.50927863118398], [126.90246428739442, 37.509638562504655], [126.90174745946588, 37.510056472432765], [126.90108549564678, 37.51052833718204], [126.90048477071191, 37.511049613395194], [126.8999510701537, 37.511615281862134], [126.89957474274986, 37.51210827343627], [126.89955036165598, 37.51209646340494], [126.89976198856824, 37.51174583679931], [126.90006657815863, 37.51108111382374], [126.90028790574918, 37.510395808692714], [126.90042384197446, 37.50969652175444], [126.90047308002927, 37.508989987837076], [126.90046912237895, 37.508916225452744], [126.90049401468954, 37.508559031299164], [126.90045608278963, 37.50785205479418], [126.90033134922663, 37.50715144427476], [126.90012101762115, 37.506463946754884], [126.89982711577562, 37.505796182785666], [126.89945247606143, 37.50515458271228], [126.89900070806708, 37.504545324768685], [126.89847616377445, 37.50397427560589], [126.89788389560043, 37.50344693382491], [126.89722960770976, 37.50296837705736], [126.89651960106954, 37.50254321310198], [126.89576071277449, 37.50217553558602], [126.89496025022716, 37.50186888457723], [126.89491100039422, 37.50185456003682], [126.89486965560779, 37.5018387209299], [126.89403532682334, 37.50159604824142], [126.89317516428314, 37.501419690914425], [126.8922974496841, 37.50131134688122], [126.89141063356422, 37.50127205924114], [126.89098469507165, 37.5012865305043], [126.89069919833146, 37.500637618093975], [126.8903246622979, 37.49999598942271], [126.88988957551577, 37.499409058236], [126.8905950591083, 37.49975092221663], [126.89139548090237, 37.50005760256066], [126.8922297838349, 37.50030029373289], [126.89308993125096, 37.50047665784536], [126.89396763732195, 37.50058499592979], [126.89485444692478, 37.500624264318226], [126.89574181715915, 37.50059408470617], [126.89662119971406, 37.50049474780076], [126.897484123287, 37.50032721051884], [126.89832227525822, 37.50009308676169], [126.89912758183024, 37.49979463185597], [126.89920652246872, 37.4997574785171], [126.89925258350908, 37.49974853474788], [126.90009072363657, 37.49951439831583], [126.90079461036038, 37.49925351617117], [126.90077114764745, 37.499374236078324], [126.90072191995014, 37.50008077134556], [126.90075985142506, 37.500787748680175], [126.90088457922161, 37.501488359442675], [126.90109490451051, 37.502175856120104], [126.90138880393823, 37.502843617317815], [126.90176344902856, 37.503485211543435], [126.90221523334802, 37.50409445916824], [126.90273980717603, 37.50466549196818], [126.90333211934865, 37.50519280967032], [126.9039864658744, 37.50567133295852], [126.90469654485527, 37.506096452426966], [126.90545551718454, 37.506464073008324], [126.90625607243632, 37.50677065344744], [126.90709049931151, 37.50701324043892], [126.90795075995999, 37.50718949709865], [126.90882856746127, 37.50729772549374], [126.90971546571426, 37.50733688301335], [126.91060291096387, 37.50730659242148], [126.91148235417599, 37.507207145494974], [126.91234532346354, 37.50703950021105], [126.91318350576647, 37.506805271511986], [126.91376904616662, 37.50658819560516], [126.91378369936427, 37.5068604047791], [126.91390855840065, 37.5075610021913], [126.91411901973032, 37.50824847613274], [126.91441305868969, 37.508916205426964], [126.91478784545858, 37.50955775888817], [126.91518566345528, 37.510094019118895], [126.91476376158646, 37.51021192246706], [126.91396063160636, 37.51050965699314], [126.91379811940153, 37.51052803688926]], [[126.86181085047173, 37.518871057849886], [126.86239279433579, 37.519094148182305], [126.86248554362147, 37.519121147590106], [126.86187621396272, 37.51923922743501], [126.86181085047173, 37.518871057849886]], [[126.86902400657063, 37.519378100307435], [126.86858949239286, 37.519754845082524], [126.86795656634975, 37.51951225334742], [126.8678638145487, 37.519485258215525], [126.86848285667423, 37.51936526337339], [126.86932131006641, 37.519131348901325], [126.86942363190818, 37.519093468397166], [126.86902400657063, 37.519378100307435]], [[126.87379762457499, 37.51598484181437], [126.87396573975208, 37.51653495184509], [126.87425945104026, 37.51720277727004], [126.87434750708006, 37.51735366306252], [126.87367557358672, 37.51742941880682], [126.87281240180982, 37.51759677941957], [126.8719739762018, 37.51783071899096], [126.87187165735124, 37.517868601740055], [126.8722712638768, 37.51758395995078], [126.8728722360498, 37.51706283004004], [126.87340617864746, 37.51649728663311], [126.87379762457499, 37.51598484181437]], [[126.90595368997717, 37.49149805365052], [126.9060911682932, 37.491683459829595], [126.90661568633182, 37.49225447612186], [126.90720792917381, 37.49278177488731], [126.9076721825501, 37.493121311776136], [126.90719961027143, 37.49321311545222], [126.90636156234739, 37.49344730336768], [126.90565774931179, 37.493708219574565], [126.90568120227518, 37.493587498498535], [126.90573037818518, 37.49288095995203], [126.90569240281863, 37.49217398290159], [126.90560155855032, 37.49166382935622], [126.90595368997717, 37.49149805365052]], [[126.94634386067571, 37.4761773098264], [126.94629377200458, 37.47615306287612], [126.94632853205998, 37.47615186515543], [126.94637983820252, 37.47614604522124], [126.94634386067571, 37.4761773098264]], [[127.02657473364499, 37.48953564445263], [127.02571221215808, 37.489704128013464], [127.02487456404918, 37.489939159754], [127.02406985440057, 37.49023847678206], [127.02330583141296, 37.49059919724049], [127.02274400584156, 37.49092771118344], [127.02252401680515, 37.49055217356525], [127.02236684469442, 37.4903408020746], [127.02266807075256, 37.49012546432332], [127.02326778406187, 37.489603557528376], [127.0238004020961, 37.4890373219236], [127.0242607961213, 37.488432211599395], [127.02464453340839, 37.48779405496331], [127.02494791987972, 37.48712899857605], [127.02515232260804, 37.48649238657353], [127.02519733931061, 37.48663872365028], [127.02549228796411, 37.4873061853847], [127.02586792318168, 37.48794739480611], [127.02632062898394, 37.48855617598757], [127.02684604676462, 37.48912666519426], [127.0272232345457, 37.48946164452173], [127.02657473364499, 37.48953564445263]], [[127.0773478245193, 37.504482774525485], [127.07654079388955, 37.50424946188852], [127.07568015770948, 37.50407443058265], [127.07480213406184, 37.503967440749975], [127.07391517645526, 37.503929522457916], [127.07302782433547, 37.50396104076192], [127.07214862093949, 37.50406169219443], [127.07128603111364, 37.50423050768465], [127.07044835988327, 37.50446586188131], [127.07029839302204, 37.504521702936906], [127.07015531892257, 37.50436653870864], [127.06969794371254, 37.50396079752322], [127.07028697043499, 37.50403259901535], [127.07117392716017, 37.50407054454599], [127.07206128122036, 37.50403904018189], [127.07294048446136, 37.503938389398144], [127.07380306731179, 37.503769561774476], [127.07464072044071, 37.50353418364771], [127.075445374865, 37.50323452243254], [127.07620927973218, 37.50287346476231], [127.07692507702636, 37.50245448866082], [127.07758587247605, 37.501981630014896], [127.07818530197848, 37.50145944367118], [127.07871759290025, 37.500892959533616], [127.07887184608937, 37.500689987037354], [127.07950012990212, 37.500716822036416], [127.07912328256414, 37.501212697756344], [127.07873993731413, 37.50185103237601], [127.07843696565452, 37.50251622786267], [127.07821728724105, 37.50320187865131], [127.07808301984429, 37.50390138202624], [127.07803687174663, 37.50458701063138], [127.07778801486941, 37.5045364038392], [127.0773478245193, 37.504482774525485]], [[127.0610756724921, 37.50144884399539], [127.06195364608342, 37.50155593559351], [127.06284056868536, 37.50159394350088], [127.06372789630737, 37.50156250156149], [127.0642932211838, 37.50149782263402], [127.06465004648526, 37.50181441266284], [127.0640610428443, 37.50174258317872], [127.06317411777515, 37.501704584420914], [127.06228678828022, 37.50173602218768], [127.06140759737887, 37.501836593786436], [127.0605450097971, 37.502005330914635], [127.05970733053836, 37.50224060897512], [127.0589026249858, 37.50254016270533], [127.05813864130239, 37.50290110797009], [127.05774064929052, 37.50313396603058], [127.05773488863953, 37.50310199211132], [127.05754082819266, 37.502472226920766], [127.05789129699413, 37.502306649869666], [127.05860719010221, 37.50188778534036], [127.05926809502685, 37.501415029816], [127.05962606800642, 37.50110330631899], [127.06021510561591, 37.50127370036119], [127.0610756724921, 37.50144884399539]], [[127.12558333791057, 37.524433043898945], [127.12482309104698, 37.52406683133416], [127.1240214433406, 37.52376172671536], [127.12318611356491, 37.5235206676061], [127.12232514452437, 37.523345974907805], [127.12144682566985, 37.52323933053232], [127.12055961334939, 37.52320176122238], [127.11967204945893, 37.52323362867512], [127.11879267927299, 37.523334626063125], [127.11866086796739, 37.523360471278735], [127.11924153403936, 37.5229447011899], [127.11984084416481, 37.522422304611716], [127.12037297220786, 37.521855633833795], [127.12083279416358, 37.52125014713714], [127.12113092128453, 37.520753277844285], [127.12165028113485, 37.520381371832514], [127.12224955391453, 37.519858962601255], [127.12274229145979, 37.51933419325803], [127.12297563811305, 37.51973127752254], [127.12342932544044, 37.520339688882906], [127.12395570668953, 37.520909748577544], [127.12454971327013, 37.521435965700704], [127.1252056248516, 37.52191327153349], [127.12591712444214, 37.52233706839535], [127.12667735923266, 37.52270327395926], [127.12747900661908, 37.52300836060263], [127.12831434476651, 37.52324938941345], [127.12894682241601, 37.52337768735525], [127.12870686644798, 37.52363326451089], [127.1282470930775, 37.52423878188335], [127.12786404533507, 37.52487727510523], [127.1275614137121, 37.525542595898465], [127.1274785810228, 37.52580161272229], [127.1269508160124, 37.52533413453035], [127.12629486346593, 37.524856838444954], [127.12558333791057, 37.524433043898945]], [[127.09122585330225, 37.48849124331638], [127.09175795332543, 37.48792469804623], [127.09221779479886, 37.48731931939384], [127.09260095032059, 37.486680938349124], [127.092850100408, 37.486133536262855], [127.09279019479989, 37.48644603350581], [127.09274278494976, 37.48715266206554], [127.09278252188513, 37.48785959092836], [127.09290902536478, 37.488560011910906], [127.09312107945198, 37.489247179317715], [127.09341664413402, 37.48991447491583], [127.09379287488466, 37.49055547168873], [127.09424614998437, 37.49116399575491], [127.09477210533865, 37.491734185853794], [127.09536567646045, 37.49226054982525], [127.09540307077843, 37.492287789409176], [127.09566852053703, 37.492523179965296], [127.09632399551501, 37.49300064600052], [127.0970350573645, 37.493424616397384], [127.09779485749573, 37.49379100715816], [127.09859607749473, 37.49409628887687], [127.09943099964696, 37.49433752076259], [127.1002915813217, 37.49451237899008], [127.10116953249907, 37.49461917910382], [127.1020563956901, 37.4946568922585], [127.10294362747682, 37.494625155138856], [127.10382268088391, 37.49452427346329], [127.10468508778497, 37.49435521903668], [127.10552254054593, 37.49411962038146], [127.10632697211607, 37.49381974703734], [127.10709063379208, 37.49345848768136], [127.10780616990343, 37.49303932228026], [127.10846668869705, 37.4925662885441], [127.10866036619255, 37.49239743671234], [127.10868914400858, 37.49290744201991], [127.1082266105503, 37.49307987811783], [127.10746295815161, 37.49344114489307], [127.10674741628715, 37.493860308154225], [127.1060868752669, 37.49433333204765], [127.10548769618319, 37.49485566205364], [127.10495564966074, 37.49542226881194], [127.10449586027454, 37.496027696520386], [127.1041127571715, 37.49666611544141], [127.10381003137226, 37.497331378012504], [127.10370003548489, 37.49767510552809], [127.10339753936877, 37.497406927955694], [127.10274198074421, 37.496929501043546], [127.10203085326971, 37.49650556487128], [127.1012710048153, 37.49613920124524], [127.1004697520131, 37.49583393758522], [127.09963480983734, 37.495592712986394], [127.09877421736378, 37.49541784994355], [127.09789626042077, 37.495311032008345], [127.09700939187488, 37.49527328759405], [127.09612215031497, 37.4953049800829], [127.09524307791449, 37.49540580433111], [127.09438063825986, 37.49557478960469], [127.09354313493215, 37.49581030891831], [127.09273863162291, 37.49611009468733], [127.0919748745503, 37.49647126054298], [127.09125921791987, 37.49689032910163], [127.09059855314528, 37.49736326542154], [127.09005533845155, 37.4978366332235], [127.08975172192352, 37.49774888773683], [127.08889112846715, 37.497573952749946], [127.08801316107241, 37.4974670613372], [127.0872401064894, 37.497434097096686], [127.08761688117107, 37.496938194731534], [127.08800012561719, 37.49629983017265], [127.0883029870393, 37.49563460880233], [127.08852255058993, 37.494948937696705], [127.0886567038995, 37.49424942071907], [127.08870415733702, 37.49354279490276], [127.08866445634015, 37.49283586555825], [127.08853798569893, 37.49213544072986], [127.08832596575617, 37.491448265633245], [127.08803044056397, 37.490780957705304], [127.08786463434683, 37.49049842543973], [127.0884867086485, 37.49026663310415], [127.08925041884882, 37.48990548914554], [127.08996601958104, 37.4894864319325], [127.09062661846829, 37.48901349813277], [127.09122585330225, 37.48849124331638]], [[127.13368045824109, 37.543020408195275], [127.13416554865098, 37.54337323822944], [127.13396558274353, 37.54399855468783], [127.13383175891285, 37.54469811904568], [127.13381478686362, 37.544952943667845], [127.1332991064824, 37.54457786896935], [127.13258735448011, 37.54415411683497], [127.13182687357708, 37.54378794933549], [127.13102498649097, 37.54348289200118], [127.13062992306364, 37.54336894196188], [127.13094173235787, 37.543097160552875], [127.13102728771976, 37.543006055572235], [127.1314917831915, 37.543062401931756], [127.13237923690819, 37.543099890267996], [127.13326703172997, 37.54306792864307], [127.13368045824109, 37.543020408195275]]], [[[126.91342726080372, 37.54211542687971], [126.91253940377567, 37.542145735031745], [126.91165955098762, 37.54224518577563], [126.91079617353122, 37.542412821595576], [126.90995758400582, 37.54264702849383], [126.90915185654815, 37.54294555151803], [126.90838674914838, 37.54330551645497], [126.90766962899811, 37.54372345748296], [126.90700740158688, 37.54419535051746], [126.90640644422808, 37.54471665192998], [126.90587254465343, 37.54528234226893], [126.905410845267, 37.545886974562514], [126.90502579359568, 37.546524726740095], [126.90472109941459, 37.547189457668594], [126.90449969896152, 37.54787476626537], [126.90436372658786, 37.54857405311954], [126.90431449412115, 37.54928058402924], [126.90435247814165, 37.549987554843646], [126.90441962803504, 37.55036441025482], [126.903902975618, 37.550732510243044], [126.90330194374914, 37.55125379464378], [126.90276797360157, 37.551819469718545], [126.90230620825898, 37.552424088642795], [126.90192109588352, 37.55306182947497], [126.90161634683516, 37.55372655119153], [126.90139489788056, 37.554411852798815], [126.90125888383872, 37.55511113495353], [126.90120961693913, 37.5558176634993], [126.90124757409441, 37.55652463430827], [126.90126454855282, 37.556619912750186], [126.90073276948463, 37.556723094723914], [126.89989398848127, 37.55695722793099], [126.89908806697505, 37.55725567988537], [126.89832276482315, 37.55761557705833], [126.89760545109104, 37.55803345428095], [126.89694303313104, 37.55850528808347], [126.89634189009047, 37.5590265354083], [126.89580781148848, 37.55959217732525], [126.89534594145277, 37.56019676732949], [126.8949607291536, 37.5608344837584], [126.89465588591331, 37.56149918582389], [126.89443434940598, 37.56218447272206], [126.89429825529426, 37.56288374525169], [126.89425601500217, 37.56348862175178], [126.89408026846814, 37.563571253641534], [126.89336287383323, 37.563989103963095], [126.89270037619296, 37.564460912793095], [126.89209915546154, 37.56498213731462], [126.89156500190595, 37.56554775881734], [126.89110306037551, 37.566152330993276], [126.89071778072903, 37.56679003235178], [126.89041287493757, 37.567454722250254], [126.89019128127784, 37.56814000000224], [126.89005513596338, 37.56883926649493], [126.89000575248917, 37.56954578772359], [126.89004360889201, 37.57025275963146], [126.89016834305285, 37.5709533736317], [126.89037875608946, 37.571640882180105], [126.89067282381127, 37.57230866376705], [126.89104771612861, 37.57295028670283], [126.89149982423334, 37.5735595710807], [126.89202479529165, 37.57413064832084], [126.89261757431765, 37.57465801772016], [126.89327245282583, 37.57513659946233], [126.8939831237953, 37.575561783576106], [126.8947427424168, 37.575929474369076], [126.8955439920374, 37.57623612990749], [126.89637915466643, 37.57647879616041], [126.89724018536232, 37.576655135478354], [126.89811878978168, 37.57676344913072], [126.89900650414097, 37.57680269368427], [126.89989477681726, 37.57677249106397], [126.90077505079937, 37.57667313219903], [126.90163884619103, 37.57650557421871], [126.90247784196839, 37.5762714312251], [126.90328395620051, 37.57597295873196], [126.90404942395776, 37.57561303192026], [126.9047668721539, 37.57519511792064], [126.90542939059974, 37.57472324239076], [126.90603059858154, 37.57420195071081], [126.90656470632231, 37.573636264171974], [126.90702657073331, 37.57303163158153], [126.9074117449194, 37.572393876751796], [126.90771652096235, 37.57172914238029], [126.90793796557158, 37.57104383086251], [126.90807394826147, 37.57034454260884], [126.90811608150075, 37.56973966094256], [126.90829182739682, 37.56965700823481], [126.90900919464747, 37.569239067342906], [126.9096716333788, 37.56876716685305], [126.91027276364525, 37.568245852385616], [126.91080679641865, 37.56768014545101], [126.91126858933242, 37.56707549505268], [126.91165369618005, 37.56643772517415], [126.91195840969162, 37.565772978657535], [126.91217979717854, 37.56508765801502], [126.91231572870484, 37.56438836374452], [126.91236489751729, 37.56368183074477], [126.91232683254009, 37.56297486344246], [126.91230984263959, 37.56287958656155], [126.91284165031291, 37.56277635278392], [126.91368045751217, 37.56254212802692], [126.91448637936791, 37.56224357671489], [126.91525165280503, 37.561883574787956], [126.9159689066105, 37.56146559009999], [126.91650982028938, 37.56108016211943], [126.91684610201257, 37.56144583559904], [126.91743895838104, 37.561973082119394], [126.91809388757135, 37.56245152759379], [126.91880458207227, 37.56287656336387], [126.91956419684601, 37.563244095166674], [126.92036541527527, 37.56355058260065], [126.92120051966877, 37.563793073254985], [126.9220614656455, 37.56396923117266], [126.92293995967812, 37.56407735937153], [126.92349603265285, 37.5641018294613], [126.9235993764419, 37.564141356981004], [126.92443449818762, 37.56438382487623], [126.92529545886862, 37.5645599593111], [126.92617396481569, 37.564668063529744], [126.92706155319418, 37.5647070961175], [126.9279496735956, 37.56467668104231], [126.92882977047698, 37.56457711128093], [126.92969336564974, 37.56440934599512], [126.93053214002077, 37.564175001284575], [126.93133801379433, 37.563876334606704], [126.9321032243595, 37.56351622301328], [126.93282040111005, 37.56309813541487], [126.933482636474, 37.56262609914108], [126.9340835524667, 37.56210466111986], [126.93411073676995, 37.56207584710517], [126.9341221000211, 37.56207914528619], [126.9349830579666, 37.56225520910971], [126.93586155181711, 37.5623632411746], [126.93674911885441, 37.562402200761625], [126.93763720887574, 37.5623717125423], [126.93851726663102, 37.562272070198375], [126.93938081430903, 37.562104233591064], [126.93972088301766, 37.56200918847612], [126.94011318356117, 37.56229564048741], [126.94082400339026, 37.56272054471656], [126.94158372657854, 37.563087935712076], [126.94238503546266, 37.56339427442902], [126.94322021147862, 37.56363660988962], [126.94408120955423, 37.56381260763239], [126.94495973565935, 37.56392057221881], [126.94584732676472, 37.56395946357994], [126.94673543243553, 37.563928907044875], [126.94761549727079, 37.563829196953755], [126.94847904339125, 37.56366129382079], [126.94931775217705, 37.56342681507418], [126.95012354446528, 37.56312801946294], [126.9504982939635, 37.562951579385626], [126.95112956079798, 37.5633288398405], [126.95188934156535, 37.56369616492912], [126.95269070000677, 37.56400243405026], [126.95352591708016, 37.56424469689675], [126.95438694731712, 37.564420619706794], [126.95526549637738, 37.56452850776405], [126.95557526409746, 37.56454205432762], [126.9555808896163, 37.564549624605895], [126.95610629120094, 37.565120421154546], [126.95669945553863, 37.56564747261514], [126.9573546704268, 37.56612570223318], [126.95758547584346, 37.56626361124514], [126.95759241467252, 37.56639104555026], [126.95771742136843, 37.567089609123904], [126.957153730787, 37.567109055991764], [126.95627363914319, 37.56720883692955], [126.95541006875895, 37.56737679679355], [126.95457133409093, 37.56761131846797], [126.95376551067397, 37.567910143971424], [126.9530003574237, 37.56827039618], [126.95228324197559, 37.568688606507386], [126.95162106977709, 37.569160748277135], [126.95102021761376, 37.56968227546648], [126.95048647220882, 37.570248166450114], [126.95002497448657, 37.57085297232407], [126.94964017003703, 37.571490869345716], [126.94933576625968, 37.57215571498616], [126.9491146966007, 37.57284110705665], [126.94897909223052, 37.57354044534066], [126.9489302614368, 37.5742469951389], [126.94896867693501, 37.574953952116275], [126.94906131149925, 37.57547189934311], [126.9485014479211, 37.57553532817115], [126.94763776440779, 37.575703230043196], [126.94679891234557, 37.575937695231914], [126.94599296839864, 37.57623646629981], [126.94522769264213, 37.576596666647085], [126.94451045389017, 37.577014828186975], [126.94384815877665, 37.577486924713014], [126.94324718527001, 37.578008410638404], [126.94271332126145, 37.57857426473555], [126.94225170881698, 37.579179038456125], [126.94186679463125, 37.57981690836762], [126.94156228716064, 37.580481732202706], [126.94134112085021, 37.58116710798318], [126.94120542780173, 37.581866435649886], [126.94119856672339, 37.58196554911877], [126.94065117196287, 37.582118503811195], [126.93984513703984, 37.58241723185992], [126.9390797685261, 37.582777391226635], [126.9383624361282, 37.58319551421927], [126.93770004738109, 37.58366757500264], [126.93709898115432, 37.58418902833441], [126.93656502623143, 37.584754853301085], [126.93610332555366, 37.585359601635204], [126.93571832666524, 37.585997450149065], [126.93541373883816, 37.58666225678182], [126.9351924972917, 37.58734761972133], [126.93505673485244, 37.58804693903251], [126.93500776133169, 37.588753480199706], [126.93504605082096, 37.58946043897178], [126.93517123703235, 37.590161006885786], [126.93538211673119, 37.59084843683872], [126.93567666123283, 37.591516108075375], [126.93605203585503, 37.59215758996633], [126.93650462714298, 37.59276670396104], [126.93703007760693, 37.59333758311878], [126.93739408337241, 37.59366102977666], [126.93681052537774, 37.593589304113415], [126.93592258822193, 37.59355034219345], [126.93503412709799, 37.5935808143429], [126.93415369591126, 37.59368042716183], [126.9332897713182, 37.59384822157525], [126.93245067118288, 37.594082582060054], [126.93164447455584, 37.59438125218687], [126.93087894394324, 37.59474135632799], [126.93016145061134, 37.59515942732333], [126.92949890364372, 37.595631439838776], [126.92889768343274, 37.596152849097145], [126.92836358024422, 37.596718634609886], [126.9279017384469, 37.59732334849002], [126.92751660694402, 37.59796116788225], [126.92721189628504, 37.598625951006774], [126.92699054287272, 37.59931129627849], [126.92685468061191, 37.60001060393307], [126.92680562027634, 37.600717139567685], [126.92684383679502, 37.60142409898495], [126.92696896458423, 37.60212467371617], [126.92717980097368, 37.602812116593], [126.9273437116001, 37.60318371506897], [126.92693964217953, 37.603296534895776], [126.92613332410286, 37.60359516591324], [126.92536767239976, 37.60395523275002], [126.9246500595016, 37.60437326860544], [126.92398739564264, 37.60484524848401], [126.92366023293157, 37.60512891261937], [126.92353073244526, 37.60520434797678], [126.92286805415429, 37.60567632138425], [126.92226670634692, 37.60619769492637], [126.92173248051728, 37.60676344845893], [126.92127052221494, 37.607368134403366], [126.92088528146513, 37.6080059301739], [126.92058046986965, 37.608670694218766], [126.92035902480386, 37.60935602513705], [126.92022308105606, 37.610055323303214], [126.92017395018566, 37.61076185440623], [126.9202121078022, 37.61146881429279], [126.92032457001535, 37.61209871665127], [126.9202612390577, 37.612100879917776], [126.91938057098938, 37.61220038024232], [126.91851639987676, 37.61236806393147], [126.91767704595537, 37.612602316528026], [126.91687059071722, 37.61290088264136], [126.91610479915646, 37.61326088764547], [126.91538704505004, 37.613678865335146], [126.91472423999093, 37.61415079127525], [126.91412276685536, 37.614672121522894], [126.91358841834364, 37.61523783635121], [126.91312634118641, 37.61584248855476], [126.91274098655329, 37.61648025587318], [126.91243606714289, 37.617144997029214], [126.91221452136911, 37.617830310842976], [126.91207848499066, 37.61852959785413], [126.91202927045981, 37.61923612385966], [126.91206735419267, 37.61994308475578], [126.91219237188665, 37.62064367206034], [126.9124031219343, 37.621331138484514], [126.91269757690384, 37.62199886292252], [126.91307290297961, 37.622640414232876], [126.9135254871784, 37.62324961319658], [126.91405097208252, 37.62382059205422], [126.9146442977573, 37.624347851048164], [126.91529975045124, 37.624826311423455], [126.91601101761114, 37.62525136437606], [126.91677124868238, 37.62561891547537], [126.91757312110913, 37.62592542413197], [126.91840891089731, 37.626167937728894], [126.9192705670595, 37.62634412008662], [126.92014978922238, 37.62645227398643], [126.92103810764671, 37.62649135753419], [126.9219269648859, 37.626460994206525], [126.92280779829316, 37.62636147648168], [126.92367212257948, 37.62619376302054], [126.92451161162292, 37.62595946942444], [126.92531817873883, 37.625660852659564], [126.92608405463363, 37.62530078929847], [126.92680186228951, 37.62488274778896], [126.9274646880556, 37.624410755018744], [126.9280661482599, 37.623889357498925], [126.92860045069905, 37.62332357754166], [126.92906245041296, 37.62271886485523], [126.92944769920813, 37.62208104402431], [126.92975248845318, 37.621416258382624], [126.92997388473644, 37.620730910819596], [126.93010975804405, 37.62003160209256], [126.93015880219042, 37.61932506723904], [126.93012054730727, 37.61861811070285], [126.93000799322867, 37.61798821761671], [126.93007132896746, 37.61798604915989], [126.93095205216267, 37.617886469587106], [126.93181626055534, 37.61771869527663], [126.93265562914105, 37.61748434241612], [126.93346207239644, 37.61718566854269], [126.93422782222213, 37.616825550778906], [126.93494550281555, 37.616407458096496], [126.9356082017506, 37.61593541787584], [126.93593536737595, 37.61565172114967], [126.93606487375995, 37.6155762723579], [126.93672755825465, 37.61510422566768], [126.93732887856977, 37.61458277898198], [126.93786304384989, 37.614016955086086], [126.9383249104564, 37.613412204110936], [126.93871003147801, 37.612774351009456], [126.93901469951388, 37.612109539425575], [126.93923598231935, 37.611424172497955], [126.93937175097282, 37.61072485116977], [126.93942070029581, 37.61001831059935], [126.93938236133219, 37.60931135528498], [126.9392571057703, 37.60861079352903], [126.9390461422686, 37.607923371872744], [126.93888216311719, 37.60755178939395], [126.93928623812339, 37.60743892879744], [126.94009254645051, 37.60714020801648], [126.94085816123363, 37.60678004553002], [126.9415757079719, 37.606361910740354], [126.94223827552932, 37.60588983143315], [126.94283948272232, 37.60536835495239], [126.94337353978531, 37.60480250436991], [126.94383530412216, 37.6041977300733], [126.94422032980638, 37.60355985723964], [126.94452491035507, 37.60289502970241], [126.94474611436553, 37.60220965075352], [126.94488181367434, 37.60151032145148], [126.9449307037699, 37.600803777031004], [126.94489231626548, 37.60009682202711], [126.94476702331563, 37.5993962647389], [126.94455603393773, 37.59870885166441], [126.94426138227699, 37.59804120253778], [126.94388590793201, 37.59739974659422], [126.94343322853332, 37.59679066067558], [126.94290770484179, 37.596219809772094], [126.94254366267063, 37.59589637996801], [126.94312724451633, 37.595968077444475], [126.94401521482791, 37.596006985404735], [126.94490370200296, 37.595976445860614], [126.94578414696255, 37.59587675298866], [126.94664806816277, 37.59570886713742], [126.94748714336798, 37.595474405569114], [126.94829328988332, 37.59517562686794], [126.94905874246996, 37.594815409165975], [126.94977612819049, 37.594397222397106], [126.95043853746081, 37.59392509484734], [126.95103959062267, 37.59340357432489], [126.9515734993946, 37.592837684325275], [126.9520351226089, 37.59223287561519], [126.9524200156983, 37.59159497370253], [126.95272447345648, 37.590930122700215], [126.95294556566273, 37.590244726125526], [126.95308116522949, 37.58954538520607], [126.9530880113817, 37.58944627105465], [126.95363543526281, 37.58929325909641], [126.95444149073658, 37.58899443737214], [126.95520685050431, 37.58863417869121], [126.95592414252341, 37.58821595338214], [126.95658645811298, 37.587743790101996], [126.95718741851762, 37.587222237002905], [126.95772123634973, 37.586656317893905], [126.95818277131774, 37.58605148382167], [126.95856757970444, 37.585413560538036], [126.95887195711926, 37.58474869236137], [126.95909297411507, 37.5840632829739], [126.95922850432818, 37.58336393372626], [126.95927724487386, 37.58265738004431], [126.95923872880353, 37.58195042655141], [126.95914601616475, 37.58143248726624], [126.95970591555492, 37.58136900828841], [126.96056963866012, 37.58120101857527], [126.96140850799684, 37.58096645585748], [126.96221444285506, 37.580667579693625], [126.96297968003653, 37.580307269154545], [126.9636968486803, 37.57988899506811], [126.96435904129474, 37.579416786561005], [126.9649598803096, 37.578895192220706], [126.96519306450114, 37.57864791574869], [126.96550035196276, 37.57917270183771], [126.96595310728621, 37.57978170550203], [126.9664786942085, 37.58035245585012], [126.96707205180606, 37.58087945532558], [126.96772746601424, 37.581357627673945], [126.96843862464583, 37.58178236686678], [126.969198678188, 37.58214958149748], [126.97000030579247, 37.58245573421964], [126.97083578582225, 37.58269787584722], [126.9716970702738, 37.58287367378617], [126.97257586235574, 37.58298143452323], [126.97346369647424, 37.58302011995391], [126.97435201985152, 37.582989357392], [126.9752322749879, 37.58288944316341], [126.97609598216985, 37.582721339749945], [126.97693482122565, 37.582486666510306], [126.97774071173761, 37.58218768406823], [126.97850589093561, 37.58182727251864], [126.97895918392287, 37.58156281352018], [126.97954675131503, 37.58199137435366], [126.98025798392614, 37.58241604284049], [126.98101810283089, 37.582783181808864], [126.98181978655049, 37.58308925464136], [126.98265531290659, 37.58333131292165], [126.98351663344869, 37.5835070248589], [126.98439545103717, 37.583614697768674], [126.98528329983223, 37.583653294392924], [126.98617162691441, 37.58362244290133], [126.9870518747485, 37.58352244047692], [126.98791556369147, 37.58335425045151], [126.9887543737477, 37.583119493018536], [126.98956022477942, 37.58282042961307], [126.99032535439761, 37.58245994111021], [126.99104239277938, 37.58204150005256], [126.99170443368999, 37.581569137175336], [126.99230510102286, 37.581047402552926], [126.99283861021613, 37.58048132174212], [126.99329982395369, 37.579876347346165], [126.99336125447897, 37.5797744041856], [126.99326230871755, 37.579990800193485], [126.99304161672836, 37.58067627643421], [126.9929064075446, 37.58137566719506], [126.99285798565035, 37.58208223726914], [126.99289681982452, 37.58278918212361], [126.99302253853226, 37.58348969342642], [126.99323393340845, 37.58417702461668], [126.99352897080362, 37.58484455588754], [126.99390481128462, 37.585485857955135], [126.99435783690532, 37.58609475399883], [126.99488368598787, 37.586665379175486], [126.9954772950814, 37.587192237133436], [126.99613294769668, 37.58767025298074], [126.99684432934768, 37.588094822196055], [126.99713252181056, 37.588233954842664], [126.99711742120013, 37.58845446240794], [126.99715629829618, 37.589161405414224], [126.99728206701006, 37.589861911791196], [126.99749351849573, 37.5905492350251], [126.997788618559, 37.59121675538541], [126.99816452716357, 37.59185804369299], [126.99861762570744, 37.59246692325941], [126.99914355181042, 37.593037529399886], [126.99973724127985, 37.59356436594583], [127.00039297685201, 37.594042358211226], [127.00110444324152, 37.59446690190164], [127.00186478796816, 37.59483390749333], [127.00266668737588, 37.59513983965355], [127.00350241720663, 37.59538175132113], [127.00436392704792, 37.595557312117776], [127.00524291793485, 37.59566483081545], [127.00613092235656, 37.59570327164227], [127.00701938589322, 37.5956722642694], [127.00789974969406, 37.59557210738232], [127.00834094971754, 37.595486123382926], [127.00852447890053, 37.59579911043978], [127.00895238065745, 37.59637395580948], [127.00854729812994, 37.59656485990216], [127.00783021629529, 37.59698340598076], [127.00716813863554, 37.59745585783047], [127.00656744103082, 37.59797766644365], [127.00603390872152, 37.59854380748546], [127.00557268058584, 37.599148829643816], [127.00518819962387, 37.59978690709261], [127.0048841701261, 37.60045189556416], [127.00466352194034, 37.60113739149245], [127.00452838218362, 37.601836793658485], [127.00448005467409, 37.60254336674511], [127.0045190072843, 37.60325030618992], [127.00464486734121, 37.603950803712245], [127.0048564251205, 37.60463811288307], [127.00515164540556, 37.60530561410672], [127.00517890394858, 37.60535209854806], [127.00477682331562, 37.60546465762438], [127.00397078674925, 37.605763822467225], [127.00320548203634, 37.60612439677043], [127.00248827827309, 37.6065429088483], [127.00182608176064, 37.60701532912045], [127.0012252695231, 37.607537108883655], [127.00069162790436, 37.608103224081255], [127.0002302968352, 37.6087082236505], [126.99984572030705, 37.60934628198322], [126.99954160353114, 37.61001125499629], [126.99932087719631, 37.610696739273045], [126.999185669173, 37.6113961337071], [126.99913728393774, 37.61210270305613], [126.99917618992015, 37.61280964279411], [126.99930201489741, 37.613510144637765], [126.9995135494843, 37.6141974621167], [126.99980875868887, 37.61486497555531], [127.00018480142582, 37.615506255840494], [127.00063805780309, 37.6161151263604], [127.00116416392176, 37.61668572251658], [127.00175805385612, 37.617212548235756], [127.00241400841207, 37.61769052893535], [127.00312571019487, 37.61811506043151], [127.00388630445627, 37.618482053317166], [127.00468846513567, 37.61878797238122], [127.0055244654568, 37.61902987068805], [127.00638625239989, 37.61920541798763], [127.0072655243288, 37.61931292318157], [127.00815381102323, 37.6193513506279], [127.00904255534206, 37.6193203301267], [127.00992319572761, 37.61922016049003], [127.0107872487528, 37.61905180666164], [127.01162639091287, 37.618816890414195], [127.01243253886972, 37.61851767471404], [127.01319792737355, 37.61815704190474], [127.01391518410816, 37.61773846592035], [127.01457740073673, 37.61726597879711], [127.01517819946213, 37.61674413180733], [127.0157117944597, 37.61617795159115], [127.01617304759033, 37.61557289170993], [127.01655751785765, 37.614934780089605], [127.01686150413407, 37.6142697628611], [127.01708208074568, 37.61358424514028], [127.01721712557588, 37.612884829318745], [127.01726534041954, 37.61217825146072], [127.01722626339507, 37.61147131641926], [127.0171002732984, 37.61077083229713], [127.01688858586013, 37.61008354488371], [127.01659324194624, 37.6094160726992], [127.01656597481512, 37.60936959086653], [127.01696805921028, 37.609256991719924], [127.0177740825452, 37.6089577381803], [127.01853934714715, 37.60859706928518], [127.01870986145983, 37.60849753652842], [127.01870998023021, 37.608497641859714], [127.01936596838928, 37.60897552925517], [127.02007768515278, 37.60939995922989], [127.02083827562696, 37.609766843355054], [127.02164041378664, 37.61007264746773], [127.02199304822139, 37.61017463820828], [127.02178873647735, 37.610513812061484], [127.02148480959363, 37.6111788428122], [127.02126428065354, 37.61186436936849], [127.02112927562756, 37.6125637902157], [127.02108109703808, 37.61327036985603], [127.02112021132494, 37.61397730366308], [127.02124624425927, 37.61467778340949], [127.02145798445261, 37.61536506283646], [127.02175339493206, 37.61603252263373], [127.02212963267274, 37.61667373420385], [127.02258307590307, 37.617282521595854], [127.02310935892281, 37.617853021011264], [127.02370341410061, 37.61837973730803], [127.02435952064891, 37.618857596957234], [127.02497284100023, 37.61922326041807], [127.0244583869058, 37.61928184548453], [127.02359436095456, 37.61945029960778], [127.02275524838667, 37.619685301149744], [127.02194912837547, 37.61998458751185], [127.0211837626939, 37.62034527713567], [127.02046652102595, 37.62076389722582], [127.01980431003896, 37.62123641716254], [127.01920350689802, 37.62175828728332], [127.01866989786124, 37.622324482661774], [127.0182086225478, 37.62292955146312], [127.01782412441456, 37.62356766741247], [127.01752010792013, 37.624232685871576], [127.01729950279012, 37.624918202985604], [127.01716443573001, 37.62561761733131], [127.01711620986097, 37.62632419347384], [127.0171552920798, 37.62703112682074], [127.01728130846797, 37.62773160914928], [127.01749304779811, 37.62841889417585], [127.01778847310715, 37.62908636253628], [127.01816474122892, 37.629727585550505], [127.01861823010059, 37.630336387157165], [127.0191445735834, 37.63090690342058], [127.01973870346464, 37.631433639036075], [127.0203948982379, 37.63191152028825], [127.02110683819296, 37.63233594395055], [127.02186766628587, 37.63270282165417], [127.02267005420163, 37.63300861929735], [127.02350627297318, 37.63325039111406], [127.02436826747446, 37.63342580807286], [127.02524773406805, 37.633533180331256], [127.0261362006568, 37.63357147352835], [127.02702510836511, 37.63354031875803], [127.0279058940602, 37.633440016126535], [127.02877007291448, 37.63327153185953], [127.0296093202105, 37.633036488986974], [127.03041555159747, 37.63273715169582], [127.03118100102228, 37.63237640350162], [127.03189829558278, 37.631957719450575], [127.0325605265789, 37.6314851326205], [127.03316131607677, 37.63096319524449], [127.03369487834244, 37.63039693483358], [127.03415607555421, 37.62979180572166], [127.03454046725659, 37.62915363650136], [127.03484435308101, 37.62848857385809], [127.03506480832348, 37.62780302334464], [127.0351997120386, 37.62710358766777], [127.03524776738244, 37.62639700308212], [127.03520851401144, 37.62569007450457], [127.03508233242135, 37.624989609974605], [127.03487044018821, 37.6243023550918], [127.03457488015104, 37.62363492806194], [127.03419850065353, 37.62299375597676], [127.03374492803862, 37.622385012940484], [127.03321853166327, 37.62181456063793], [127.03262438177279, 37.6212878919158], [127.03196820064268, 37.620810077918854], [127.031354832689, 37.62044445059766], [127.03186928971255, 37.62038583549273], [127.03273330848603, 37.620217320751294], [127.03357239639637, 37.61998224810332], [127.03437847062914, 37.61968288202234], [127.03514376664616, 37.61932210630102], [127.03586091302367, 37.618903396250346], [127.03652300248964, 37.61843078519812], [127.0371236584737, 37.61790882561036], [127.03765709652801, 37.617342545211436], [127.03811818002696, 37.616737398527306], [127.03850246960982, 37.61609921431929], [127.03880626589086, 37.615434139416664], [127.03902664502736, 37.61474857948978], [127.03916148680572, 37.61404913733567], [127.03920949497709, 37.61334254927099], [127.03917020965062, 37.61263562024586], [127.03904401162823, 37.61193515830389], [127.03883211864257, 37.61124790901966], [127.03853657353825, 37.61058049054504], [127.03816022451376, 37.60993932988951], [127.03770669761724, 37.60933060104739], [127.03718036176416, 37.60876016556712], [127.03658628661618, 37.608233516133765], [127.0359301937284, 37.607755723706745], [127.03521840143651, 37.607331388720745], [127.03445776401557, 37.606964596818216], [127.03365560569549, 37.60665887953825], [127.03330297151258, 37.606556923591214], [127.03350722016587, 37.60621772915183], [127.03377856907643, 37.605623705911334], [127.03427921491014, 37.60616636305371], [127.03487325738078, 37.60669302406731], [127.03552933418243, 37.60717082234923], [127.03624112673995, 37.607595155472936], [127.0370017794282, 37.607961935942605], [127.03780396562156, 37.608267630594085], [127.03863995829639, 37.60850929465438], [127.03950170450543, 37.60868460013104], [127.04038090300438, 37.60879185825638], [127.04044689906982, 37.60879469525715], [127.04072523217344, 37.60942321886859], [127.04110160074889, 37.61006437152789], [127.0415551598456, 37.61067308745874], [127.0420815426455, 37.61124350355058], [127.04267568055431, 37.61177012546374], [127.04333185198577, 37.61224788057831], [127.04404373745254, 37.61267216688336], [127.0448044804339, 37.61303889733392], [127.04560675343362, 37.61334453924756], [127.04644282859113, 37.61358614835933], [127.04730465216382, 37.61376139720618], [127.04818392216147, 37.61386859756611], [127.04841238245274, 37.61387840260284], [127.04843959808093, 37.61392475282729], [127.04889324040414, 37.61453344069689], [127.04941970650061, 37.615103824222935], [127.05001392697336, 37.61563040937916], [127.05067017944037, 37.61610812389947], [127.05138214363309, 37.616532366163774], [127.05214296227179, 37.61689904955122], [127.05294530713086, 37.61720464183271], [127.0537814496567, 37.6174461992214], [127.0546433354572, 37.617621394752604], [127.05552266194206, 37.61772854071806], [127.05641095836434, 37.61776660493795], [127.05729966748885, 37.61773522071311], [127.05776630921206, 37.61768194680466], [127.05780287185367, 37.617764453850754], [127.05817942892872, 37.61840555234089], [127.05863317788446, 37.6190142029828], [127.05915975007336, 37.61958454329396], [127.05975407507596, 37.6201110796639], [127.06041042950267, 37.6205887402962], [127.06112249210206, 37.62101292408959], [127.06188340464564, 37.62137954498637], [127.06268583800225, 37.62168507135931], [127.06352206276506, 37.621926560056586], [127.06438402374889, 37.622101684775345], [127.06503955416522, 37.62218150185087], [127.0646561930996, 37.62281855273485], [127.06435259572369, 37.62348369462311], [127.06413242208498, 37.624169302142164], [127.06399779473561, 37.62486877299578], [127.06395001256337, 37.62557537120239], [127.0639895381924, 37.62628229195443], [127.06411599343345, 37.62698272714786], [127.0643281628314, 37.6276699309505], [127.06462400527924, 37.62833728477809], [127.06500067359057, 37.628978361051544], [127.06542892380043, 37.62955263238177], [127.06541047167082, 37.62955623623408], [127.06457137383012, 37.629791534865795], [127.06376530904708, 37.63009110677405], [127.06300003856511, 37.63045206765227], [127.06228293115427, 37.630870942094184], [127.06162089219251, 37.6313436970315], [127.06102029719202, 37.631865780539165], [127.06048693041063, 37.6324321656359], [127.0600259291387, 37.63303739865954], [127.05964173419808, 37.63367565175285], [127.05933804713146, 37.634340778955654], [127.0591177944954, 37.63502637536429], [127.05898309960376, 37.635725838789995], [127.05893526199593, 37.63643243332306], [127.05897474483118, 37.637139354191675], [127.05910117033376, 37.63783979329087], [127.05931332333635, 37.638527004751055], [127.05958223938583, 37.63913363545522], [127.05896248790414, 37.6394258927411], [127.05824527132192, 37.63984474131837], [127.05758312681034, 37.640317472215344], [127.05698243089756, 37.640839533738784], [127.05644896881302, 37.641405899119434], [127.05598787876474, 37.6420111148854], [127.05560360242973, 37.64264935334603], [127.05529984213493, 37.643314468682426], [127.05507952514273, 37.64400005610563], [127.0549447753875, 37.6446995135137], [127.05489689293793, 37.64540610505525], [127.05493634138625, 37.6461130259875], [127.05506274328896, 37.64681346820512], [127.05527488370717, 37.64750068580855], [127.05557072181554, 37.64816806008075], [127.05573837120063, 37.64845339152392], [127.05554436437048, 37.64854485993763], [127.05482704060374, 37.648963686407846], [127.05416479308649, 37.6494363967356], [127.05356399933848, 37.64995843942605], [127.05303044553104, 37.65052478789166], [127.05256927075563, 37.65112998882379], [127.05218491750539, 37.651768214675016], [127.0518810888484, 37.652433319748255], [127.05166071270611, 37.6531188993537], [127.05152591358332, 37.653818351465084], [127.05147799202518, 37.65452494028228], [127.05151741200153, 37.65523186108897], [127.05164379634427, 37.65593230578117], [127.05185593028479, 37.65661952843564], [127.05215177306124, 37.65728691028668], [127.05252847748763, 37.65792802348525], [127.05298241729895, 37.658536693025546], [127.0534258799534, 37.6590168238359], [127.0533643932359, 37.65903965917133], [127.05259877463409, 37.659400548597574], [127.05188132944673, 37.65981935561152], [127.05121896630259, 37.66029204779499], [127.0506180638345, 37.66081407382828], [127.05008440926079, 37.66138040728463], [127.04962314264327, 37.66198559500039], [127.04923870736005, 37.66262380955581], [127.04893480726979, 37.663288905363], [127.04871437098268, 37.663974477821775], [127.04857952358387, 37.664673924975006], [127.04853156608449, 37.66538051107058], [127.04857096280189, 37.66608743141862], [127.04869733679328, 37.66678787791968], [127.04890947339108, 37.667475104633134], [127.04920533180925, 37.66814249275418], [127.04958206471227, 37.66878361437328], [127.05003604556201, 37.66939229440335], [127.05056290348136, 37.66996267007753], [127.05115756530185, 37.67048924744325], [127.05181430439158, 37.67096695430753], [127.05252679579499, 37.67139118912212], [127.05328817715301, 37.67175786533605], [127.05409111481752, 37.67206345078761], [127.05492787452171, 37.67230500175433], [127.0557903959244, 37.672480191332156], [127.05667037030821, 37.67258733186927], [127.05755932068014, 37.67262539123764], [127.05844868350044, 37.67259400278466], [127.05932989124885, 37.67249346886897], [127.0601944550294, 37.67232475794565], [127.06103404641478, 37.67208949522973], [127.06184057773855, 37.671789947027584], [127.06260628005839, 37.67142899888819], [127.06332377803687, 37.671010127785344], [127.06398616101649, 37.67053736860011], [127.06458704960211, 37.67001527522705], [127.06512065710898, 37.66944887668072], [127.06558184528394, 37.6688436286262], [127.06596617376351, 37.66820536080198], [127.06626994279331, 37.66754022084304], [127.0664902287998, 37.66685461504631], [127.06662491247302, 37.66615514665007], [127.06667269909369, 37.66544855222279], [127.06663313091128, 37.66474163677453], [127.06650659145784, 37.66404120821645], [127.06629430175958, 37.66335401179963], [127.06599830848616, 37.66268666516458], [127.06562146415541, 37.66204559462656], [127.06516739958765, 37.661436973309634], [127.06472384663422, 37.66095688627627], [127.06478533151791, 37.66093404501505], [127.06555090773, 37.660573076312794], [127.06626828424089, 37.66015418577552], [127.06693055156353, 37.659681408471094], [127.06753133141704, 37.659159298468275], [127.06806483816406, 37.65859288494134], [127.06852593452167, 37.657987623699235], [127.06891018101025, 37.65734934460704], [127.06921387866447, 37.656684195407855], [127.06943410459733, 37.65599858248722], [127.0695687400764, 37.655299109151706], [127.06961649084538, 37.654592512017054], [127.06957689949766, 37.65388559611923], [127.06945034978709, 37.65318516937356], [127.06923806283727, 37.652497977013624], [127.06894208529009, 37.6518306366409], [127.06877437773801, 37.65154532376505], [127.06896837639687, 37.65145383358762], [127.06968564567772, 37.6510349209605], [127.0703478099631, 37.65056212310755], [127.07094849196491, 37.65003999429508], [127.07148190698835, 37.649473563878196], [127.07194291863391, 37.64886828782811], [127.07232708823754, 37.64822999615217], [127.07263071757394, 37.64756483671432], [127.07285088441338, 37.64687921599829], [127.07298547059177, 37.64617973738544], [127.07303318232655, 37.64547313754206], [127.07299356258606, 37.64476622152994], [127.07286699539638, 37.6440657972654], [127.07265470204831, 37.64337860995798], [127.07238566444242, 37.642772008739016], [127.07300539194974, 37.64247968095182], [127.07372255201012, 37.64206074247625], [127.07438461071007, 37.641587920603016], [127.0749851917789, 37.641065769829474], [127.07551851149411, 37.640499319721904], [127.07597943437412, 37.63989402644082], [127.07636352260958, 37.6392557201591], [127.0766670787585, 37.63859054888093], [127.07688718129538, 37.63790491920374], [127.07702171267454, 37.637205434594826], [127.07706937964034, 37.63649883177791], [127.07702972559115, 37.635791915843164], [127.07690313488239, 37.63509149470594], [127.07669082903016, 37.63440431354559], [127.07639485485608, 37.63373698985565], [127.07601806469069, 37.63309594973059], [127.07558971255521, 37.632521716558145], [127.07560816494326, 37.63251811111717], [127.0764472594828, 37.63228273407756], [127.07725329794974, 37.63198307547382], [127.07801851615245, 37.63162202191763], [127.07873554341954, 37.63120305139722], [127.07939747362963, 37.63073019975001], [127.07999793174996, 37.630208021759735], [127.08053113524252, 37.62964154725438], [127.08099194974517, 37.62903623262897], [127.08137593849207, 37.628397908261476], [127.0816794049989, 37.62773272232978], [127.08189942860272, 37.62704708157201], [127.08192667843419, 37.62690532687993], [127.08198378923684, 37.62691692006127], [127.082863266286, 37.62702386301355], [127.08375168918522, 37.62706172210131], [127.08464049947989, 37.62703013260238], [127.08552113497664, 37.62692939881287], [127.08638511229665, 37.62676049111378], [127.0872241086667, 37.626525036615725], [127.0880300421566, 37.62622530347219], [127.08879514958701, 37.62586417901292], [127.0895120613546, 37.625445141909125], [127.09017387245144, 37.62497222863944], [127.09077420899314, 37.624449994580914], [127.09089404049027, 37.62432264618913], [127.09171117761915, 37.624357413091374], [127.0925999528892, 37.62432576341272], [127.09348054625434, 37.6242249699226], [127.09434447474204, 37.624056003577365], [127.09518341605006, 37.62382049205281], [127.09598928877918, 37.62352070405185], [127.09675433033603, 37.62315952743279], [127.09747117175247, 37.62274044136931], [127.09813290869907, 37.622267482811544], [127.09873316800622, 37.62174520757269], [127.09926616905231, 37.6211786464169], [127.09972677942629, 37.62057325657311], [127.10011056432937, 37.61993486914292], [127.10041382924112, 37.61926963291069], [127.10063365544048, 37.618583955097925], [127.1007679280422, 37.617884439633976], [127.10081535628113, 37.617177823538285], [127.1007754858527, 37.61647091202748], [127.1006487031936, 37.61577051297308], [127.1004362316656, 37.615083371340624], [127.10014011968275, 37.614416104242125], [127.0997632208994, 37.61377513722643], [127.09930916665397, 37.61316664242072], [127.09878233093556, 37.61259647911775], [127.09818778821432, 37.61207013738014], [127.09753126454227, 37.611592685203554], [127.09681908239794, 37.61116871974607], [127.09605809980494, 37.610802323092145], [127.09525564431183, 37.610497022975935], [127.09441944246711, 37.610255758840395], [127.09355754546739, 37.61008085355829], [127.09267825169245, 37.60997399108587], [127.09179002687004, 37.60993620026385], [127.09090142263692, 37.60996784492068], [127.09002099427593, 37.61006862037327], [127.08915721841852, 37.61023755635844], [127.08831841150152, 37.61047302636715], [127.0875126497595, 37.610772763291855], [127.08681060555799, 37.61110418139043], [127.08685010108802, 37.61051733036861], [127.08681036587322, 37.60981041413994], [127.08668372505736, 37.60911000012844], [127.0864714006358, 37.608422833444514], [127.08617543960573, 37.60775553144225], [127.08589284759373, 37.607274717971684], [127.08634165821016, 37.606884238297184], [127.08687464564002, 37.606317731612876], [127.08733526324686, 37.605712388663655], [127.08753208249004, 37.6053850450917], [127.08802164914856, 37.60562082718036], [127.08882402241356, 37.60592617625681], [127.0896601574751, 37.60616747982644], [127.09052200001169, 37.60634241337078], [127.09140124784918, 37.60644929170658], [127.09228943099836, 37.60648708523348], [127.0931779933159, 37.60645542986129], [127.09405837499918, 37.60635463052091], [127.09492209511633, 37.606185658224874], [127.0957608333738, 37.60595014070602], [127.09656651032964, 37.60565034672464], [127.0973313652773, 37.60528916419615], [127.09804803104697, 37.60487007235063], [127.09870960500139, 37.604397108193304], [127.09930971554101, 37.60387482759066], [127.0998425834768, 37.60330826135788], [127.10030307767906, 37.60270286677218], [127.10068676446687, 37.602064474980274], [127.10098995026335, 37.601399234808], [127.10120971710779, 37.60071355351441], [127.1013439506846, 37.60001403506202], [127.10139136060245, 37.59930741649884], [127.101351492731, 37.59860050306517], [127.1012247334802, 37.59790010265104], [127.10101230598423, 37.597212960235275], [127.10071625823113, 37.59654569293767], [127.100339443255, 37.59590472630939], [127.0998854915856, 37.595296232474304], [127.09935877622316, 37.594726070716355], [127.09876437047794, 37.59419973108391], [127.09810799908261, 37.593722281552964], [127.09739598304924, 37.593298319256704], [127.0966351788023, 37.59293192624984], [127.09583291217368, 37.59262663023189], [127.09525071095305, 37.592458615556176], [127.09547294676761, 37.592166440465725], [127.09585661975612, 37.5915280631622], [127.09615980483606, 37.59086283421155], [127.09637958405231, 37.5901771607647], [127.0965138429688, 37.58947764670871], [127.09656129094881, 37.588771029049354], [127.09652147349415, 37.588064113018476], [127.09639477652787, 37.58736370653142], [127.09618242258333, 37.586676554625875], [127.09588645893923, 37.58600927451341], [127.09557387365126, 37.58547741842639], [127.09601891170843, 37.585004156655074], [127.09647932261751, 37.58439877463721], [127.09686294656396, 37.58376039294157], [127.0971660905744, 37.5830951602964], [127.09738583708861, 37.582409483888], [127.09752007198465, 37.581709967631745], [127.09756750485624, 37.58100334855449], [127.09752768134975, 37.58029643190163], [127.0974009874456, 37.57959602559448], [127.09718864564671, 37.578908874669004], [127.09689270311394, 37.57824159632743], [127.09651601186651, 37.57760061622784], [127.09606220124157, 37.57699210662448], [127.09553564288017, 37.57642192695384], [127.09533805659494, 37.57624691057373], [127.09550093909507, 37.57588945650471], [127.09572067906925, 37.5752037823248], [127.09585491597313, 37.57450426712351], [127.09590235938028, 37.57379764791751], [127.09586255483464, 37.57309072995354], [127.09573588813325, 37.57239032116564], [127.09552358151615, 37.571703166613815], [127.0952276818047, 37.57103588353545], [127.09485104060525, 37.57039489763444], [127.09439728677239, 37.56978638122119], [127.09387079139998, 37.56921619379799], [127.09327662567928, 37.56868982566136], [127.09291370815643, 37.56842571701617], [127.09302735476894, 37.56817630710642], [127.09324709406584, 37.567490636635036], [127.09338133957131, 37.566791123386714], [127.09342880077502, 37.5660845043594], [127.09338902304862, 37.56537758479819], [127.09326239192988, 37.564677172652694], [127.0930501293154, 37.56399001301544], [127.09275428160207, 37.563322723173044], [127.09237769989477, 37.562681728894844], [127.09192401247478, 37.562073202572186], [127.09139758979617, 37.56150300380313], [127.09080350235001, 37.56097662299371], [127.09014747180392, 37.560499128517705], [127.08943581588846, 37.56007511794228], [127.08867538756189, 37.55970867378805], [127.08827207916127, 37.559555097858365], [127.08844535435729, 37.55917483767482], [127.08848236810952, 37.55905935057596], [127.08877192021633, 37.55909457485591], [127.08965953964976, 37.55913238515085], [127.09054754004633, 37.55910074602239], [127.0914273670207, 37.55899996224468], [127.09229054498866, 37.558831004679774], [127.09312875888286, 37.55859550091773], [127.09393393431559, 37.55829571958523], [127.09469831541378, 37.55793454847449], [127.09541453957361, 37.55751546670405], [127.09607570841223, 37.557042511180526], [127.09667545423203, 37.556520237685575], [127.09720800135561, 37.55595367696429], [127.09766822174107, 37.55534828623926], [127.09805168434158, 37.5547098966186], [127.09835469773552, 37.55404465690603], [127.09857434561789, 37.55335897435522], [127.0987085148136, 37.55265945294016], [127.09875591554581, 37.551952829737004], [127.09871971102199, 37.55131012437157], [127.09933322119663, 37.55160573227478], [127.10013506393051, 37.55191100417479], [127.10097063398487, 37.55215222656014], [127.10183188248392, 37.55232707569592], [127.10271051297964, 37.55243386721323], [127.1035980614341, 37.552471572349035], [127.10448597782286, 37.552439827865186], [127.10536570857059, 37.55233893955125], [127.10622877902092, 37.5521698792767], [127.10706687514332, 37.551934275621335], [127.10787192368576, 37.55163439817431], [127.10863616999877, 37.5512731356538], [127.10935225277808, 37.55085396805887], [127.11001327500402, 37.55038093312266], [127.11061287039236, 37.549858587391476], [127.11114526471569, 37.54929196230578], [127.11160533140476, 37.54868651570759], [127.11198864089371, 37.54804807924252], [127.11229150323605, 37.54738280216478], [127.11251100358173, 37.54669709208714], [127.11264503017645, 37.5459975532479], [127.11269229461632, 37.54529092289017], [127.11265234416562, 37.54458400636703], [127.11252556602285, 37.54388361159784], [127.11231318349762, 37.54319648350697], [127.1120172441384, 37.54252923907654], [127.11164059992969, 37.54188830363822], [127.11118687975151, 37.54127984901653], [127.11066045437063, 37.54070973411916], [127.11006639430154, 37.54018344854478], [127.10941042094612, 37.5397060597506], [127.1086988514825, 37.539282164286824], [127.10793853803524, 37.5389158435665], [127.10713680171166, 37.538610624594995], [127.10630136213884, 37.5383694460362], [127.10544026317827, 37.53819462994083], [127.10456179553125, 37.53808785940806], [127.10367441697754, 37.538050162394505], [127.10306409975874, 37.538071983683075], [127.10310696738604, 37.538000590632485], [127.10340986700373, 37.53733533542012], [127.10362941826608, 37.53664964097999], [127.10376350892695, 37.53595011140004], [127.103810849964, 37.53524348383461], [127.10377098790252, 37.53453656361037], [127.10364430908868, 37.53383615868278], [127.1034320358745, 37.53314901407466], [127.10313621475511, 37.53248174692783], [127.10275969657577, 37.5318407827933], [127.1023061090028, 37.531232293772554], [127.1017798215259, 37.53066213910511], [127.10118590333204, 37.53013580877314], [127.10053007445741, 37.529658370665274], [127.09981865068973, 37.529234421806976], [127.09905848275162, 37.52886804412569], [127.09825689035029, 37.52856276517542], [127.09742159172826, 37.528321524197686], [127.0965606293911, 37.52814664384415], [127.09568229272584, 37.528039807832535], [127.09479503825219, 37.52800204474975], [127.09390740827179, 37.52803371815754], [127.09302794869483, 37.52813452309588], [127.0921651268326, 37.52830348901696], [127.09132724994335, 37.52853898912224], [127.09052238531301, 37.52883875601268], [127.08975828263675, 37.529199903502125], [127.08904229944636, 37.52961895438478], [127.08838133029907, 37.530091873890164], [127.08831773380777, 37.5301472660608], [127.08803019705391, 37.53008883961126], [127.08715185039914, 37.52998194012781], [127.08626457782991, 37.5299441128581], [127.08537692182192, 37.52997572198155], [127.08449742853578, 37.53007646315675], [127.08363456560691, 37.53024536644952], [127.08279664068851, 37.53048080566408], [127.08199172152831, 37.53078051398746], [127.08122755834592, 37.53114160579731], [127.08051150925492, 37.53156060442385], [127.07985046944636, 37.53203347559981], [127.07925080481317, 37.532555666277354], [127.07871829065402, 37.53312214843952], [127.0782580560463, 37.533727467485704], [127.07787453442455, 37.53436579472671], [127.07757142084081, 37.53503098348488], [127.07737674575749, 37.5356382969618], [127.07682150381105, 37.535233910059446], [127.07611016294159, 37.5348098192663], [127.07535005610424, 37.534443289679714], [127.07504086130382, 37.53432546911132], [127.07504285627728, 37.534322148996424], [127.07534598932794, 37.5336569667684], [127.07556578594833, 37.53297132556148], [127.07570013152764, 37.53227182895231], [127.07574773458735, 37.53156521377913], [127.07570813912854, 37.53085828525081], [127.07558172892963, 37.53015785140439], [127.0753697237561, 37.52947065754271], [127.0750741675225, 37.5288033212834], [127.07469790852454, 37.52816226884437], [127.0742445719341, 37.52755367317864], [127.07371852482613, 37.526983394553625], [127.07312483407509, 37.526456924145876], [127.0724692175294, 37.525979331193355], [127.0717579889347, 37.52555521421274], [127.0709979971367, 37.52518865675026], [127.07019656014899, 37.52488318809072], [127.06936139471969, 37.52464174930175], [127.06850054207378, 37.524466664938934], [127.06762229054354, 37.52435962068337], [127.06673509583011, 37.52432164712602], [127.06584749966034, 37.524353109854104], [127.06496804761899, 37.524453705934945], [127.06410520694445, 37.52462246683059], [127.06326728507536, 37.524857767715574], [127.06246234972939, 37.52515734310815], [127.06169815128104, 37.52551830866526], [127.0609820481822, 37.525937188932375], [127.06032093614246, 37.52640995078151], [127.05972118174854, 37.52693204221744], [127.05918856116165, 37.5274984361788], [127.05872820448212, 37.528103678914576], [127.0583445463181, 37.52874194247077], [127.05804128303471, 37.52940708078361], [127.05782133709742, 37.53009268884014], [127.05768682885511, 37.53079216433771], [127.05763905603747, 37.53149877124933], [127.05767848116704, 37.53220570468364], [127.05780472701106, 37.53290615641507], [127.05801658012017, 37.53359338045349], [127.0583120024235, 37.53426075802155], [127.0586881507723, 37.53490186131391], [127.05914140424674, 37.53551051542326], [127.05966739896607, 37.53608085783625], [127.06026107006909, 37.53660739492496], [127.0609167004624, 37.53708505488894], [127.06107022198782, 37.53717661095141], [127.06081141655729, 37.53760714129529], [127.06058563950108, 37.53810231227073], [127.05988543035153, 37.53783539695069], [127.05905015486573, 37.537593885067935], [127.05818917849807, 37.53741872513502], [127.05731079077147, 37.537311603560106], [127.0564234486975, 37.537273551678076], [127.05553569542066, 37.53730493582984], [127.05465607803717, 37.53740545383891], [127.05379306537594, 37.5375741379188], [127.05295496653002, 37.53780936398353], [127.0521498509197, 37.53810886727168], [127.05138547065367, 37.53846976413466], [127.05118312465376, 37.53858807788418], [127.05111566765116, 37.538528239591045], [127.05046008778791, 37.53805052564914], [127.04974887121874, 37.53762627704808], [127.04898886667523, 37.53725957860092], [127.04818739229488, 37.5369539609493], [127.04735216518668, 37.53671236659458], [127.0464912271699, 37.53653712158935], [127.04561286739872, 37.536429913160504], [127.04472554261595, 37.53639177347877], [127.04383779579983, 37.53642306972996], [127.04295817398433, 37.53652350058345], [127.04209514604084, 37.5366920990915], [127.04125702120918, 37.5369272419916], [127.04045186915927, 37.53722666532277], [127.03968744234992, 37.53758748620597], [127.03897110142974, 37.53800623057966], [127.03830974439614, 37.538478866624686], [127.0377097401931, 37.539000843557616], [127.0371768673855, 37.53956713542039], [127.03671625850109, 37.54017228944597], [127.0363323505757, 37.54081047853564], [127.03602884237903, 37.54147555734388], [127.03580865873488, 37.542161121432], [127.03567392228175, 37.54286056892209], [127.03566376612103, 37.54301010947914], [127.03558284563074, 37.54300022621696], [127.03469544891865, 37.54296201072394], [127.03380762077342, 37.542993230986895], [127.03292790901139, 37.543093586406535], [127.03206478336915, 37.54326211076105], [127.03122655402623, 37.5434971815017], [127.03042129165786, 37.54379653536216], [127.02965674978398, 37.544157290132226], [127.02894029016016, 37.54457597238701], [127.02827881192579, 37.54504855090563], [127.02767868519098, 37.54557047545885], [127.0271456896998, 37.54613672059332], [127.02668495916079, 37.5467418339924], [127.02630093178088, 37.5473799889491], [127.02599730747991, 37.548045040447136], [127.02579721404116, 37.54866771811394], [127.02552603599699, 37.54850589285968], [127.02486767609781, 37.54818809916358], [127.02483397449365, 37.547579107471144], [127.02470801418139, 37.546878624143964], [127.02449643112747, 37.54619134370233], [127.02445767732505, 37.546103710397816], [127.02485366235577, 37.54568304872326], [127.02506508623375, 37.54540537883718], [127.02555761919703, 37.544977051273406], [127.02609061827232, 37.54441081322185], [127.02655133904183, 37.543805701838146], [127.02693534563299, 37.54316754554167], [127.027238941379, 37.54250249089128], [127.02745920436098, 37.5418169433612], [127.02759401547556, 37.54111750562839], [127.02764207876038, 37.54041091396676], [127.02760293378492, 37.53970397336145], [127.02747695999064, 37.53900349196848], [127.0272653729425, 37.53831621555107], [127.02697021253142, 37.53764876252417], [127.0265943232448, 37.53700756023211], [127.02614132669835, 37.536398783072634], [127.02561558669674, 37.53582829306201], [127.02502216716158, 37.5353015834131], [127.02436678333416, 37.53482372566786], [127.02365574672339, 37.53439932089253], [127.02289590433028, 37.53403245540392], [127.0220945727332, 37.53372666145178], [127.02125946766829, 37.53348488323456], [127.02039862978134, 37.53330944857444], [127.01952034726385, 37.53320204652361], [127.01863307611573, 37.533163711116096], [127.01774535879942, 37.53319481142124], [127.01699336228465, 37.53328050547757], [127.01726827061186, 37.53291946525431], [127.01765229915115, 37.532281338131426], [127.0179559318957, 37.53161630638741], [127.01817624656871, 37.53093077527598], [127.0183111235674, 37.530231347316295], [127.0183592662934, 37.529524758688495], [127.0183202135497, 37.528817814349004], [127.01819434388828, 37.52811732249034], [127.01798287187022, 37.527430028977115], [127.01768783627784, 37.526762552389584], [127.01731208039604, 37.526121320299616], [127.01685922455562, 37.52551250739251], [127.01633363120621, 37.52494197602945], [127.01574036285764, 37.52441521982204], [127.01508513329587, 37.52393731076106], [127.01437425254518, 37.52351285040727], [127.01361456610681, 37.52314592561298], [127.01281338905856, 37.52284006919917], [127.01197843564975, 37.52259822596579], [127.01111774506722, 37.52242272436103], [127.01023960408544, 37.52231525408151], [127.0093524673428, 37.52227684981798], [127.0084648760087, 37.52230788130238], [127.00758537562118, 37.52240804975197], [127.00672243388287, 37.522576390744], [127.00588435920339, 37.52281128349402], [127.00507922076889, 37.52311046644827], [127.0043147709055, 37.523471059041015], [127.00359837048168, 37.5238895894079], [127.00293691806527, 37.524362027789685], [127.00233678351549, 37.52488382530583], [127.00180374664902, 37.525449957725826], [127.00134294156983, 37.52605497381825], [127.0009588071994, 37.52669304781322], [127.00065504448439, 37.52735803547448], [127.00043458069636, 37.52804353324235], [127.00029954116847, 37.5287429398791], [127.00027513617334, 37.529099870282934], [127.00007104590657, 37.5289509727902], [126.99936020399119, 37.52852642268982], [126.99860054161913, 37.52815940179015], [126.99779937363745, 37.527853443837174], [126.99696441420892, 37.52761149460806], [126.99610370257882, 37.527435883571044], [126.99522552572448, 37.52732830147581], [126.99433833862966, 37.527289784089106], [126.99345068294818, 37.52732070223145], [126.99257110483714, 37.52742075821084], [126.99170807274666, 37.52758898868689], [126.99086989595527, 37.527823773938835], [126.99007561078935, 37.52811878054484], [126.98997459373957, 37.5280801946014], [126.98913965770595, 37.527838190226205], [126.9882789624821, 37.52766252228336], [126.98740079488772, 37.52755488207017], [126.98651360981759, 37.52751630591268], [126.98562594890609, 37.52754716519698], [126.98474635836055, 37.52764716279742], [126.98388330675068, 37.52781533593548], [126.98304510354257, 37.52805006544217], [126.98223981915831, 37.52834909133499], [126.98147520732756, 37.528709534560065], [126.98075863047637, 37.5291279246911], [126.98009698886929, 37.52960023331918], [126.97985814514045, 37.52980778525522], [126.9793349565918, 37.52934292008632], [126.97867991890803, 37.52886481084095], [126.9785727484287, 37.52880077348067], [126.97860104692685, 37.52879026668168], [126.9793656731969, 37.52842984218019], [126.98008225100455, 37.52801146046019], [126.98074387855166, 37.52753915168348], [126.98134418371225, 37.52701746540145], [126.9818773854108, 37.52645142670351], [126.98233834928968, 37.52584648778569], [126.98272263713028, 37.52520847540704], [126.98272826620904, 37.52519615946458], [126.98332817667897, 37.525554604240604], [126.98408773681162, 37.525921722792965], [126.9848888271382, 37.526227773298736], [126.98572373119916, 37.52646980755827], [126.98658440654211, 37.526645494013486], [126.98746256224702, 37.52675314022645], [126.98834973885478, 37.52679170919698], [126.98923738992643, 37.52676082936148], [126.99011696444394, 37.52666079817594], [126.99097998925548, 37.526492579248746], [126.99181815076763, 37.526257793050924], [126.99262337509414, 37.52595870129346], [126.9933879058861, 37.525598185123066], [126.99410437909134, 37.52517971734712], [126.99476589392044, 37.52470732895633], [126.99536607933436, 37.5241855702688], [126.99589915541213, 37.52361946707112], [126.99635998900713, 37.52301447218012], [126.99674414315652, 37.52237641289346], [126.99704791976852, 37.52171143483624], [126.9972683951786, 37.52102594274582], [126.99740344823397, 37.52032653876642], [126.99745178063897, 37.51961995884827], [126.99741292936842, 37.51891300786499], [126.99728727103297, 37.51821249407434], [126.99707601815797, 37.517525163553344], [126.9967812074151, 37.51685763523985], [126.99640567992414, 37.516216337205044], [126.99595305381712, 37.51560744477031], [126.99542768933246, 37.51503682106358], [126.99483464677739, 37.514509960586494], [126.99417963776526, 37.514031936334455], [126.99346897019848, 37.513607350977864], [126.99270948752745, 37.513240292572824], [126.99190850286992, 37.51293429522689], [126.99107372862473, 37.51269230509677], [126.9902132022555, 37.51251665204471], [126.98933520895729, 37.51240902722495], [126.98844820194796, 37.51237046681556], [126.98756072114892, 37.51240134205111], [126.98668131103476, 37.51250135565245], [126.98581843843935, 37.51266954468685], [126.98498041110652, 37.51290428983212], [126.98417529776611, 37.51320333095488], [126.98341085050185, 37.513563788854285], [126.98269443015606, 37.513982192962246], [126.98203293548674, 37.51445451473483], [126.9814327367582, 37.514976206414], [126.98089961440313, 37.515542244788286], [126.98043870334654, 37.51614717953195], [126.98005444352805, 37.51678518565878], [126.98004881465951, 37.51679750149276], [126.9794489896923, 37.51643904017148], [126.97868954821742, 37.51607189208888], [126.977888591798, 37.51576580001353], [126.97705383256178, 37.51552371101386], [126.97619330782841, 37.515347955903664], [126.97531530277757, 37.515240226819316], [126.97511889787201, 37.515231666073504], [126.97463391617428, 37.51517215623884], [126.97374688535517, 37.51513348525269], [126.9728593670821, 37.51516424971652], [126.97197990619, 37.51526415341711], [126.97111697000113, 37.51543223447942], [126.97027886687079, 37.51566687462037], [126.9694736662576, 37.51596581471726], [126.96870912108459, 37.51632617654172], [126.96799259313542, 37.51674449045062], [126.96733098220304, 37.5172167287685], [126.96673065966995, 37.51773834454107], [126.96619740715977, 37.51830431528803], [126.96573636084963, 37.51890919133526], [126.9653519619807, 37.51954714826228], [126.96504791404375, 37.52021204296133], [126.96482714705424, 37.52089747276936], [126.96469178926287, 37.521596837104745], [126.96464314657713, 37.52230340101593], [126.96464686932934, 37.52237168401505], [126.96389560767494, 37.52239766469154], [126.96373174249727, 37.52241626509134], [126.96348500164662, 37.52242479667021], [126.96260544376649, 37.52252462968891], [126.96174240356612, 37.52269264124172], [126.96090419040134, 37.5229272137146], [126.96009887478922, 37.52322608863628], [126.95933421075898, 37.523586388405896], [126.95861756123777, 37.52400464397795], [126.9579558271882, 37.52447682823887], [126.95735538117744, 37.52499839475513], [126.95682200601743, 37.52556432152111], [126.95636083906587, 37.526169159286646], [126.95597632272535, 37.52680708400042], [126.95567216161783, 37.52747195286537], [126.95545128684867, 37.528157363467834], [126.95531582770698, 37.52885671541175], [126.95526709107679, 37.52956327386547], [126.9553055487614, 37.53027023440998], [126.95543083284564, 37.53097078856435], [126.95564173914488, 37.5316581893576], [126.95593623871096, 37.53232581631527], [126.9563114972875, 37.53296723923476], [126.9564845946476, 37.533200269228836], [126.95635722554674, 37.533260270952205], [126.95564046639677, 37.533678506919564], [126.95497862756187, 37.53415067290903], [126.95437808261796, 37.534672222663374], [126.95384461532953, 37.53523813433878], [126.95366810506552, 37.5354695881041], [126.95327290455799, 37.53542103399881], [126.95294694214554, 37.53506674774907], [126.95235404410138, 37.53453967682695], [126.95169913545513, 37.53406141933409], [126.95098852314655, 37.5336365801862], [126.95022905009715, 37.533269249882224], [126.94942802933458, 37.53296296514651], [126.94859317360712, 37.53272067490146], [126.94773252116386, 37.53254471189734], [126.9468543584139, 37.532436770271], [126.94596714020598, 37.53239788924898], [126.94507940849354, 37.53242844315118], [126.94419971016478, 37.532528137790656], [126.9433365148258, 37.53269601330446], [126.94249813332458, 37.532930453387934], [126.94169263779733, 37.53322920084418], [126.94092778400378, 37.53358937929952], [126.94021093669646, 37.53400752087658], [126.93954899874072, 37.534479599559624], [126.93894834466552, 37.53500106993216], [126.9384147592849, 37.535566910914916], [126.93795338197972, 37.53617167408448], [126.9375686571774, 37.536809536108684], [126.93726429150675, 37.537474354795194], [126.93704321804312, 37.538159728214545], [126.93690756798921, 37.53885905632984], [126.93685865006832, 37.53956560454002], [126.93689693783065, 37.540272568525786], [126.93702206499886, 37.540973139774074], [126.93720753123331, 37.54157806049274], [126.93702164749854, 37.54146690628016], [126.9362621651745, 37.54109948654531], [126.93546111939094, 37.540793107256626], [126.9346262231375, 37.54055071824644], [126.93376551505378, 37.54037465321536], [126.93288728208452, 37.54026660728201], [126.93199997975425, 37.54022762067667], [126.93111215082571, 37.54025806873519], [126.93023234312233, 37.54035765828928], [126.92936902730226, 37.540525430487286], [126.92853051537227, 37.54075977001897], [126.92772488072315, 37.54105842065542], [126.92695988045276, 37.541418506955026], [126.92690348580724, 37.54145138883419], [126.92680299453026, 37.54140276219762], [126.92600198505977, 37.541096319046815], [126.92516711693118, 37.54085386339257], [126.92430642851372, 37.54067772957694], [126.9234282065632, 37.54056961338047], [126.92254090649824, 37.54053055570963], [126.92165307105986, 37.54056093258416], [126.9207732481341, 37.540660451520736], [126.91990990852536, 37.54082815434731], [126.9190713644691, 37.54106242642127], [126.91826568966489, 37.541361012162916], [126.91750064159659, 37.54172103675533], [126.91678358688526, 37.54213903380252], [126.91627324339343, 37.54250277646814], [126.91605348470237, 37.54243893730832], [126.91519280043171, 37.542262737137335], [126.91431457397815, 37.5421545531415], [126.91342726080372, 37.54211542687971]], [[126.96040518514407, 37.5464504780838], [126.96129257862538, 37.546489251891046], [126.96218047201558, 37.546458577421234], [126.96306031196033, 37.54635875015111], [126.96308767232804, 37.546353425357154], [126.96311019581708, 37.546479271352936], [126.96332121473245, 37.54716665751385], [126.96361584232386, 37.547834264572245], [126.96367412925407, 37.547933852579405], [126.9633396701123, 37.54817245620872], [126.96312585640614, 37.5483581434811], [126.96311343958699, 37.54834710970781], [126.96245834177219, 37.54786891153265], [126.9617475375188, 37.54744413662991], [126.96098787159536, 37.54707687487954], [126.96024941591068, 37.54679464750793], [126.96036203848264, 37.54644518043395], [126.96040518514407, 37.5464504780838]], [[126.98096639233391, 37.55016675411377], [126.98059083714081, 37.54952540916522], [126.98013814214815, 37.54891645900299], [126.97988942170576, 37.54864633717085], [126.97996507157427, 37.54854709517179], [126.98034949834118, 37.54790909398781], [126.98065352628356, 37.54724416282809], [126.98087422931775, 37.546558705979656], [126.98100948410074, 37.54585932524853], [126.98105799039664, 37.5451527563622], [126.98101928350846, 37.544445804089065], [126.98089373865966, 37.543745276700115], [126.98068256728601, 37.543057920403996], [126.98038780527784, 37.54239035438719], [126.98019392770898, 37.54205922704255], [126.98020118084335, 37.54203669937249], [126.98033643323689, 37.54133731886349], [126.98037300102527, 37.540804685911226], [126.98060169464416, 37.54064145976865], [126.98088362087748, 37.54039650221782], [126.98139217838357, 37.54070031544936], [126.98215188163148, 37.54106744658883], [126.98295312519288, 37.54137351059063], [126.98378819113142, 37.5416155591247], [126.98464903543446, 37.54179126049502], [126.98552736555332, 37.54189892211965], [126.98641472034748, 37.54193750684978], [126.98730255166012, 37.5419066429698], [126.98818230673552, 37.541806627782044], [126.98904551068121, 37.54163842474085], [126.98988384817685, 37.54140365416441], [126.9906782756044, 37.54110865055062], [126.99077931052166, 37.54114723593873], [126.9916143998877, 37.54138922930309], [126.99247526062089, 37.541564873740654], [126.99305401114492, 37.54163577599568], [126.99308248152767, 37.54172839587046], [126.99337735455947, 37.54239593108349], [126.9937529847126, 37.543037236676724], [126.99420575606324, 37.54364613579675], [126.99473130937972, 37.54421676357208], [126.99532458405808, 37.54474362362749], [126.99597986682907, 37.54522164105228], [126.9966908467689, 37.54564621131142], [126.99745067608423, 37.54601324462685], [126.99810357404469, 37.546262522908684], [126.99803825931944, 37.54646553348421], [126.99790316225332, 37.547164934799845], [126.99785481335935, 37.54787151151361], [126.99789368070941, 37.54857845902838], [126.99801939244492, 37.54927896898625], [126.99823074026374, 37.54996629483937], [126.99852569096569, 37.550633816832615], [126.99890140594891, 37.551275105771985], [126.99935426847291, 37.551883984964], [126.99987991842801, 37.552454589728754], [127.00047329427937, 37.55298142391223], [127.00070078709783, 37.55314734067594], [127.00011000568196, 37.55349231457813], [126.99944826779844, 37.553964729013785], [126.99884786947773, 37.5544865043022], [126.99849769835711, 37.55485823795656], [126.99820485608544, 37.554746444508396], [126.99736959634018, 37.554504497066674], [126.99650857523211, 37.55432888753341], [126.99563008271612, 37.55422130664334], [126.99474257681284, 37.55418279015132], [126.99433954333557, 37.554196824355586], [126.99415674340905, 37.55418888964146], [126.99326876857558, 37.554219803951064], [126.99238887375958, 37.55431985580917], [126.99152553045813, 37.55448808191539], [126.99068705094398, 37.55472286259142], [126.99053788681542, 37.55477824353225], [126.9900541819654, 37.55454458070821], [126.9892527684347, 37.55423856432189], [126.98841754401445, 37.553996553782504], [126.98755655050009, 37.55382087914779], [126.98667807758125, 37.553713231779064], [126.98579058309014, 37.5536746480709], [126.98490261163788, 37.55370549948204], [126.9848697333134, 37.553709235813066], [126.98454634609624, 37.553473302278064], [126.9838353620621, 37.553048659412404], [126.98307552951303, 37.55268153888159], [126.98227416493499, 37.552375475390015], [126.98158987475193, 37.552177148707756], [126.98147238712231, 37.55152167263672], [126.9812611893249, 37.550834318075744], [126.98096639233391, 37.55016675411377]], [[127.01014575570755, 37.53666707793174], [127.01089779362526, 37.53658142782428], [127.01087219012541, 37.53661504653277], [127.01037962935945, 37.53704331324525], [127.01024935800245, 37.537181675490544], [127.01014597867258, 37.5369477642767], [127.00998480782924, 37.536672705170474], [127.01014575570755, 37.53666707793174]], [[127.06726144611648, 37.58992426741298], [127.06722550920979, 37.58991388644166], [127.06723828404394, 37.589724747243494], [127.06719874360027, 37.589017823131115], [127.06707232018121, 37.58831738695644], [127.06686023368655, 37.587630184044606], [127.06656452882079, 37.58696283209986], [127.06618805531694, 37.586321757490275], [127.06573444041808, 37.585713133381134], [127.0652080538834, 37.585142820312214], [127.06461396585922, 37.58461630978997], [127.06395789802153, 37.584138671436726], [127.06324616846237, 37.5837145042043], [127.06248563085082, 37.58334789212079], [127.06168360845446, 37.58304236499503], [127.06084782365545, 37.58280086445579], [127.05998632363873, 37.58262571565167], [127.05910740296532, 37.58251860488303], [127.05821952377408, 37.58248056338026], [127.05747120409526, 37.58250701100745], [127.05763756690533, 37.58198881953569], [127.05777217247014, 37.581289350745294], [127.05781998054952, 37.58058274993012], [127.05778053317596, 37.57987582216196], [127.05765421270776, 37.57917537547135], [127.05744223805246, 37.578488155285314], [127.05714665283686, 37.577820779475104], [127.05677030564145, 37.57717967463922], [127.05631682249276, 37.57657101423464], [127.05579057188154, 37.576000659151205], [127.05519662264554, 37.57547410130048], [127.05454069512493, 37.574996410760946], [127.0538703426051, 37.57459677097777], [127.0540448428232, 37.574444986546546], [127.05446266100716, 37.57400101294234], [127.05517970256754, 37.57386092794007], [127.05601819958969, 37.57362569005731], [127.05682368363303, 37.57332616453452], [127.0575883958485, 37.5729652366994], [127.05830497043934, 37.57254638332708], [127.05896650564394, 37.572073639124426], [127.05956663023254, 37.57155155783827], [127.06009956487664, 37.570985168363364], [127.06056017779927, 37.57037992627413], [127.06094403417099, 37.5697416612487], [127.06124743877622, 37.56907652089258], [127.06140421452446, 37.56858801807465], [127.0617811966103, 37.5686646712384], [127.0626599586881, 37.568771761349645], [127.06354767778178, 37.568809768533114], [127.06443580222201, 37.56877832663954], [127.06531577642743, 37.568677738542156], [127.06617912339416, 37.56850897321724], [127.06701752642502, 37.56827365640228], [127.06782290930835, 37.56797405492265], [127.0685875141705, 37.5676130548378], [127.06930397624988, 37.567194133618806], [127.06996539486963, 37.56672132662594], [127.07056539992386, 37.56619918821063], [127.07109821323633, 37.56563274781754], [127.07155870419935, 37.56502746151113], [127.07194243915863, 37.56438915939493], [127.07224572406837, 37.56372398943111], [127.07246564000793, 37.56303835820295], [127.07260007122059, 37.562338869191635], [127.0726368648463, 37.561793299394495], [127.07296946259113, 37.5620881044934], [127.07362539642288, 37.56256569371101], [127.0743369853766, 37.562989799009216], [127.07509737578603, 37.5633563350884], [127.07584491093077, 37.56364107578289], [127.07571365617422, 37.563928982380965], [127.0754937672474, 37.56461461972196], [127.07535935876487, 37.56531411189913], [127.0753117275, 37.56602072272429], [127.07535133461651, 37.56672764726752], [127.07547780113309, 37.5674280773878], [127.07568991147866, 37.56811526730182], [127.07598562510806, 37.568782598559444], [127.07636209606903, 37.56942364379975], [127.0768157003363, 37.570032228672986], [127.0773420706513, 37.57060249133101], [127.07793613853524, 37.57112893891255], [127.07829901575876, 37.57139309324132], [127.07818531517756, 37.57164248851154], [127.0779654255083, 37.57232812956048], [127.07783102556006, 37.5730276236942], [127.07778341202506, 37.5737342347056], [127.07782304589719, 37.57444115766287], [127.07794954793837, 37.575141584440104], [127.07816170223629, 37.57582876928595], [127.07845746782314, 37.57649609379886], [127.07883399824698, 37.57713713068261], [127.07928766891023, 37.57774570566757], [127.07981411191513, 37.57831595700056], [127.08001166704074, 37.57849099911876], [127.07984870491173, 37.578848431180134], [127.0796288086436, 37.57953407445485], [127.07949441064169, 37.58023356964444], [127.07944680758034, 37.580940180531684], [127.07948646035352, 37.58164710218587], [127.07961298954193, 37.582347526493535], [127.07982517897267, 37.583034707726945], [127.08012098734025, 37.58370202751913], [127.08043345499266, 37.58423392398647], [127.07998832345098, 37.58470712649428], [127.07952777767643, 37.585312443345245], [127.0791439981327, 37.58595076759851], [127.07884068235977, 37.58661595260659], [127.07862075333526, 37.587301592907245], [127.07849520774651, 37.58795489564325], [127.0778741887951, 37.58782874641921], [127.07699518009622, 37.58772176840998], [127.07610722872029, 37.58768386105919], [127.07521888367339, 37.587715389316706], [127.07433869774486, 37.587816049619505], [127.0734751452336, 37.58798487281227], [127.07263654042721, 37.58822023347107], [127.071830957615, 37.588519865540334], [127.07106615340258, 37.58888088413322], [127.0703494920728, 37.5892998132866], [127.0696878747098, 37.589772619403995], [127.06908767276694, 37.59029475006611], [127.06881022386445, 37.590589597568396], [127.06806356525162, 37.59022975688351], [127.06726144611648, 37.58992426741298]], [[127.06936814537355, 37.556046312230684], [127.0686566505241, 37.55562217706878], [127.0678963702963, 37.55525559971039], [127.06709462548001, 37.55495010963093], [127.0662591357859, 37.55470864810335], [127.06539794555917, 37.554533539901435], [127.06451934638015, 37.554426470935226], [127.06363179729468, 37.55438847203316], [127.06274384343867, 37.55441990902624], [127.06186403383805, 37.55452047922956], [127.06100083917107, 37.55468921435453], [127.06016257028209, 37.554924489824195], [127.05935729822778, 37.55522404040209], [127.05859277662266, 37.55558498198487], [127.05787636702884, 37.55600383934966], [127.05721496810621, 37.55647657959007], [127.056800565314, 37.55683714904047], [127.05663969376842, 37.55671996738547], [127.05592826546402, 37.55629575598549], [127.05516804160033, 37.555929097059455], [127.05436634242551, 37.55562352086796], [127.05353088721161, 37.55538196951278], [127.05266971997243, 37.555206768632274], [127.05266345225091, 37.555206004166536], [127.05264156654428, 37.55481319977456], [127.05251533419398, 37.55411274519339], [127.0523034755199, 37.553425513623274], [127.05222419484659, 37.55324642357477], [127.05274789868555, 37.5529402617858], [127.0534092940942, 37.552467546266534], [127.05400929854723, 37.551945490737644], [127.05437183988856, 37.551560135713295], [127.05459603710104, 37.551605747116184], [127.05547458826756, 37.55171288967444], [127.05636210087923, 37.55175094968404], [127.05725002525742, 37.551719560486625], [127.05812980774945, 37.5516190244475], [127.05899297319958, 37.55145031004098], [127.05983120666023, 37.55121504251362], [127.06063643355398, 37.55091548821538], [127.0614008975103, 37.55055453275064], [127.06211723512493, 37.55013565316002], [127.06277854691966, 37.54966288440222], [127.06337846381696, 37.54914078045979], [127.06391120848865, 37.548574370444825], [127.06437165098691, 37.547969110128804], [127.06475535812262, 37.54733082936457], [127.06499934759921, 37.54679570930507], [127.06563712717856, 37.547038764290974], [127.06559903098265, 37.54723693744265], [127.06555132077044, 37.5479435459914], [127.06559082775294, 37.54865047533975], [127.06571717391104, 37.54935091730099], [127.065929144831, 37.55003812597847], [127.06622470130881, 37.55070548274214], [127.06660099890459, 37.5513465599863], [127.06705441526194, 37.55195518305376], [127.06758058493175, 37.5525254897294], [127.06817444136777, 37.55305198672881], [127.06883026569126, 37.55352960263698], [127.06954174175586, 37.55395373678576], [127.07030201698315, 37.554320303597954], [127.07090229071319, 37.55454900944981], [127.07074771922632, 37.55488804803298], [127.07052781225688, 37.5555736770581], [127.07039337446453, 37.556273164466624], [127.07035656759354, 37.55681873399033], [127.07002400343546, 37.556523921475836], [127.06936814537355, 37.556046312230684]], [[127.0832856842922, 37.545914272270124], [127.08298999380881, 37.545246956864375], [127.08261358551496, 37.5446059305241], [127.08216008602115, 37.54399736595023], [127.08163386397138, 37.54342712311008], [127.08146973093623, 37.54328163149968], [127.08192071952263, 37.543499045328936], [127.08272240360927, 37.543804434953216], [127.08355782615241, 37.54404578001875], [127.08441893969872, 37.54422075560858], [127.0852974491015, 37.544327676135275], [127.08618489149048, 37.54436551159248], [127.08707271786388, 37.54433389748609], [127.08795237551402, 37.54423313834904], [127.08881539048909, 37.54406420480575], [127.08965344929287, 37.54382872421454], [127.0904584790324, 37.54352896497843], [127.09122272523868, 37.54316781467632], [127.09193882660747, 37.54274875222584], [127.09259988593878, 37.542275814346965], [127.09266348966823, 37.542220420025906], [127.0929510766392, 37.54227883536888], [127.0938295760542, 37.54238569239068], [127.09471700033762, 37.542423463627465], [127.09532735507656, 37.542401685716456], [127.09528447749902, 37.54247307583197], [127.09498148467515, 37.54313830908313], [127.09476183479103, 37.54382398612035], [127.09462764534759, 37.54452350397507], [127.09458021100696, 37.54523012621057], [127.09461637751446, 37.54587283328302], [127.09400293297188, 37.54557720096699], [127.09320118323984, 37.54527188763867], [127.09236571532773, 37.54503061058638], [127.0915045733702, 37.54485569280862], [127.09062604848253, 37.54474881838302], [127.08973859899545, 37.54471101626594], [127.08885076908666, 37.54474265039479], [127.08797110658968, 37.54484341618752], [127.08710808076798, 37.545012343473225], [127.086270000842, 37.54524780582547], [127.08546493605115, 37.54554753620894], [127.08470063801654, 37.54590864878936], [127.08398446615, 37.54632766669744], [127.08350969213303, 37.54666725104209], [127.08349780737554, 37.54660145072497], [127.0832856842922, 37.545914272270124]], [[127.0309358319823, 37.59787412172077], [127.0302241619295, 37.59744975672592], [127.02946364946163, 37.59708293286354], [127.0286616176062, 37.59677718198072], [127.02782578883793, 37.5965354478596], [127.02696421076598, 37.596360057896604], [127.02608517870323, 37.596252700712675], [127.02519715586067, 37.59621440990948], [127.0250318575363, 37.59622020478605], [127.02533313324051, 37.595719918409415], [127.02563696160266, 37.5950548753456], [127.02585739922645, 37.59436933805616], [127.02599232533214, 37.5936699091204], [127.02603610969358, 37.59302695588259], [127.0266200108259, 37.59319584741109], [127.02748155166032, 37.59337123972776], [127.02807464148577, 37.5934436707004], [127.02828171326983, 37.59379662261287], [127.0287350700366, 37.594405388123036], [127.02926124104374, 37.5949758615397], [127.02985515973732, 37.5955025479719], [127.03051110664323, 37.59598037417902], [127.03122276443786, 37.59640473746596], [127.03198327879477, 37.59677155004675], [127.03278532442157, 37.59707727844816], [127.03362117564964, 37.597318977572314], [127.033983115497, 37.59739263523363], [127.03380292619096, 37.59758395658851], [127.033341927767, 37.59818908893104], [127.03295768802029, 37.598827258590774], [127.0326863578598, 37.59942128074906], [127.03218576835036, 37.59887861661042], [127.03159180652146, 37.59835194191642], [127.0309358319823, 37.59787412172077]], [[127.04464949635914, 37.59322121359871], [127.04495314294135, 37.59255611932877], [127.04517339613282, 37.59187054445712], [127.0453081369307, 37.591171091924004], [127.04535607005612, 37.590464498145465], [127.0453167363383, 37.58975756812623], [127.04519051704234, 37.58905710991918], [127.04497863010292, 37.58836986906285], [127.04468311830371, 37.58770246362801], [127.04445934335905, 37.58732118408052], [127.04478592484233, 37.58744564642388], [127.04562170836678, 37.58768726050394], [127.04648323186856, 37.58786251415956], [127.04736219625013, 37.58796971912281], [127.04825013425547, 37.58800784264558], [127.04913849210487, 37.58797651745725], [127.04939568208536, 37.58794716137393], [127.04929813873716, 37.588250856565665], [127.04916344077817, 37.58895031427575], [127.04915399622476, 37.58908964808784], [127.04914262722554, 37.58914868408743], [127.04909473085473, 37.589855279798726], [127.04913410036255, 37.59056220877928], [127.04926035905903, 37.59126266284671], [127.04947229337809, 37.59194989598822], [127.04976786447347, 37.592617289338314], [127.05014422776952, 37.593258414938745], [127.05059776028158, 37.59386709766609], [127.0511240954458, 37.594437474729844], [127.05171816512522, 37.59496405216657], [127.0523742483896, 37.59544175778524], [127.05308602659994, 37.595865990052225], [127.05384664426822, 37.59623266244369], [127.05464877510519, 37.596538242837084], [127.0546933609628, 37.596551126448404], [127.05473213203754, 37.59724632110943], [127.05485845392774, 37.59794676880399], [127.05507045816944, 37.59863399156635], [127.0553661052435, 37.59930137063054], [127.05574254984283, 37.599942478175514], [127.05619616819993, 37.600551139251365], [127.05672259292406, 37.60112149127571], [127.05731675501558, 37.60164804052597], [127.0579729326537, 37.60212571508229], [127.05842569502164, 37.60239551286007], [127.05844012446717, 37.602653996278676], [127.05856648979676, 37.60335443964149], [127.05863157300651, 37.603565360703016], [127.05826389357533, 37.603490622834585], [127.0573847303698, 37.60338349807635], [127.05715630081178, 37.603373710589175], [127.05712908353236, 37.603327362282194], [127.05667544090856, 37.60271870492273], [127.05614900541427, 37.602148352772986], [127.05555484766877, 37.60162179771541], [127.05489869002064, 37.601144109800636], [127.05418685142754, 37.60071988845719], [127.05342618660886, 37.60035321823355], [127.05262402005707, 37.600047629497716], [127.05178807554202, 37.59980606447099], [127.05092640178577, 37.599630848922295], [127.05004729502124, 37.59952366979402], [127.04998130672281, 37.59952083820822], [127.04970293155623, 37.598892335107145], [127.04932654417672, 37.59825120855215], [127.04887299582442, 37.59764252128663], [127.04834665561984, 37.59707213445866], [127.04775259326505, 37.59654554028495], [127.04709653019069, 37.596067809193094], [127.04638478444436, 37.59564354102756], [127.04562420985225, 37.59527682078782], [127.04482213003885, 37.59497117932346], [127.04398626793964, 37.59472955936353], [127.04362433078488, 37.59465593236536], [127.04380448796117, 37.59446459570931], [127.04426537878892, 37.5938594214108], [127.04464949635914, 37.59322121359871]]], [[[126.92461222666016, 37.63085204786722], [126.92390085687806, 37.63042704632132], [126.92314054142719, 37.63005954076308], [126.92233860144495, 37.6297530696009], [126.92150275852687, 37.62951058354902], [126.92064106042203, 37.62933441724004], [126.91976180360072, 37.629226266765805], [126.91887345343783, 37.629187173361714], [126.91798456277667, 37.62921751339114], [126.9171036896548, 37.62931699472561], [126.91623931498016, 37.62948465955593], [126.91539976094668, 37.62971889360662], [126.91459311097178, 37.63001744166598], [126.91382713192354, 37.630377429282206], [126.91310919938327, 37.63079539041806], [126.91244622666149, 37.631267300798335], [126.91184459824868, 37.63178861663061], [126.91131010834052, 37.63235431832737], [126.91084790502967, 37.63295895881033], [126.9104624407015, 37.63359671593258], [126.91015742911209, 37.6342614485156], [126.90993580956462, 37.63494675546253], [126.90979971852994, 37.63564603737962], [126.9097504689886, 37.63635256011317], [126.90978853769597, 37.637059519591105], [126.90991356049624, 37.63776010734503], [126.91012433573485, 37.63844757608174], [126.9104188357394, 37.63911530467298], [126.9107942262623, 37.63975686193706], [126.91124689370122, 37.640366068597196], [126.91177247983799, 37.64093705681946], [126.9123659237639, 37.64146432675543], [126.91302151058908, 37.64194279954424], [126.9137329264686, 37.642367866261665], [126.9144933194153, 37.64273543234394], [126.91529536531358, 37.643041957056745], [126.91613133849765, 37.64328448762796], [126.91699318621241, 37.643460687714075], [126.91787260623808, 37.64356885992526], [126.91876112692798, 37.643607962190735], [126.91965018888551, 37.64357761780663], [126.92053122749027, 37.643478119068725], [126.92139575547493, 37.64331042445507], [126.92223544475397, 37.64307614938566], [126.92304220671248, 37.64277755064854], [126.923808270179, 37.64241750464301], [126.92452625632801, 37.6419994796502], [126.92518924978886, 37.64152750239928], [126.92579086527408, 37.64100611925252], [126.92632530908482, 37.640440352384225], [126.92678743489982, 37.63983565137724], [126.92717279331197, 37.639197840704355], [126.92747767463533, 37.63853306360203], [126.92769914457293, 37.63784772287795], [126.92783507240324, 37.63714841922392], [126.92788415141759, 37.63644188762899], [126.92784591141387, 37.63573493250571], [126.92772072313069, 37.63503436215522], [126.92750979458204, 37.63434692320186], [126.92721515933196, 37.63367923562934], [126.92683965682545, 37.633037729043025], [126.92638690496827, 37.63242858077218], [126.92586126522272, 37.63185765640689], [126.92526780055776, 37.631330453341526], [126.92461222666016, 37.63085204786722]]], [[[126.96929113349371, 37.237551696556494], [126.96858319317165, 37.237126962823886], [126.96782660017541, 37.23675974972876], [126.96702863981103, 37.23645359287629], [126.96619699537432, 37.236211439966], [126.96533967421409, 37.23603562243292], [126.96446493068781, 37.23592783301881], [126.96358118674878, 37.23588910948842], [126.96269695092663, 37.23591982464691], [126.96182073647809, 37.236019682754545], [126.9609609794924, 37.23618772237208], [126.96012595773695, 37.23642232561054], [126.95932371102087, 37.236721233696116], [126.95856196384048, 37.23708156870084], [126.95784805104886, 37.23749986123108], [126.95718884726288, 37.237972083807804], [126.95659070068587, 37.23849368961854], [126.95605937198198, 37.239059656269276], [126.95559997879097, 37.23966453411614], [126.95521694641722, 37.24030249871293], [126.95491396516981, 37.24096740687076], [126.95469395476498, 37.24165285579114], [126.95455903613728, 37.24235224470417], [126.95451051093241, 37.24305883841924], [126.9545488488831, 37.24376583217668], [126.95467368319288, 37.244466417176646], [126.95488381397546, 37.24515384615387], [126.95517721972054, 37.245821498367164], [126.9555510766788, 37.246462943377], [126.95600178598292, 37.24707200299659], [126.95652500824569, 37.24764281081891], [126.95711570530499, 37.24816986874528], [126.95776818871502, 37.24864809996994], [126.958476174518, 37.249072897909], [126.95923284376907, 37.24944017060108], [126.96003090823183, 37.24974638015073], [126.96086268060996, 37.249988576833296], [126.96172014863795, 37.25016442753159], [126.9625950523143, 37.25027223822937], [126.96347896353123, 37.250310970343946], [126.9643633673307, 37.250280250740246], [126.96523974400074, 37.25018037532887], [126.96609965121797, 37.25001230621403], [126.96693480544174, 37.249777662418225], [126.96773716177222, 37.24947870427394], [126.96849899150068, 37.2491183116328], [126.96921295660172, 37.24869995610338], [126.96987218044828, 37.248227667585795], [126.97047031406615, 37.247705995426514], [126.97100159728912, 37.247139964569314], [126.97146091422529, 37.246535027125496], [126.97184384250066, 37.24589700983153], [126.97214669580667, 37.24523205790143], [126.97236655934373, 37.244546575815846], [126.97250131782134, 37.243847165619144], [126.97254967574833, 37.2431405633199], [126.97251116982032, 37.24243357400765], [126.97238617328907, 37.24173300631144], [126.97217589227493, 37.24104560683152], [126.97188235406153, 37.24037799517554], [126.97150838748885, 37.23973660022445], [126.9710575956367, 37.23912759824127], [126.97053432106449, 37.2385568534181], [126.9699436039446, 37.23802986143263], [126.96929113349371, 37.237551696556494]]], [[[126.97688108069715, 37.294766062329806], [126.9761725652499, 37.29434137362933], [126.9754153655305, 37.29397420788109], [126.97461677268423, 37.2936681002327], [126.97378447609326, 37.29342599790853], [126.97292648938127, 37.293250231855524], [126.97205107330905, 37.29314249431903], [126.97116665630004, 37.29310382256397], [126.97028175335912, 37.29313458889717], [126.96940488416087, 37.293234497086566], [126.96854449109378, 37.29340258521159], [126.96770885804527, 37.29363723491743], [126.9669060307066, 37.293936186984325], [126.96614373916194, 37.294296563062545], [126.96542932350422, 37.29471489336485], [126.96476966319177, 37.29518715005047], [126.96417111082438, 37.29570878598048], [126.96363943097559, 37.296274778472736], [126.96317974466933, 37.29687967763631], [126.96279648003677, 37.29751765882127], [126.96249332962844, 37.298182578680276], [126.96227321479553, 37.2988680343031], [126.96213825748453, 37.299567424855894], [126.96208975972048, 37.30027401513241], [126.96212819097877, 37.30098100040596], [126.96225318357108, 37.301681571957744], [126.96246353609318, 37.30236898265109], [126.96275722490506, 37.303036611919566], [126.96313142353632, 37.30367802954306], [126.9635825298329, 37.30428705759672], [126.96410620058712, 37.30485782997555], [126.96469739331903, 37.30538484892021], [126.96535041480934, 37.305863037998336], [126.96605897591692, 37.30628779102995], [126.96681625215386, 37.30665501648437], [126.96761494943435, 37.3069611769195], [126.96844737436287, 37.3072033230824], [126.9693055083838, 37.307379122341445], [126.97018108507538, 37.30748688117517], [126.9710656698416, 37.307525561500256], [126.97195074123083, 37.30749479068049], [126.97282777309506, 37.30739486512037], [126.97368831679466, 37.30722674740802], [126.9745240826535, 37.30699205703525], [126.97532701987647, 37.30669305478468], [126.97608939415662, 37.30633262093452], [126.97680386222153, 37.30591422749217], [126.97746354259893, 37.305441904724844], [126.97806208191787, 37.304920202310946], [126.97859371610633, 37.30435414548753], [126.97905332589504, 37.30374918661779], [126.9794364860934, 37.30311115264608], [126.97973950816417, 37.30244618894835], [126.97995947568816, 37.30176070011951], [126.9800942723798, 37.30106128826947], [126.98014260238662, 37.30035468942294], [126.98010400268005, 37.29964770863596], [126.97997884742175, 37.298947154454886], [126.97976834426714, 37.29825977334886], [126.97947452264495, 37.297592184747295], [126.97910021412939, 37.2969508173075], [126.97864902509731, 37.29634184702578], [126.97812530193589, 37.29577113778698], [126.97753408913903, 37.29524418492402], [126.97688108069715, 37.294766062329806]]], [[[126.94912660653905, 37.3671105525195], [126.94841757475628, 37.36668569862993], [126.94765979030873, 37.36631835502044], [126.94686054997143, 37.36601205854861], [126.94602754935887, 37.365769758254395], [126.94516880886998, 37.36559378698842], [126.94429259651844, 37.365485838969796], [126.94340734838893, 37.36544695348828], [126.94252158748205, 37.36547750490721], [126.94164384172619, 37.36557719906289], [126.9407825619425, 37.365745076095266], [126.93994604054895, 37.36597951968223], [126.93914233178361, 37.3662782725894], [126.93837917421165, 37.366638458386035], [126.93766391625965, 37.367056609118855], [126.93700344549254, 37.36752869867835], [126.93640412231156, 37.36805018153748], [126.93587171871167, 37.36861603649088], [126.93541136268678, 37.369220814975044], [126.93502748881929, 37.369858693505215], [126.93472379553043, 37.37052352972555], [126.93450320940447, 37.37120892153419], [126.9343678569331, 37.37190826871438], [126.93431904395432, 37.37261483647983], [126.93435724298766, 37.37332182032245], [126.93448208859006, 37.37402241153857], [126.93469238078204, 37.374709862802895], [126.93498609651357, 37.37537755315852], [126.93536040906345, 37.37601905179663], [126.93581171518825, 37.37662818001126], [126.93633566976236, 37.377199070731365], [126.9369272275777, 37.37772622505593], [126.9375806919027, 37.37820456524649], [126.93828976933342, 37.37862948366515], [126.93904763040972, 37.37899688718561], [126.93984697541181, 37.37930323664793], [126.94068010470295, 37.3795455809758], [126.94153899293921, 37.37972158562637], [126.94241536642903, 37.379829555097594], [126.94330078289528, 37.379868449275264], [126.94418671286826, 37.379837893461946], [126.9450646219225, 37.37973818199011], [126.94592605296137, 37.379570275385326], [126.94676270775422, 37.37933579110612], [126.94756652693653, 37.37903698795066], [126.94832976769992, 37.37867674428071], [126.94904507842075, 37.37825853027359], [126.94970556950625, 37.37778637447039], [126.9503048797743, 37.37726482494387], [126.95083723772625, 37.37669890546138], [126.9512975171224, 37.37609406706626], [126.95168128632508, 37.375456135545605], [126.95198485093535, 37.374791255291605], [126.95220528931395, 37.374105830098365], [126.95234048064705, 37.373406461465585], [126.95238912528909, 37.37269988500394], [126.95235075718969, 37.37199290555574], [126.95222574828891, 37.371292331655766], [126.95201530484177, 37.37060490996386], [126.95172145571092, 37.369937260300475], [126.95134703274404, 37.369295811910646], [126.95089564342783, 37.368686741569334], [126.9503716360849, 37.368115914123536], [126.94978005795117, 37.36758882604267], [126.94912660653905, 37.3671105525195]]], [[[126.9550141807367, 37.38342816308341], [126.95421472917194, 37.38312191551373], [126.95338151570506, 37.38287966602081], [126.95252256278283, 37.382703746966016], [126.95164614046267, 37.382595852065684], [126.95076068684918, 37.382557020098254], [126.94987472691975, 37.38258762491195], [126.94899679051744, 37.38268737182943], [126.94813533029767, 37.382855300482994], [126.9472986404146, 37.38308979405406], [126.94649477672779, 37.38338859482758], [126.94573147929349, 37.38374882591256], [126.94501609788493, 37.38416701892027], [126.94435552125603, 37.38463914733479], [126.94375611082802, 37.3851606652555], [126.9432236394369, 37.38572655113993], [126.94276323573071, 37.38633135612718], [126.94237933475267, 37.386969256477556], [126.94207563518692, 37.38763410962535], [126.94185506368018, 37.38831951330568], [126.94171974658546, 37.38901886718744], [126.94167098940235, 37.389725436419575], [126.94170926411508, 37.3904324164795], [126.94183420455383, 37.39113299869953], [126.94204460982753, 37.39182043584048], [126.94233845579865, 37.392488107080766], [126.94271291449289, 37.393129581795], [126.94316438126012, 37.39373868150689], [126.94368850942811, 37.39430953941915], [126.94428025211694, 37.394836656946055], [126.9449339108141, 37.395314956702855], [126.94564319024288, 37.395739831440494], [126.94640125899652, 37.39610718845291], [126.94720081535365, 37.39641348902769], [126.94803415764022, 37.39665578255914], [126.948893258459, 37.39683173499354], [126.94976984206895, 37.39693965133176], [126.95065546416726, 37.39697849197155], [126.95154159330171, 37.39694788273136], [126.9524196931268, 37.39684811845871], [126.95328130470688, 37.3966801601882], [126.95411812807107, 37.39644562587659], [126.95492210223027, 37.396146774804556], [126.95493761696972, 37.396139452473356], [126.95497348730588, 37.39625657097172], [126.95526746519079, 37.39692421063275], [126.95564205618379, 37.39756564497355], [126.9560936543601, 37.39817469590606], [126.95661791178108, 37.398745497102304], [126.957209780321, 37.39927255052238], [126.95786356025414, 37.39975077939871], [126.958572955135, 37.40017557716476], [126.95933113244358, 37.40054285185573], [126.96013078941168, 37.40084906555229], [126.96096422339507, 37.401091268485715], [126.96182340611213, 37.401267127475236], [126.9627000610321, 37.40137494842223], [126.96358574316449, 37.401413692643764], [126.96447192047826, 37.40138298688753], [126.96535005616343, 37.4012831269313], [126.96621169093889, 37.401115074731884], [126.96704852461043, 37.40088044915132], [126.9677215603039, 37.40063019642929], [126.96769310541826, 37.40077750169055], [126.96764458295675, 37.4014840820771], [126.96768310637316, 37.40219105427995], [126.96780830710372, 37.40289160970559], [126.96801898175134, 37.40357900137137], [126.96831310358439, 37.40424660889217], [126.96868784197139, 37.404888002254886], [126.96913958956769, 37.40549700376538], [126.96966399699497, 37.4060677475711], [126.97025601468194, 37.40659473618435], [126.97090994146538, 37.40707289346136], [126.97161947948419, 37.407497613524924], [126.97237779483848, 37.40786480515853], [126.973177583429, 37.408170931242815], [126.9740111413424, 37.40841304285309], [126.97487043910212, 37.408588807688496], [126.97574719906804, 37.40869653255764], [126.97663297523677, 37.40873517970349], [126.9775192346707, 37.408704376809354], [126.97839743976813, 37.40860442058921], [126.97925913057901, 37.40843627392774], [126.9800960063693, 37.40820155659748], [126.98090000564537, 37.407902529643096], [126.98166338386469, 37.407542073583635], [126.9823787880809, 37.407123660643606], [126.98303932780281, 37.40665132128151], [126.98363864138274, 37.40612960533906], [126.98417095729361, 37.40556353818713], [126.98463114970464, 37.40495857229165], [126.98501478782036, 37.404320534667676], [126.98531817850889, 37.40365557072883], [126.9855384018107, 37.40297008507441], [126.98567333898788, 37.40227067978519], [126.98572169284675, 37.40156409082342], [126.98568300014126, 37.400857123150054], [126.98555763594076, 37.40015658518454], [126.98534680992452, 37.399469223238555], [126.98505255464111, 37.398801656555065], [126.98467770585046, 37.398160313577854], [126.98422587513993, 37.39755137006474], [126.98370141508194, 37.39698068963952], [126.9831093772703, 37.39645376735417], [126.9824554636416, 37.395975676803545], [126.9817459715514, 37.39555102130059], [126.9809877331347, 37.395183889580736], [126.98018804953395, 37.39487781646096], [126.97935462062784, 37.39463574883053], [126.97849547093529, 37.3944600173002], [126.97761887240621, 37.39435231378143], [126.97673326484014, 37.39431367521081], [126.97584717469533, 37.39434447357545], [126.97496913306779, 37.39444441233548], [126.97410759362555, 37.394612529277175], [126.97327085128563, 37.3948472057701], [126.97259788560953, 37.39509749086279], [126.9726263286278, 37.39495018418972], [126.97267479939077, 37.39424360058799], [126.97263623223179, 37.39353662873423], [126.97251100101047, 37.39283607708887], [126.97230031412481, 37.39214869209613], [126.97200620278339, 37.39148109322168], [126.9716315013599, 37.39083970922005], [126.97117982002287, 37.39023071624483], [126.97065550990686, 37.38965997839671], [126.97006362116257, 37.389132991281166], [126.96940985429217, 37.38865482911775], [126.96870050523917, 37.388230095909236], [126.96794240476245, 37.38786288113951], [126.96714285267757, 37.38755672042518], [126.96630954759821, 37.38731456149889], [126.96545051285221, 37.3871387358502], [126.96457401928392, 37.38703093629652], [126.96368850568322, 37.38699220069862], [126.9628024976045, 37.3870229019774], [126.96192452535416, 37.38712274452718], [126.9610630419326, 37.38729076706006], [126.96022634171759, 37.38752535185404], [126.95942248066847, 37.387824240316206], [126.9594069680817, 37.38783156326306], [126.95937109468343, 37.387714445920395], [126.9590771152312, 37.387046815420646], [126.95870254606463, 37.386405391004914], [126.95825099607916, 37.38579634921656], [126.95772681514518, 37.385225554626885], [126.95713505217034, 37.38469850338815], [126.95648140644671, 37.38422027033771], [126.95577217275243, 37.38379546016112], [126.9550141807367, 37.38342816308341]]], [[[126.98656059070392, 37.24435420442424], [126.9858524890753, 37.243929573204106], [126.98509574337831, 37.243562469714284], [126.98429764038772, 37.243256428504644], [126.98346586477112, 37.24301439616143], [126.98260842513899, 37.242838702959126], [126.98173357698822, 37.24273104044283], [126.98084974327837, 37.242692445156024], [126.97996543340268, 37.24272328866984], [126.97908916133034, 37.24282327400929], [126.97822936370521, 37.24299143851085], [126.97739431868612, 37.24322616308382], [126.9765920663066, 37.24352518778674], [126.97583033111827, 37.24388563356939], [126.97511644785978, 37.24430402997194], [126.97445729086486, 37.24477634851555], [126.97385920788776, 37.24529804146386], [126.97332795898188, 37.24586408558384], [126.97286866102031, 37.2464690304855], [126.97248573839215, 37.247107051076654], [126.97218288035133, 37.24777200362871], [126.97196300542927, 37.24845748491507], [126.97182823325727, 37.24915689385342], [126.97177986407182, 37.249863495059415], [126.97181836610416, 37.25057048370034], [126.97194337097825, 37.25127105102461], [126.97215367716554, 37.25195844993625], [126.97244726146643, 37.252626059982596], [126.97282129841165, 37.25326745112933], [126.97327218739973, 37.25387644570759], [126.97379558731197, 37.254447177936065], [126.9743864582741, 37.25497415044357], [126.97503911016398, 37.25545228724662], [126.9757472573995, 37.2558769826705], [126.97650407947937, 37.25624414574116], [126.9773022866935, 37.25655023961909], [126.97813419036899, 37.25679231569402], [126.97899177697415, 37.256968042010875], [126.97986678536405, 37.257075725751996], [126.98075078642115, 37.25711432955823], [126.98163526432118, 37.25708348153108], [126.9825116986379, 37.25698347881895], [126.98337164649243, 37.256815284752996], [126.98420682395275, 37.25658051956004], [126.98500918589569, 37.25628144474257], [126.98577100355915, 37.25592094127668], [126.98648493903504, 37.25550248183892], [126.98714411598289, 37.255030097330554], [126.98774218588169, 37.25450833802292], [126.98827338918063, 37.2539422296992], [126.98873261075933, 37.25333722521669], [126.98911542916395, 37.25269915195727], [126.9894181591459, 37.252034155673506], [126.9896378870949, 37.25134864127258], [126.98977249902781, 37.250649211109405], [126.989820700866, 37.24994260138397], [126.98978203080931, 37.24923561725639], [126.98965686369085, 37.2485350673048], [126.98944640727416, 37.247847697957575], [126.98915269053205, 37.24718012853119], [126.98877854402342, 37.246538787499], [126.98832757256018, 37.24592985060398], [126.98780412043057, 37.245359181410706], [126.9872132295155, 37.244832274867974], [126.98656059070392, 37.24435420442424]]], [[[127.00266432403131, 37.25882802811278], [127.00180665941684, 37.2586524727595], [127.00093159970774, 37.258544950829304], [127.0000475698986, 37.2585064975126], [126.99916308126913, 37.258537483014265], [126.99828664950824, 37.25863760899302], [126.99742671279647, 37.258805911432084], [126.99659155063114, 37.259040769913554], [126.99578920417368, 37.25933992320755], [126.99502739888193, 37.25970049102656], [126.99431347017035, 37.26011900173646], [126.9936542928116, 37.26059142575843], [126.99305621475763, 37.261113214340966], [126.99252499601644, 37.261679343330485], [126.99206575317284, 37.26228436151988], [126.9916829100877, 37.262922443111165], [126.99138015525148, 37.26358744378805], [126.99116040620436, 37.26427295986001], [126.99102578136788, 37.26497238990905], [126.99097757956203, 37.26567899834664], [126.99101626740814, 37.26638598026944], [126.99114147474249, 37.26708652698943], [126.99135199808799, 37.267773891607895], [126.99164581215454, 37.26844145400123], [126.99202008926048, 37.26908278459285], [126.9924712264912, 37.269691706295966], [126.99277429430153, 37.27002197343055], [126.99306695209823, 37.27041697705056], [126.99359061542991, 37.27098762215036], [126.9941817533668, 37.27151449639076], [126.99483467321402, 37.27199252473393], [126.99554308680682, 37.27241710254924], [126.99630017107643, 37.272784139995004], [126.997098633785, 37.273090101441525], [126.99793078379648, 37.2733320395542], [126.99878860520407, 37.273507623707054], [126.99966383459885, 37.27361516245224], [127.00054804073247, 37.27365361982789], [127.00143270580348, 37.27362262534673], [127.0023093075812, 37.27352247756875], [127.00316940157266, 37.2733541412234], [127.00400470243758, 37.273119237909], [127.00480716386394, 37.2728200304594], [127.00556905613178, 37.27245940112919], [127.00628304061514, 37.27204082380811], [127.00694224050284, 37.271568330533604], [127.0075403070546, 37.27104647262514], [127.00807148075388, 37.270480276815995], [127.008524504887, 37.269883290533535], [127.00868314031291, 37.27005610148499], [127.00927437706608, 37.270582901151954], [127.00992738530067, 37.27106084695963], [127.01063587599934, 37.271485335072256], [127.01139302534935, 37.27185227651234], [127.01219154048489, 37.27215813657519], [127.01302372976393, 37.27239996890312], [127.01388157690066, 37.272575443889615], [127.01475681823773, 37.27268287113889], [127.01564102241149, 37.272721215763646], [127.0165256716393, 37.27269010836333], [127.01740224384329, 37.272589848586215], [127.01826229481583, 37.272421402241186], [127.01909753963166, 37.27218639198664], [127.01989993251956, 37.27188708168698], [127.02066174442076, 37.27152635458778], [127.02137563748467, 37.271107685520754], [127.02203473578187, 37.27063510740714], [127.02263269155199, 37.27011317238349], [127.02316374634673, 37.26954690792565], [127.02362278647966, 37.26894176839456], [127.02400539224818, 37.26830358247226], [127.02430788045531, 37.26763849699551], [127.02447260362125, 37.26712391191064], [127.02498062507532, 37.267495637724984], [127.02568916808393, 37.26792003636104], [127.02644635602893, 37.268286882005356], [127.02724489567171, 37.268592640876314], [127.02807709513338, 37.26883436759134], [127.02893493802944, 37.269009733561795], [127.0298101607431, 37.26911704944253], [127.03069433209, 37.26915528141968], [127.03157893460384, 37.26912406117834], [127.03245544665731, 37.269023689454386], [127.03331542462277, 37.26885513313554], [127.03415058427913, 37.268620015940016], [127.03495288067653, 37.2683206027627], [127.03571458568686, 37.26795977784039], [127.03642836249037, 37.26754101694716], [127.03708733627887, 37.26706835388871], [127.03768516049249, 37.26654634161968], [127.03821607795133, 37.2659800083596], [127.03867497629282, 37.26537480913166], [127.03905743718103, 37.264736573192295], [127.03935977881504, 37.264071447859415], [127.03957909132879, 37.26338583928112], [127.0397132647436, 37.26268635071706], [127.03976100920683, 37.26197971892714], [127.03972186732507, 37.261272749281225], [127.03959621847639, 37.260572250215176], [127.03938527506372, 37.259884967664526], [127.03922212697906, 37.259514842776476], [127.03993360725633, 37.259602028998245], [127.04081767333672, 37.25964018471384], [127.04170216113847, 37.25960888800162], [127.04257855014019, 37.259508440334436], [127.04343839790069, 37.25933980933183], [127.04427342145426, 37.259104619431625], [127.04507557716335, 37.258805136229086], [127.04583713825616, 37.25844424463555], [127.04655076930037, 37.25802542106712], [127.04720959689278, 37.25755269993298], [127.04780727588258, 37.25703063474677], [127.04833805048935, 37.25646425423729], [127.04879680972687, 37.25585901388228], [127.04917913659915, 37.25522074333371], [127.04948135059603, 37.25455559024215], [127.04970054308036, 37.25386996102242], [127.04983460522891, 37.25317045913229], [127.0498822482598, 37.25246382145937], [127.04984301575546, 37.25175685342959], [127.04971728796545, 37.25105636346271], [127.04950627805158, 37.250369097406164], [127.04921202031484, 37.24970167357868], [127.04883735052078, 37.24906051904873], [127.04838587851673, 37.24845180776096], [127.04786195340643, 37.2478814011055], [127.04727062162051, 37.24735479150167], [127.04661757828809, 37.24687704953781], [127.04590911237858, 37.246452775175236], [127.04515204614331, 37.24608605348482], [127.04435366943875, 37.24578041534091], [127.0435216695638, 37.24553880345007], [127.04266405728472, 37.24536354404007], [127.04178908975807, 37.24525632448126], [127.04090519109101, 37.24521817705438], [127.0400208713014, 37.24524946902071], [127.03914464445405, 37.2453498990898], [127.03828494675864, 37.245518500318376], [127.03745005541391, 37.245753649412826], [127.03664800897681, 37.24605308234598], [127.03588653001982, 37.2464139161384], [127.03517295081879, 37.24683267659519], [127.03451414278466, 37.24730533173255], [127.03391645031662, 37.24782733057304], [127.03338562971305, 37.248393646937494], [127.03292679372781, 37.24899882781322], [127.03254436230624, 37.249637045834014], [127.0322420199763, 37.250302155367926], [127.03202268030687, 37.25098775167401], [127.03188845777744, 37.25168723255933], [127.03184064733324, 37.25239386194355], [127.03187971182548, 37.25310083471921], [127.03200527746114, 37.25380134228422], [127.03221613730989, 37.25448863811479], [127.03237924043553, 37.254858772662445], [127.03166781390284, 37.2547715413396], [127.03078381004043, 37.254733317692654], [127.02989937562327, 37.25476453322516], [127.02902302581894, 37.25486488738225], [127.02816319801985, 37.25503341395126], [127.0273281706763, 37.255268490357246], [127.02652598365344, 37.25556785327285], [127.02576436087622, 37.2559286203928], [127.02505063600412, 37.25634731816434], [127.02439168184975, 37.25681991520747], [127.02379384421839, 37.25734186110455], [127.02326288080558, 37.257908130186614], [127.02280390573986, 37.25851326989684], [127.02242134030568, 37.259151453265986], [127.02211887032158, 37.259816534996446], [127.02195414763608, 37.26033111744025], [127.02144618893816, 37.259959378630754], [127.02073774410535, 37.25953495472061], [127.01998067140414, 37.259168072832715], [127.0191822607547, 37.25886226538321], [127.01835019978374, 37.25862047670786], [127.0174924998463, 37.25844503473567], [127.01661741894289, 37.258337628593665], [127.01573338227179, 37.258299292358025], [127.01484890117867, 37.258330395106924], [127.01397249128, 37.2584306373708], [127.01311259054616, 37.258599054013835], [127.01227747812878, 37.25883402351905], [127.01147519471111, 37.25913328358799], [127.01071346514503, 37.25949395290545], [127.00999962411704, 37.25991255886023], [127.00934054555682, 37.260385070956474], [127.00874257646635, 37.26090693959461], [127.00821147580572, 37.26147313984996], [127.00776454051298, 37.26206216573003], [127.00752778993412, 37.261742699287694], [127.00700408395272, 37.26117211464786], [127.0064129359725, 37.260645303452165], [127.00576003935646, 37.26016733823017], [127.00505168166487, 37.25974282109263], [127.00429468411014, 37.25937583944741], [127.00349633589005, 37.25906992667092], [127.00266432403131, 37.25882802811278]]], [[[126.99536158867372, 37.27842162460085], [126.99465312023297, 37.27799704572072], [126.9938959921677, 37.277629997736575], [126.99309749493247, 37.277324014662895], [126.99226531698844, 37.277082042525436], [126.99140747081708, 37.27690641101847], [126.99053221582649, 37.2767988110928], [126.98964797889022, 37.27676027868926], [126.98876327328057, 37.276791184773685], [126.9878866167739, 37.27689123176914], [126.98702644971273, 37.277059456419096], [126.98619105381042, 37.27729423905461], [126.9853884724771, 37.27759331917614], [126.98462643343035, 37.277953817201], [126.98391227433392, 37.27837226216751], [126.9832528721776, 37.27884462513039], [126.98265457707699, 37.27936635792677], [126.98212315112957, 37.279932436940975], [126.9816637129153, 37.28053741144799], [126.98128068817671, 37.28117545607131], [126.98097776715423, 37.28184042685154], [126.98075786898956, 37.282525920386924], [126.98062311354171, 37.283225335477304], [126.98057480089038, 37.28393193667898], [126.98061339872642, 37.28463891915897], [126.98073853775519, 37.285339474224365], [126.98094901515985, 37.286026854896456], [126.98124280609514, 37.28669444089727], [126.98161708310445, 37.28733580242292], [126.98206824327637, 37.287944762088614], [126.9825919428818, 37.28851545444796], [126.9831831391607, 37.28904238251245], [126.98383613885757, 37.2895204707254], [126.98454465303958, 37.28994511387889], [126.98530185766963, 37.290312221501274], [126.98610045935075, 37.29061825728617], [126.986932765608, 37.29086027318221], [126.98779075902893, 37.29103593781346], [126.98866617454671, 37.29114355895619], [126.98955057911884, 37.29118209985423], [126.99043545303084, 37.29115118921524], [126.99131227203856, 37.29105112479125], [126.99217258955471, 37.29088287050851], [126.99300811808399, 37.290648047174784], [126.99381080911954, 37.29034891685359], [126.99457293072793, 37.28998836105676], [126.99528714207263, 37.28956985296612], [126.99594656415599, 37.289097423952775], [126.99654484609661, 37.28857562471788], [126.99707622630275, 37.28800948143031], [126.99753558795226, 37.28740444728507], [126.99791850824495, 37.28676634995053], [126.99822130095421, 37.28610133541173], [126.99844105186934, 37.28541580875205], [126.99857564678994, 37.284716372444606], [126.99862379180546, 37.28400976274844], [126.9985850256671, 37.28330278482302], [126.99845972413725, 37.282602247186155], [126.99824909627762, 37.28191489614684], [126.99795517271536, 37.28124735084424], [126.99758078600382, 37.280606039518254], [126.99712954327025, 37.27999713762454], [126.99660579141656, 37.27942650838932], [126.99601457521062, 37.278899646375294], [126.99536158867372, 37.27842162460085]]], [[[126.99567249432249, 37.42094489146533], [126.99496269282497, 37.42052031478305], [126.99420413864694, 37.4201532670403], [126.99340413596934, 37.41984728224483], [126.99257038774084, 37.41960530643511], [126.99171092155247, 37.41942966933761], [126.99083401239898, 37.41932206195457], [126.98994810306804, 37.419283520297164], [126.98906172292104, 37.41931441541986], [126.98818340584384, 37.419414449851715], [126.98732160815473, 37.419582660458616], [126.98648462725566, 37.41981742770917], [126.98568052180771, 37.42011649125512], [126.98491703419543, 37.42047697167723], [126.98420151602475, 37.42089539818774], [126.98354085736884, 37.42136774202385], [126.9829414204422, 37.421889455211776], [126.98240897834015, 37.42245551432972], [126.9819486594335, 37.42306046884898], [126.98156489795416, 37.423698493589974], [126.98126139124854, 37.42436344478867], [126.98104106411188, 37.42504891923505], [126.98090604054946, 37.425748315915186], [126.98085762323937, 37.42645489956417], [126.98089628089753, 37.42716186551852], [126.98102164367026, 37.4278624052441], [126.9812325066024, 37.42854977190849], [126.98152684115117, 37.42921734536634], [126.98190181463809, 37.4298586959314], [126.98235381745536, 37.4304676463206], [126.98287849776709, 37.431038331172545], [126.98347080337368, 37.43156525356629], [126.98412503033816, 37.43204333799479], [126.98483487790703, 37.43246797928165], [126.98559350919713, 37.43283508696835], [126.98639361706415, 37.43314112474359], [126.98722749451703, 37.43338314453288], [126.9877324106737, 37.433486329802655], [126.98773784291174, 37.43358550096611], [126.98786327954052, 37.43428603323028], [126.98807422251045, 37.43497338754385], [126.98836864250828, 37.43564094387994], [126.98874370603286, 37.43628227271681], [126.9891958026093, 37.43689119698019], [126.98972057949847, 37.4374618515599], [126.99031298357035, 37.437988739826224], [126.99096730993912, 37.43846678660051], [126.99167725689323, 37.43889138706878], [126.99243598659154, 37.439258451165585], [126.99323619094108, 37.4395644429993], [126.9940701620206, 37.439806414938], [126.99492986637036, 37.43998203602607], [126.99580702243031, 37.44008961445697], [126.99669318037826, 37.44012811388469], [126.99757980359583, 37.44009716341611], [126.99845835097433, 37.4399970611877], [126.99914176994636, 37.43986363802618], [126.99951629988222, 37.440270805582315], [126.99990674665304, 37.44061798727936], [126.99960442395847, 37.44112074047711], [126.99930100417824, 37.44178573669216], [126.99908078826833, 37.44247124357758], [126.99894589916559, 37.44317065980646], [126.9988976382557, 37.443877249924846], [126.99893647275063, 37.44458420920601], [126.99904184165956, 37.44517208836407], [126.99862063163371, 37.44529024075379], [126.99781629980606, 37.44558938393212], [126.99705260929834, 37.445949939721814], [126.99633691366996, 37.44636843661036], [126.99567610470329, 37.44684084515825], [126.9950765460612, 37.4473626167695], [126.99454401201261, 37.447928727460415], [126.99408363181581, 37.44853372620635], [126.99369984029546, 37.449171787402236], [126.99339633509007, 37.449836766933245], [126.99317604098354, 37.450522261316536], [126.99304108166632, 37.451221669346054], [126.99299275920112, 37.451928255647175], [126.99303154139355, 37.452635215530314], [126.99315705719366, 37.453335740519044], [126.99336810017516, 37.454023083921975], [126.99366264006349, 37.45469062581673], [126.99403784220439, 37.45533193681998], [126.99449009478901, 37.45594084002853], [126.9950150435766, 37.45651147053425], [126.99560763378177, 37.45703833193848], [126.99626215872595, 37.45751634932063], [126.99697231478446, 37.45794091814913], [126.9977312621013, 37.45830794866266], [126.99853169048613, 37.45861390529259], [126.99936588985834, 37.45885584074569], [127.00022582455746, 37.459031424417525], [127.00110321080287, 37.45913896486179], [127.00198959655314, 37.45917742609846], [127.00287644299372, 37.45914643760237], [127.00375520686389, 37.45904629787659], [127.00461742282707, 37.45887797157488], [127.00545478508735, 37.4586430802019], [127.00625922746302, 37.45834388648066], [127.00702300114204, 37.45798327253852], [127.00773874936881, 37.45756471212272], [127.00839957833962, 37.45709223711414], [127.00899912362281, 37.456570398662784], [127.0095316114629, 37.456004223320974], [127.00999191437731, 37.45539916459786], [127.01037560051137, 37.45476105040339], [127.01067897627645, 37.45409602688911], [127.010899121863, 37.4534104992281], [127.01103391928807, 37.45271106990528], [127.01108207271042, 37.452004475113554], [127.01104312082062, 37.451297519868774], [127.01093764982193, 37.450709651289294], [127.01135887144994, 37.450591455188125], [127.01216320416255, 37.45029222009262], [127.01292686761532, 37.449931566723144], [127.01364250611513, 37.449512969206616], [127.01430322691587, 37.449040459780996], [127.01490266662826, 37.44851858992751], [127.015435052514, 37.44795238650059], [127.01589525807269, 37.44734730327952], [127.0162788523873, 37.44670916840974], [127.01658214275332, 37.44604412824151], [127.01680221018326, 37.445358588107844], [127.01693693744626, 37.44465915061339], [127.01698502937609, 37.44395255202931], [127.01694602525451, 37.44324559740765], [127.01682030315501, 37.4425450950403], [127.01660907620757, 37.441857790894], [127.01631438082524, 37.44119030365284], [127.0159390570084, 37.440549060993234], [127.01548672092022, 37.439940237704626], [127.01496173000002, 37.43936969625083], [127.01457121954198, 37.43902256376771], [127.01487343393276, 37.438519771340246], [127.01517670284387, 37.437854733713266], [127.01539675825936, 37.4371691951693], [127.01553148306316, 37.4364697582976], [127.01557958211167, 37.43576315936338], [127.0155405946172, 37.43505620342205], [127.01541489849204, 37.43435569877832], [127.01520370661518, 37.43366839142103], [127.01490905506104, 37.43300090006537], [127.01453378340726, 37.43235965242766], [127.01408150731412, 37.43175082334552], [127.01355658364275, 37.43118027533887], [127.01296406845037, 37.430653502182764], [127.01230966826861, 37.430175576034515], [127.01159968513562, 37.42975109862269], [127.01084095591143, 37.42938415696697], [127.01004078646083, 37.429078284053574], [127.00920688133672, 37.42883642484379], [127.00834726963917, 37.428660907941705], [127.00747022776251, 37.42855342319267], [127.00658419977108, 37.4285150054276], [127.0056977161677, 37.4285460245087], [127.00481931183367, 37.4286461817722], [127.00413600478343, 37.42877963882107], [127.0037615062065, 37.4283724853449], [127.0031690821134, 37.42784566349098], [127.00251476905487, 37.427367683512436], [127.00180486823105, 37.426943147656345], [127.00104621571026, 37.42657614350516], [127.00024611661959, 37.4262702046468], [126.99941227483525, 37.42602827667738], [126.9989073920471, 37.42592514141763], [126.99890194550552, 37.425825970535634], [126.99877641908571, 37.42512544833647], [126.99856540463901, 37.424438111465484], [126.9982709365308, 37.423770578923055], [126.99789585257217, 37.42312927882306], [126.9974437666163, 37.42252038650924], [126.99691903369408, 37.421949765111194], [126.99632670802683, 37.42142290911138], [126.99567249432249, 37.42094489146533]]], [[[127.01960540920241, 37.23821237776387], [127.01889717704528, 37.23778794279066], [127.01814032977832, 37.237421049387365], [127.017342155152, 37.23711523008164], [127.01651033852175, 37.23687342932398], [127.0156528888916, 37.23669797516014], [127.01477806185378, 37.23659055683487], [127.01389428016431, 37.23655220854175], [127.01301005271581, 37.23658329947509], [127.0121338926846, 37.23668353027895], [127.01127423563719, 37.23685193592756], [127.01043935838054, 37.23708689500938], [127.00963729933518, 37.2373861453258], [127.00887578119368, 37.23774680565486], [127.00816213660752, 37.238165403471235], [127.00750323761513, 37.23863790835669], [127.0069054294893, 37.23915977078032], [127.00637446963957, 37.23972596587657], [127.00591547215802, 37.24033104180075], [127.00553285854252, 37.24096917219782], [127.005230315073, 37.24163421228038], [127.00501075725298, 37.242319757977334], [127.00487630166063, 37.24301920758432], [127.004828245484, 37.24372582532352], [127.00486705393945, 37.24443280620115], [127.00499235569897, 37.24513334153856], [127.0052029463732, 37.245820684546096], [127.00549680002074, 37.24648821530798], [127.00587108857577, 37.247129504552106], [127.00632220901083, 37.24773837558997], [127.0068458179751, 37.24830896382932], [127.00743687357779, 37.2488357732853], [127.00808968391534, 37.24931372954472], [127.00879796187664, 37.249738228671966], [127.00955488569856, 37.25010518158413], [127.0103531646887, 37.250411053466685], [127.01118510948092, 37.25065289784864], [127.01204270614606, 37.25082838500778], [127.0129176934414, 37.25093582443137], [127.01380164245228, 37.25097418111501], [127.01468603785608, 37.25094308554198], [127.01556236002199, 37.250842837246495], [127.01642216715281, 37.25067440192653], [127.0172571766739, 37.25043940213387], [127.01805934508188, 37.250140101631644], [127.01882094548151, 37.24977938357039], [127.01953464206012, 37.24936072269408], [127.02019356078121, 37.24888815184428], [127.02079135561391, 37.24836622308688], [127.02132226965946, 37.24779996383663], [127.02178119058604, 37.24719482840357], [127.02216369983775, 37.24655664542968], [127.02246611514526, 37.24589156172281], [127.02268552593033, 37.24520598303057], [127.02281982126513, 37.244506512325266], [127.02286771012034, 37.24379988619553], [127.02282873370962, 37.24309290995761], [127.0227032698154, 37.2423923921118], [127.02249252905779, 37.241705078775624], [127.02219854314582, 37.24103758872459], [127.02182414522812, 37.24039634966628], [127.02137294253495, 37.23978753636059], [127.02084928157824, 37.239217011181175], [127.02025820624682, 37.23869026768955], [127.01960540920241, 37.23821237776387]]], [[[127.06311843355058, 37.24026185970686], [127.06240993568643, 37.23983768339707], [127.06165285427122, 37.239471066704034], [127.06085447930657, 37.23916553949159], [127.06002249807389, 37.23892404339864], [127.05916492115948, 37.238748903538706], [127.05829000537925, 37.238641806131646], [127.05740617434232, 37.23860378228279], [127.0565219374158, 37.23863519806423], [127.05564580786742, 37.238735750994], [127.05478622097102, 37.238904472946444], [127.05395145285978, 37.23913973946602], [127.05314954090532, 37.23943928539527], [127.0523882063868, 37.23980022666693], [127.05167478019077, 37.24021908805131], [127.05101613225638, 37.24069183659264], [127.05041860544266, 37.24121392041383], [127.04988795445415, 37.24178031251701], [127.04942929041252, 37.242385559159615], [127.04904703160825, 37.243023832341386], [127.04874486090766, 37.24368898589844], [127.04852569022711, 37.24437461466499], [127.04839163241873, 37.245074116134624], [127.04834398084115, 37.24578075402773], [127.04838319681494, 37.24648772315403], [127.04850890508736, 37.24718821494565], [127.04871989735318, 37.247875483029894], [127.04901414380178, 37.2485429082104], [127.04938881258208, 37.24918406222991], [127.04984029700177, 37.24979276970056], [127.05036425020116, 37.25036316760414], [127.05095562697035, 37.25088976178801], [127.05160873230871, 37.251367479911835], [127.05231727625988, 37.251791720333514], [127.05307443449509, 37.252158396462214], [127.05387291406053, 37.25246397615004], [127.05470502365505, 37.25270551574145], [127.05556274775944, 37.25288068845135], [127.05643782390143, 37.2529878067974], [127.05732182230929, 37.25302583886968], [127.05820622718386, 37.25299441828003], [127.0590825188033, 37.252893847695205], [127.05994225566546, 37.252725095919345], [127.06077715587413, 37.252489788554065], [127.06157917698114, 37.252190192326516], [127.06227567482057, 37.25185997249773], [127.0622902712744, 37.2521222230079], [127.06241611727506, 37.25282270026112], [127.06262725130571, 37.25350994382731], [127.06292164219039, 37.25417733474539], [127.0632964566867, 37.25481844508738], [127.06374808669845, 37.255427099885424], [127.06427218396298, 37.25599743662797], [127.0648637018819, 37.25652396175102], [127.06551694409399, 37.257001603579035], [127.06622561932332, 37.257425761204544], [127.0669829019754, 37.25779234883414], [127.06778149789666, 37.258097835172386], [127.068613714664, 37.2583392774631], [127.06947153572465, 37.258514349858686], [127.07001373297868, 37.258580651268566], [127.06998336394985, 37.258739324173426], [127.06993590406425, 37.259445970356836], [127.06997532768004, 37.26015293203219], [127.07010125754618, 37.2608534007021], [127.07031248322438, 37.26154063021532], [127.07060697265666, 37.262208001745606], [127.07098189165184, 37.26284908755114], [127.07143363110737, 37.26345771289991], [127.0719578417064, 37.26402801556351], [127.0725494757587, 37.26455450230575], [127.07320283578395, 37.26503210182039], [127.07391162937084, 37.26545621360721], [127.074669029784, 37.26582275231413], [127.07546774173477, 37.2661281871168], [127.07630007168132, 37.26636957575539], [127.07715800197977, 37.266544592899194], [127.07803326816963, 37.26665155256489], [127.07891743864671, 37.26668942437172], [127.0798019959529, 37.26665784347612], [127.08067841889688, 37.26655711408995], [127.0815382647108, 37.26638820654794], [127.08237325044868, 37.266152747953164], [127.08317533283864, 37.265853006490396], [127.0839367858173, 37.26549186955967], [127.08465027499638, 37.26507281594111], [127.08530892834209, 37.264599882260235], [127.08590640238523, 37.26407762407815], [127.08643694332287, 37.26351107198233], [127.08689544242286, 37.26290568310265], [127.08727748519814, 37.262267288520704], [127.0875793938779, 37.2616020370804], [127.08779826276844, 37.26091633614229], [127.08793198616534, 37.260216789853025], [127.08797927855105, 37.25951013552589], [127.08793968688607, 37.2588031787451], [127.08781359487948, 37.25810272781992], [127.08760221920052, 37.257415528219724], [127.08730759767164, 37.25674819762121], [127.08693256956042, 37.25610716219318], [127.08648074816264, 37.2554985947317], [127.08595648594418, 37.25492835524056], [127.08536483257896, 37.25440193452831], [127.08471148628949, 37.25392440136368], [127.08400273895921, 37.253500353697085], [127.0832454155459, 37.25313387441651], [127.08244680837915, 37.2528284920626], [127.081614606974, 37.25258714687956], [127.08075682403454, 37.25241216252818], [127.08021466104444, 37.25234591046093], [127.08024500594323, 37.252187234611895], [127.08029236436428, 37.25148058280633], [127.08025284803797, 37.25077362296266], [127.08012683994686, 37.25007316342011], [127.07991555595132, 37.2493859497315], [127.07962103299035, 37.24871859970974], [127.07924610938193, 37.24807753971119], [127.07879439741545, 37.24746894276904], [127.07827024850299, 37.246898669171465], [127.07767871122772, 37.24637221005583], [127.0770254826948, 37.24589463456106], [127.07631685365439, 37.24547054104547], [127.07555964792601, 37.24510401283877], [127.07476115670708, 37.244798578952796], [127.07392906839706, 37.24455718012803], [127.07307139461217, 37.24438214054167], [127.07219639309993, 37.24427514544852], [127.07131248829408, 37.244237224969226], [127.07042819027136, 37.24426874418113], [127.06955201288734, 37.24436939960697], [127.06869239187624, 37.24453822213478], [127.06785760369975, 37.24477358634123], [127.06705568592315, 37.245073226128795], [127.06635927142315, 37.245403474983874], [127.06634466192618, 37.24514122459627], [127.06621879158273, 37.244440750459695], [127.06600764935109, 37.24375351219886], [127.0657132708051, 37.243086127864075], [127.06533849287221, 37.24244502414286], [127.06488692643944, 37.241836374490134], [127.06436292151817, 37.241266039702275], [127.06377152530594, 37.24073951150637], [127.06311843355058, 37.24026185970686]]], [[[127.05740310722642, 37.28289754569391], [127.05669424469387, 37.28247333585545], [127.05593676657334, 37.28210668266188], [127.05513796668504, 37.281801116327095], [127.0543055363999, 37.28155957886545], [127.05344749062527, 37.281384395787605], [127.0525720906882, 37.28127725372871], [127.05168776485586, 37.28123918422334], [127.05080302725545, 37.28127055378279], [127.04992639597134, 37.28137106037009], [127.04906631110434, 37.28153973630595], [127.04823105357845, 37.281774957578435], [127.0474286654744, 37.28207445946651], [127.04666687265312, 37.28243535832799], [127.04595301041198, 37.28285417934274], [127.04529395288742, 37.28332688994513], [127.0446960468819, 37.283848938624864], [127.04416505075167, 37.28441529872399], [127.04370607894319, 37.285020516809695], [127.04332355271272, 37.28565876515822], [127.04302115750485, 37.286323897846145], [127.04280180740163, 37.287009509909915], [127.04266761698736, 37.28770899900491], [127.04261988090234, 37.28841562897149], [127.04265906128607, 37.28912259469617], [127.04278478323373, 37.289823087644], [127.04299583831344, 37.290510361431096], [127.04329019611441, 37.291177796805705], [127.04366502371758, 37.29181896541174], [127.04411671290474, 37.29242769171997], [127.04464091484718, 37.29299811252956], [127.04523258194152, 37.29352473346598], [127.04588601639225, 37.29400248192981], [127.04659492507365, 37.29442675598524], [127.04735248014346, 37.29479346871603], [127.04815138482427, 37.29509908762031], [127.04898394371808, 37.29534066866351], [127.04984213697519, 37.29551588466014], [127.05071769760085, 37.29562304771001], [127.05160219115274, 37.29566112547189], [127.05248709705829, 37.29562975111715], [127.05336389076523, 37.295529226867096], [127.05422412593099, 37.29536052107973], [127.0550595158556, 37.29512525891421], [127.05586201337037, 37.29482570666304], [127.05662388840977, 37.294464749903845], [127.05733780251681, 37.29404586568171], [127.05799687956191, 37.29357308899134], [127.05859477199242, 37.293050973882735], [127.05912572197379, 37.29248454956662], [127.05958461683302, 37.291879271943685], [127.05996703827095, 37.29124097102567], [127.06026930487015, 37.2905757947562], [127.06048850749089, 37.289890149773655], [127.0606225372166, 37.289190639687675], [127.06067010558206, 37.288484001464596], [127.06063075689319, 37.2877770405352], [127.06050487252273, 37.28707656525012], [127.06029366714426, 37.28638932131452], [127.05999917694454, 37.285721926832956], [127.05962423993066, 37.28508080859], [127.05917246852539, 37.284472140179496], [127.05864821471704, 37.283901782577274], [127.05805652810216, 37.28337522772884], [127.05740310722642, 37.28289754569391]]], [[[127.07509287809313, 37.29219598802982], [127.07438382848987, 37.29177188362677], [127.07362617065006, 37.29140534308743], [127.07282720012276, 37.2910998955409], [127.07199460992017, 37.290858481857924], [127.07113641648783, 37.29068342635767], [127.07026088257301, 37.29057641444731], [127.06937643773153, 37.290538476408884], [127.06849159723546, 37.29056997748855], [127.06761488015916, 37.290670614383735], [127.06675472742899, 37.29083941816124], [127.06591942062235, 37.29107476357898], [127.0651170022948, 37.2913743847213], [127.06435519859885, 37.291735396798416], [127.06364134493755, 37.292154323900654], [127.06298231536599, 37.29262713244127], [127.06238445641898, 37.29314926996721], [127.06185352600141, 37.29371570896515], [127.06139463792876, 37.294320995242444], [127.06101221265297, 37.29495930041846], [127.06070993464834, 37.29562447802213], [127.06049071687015, 37.29631012265676], [127.0603566726301, 37.29700963166339], [127.06030909516241, 37.29771626868976], [127.0603484450803, 37.29842322855344], [127.06047434584713, 37.299123702774914], [127.06068558730959, 37.299810945149595], [127.06098013726209, 37.30047833672724], [127.06135516093484, 37.30111944957255], [127.06180704822086, 37.30172810869243], [127.06233144838261, 37.302298451532366], [127.06292331190656, 37.30282498446807], [127.06357693910385, 37.303302635747215], [127.06428603499077, 37.30372680436969], [127.06504376992015, 37.30409340443459], [127.0658428453805, 37.30439890452524], [127.06667556432706, 37.30464036175169], [127.06753390536674, 37.30481545012141], [127.06840960007983, 37.30492248296405], [127.06929421273108, 37.3049604291932], [127.0701792215996, 37.304928923247864], [127.07105610114058, 37.3048282686177], [127.07191640418425, 37.30465943491735], [127.0727518433767, 37.304424048538905], [127.07355437107488, 37.30412437697205], [127.07431625692325, 37.303763306944376], [127.07503016236164, 37.30334431659259], [127.07568921134522, 37.30287144193406], [127.0762870565932, 37.30234923796272], [127.07681794072715, 37.30178273474534], [127.07727675171019, 37.3011773889425], [127.07765907205294, 37.30053903122236], [127.07796122131359, 37.29987381007522], [127.07818029148447, 37.29918813257112], [127.07831417492625, 37.29848860263221], [127.07836158458416, 37.29778195741513], [127.07832206629384, 37.29707500241711], [127.07819600306232, 37.29637454593063], [127.0779846112864, 37.29568733347878], [127.07768992894808, 37.29501998286185], [127.0773147959047, 37.29437892044106], [127.07686282646628, 37.293770319271715], [127.07633837452742, 37.29320003968134], [127.07574649159142, 37.29267357286354], [127.07509287809313, 37.29219598802982]]], [[[127.0501212535113, 37.29650982214239], [127.049412305379, 37.29608556909808], [127.04865472728086, 37.295718869479984], [127.04785581399987, 37.295413253948475], [127.04702325799848, 37.295171664991095], [127.04616507539399, 37.2949964286138], [127.0452895288301, 37.29488923196447], [127.04440504798467, 37.294851107102865], [127.04352014847629, 37.294882421073], [127.0426433499469, 37.29498287237279], [127.04178309410614, 37.295151493855236], [127.04094766352289, 37.295386662032634], [127.04014510194276, 37.29568611269526], [127.03938313689576, 37.296046962694376], [127.03866910533652, 37.29646573768063], [127.03800988303088, 37.29693840553199], [127.0374118183674, 37.297460415150304], [127.03688067122975, 37.29802674025436], [127.03642155751842, 37.29863192774886], [127.03603889985644, 37.29927015020531], [127.03573638495459, 37.29993526195024], [127.03551692804842, 37.30062085822242], [127.03538264475192, 37.3013203368299], [127.03533483060126, 37.30202696171457], [127.03537394848931, 37.302733927812326], [127.03549962411472, 37.30343442658501], [127.03571064949358, 37.30412171159287], [127.0360049945029, 37.30478916347626], [127.03637982634842, 37.30543035372011], [127.0368315367728, 37.306039106586695], [127.0373557767441, 37.30660955861921], [127.03794749829395, 37.307136215142094], [127.03860100310322, 37.30761400321277], [127.0393099973692, 37.30803832051352], [127.0400676524256, 37.308405079711015], [127.04086667053194, 37.30871074785532], [127.04169935519747, 37.308952380437], [127.04255768536032, 37.30912764977362], [127.04343339270626, 37.309234867450726], [127.04431804137865, 37.30927300060044], [127.04520310930938, 37.30924168186026], [127.04608007038415, 37.309141212915556], [127.04694047664682, 37.30897256159145], [127.04777603974787, 37.308737352522414], [127.04857871084904, 37.30843785148962], [127.04934075821154, 37.30807694357752], [127.05005484171743, 37.307658105361014], [127.05071408360453, 37.307185371392045], [127.05131213473182, 37.306663295309605], [127.05184323573582, 37.30609690594913], [127.05230227248889, 37.305491658875226], [127.05268482532549, 37.304853383805984], [127.05298721156323, 37.30418822843674], [127.053206520911, 37.303502599205245], [127.05334064342549, 37.30280309956999], [127.0533882897492, 37.30209646639722], [127.05334900343878, 37.301389505069515], [127.053223165268, 37.30068902394173], [127.05301198946724, 37.300001768775545], [127.05271751194016, 37.299334357783785], [127.05234257057356, 37.2986932179101], [127.05189077783368, 37.298084522956486], [127.05136648591572, 37.29751413415423], [127.0507747447844, 37.29698754374895], [127.0501212535113, 37.29650982214239]]], [[[127.06058628806875, 37.442655814413854], [127.05987591211385, 37.442231625335275], [127.05911681862786, 37.44186499198202], [127.0583163169788, 37.44155944437206], [127.05748211491421, 37.441317924335195], [127.05662224438974, 37.44114275721084], [127.05574498428878, 37.44103562947797], [127.05485878077441, 37.440997572531685], [127.05397216603782, 37.44102895276196], [127.05309367622208, 37.441129468029665], [127.05223176930816, 37.4412981505737], [127.05139474375052, 37.4415333763212], [127.05059065864212, 37.44183288051168], [127.04982725617477, 37.442193779485194], [127.04911188713851, 37.44261259842548], [127.04845144017553, 37.443085304792234], [127.04785227546748, 37.44360734712154], [127.04732016349453, 37.44417369882218], [127.04686022945492, 37.444778906547455], [127.04647690388086, 37.445417142678295], [127.04617387992727, 37.44608226141316], [127.04595407774626, 37.446767857926304], [127.04581961629289, 37.44746733002538], [127.04577179283623, 37.44817394171594], [127.04581107037632, 37.448880888060955], [127.04593707309185, 37.44958136071141], [127.04614858986544, 37.45026861347718], [127.04644358585692, 37.450936027306184], [127.0468192220159, 37.45157717404625], [127.04727188234966, 37.45218587837428], [127.04779720868576, 37.45275627729618], [127.04839014259797, 37.45328287664282], [127.04904497409242, 37.45376060401713], [127.04975539658716, 37.45418485768087], [127.05051456765548, 37.45455155090889], [127.05131517494793, 37.454857151382264], [127.05214950665716, 37.455098715239714], [127.0530095258453, 37.45527391545776], [127.05388694791596, 37.4553810642857], [127.05477332048163, 37.45541912951775], [127.05566010485454, 37.45538774444554], [127.05653875837264, 37.45528721139423], [127.0574008167639, 37.455118498808375], [127.05823797575279, 37.454883231915275], [127.05904217111856, 37.454583677056675], [127.05980565643235, 37.45422271983966], [127.06052107772027, 37.453803837318766], [127.06118154433221, 37.4533310644776], [127.06178069533141, 37.4528089553347], [127.06231276076453, 37.45224253904892], [127.06277261722181, 37.45163727144887], [127.06315583715246, 37.450998982454614], [127.06345873146144, 37.450333819899186], [127.06367838497876, 37.44964819029236], [127.06381268446243, 37.448948697098196], [127.06386033886783, 37.44824207712185], [127.0638208916914, 37.44753513561881], [127.06369472527355, 37.44683468075194], [127.06348305702258, 37.446147458028015], [127.06318792759988, 37.44548008534457], [127.06281218118349, 37.444838989272625], [127.06235943800334, 37.44423034318809], [127.06183405941555, 37.44366000784683], [127.06124110585436, 37.443133474974594], [127.06058628806875, 37.442655814413854]]], [[[127.10265451966016, 37.19507903420282], [127.10200157157726, 37.194601594008674], [127.10129327833485, 37.19417764827049], [127.10053646051803, 37.19381127889688], [127.09973840558901, 37.193506013372264], [127.09890679774762, 37.19326479081796], [127.09804964398597, 37.19308993371583], [127.0971751970477, 37.19298312556531], [127.09629187603089, 37.19294539468852], [127.09540818539583, 37.19297710433846], [127.094532633155, 37.19307794920501], [127.09367364902864, 37.19324695835267], [127.09283950335151, 37.19348250456124], [127.09203822750752, 37.1937823199804], [127.09127753665598, 37.19414351794772], [127.09056475549053, 37.19456262076104], [127.08990674774354, 37.19503559313865], [127.08930985011298, 37.19555788104645], [127.08877981124725, 37.19612445551934], [127.08832173637498, 37.19672986105629], [127.08794003811346, 37.19736826812443], [127.08763839393012, 37.19803352926786], [127.08741971066894, 37.19871923828202], [127.08728609648499, 37.19941879188496], [127.0872388404604, 37.20012545329251], [127.08727840010137, 37.20083241708556], [127.08740439683966, 37.201532874745595], [127.08761561958576, 37.20222008022702], [127.08791003630276, 37.20288741493512], [127.08828481349323, 37.20352845148327], [127.08873634341447, 37.204137015614776], [127.0892602787626, 37.204707245692155], [127.08985157449453, 37.20523364917991], [127.09050453638571, 37.20571115557555], [127.091212875858, 37.20613516527779], [127.09196977054987, 37.20650159391991], [127.0927679300447, 37.20680691173981], [127.09359966612435, 37.20704817760652], [127.09445696686853, 37.20722306737371], [127.09533157388516, 37.20732989628663], [127.09621506192448, 37.20736763522527], [127.09709892010756, 37.20733592062684], [127.09797463398316, 37.20723505799159], [127.0988337676195, 37.2070660189379], [127.09966804493627, 37.206830431835215], [127.10046942949069, 37.20653056610542], [127.1012302019458, 37.20616931034432], [127.1019430344719, 37.20575014447508], [127.10260106136296, 37.2052771062026], [127.10319794518526, 37.204754752093315], [127.10372793782106, 37.204188113656365], [127.10418593581831, 37.203582648850926], [127.10456752951403, 37.20294418948748], [127.10486904545911, 37.20227888503165], [127.10508758173775, 37.20159314335245], [127.10522103584334, 37.2008935689871], [127.10526812484545, 37.20018689951772], [127.10522839765648, 37.19947994067315], [127.10510223928338, 37.19877950078181], [127.10489086702731, 37.19809232520641], [127.10459631867067, 37.19742503139241], [127.10422143276976, 37.19678404515491], [127.10376982124502, 37.19617553881717], [127.10324583453617, 37.19560537179572], [127.10265451966016, 37.19507903420282]]], [[[127.11452216446439, 37.25625172343666], [127.1138132267494, 37.2558278532959], [127.11305573401363, 37.255461563867016], [127.11225698021468, 37.255156381862946], [127.11142465627735, 37.25491524559942], [127.11056677608372, 37.25474047672641], [127.10969159936636, 37.254633757893245], [127.10880755224403, 37.25459611656195], [127.10792314616245, 37.25462791512354], [127.10704689601694, 37.25472884741261], [127.10618723824224, 37.25489794165291], [127.10535244965466, 37.255133569806425], [127.10455056782469, 37.25543346323554], [127.1037893137438, 37.25579473452864], [127.10307601752733, 37.25621390527962], [127.10241754786678, 37.256686939554754], [127.10182024590897, 37.257209282726016], [127.101289864198, 37.25777590529819], [127.10083151126751, 37.25838135130887], [127.10044960241706, 37.25901979083699], [127.10014781714779, 37.259685076115254], [127.09992906366878, 37.26037080070753], [127.09979545081838, 37.26107036118225], [127.09974826767328, 37.261777020689024], [127.09978797104526, 37.26248397382664], [127.09991418098919, 37.26318441217824], [127.10012568436892, 37.263871589882925], [127.10042044645098, 37.264538888611895], [127.10079563041687, 37.26517988132312], [127.10124762461021, 37.26578839417998], [127.10177207725854, 37.26635856603655], [127.10236393833792, 37.26688490491582], [127.1030175081788, 37.26736234093529], [127.10372649234641, 37.26778627516936], [127.10448406226709, 37.26815262397623], [127.1052829210171, 37.268457858361124], [127.10611537363845, 37.26869903799529], [127.10697340130379, 37.2688738395621], [127.10784873861328, 37.26898057915577], [127.1087329532767, 37.269018228516515], [127.10961752740982, 37.26898642494469], [127.11049393965921, 37.268885474798324], [127.11135374736054, 37.26871635053983], [127.11218866793592, 37.26848068136084], [127.11299065874265, 37.268180737475575], [127.11375199460133, 37.267819408234615], [127.11446534225395, 37.26740017427098], [127.11512383103236, 37.266927073947656], [127.11572111905507, 37.2664046644308], [127.11625145431343, 37.265837977765315], [127.11670973005897, 37.265232472376645], [127.11709153395834, 37.26459398046772], [127.1173931905436, 37.26392865181881], [127.11761179655089, 37.26324289453276], [127.11774524880919, 37.26254331329751], [127.1177922644132, 37.26183664576129], [127.11775239298969, 37.261129697633905], [127.1176260209419, 37.26042927713962], [127.11741436763552, 37.259742129453116], [127.11711947356568, 37.25907487174961], [127.11674418062302, 37.258433929494544], [127.11629210465188, 37.25782547458555], [127.11576760056738, 37.257255365941596], [127.11517572037015, 37.25672909311055], [127.11452216446439, 37.25625172343666]]], [[[127.11643449951347, 37.268296467196926], [127.115997797284, 37.268277901826586], [127.11511323370334, 37.26830975313722], [127.11423683399725, 37.26841073756271], [127.11337703603951, 37.26857988282531], [127.11254211799528, 37.26881556039611], [127.11174011868094, 37.26911550116226], [127.11097876021891, 37.26947681725688], [127.11026537372953, 37.26989602984298], [127.1096068287739, 37.27036910258454], [127.10900946722441, 37.27089148048359], [127.10847904219996, 37.271458133710915], [127.10802066265238, 37.272063606009226], [127.107638744139, 37.27270206720451], [127.10733696625552, 37.27336736932095], [127.1071182371416, 37.27405310576022], [127.10698466540273, 37.274752672976575], [127.10693753972146, 37.27545933405443], [127.10697731635786, 37.27616628357708], [127.10710361466273, 37.276866713162086], [127.10731522065045, 37.27755387703244], [127.10761009860045, 37.27822115699197], [127.10798541057923, 37.2788621261788], [127.10834370188839, 37.27934431877994], [127.10791016322725, 37.279466658614844], [127.10710803243937, 37.27976656670705], [127.1063465443753, 37.28012785161636], [127.1056330314026, 37.28054703480631], [127.10497436429957, 37.281020080224245], [127.10437688611445, 37.28154243313572], [127.10384635108899, 37.28210906395249], [127.10338786923441, 37.282714516633575], [127.10300585709344, 37.283352961194325], [127.10270399516394, 37.284018249819546], [127.1024851923957, 37.284703976041314], [127.10235155810439, 37.28540353641264], [127.10230438157606, 37.286110194084266], [127.10234411956172, 37.28681714367258], [127.10247039178572, 37.28751757679469], [127.10268198451494, 37.28820474763971], [127.10297686215783, 37.28887203794435], [127.10335218678513, 37.28951302074708], [127.10380434538753, 37.290121522305945], [127.10432898461039, 37.29069168158306], [127.10492105263357, 37.29121800672166], [127.1055748477947, 37.29169542797074], [127.10569649866012, 37.291768141798826], [127.10482319339486, 37.291799500175415], [127.1039465079407, 37.29190040636683], [127.1030864199107, 37.29206947453839], [127.10269259903995, 37.2921805674808], [127.1018936050895, 37.29233761698843], [127.10105838882458, 37.29257321088678], [127.10025609165872, 37.292873070913615], [127.09949443858007, 37.29323430997988], [127.09878076354397, 37.29365344999081], [127.09812193888845, 37.29412645530993], [127.0975243091782, 37.29464877158934], [127.09699363011376, 37.29521536959412], [127.0965350130933, 37.29582079359977], [127.09615287596138, 37.29645921389844], [127.0958509004201, 37.297124482909176], [127.09563199651417, 37.297810194353495], [127.09549827453432, 37.29850974492734], [127.09545102461244, 37.299216397876265], [127.09549070420779, 37.29992334786257], [127.09561693360872, 37.300623786499905], [127.09582849949616, 37.30131096792447], [127.09612336653882, 37.30197827377123], [127.09649869691114, 37.30261927692899], [127.09695087755, 37.30322780345967], [127.09747555488987, 37.30379799208466], [127.09806767674463, 37.30432435066425], [127.0987215409343, 37.30480180912495], [127.09943085018931, 37.30522576832373], [127.10018877280447, 37.305592144377044], [127.10098800845762, 37.305897408026446], [127.10182085855855, 37.306138618660206], [127.10267930044874, 37.30631345266211], [127.10355506473545, 37.3064202258132], [127.10407963279167, 37.30644257180038], [127.10335581633879, 37.30678583394145], [127.10264203377311, 37.307204995656924], [127.10198311410818, 37.30767802083952], [127.10138540282388, 37.30820035495057], [127.10085465640687, 37.308766968583875], [127.10039598690476, 37.30937240586481], [127.10001381266865, 37.310010836957986], [127.09971181575926, 37.31067611417872], [127.09949290642855, 37.31136183116964], [127.09935919502115, 37.31206138457327], [127.0993119715687, 37.312768037607846], [127.0993516932773, 37.3134749849347], [127.09947798003127, 37.314175418192825], [127.0996896179607, 37.31486259156989], [127.09998457104174, 37.31552988677796], [127.10036000062125, 37.3161708768078], [127.10081229268152, 37.3167793878473], [127.10133709258437, 37.31734955876648], [127.10192934696353, 37.31787589759566], [127.1025833523625, 37.31835333445105], [127.10289752504875, 37.31854106920526], [127.10258156881137, 37.318690879992786], [127.10244454219915, 37.31877133378419], [127.10229593304103, 37.31857141030247], [127.10177111744548, 37.318001243661946], [127.10117886320135, 37.317474904052666], [127.1005248743173, 37.31699745946003], [127.09981544886314, 37.31657350697933], [127.0990574183238, 37.31620712858004], [127.098258081834, 37.315901851829665], [127.09742513592671, 37.31566061595428], [127.0965666004692, 37.31548574356124], [127.09569074149881, 37.315378918295124], [127.09480599169827, 37.31534116864155], [127.09392086927336, 37.3153728580338], [127.09304389601078, 37.31547368135716], [127.09218351530193, 37.315642667884696], [127.09134801091828, 37.315878190616004], [127.09054542731727, 37.31617798192942], [127.08978349224309, 37.31653915539792], [127.08906954236477, 37.31695823355894], [127.08841045266536, 37.31743118137228], [127.0878125702609, 37.31795344504459], [127.08728165328483, 37.318519995848426], [127.08682281542637, 37.31912537851483], [127.08644047665739, 37.31976376373499], [127.0861383206229, 37.32042900426678], [127.08591925910733, 37.32111469410691], [127.08578540392132, 37.32181423016026], [127.08573804648195, 37.32252087581296], [127.08577764528668, 37.323227825798234], [127.08590382140477, 37.323928271730175], [127.08611536203327, 37.32461546767505], [127.08641023208698, 37.3252827951281], [127.08678559371415, 37.32592382676993], [127.0872378335532, 37.32653238838788], [127.08776259747064, 37.327102618365], [127.08835483244832, 37.32762902416269], [127.089008835218, 37.32810653525198], [127.0897183071762, 37.328530551982155], [127.090476415051, 37.328896989914696], [127.09127585673555, 37.32920231919423], [127.09210893165444, 37.32944359857601], [127.09296761498253, 37.32961850378081], [127.09384363499981, 37.329725349903036], [127.09472855283471, 37.32976310765565], [127.09561384382394, 37.32973141329409], [127.09649097970298, 37.329630572124046], [127.09735151083115, 37.32946155555829], [127.09818714765647, 37.3292259917516], [127.09898984063186, 37.3289261499041], [127.09975185780986, 37.32856491838484], [127.0998889051437, 37.32848446796539], [127.10003752717977, 37.32868439421192], [127.10056240316985, 37.32925456786881], [127.10115474479076, 37.32978091002911], [127.10180884774604, 37.33025835077653], [127.10251841246618, 37.330682291137826], [127.10261194916615, 37.330727488247696], [127.10197370275729, 37.330750376290325], [127.10109656080196, 37.330851258054], [127.10023602193458, 37.33102030177465], [127.09940037144851, 37.33125587990167], [127.0985976552073, 37.33155572428064], [127.0978356022319, 37.331916947974165], [127.09712155032659, 37.33233607303669], [127.0964623754572, 37.33280906397696], [127.09586442556055, 37.33333136658686], [127.09533345942097, 37.3338979517645], [127.09487459120247, 37.33450336391021], [127.09449224117076, 37.33514177343158], [127.09419009308114, 37.335807032852564], [127.0939710586434, 37.336492735988], [127.09383724940945, 37.33719227961454], [127.0937899563558, 37.33789892704515], [127.09382963736174, 37.33860587299551], [127.09395591270668, 37.339306309118115], [127.09416756863361, 37.33999348957306], [127.09446256894827, 37.340660796004144], [127.09483807454538, 37.34130180129376], [127.09529047067743, 37.3419103314823], [127.09581540170596, 37.34248052525481], [127.09640781300325, 37.34300689042074], [127.09706199960247, 37.34348435684184], [127.0977716611289, 37.34390832529706], [127.09852996248357, 37.3442747118124], [127.09932959969488, 37.344579987027416], [127.1001628703026, 37.34482121021789], [127.10102174759506, 37.34499605764574], [127.10189795798233, 37.34510284496194], [127.10223841247476, 37.34511734645941], [127.10186230303846, 37.34544586034799], [127.10133129558488, 37.3460124710497], [127.10087240069583, 37.3466179050701], [127.10049003889509, 37.34725633260632], [127.10018789405255, 37.34792160600896], [127.09996887784834, 37.348607318958194], [127.09983510166023, 37.349306868136104], [127.09978785614813, 37.350013516801965], [127.09982759873492, 37.35072045965929], [127.09995394910838, 37.351420888389995], [127.1001656927902, 37.35210805722493], [127.100460792742, 37.35277534791928], [127.10083640889972, 37.35341633350647], [127.10128892545158, 37.35402484021611], [127.10181398559962, 37.35459500695883], [127.10240653347256, 37.35512134180387], [127.10306086278779, 37.35559877490454], [127.10377067179549, 37.35602270736032], [127.1045291239754, 37.35638905554354], [127.10532891390221, 37.35669429046271], [127.10616233764361, 37.3569354717816], [127.10702136701164, 37.357110276165315], [127.10789772695031, 37.35721701967951], [127.10807152151841, 37.35722441261722], [127.10809584458781, 37.35722737511314], [127.10898109318204, 37.357265027977846], [127.10986670216573, 37.35723322892507], [127.11074414020872, 37.357132284269596], [127.11160495475754, 37.35696316642185], [127.11244085352843, 37.35672750451318], [127.11324378444979, 37.35642756868969], [127.11400601328167, 37.356066248226725], [127.1147201981611, 37.355647023675495], [127.1153794603538, 37.355173933311235], [127.11597745052876, 37.35465153420729], [127.1165084099162, 37.3540848583113], [127.11696722575984, 37.35347936394798], [127.11734948052987, 37.35284088321678], [127.11765149442283, 37.35217556579269], [127.11787036074195, 37.35148981967246], [127.11800397381859, 37.35079024943792], [127.11805104920876, 37.35008359263226], [127.11801113597402, 37.34937665486226], [127.11788462093085, 37.348676244252154], [127.11767272483225, 37.34798910588052], [127.11737749052091, 37.34732185683147], [127.11700176317252, 37.34668092248514], [127.11654916282173, 37.3460724746606], [127.11602404943883, 37.345502372205935], [127.11543148089552, 37.344976104606395], [127.11537742162514, 37.34493666531067], [127.11592334411884, 37.34445968602014], [127.11645423146886, 37.34389300899144], [127.1169129850117, 37.343287513450875], [127.11729518781681, 37.34264903150897], [127.11759716058053, 37.34198371285208], [127.11781599700122, 37.34129796548857], [127.11794959169704, 37.34059839401213], [127.11799666039994, 37.33989173597779], [127.11795675223458, 37.339184797004094], [127.11783025396744, 37.338484385226955], [127.11761838618872, 37.33779724573628], [127.11732319146739, 37.3371299956271], [127.11694751459684, 37.33648906028999], [127.11649497512485, 37.335880611553875], [127.11596993243477, 37.33531050827589], [127.11537744371715, 37.33478423994957], [127.11472321523758, 37.33430687387314], [127.11401354737175, 37.333883006385236], [127.11325527393726, 37.33351671863638], [127.11245569640596, 37.333211537320956], [127.11162251362967, 37.332970400745964], [127.11076374775446, 37.33279563056264], [127.10988766703422, 37.33268890943165], [127.10900270628487, 37.33265126483633], [127.10896050450059, 37.33265278057267], [127.10857922808309, 37.33237453279231], [127.10786961314815, 37.33195062861357], [127.10777607175112, 37.331905435642796], [127.10841432645597, 37.33188251635005], [127.1092914711157, 37.33178158036577], [127.11015199898245, 37.33161247073795], [127.11098762053601, 37.3313768165183], [127.11179028637687, 37.33107688777829], [127.11255226481974, 37.330715573724284], [127.11326621641447, 37.33029635484495], [127.1139252646742, 37.32982326936005], [127.11452306232835, 37.32930087429502], [127.11505385246083, 37.328734201557786], [127.11551252394447, 37.328128709441756], [127.1158946606381, 37.327490230024026], [127.11619658387346, 37.326824912966295], [127.1164153878244, 37.32613916626125], [127.11654896742013, 37.325439594496046], [127.11659603853624, 37.3247329352284], [127.11655615027236, 37.32402599408881], [127.11642968920145, 37.3233255792341], [127.11621787555382, 37.32263843578409], [127.11592275137552, 37.32197118087224], [127.11554716077926, 37.32133023993577], [127.11509472248088, 37.32072178485797], [127.11456979488864, 37.320151674557586], [127.11397743408418, 37.31962539859631], [127.11332334510112, 37.31914802434638], [127.11300914372359, 37.3189603171309], [127.11332508064474, 37.31881047839601], [127.11403891477765, 37.318391253350654], [127.11469785361007, 37.3179181619974], [127.11529555092554, 37.31739576141777], [127.11582625077418, 37.31682908357237], [127.11628484289803, 37.31622358680343], [127.11666691191958, 37.31558510323244], [127.1169687798214, 37.31491978256076], [127.11718754130926, 37.31423403281558], [127.1173210917201, 37.31353445861308], [127.11736814720915, 37.312827797534325], [127.11732825702518, 37.31212085522713], [127.1172018077582, 37.311420439859575], [127.11699001952343, 37.31073329655648], [127.1166949341209, 37.31006604245006], [127.11631939528876, 37.30942510297002], [127.11586702124326, 37.30881664998587], [127.11534216977316, 37.308246542396574], [127.1147498962265, 37.30772026973807], [127.11409590479637, 37.307242899351245], [127.11338649357592, 37.30681902761716], [127.11262849391201, 37.30645273572817], [127.11182920464151, 37.30614755041933], [127.11099632184226, 37.305906410036805], [127.11013786477385, 37.30573163626907], [127.10926209871911, 37.30562491181176], [127.10917353994726, 37.30562114332872], [127.10989258194529, 37.305352381193046], [127.11065430862105, 37.304991076364296], [127.11136802610815, 37.30457186579341], [127.11202686017509, 37.30409878761925], [127.11262446561422, 37.30357639879597], [127.11315508736016, 37.303009731170455], [127.11361361590636, 37.30240424298607], [127.1139956364866, 37.30176576628131], [127.11429747154878, 37.301100450691116], [127.11451621611344, 37.30041470419356], [127.11464976567892, 37.299715131373425], [127.114696836407, 37.299008469798466], [127.11465697739793, 37.29830152512136], [127.11453057493989, 37.29760110553323], [127.1143188486958, 37.29691395619982], [127.11402383986733, 37.29624669431177], [127.11364839145398, 37.295605745374125], [127.1131961208004, 37.294997281347996], [127.11267138469907, 37.29442716123911], [127.11207923738667, 37.29390087470454], [127.11142538184068, 37.29342348921927], [127.11130372275764, 37.29335078125308], [127.1121770436973, 37.29331937515539], [127.11305373518465, 37.293218408055786], [127.11391381465705, 37.29304926743452], [127.1147489969168, 37.29281358264133], [127.11555123679891, 37.29251362404139], [127.11631280672356, 37.29215228112779], [127.11702637117735, 37.29173303466604], [127.1176850574036, 37.29125992314031], [127.11828252161916, 37.29073750382554], [127.11881301011913, 37.290170808861774], [127.11927141468024, 37.28956529675518], [127.11965332173011, 37.28892679977406], [127.11995505480944, 37.2882614677481], [127.12017370992014, 37.28757570881311], [127.12030718342088, 37.286876127673175], [127.12035419220472, 37.28616946197574], [127.12031428596701, 37.285462517412824], [127.12018785144915, 37.28476210217419], [127.1199761086212, 37.28407496138349], [127.11968109884288, 37.283407712149014], [127.11930566512137, 37.28276677985401], [127.11913632858975, 37.28253895611848], [127.11925946477028, 37.28252476559741], [127.12011940882812, 37.28235557882078], [127.12095445363846, 37.28211984904918], [127.12175655536144, 37.281819847081046], [127.12251798774905, 37.281458462827025], [127.12323141661362, 37.281039177450616], [127.12388997050519, 37.28056602981049], [127.12448730691582, 37.280043577529035], [127.1250176733719, 37.279476853063436], [127.12547596282573, 37.27887131520349], [127.12585776281342, 37.27823279646503], [127.1261593979064, 37.27756744688678], [127.12622826627886, 37.27735136820452], [127.12689615130748, 37.277327260179916], [127.1277726383787, 37.277226182662446], [127.12863250352851, 37.27705693345546], [127.12946746362564, 37.27682114295495], [127.13026947564704, 37.276521082544434], [127.13103081420961, 37.27615964269752], [127.13168884349068, 37.275772815457756], [127.13235479287172, 37.276094609716935], [127.1331538493952, 37.27639965668973], [127.13398647982868, 37.27664064097504], [127.13484466362988, 37.27681524113849], [127.1350646170145, 37.27684200742541], [127.13512391477165, 37.277034325780185], [127.13541903680378, 37.27770153784682], [127.13579458279798, 37.27834242018499], [127.13624693760985, 37.2789508000194], [127.13677174599174, 37.2795208174839], [127.1373639544911, 37.28004698208727], [127.13801786008933, 37.28052422562475], [127.13872716511472, 37.280947951024174], [127.1394850378999, 37.28131407665503], [127.14028417860062, 37.28161907567232], [127.14111688953999, 37.281860010014924], [127.14197514939951, 37.28203455872967], [127.14285069054026, 37.282141040347405], [127.1437350787064, 37.28217842909451], [127.14461979434088, 37.28214636478309], [127.14549631472624, 37.2820451562842], [127.14635619615623, 37.281875778550365], [127.14719115534297, 37.281639863216284], [127.1479931492728, 37.281339682868534], [127.14875445273782, 37.280978129136635], [127.14946773279418, 37.2805586848169], [127.1501261194274, 37.28008539029914], [127.15072327174289, 37.279562804620454], [127.15125343904245, 37.2789959615225], [127.15171151619876, 37.27839032093715], [127.1520930927947, 37.277751716368876], [127.15239449555503, 37.277086298682065], [127.15261282366372, 37.276400476835796], [127.15262467082694, 37.27633822927009], [127.1526782234011, 37.27634048918955], [127.15356286742829, 37.276308357638776], [127.1544393086092, 37.27620708241454], [127.15529910400123, 37.27603763911238], [127.15613397114618, 37.275801659998805], [127.15693586791785, 37.27550141827492], [127.15769707004513, 37.27513980616143], [127.15841024556119, 37.274720307017], [127.15906852545939, 37.274246961759395], [127.15966556987395, 37.27372432991419], [127.16019562914663, 37.27315744566741], [127.1606535991911, 37.2725517693469], [127.16103507062223, 37.27191313480086], [127.16133637117775, 37.27124769318186], [127.16155460102595, 37.27056185367901], [127.16168766062124, 37.269862221770055], [127.16173427084198, 37.2691555355889], [127.1616939852203, 37.26844860102253], [127.16157928780777, 37.267815030276346], [127.16206658229568, 37.26771895580988], [127.16290133663749, 37.26748292807821], [127.16370311841266, 37.26718263952234], [127.16446420445867, 37.266820982814046], [127.16517726392766, 37.266401441741344], [127.16583542893156, 37.26592805762565], [127.16643236071181, 37.265405390366524], [127.16696231069541, 37.26483847449071], [127.16742017584897, 37.264232770630294], [127.16780154779755, 37.263594112898225], [127.16810275523692, 37.262928652669956], [127.16832089923172, 37.26224279931332], [127.16845388106259, 37.26154315843899], [127.1685004223561, 37.2608364682668], [127.16846007730727, 37.260129534721756], [127.16833323688009, 37.259429165884875], [127.16812112494947, 37.258742106430624], [127.16782578642503, 37.25807497268201], [127.16745006747462, 37.257434188908555], [127.16699758804147, 37.2568259254798], [127.16647270692194, 37.25625603946937], [127.16588047974304, 37.255730018280175], [127.16522661024572, 37.25525292683281], [127.16451739534455, 37.25482935882403], [127.16375966449282, 37.25446339252371], [127.16296071393703, 37.25415855153421], [127.16212823649312, 37.253917770888926], [127.16127024751852, 37.25374336881521], [127.16039500779118, 37.253637024432436], [127.15951094403538, 37.253599761599126], [127.15862656785656, 37.25363193906405], [127.1577503938626, 37.25373324701548], [127.15689085775635, 37.253902710062135], [127.15605623518472, 37.254138696616614], [127.15525456212252, 37.2544389345919], [127.15449355755447, 37.254800533260045], [127.15378054919731, 37.25522001106341], [127.15312240297486, 37.255693329112034], [127.152525456924, 37.25621593004529], [127.15199546016603, 37.256782781885256], [127.15153751753196, 37.25738842646075], [127.1511560403742, 37.25802703193706], [127.15085470404016, 37.25869244894694], [127.15063641241848, 37.259378269783376], [127.15050326990178, 37.260077890085476], [127.15045656103855, 37.26078457242393], [127.15049673807341, 37.26149151117482], [127.15061133338651, 37.262125092814024], [127.15012406082064, 37.26222112033127], [127.14928932552812, 37.262457058275444], [127.14848753754845, 37.26275724942015], [127.14772641697193, 37.26311880348839], [127.14701329263148, 37.263538239352144], [127.14635503156705, 37.264011518525514], [127.14575797292065, 37.26453408402249], [127.14522786689749, 37.265100904206754], [127.14476981938043, 37.26570652121237], [127.14447897668262, 37.26619325804079], [127.14416030182562, 37.265764680657625], [127.14363553209708, 37.265194694831095], [127.14304339516931, 37.26466856066192], [127.14238959391652, 37.264191344158505], [127.14168042459798, 37.263767640221566], [127.14092271622984, 37.26340152842941], [127.14012376484354, 37.26309653378469], [127.13929126326408, 37.262855592799525], [127.13843322708188, 37.262681025244255], [127.1375579175296, 37.26257451183068], [127.13667376200368, 37.262537078043884], [127.1357892729925, 37.262569084277644], [127.13491296618929, 37.262670222368115], [127.13405327857436, 37.26283951855869], [127.1332184872517, 37.26307534286793], [127.1324166298191, 37.26337542477051], [127.13165542703449, 37.26373687504096], [127.13099750284088, 37.26412370344674], [127.13033166429337, 37.26380190150293], [127.12953275200499, 37.26349683561459], [127.12870028040028, 37.26325582033166], [127.12784226478163, 37.26308117613954], [127.12696696618414, 37.26297458448755], [127.12608281189893, 37.262937071613685], [127.12519831440257, 37.2629689986728], [127.12432198946985, 37.26307005826295], [127.12346227425532, 37.26323927738296], [127.1226274461283, 37.263475026793095], [127.12182554304032, 37.26377503668891], [127.12106428618823, 37.264136418538065], [127.12035100571502, 37.26455569287037], [127.11969257016182, 37.26502882275515], [127.11909532034853, 37.265551252644016], [127.11856500831881, 37.2661179522068], [127.11810674193713, 37.26672346473966], [127.11772493567142, 37.26736195968069], [127.11742326803679, 37.26802728872856], [127.11735438326977, 37.268243362536], [127.11668657593574, 37.2682674171959], [127.11643449951347, 37.268296467196926]]], [[[127.08609963619129, 37.30787556436715], [127.08539037778615, 37.307451525756235], [127.08463250928736, 37.30708505536286], [127.08383332827093, 37.306779681640435], [127.08300052977417, 37.30653834474869], [127.08214213224653, 37.30636336826734], [127.0812664003986, 37.3062564368429], [127.08038176569036, 37.30621857998267], [127.0794967452204, 37.306250162151585], [127.0786198597945, 37.30635087926676], [127.07775955195883, 37.30651976162322], [127.07692410478339, 37.30675518322291], [127.07612156217463, 37.30705487741733], [127.07535965148169, 37.30741595871398], [127.074645709138, 37.307834950537305], [127.07398661005318, 37.308307818678], [127.07338870143232, 37.30883001010965], [127.07285774165989, 37.30939649680026], [127.07239884483563, 37.31000182409823], [127.07201643149754, 37.310640163228086], [127.071714186007, 37.3113053673918], [127.07149502100822, 37.31199103093679], [127.07136104930684, 37.31269055102166], [127.07131356344057, 37.31339719118707], [127.07135302314242, 37.3141041462198], [127.0714790508203, 37.31480460768621], [127.07169043510021, 37.3154918295038], [127.07198514240228, 37.316159192919486], [127.07236033644223, 37.31680027026839], [127.07281240547272, 37.317408886898434], [127.0733369970059, 37.317979180663514], [127.07392905968482, 37.31850565841128], [127.07458289190178, 37.31898324892027], [127.0752921966974, 37.31940735177513], [127.07605014241113, 37.31977388170799], [127.07684942849964, 37.320079307977394], [127.07768235588772, 37.32032068840426], [127.07854090117276, 37.320495697735815], [127.07941679396585, 37.32060265006317], [127.08030159662209, 37.320640515075716], [127.08118678558867, 37.320608927995245], [127.0820638335846, 37.32050819309335], [127.08292429181621, 37.320339280758574], [127.08375987143393, 37.32010381814103], [127.08456252344155, 37.31980407346548], [127.08532451628585, 37.31944293416442], [127.08603851037633, 37.31902387904244], [127.08669762881479, 37.31855094474142], [127.0872955236524, 37.31802868683025], [127.08782643703435, 37.31746213589571], [127.08828525664369, 37.31685674905826], [127.08866756490973, 37.31621835738143], [127.08896968150893, 37.315553109682604], [127.0891886987503, 37.31486741328739], [127.08932250950652, 37.314167872299606], [127.08936982742479, 37.313461223981875], [127.08933019922634, 37.312754273860705], [127.08920400897841, 37.31205383018102], [127.08899247430257, 37.311366638341745], [127.08869763455823, 37.31069931594393], [127.08832233111941, 37.31005828907613], [127.0878701799376, 37.3094497304505], [127.08734553665761, 37.308879499984066], [127.08675345462504, 37.30835308839662], [127.08609963619129, 37.30787556436715]]], [[[127.11154197356122, 37.35971952440383], [127.11070850156086, 37.359478380829735], [127.1098494364605, 37.359303603090886], [127.10897304939301, 37.35919687392021], [127.10808777812161, 37.359159220878155], [127.1072021458687, 37.3591910064681], [127.10632467932574, 37.35929192464983], [127.10546382663003, 37.359461003784006], [127.10462787609438, 37.359696615979686], [127.10382487646964, 37.359996492755215], [127.10306255950412, 37.360357746862164], [127.10234826554318, 37.360776900063065], [127.1016888728833, 37.3612499165967], [127.10109073155881, 37.36177224200952], [127.10055960219842, 37.36233884698099], [127.10010060053943, 37.362944275721674], [127.09971814813478, 37.363582698480094], [127.09941592972808, 37.36424796765333], [127.09919685770937, 37.364933676962686], [127.09906304399564, 37.365633223125556], [127.09901577961001, 37.36633986943056], [127.09905552215915, 37.36704681060398], [127.09918189133312, 37.367747238343945], [127.09939367247445, 37.36843440689075], [127.0996888281858, 37.36910169800213], [127.09995392102823, 37.36955399005753], [127.10017176662892, 37.370046482318514], [127.1005474650717, 37.370687467438394], [127.10100008172982, 37.37129597406581], [127.10152525884227, 37.37186614111158], [127.10211793941197, 37.372392476641515], [127.10277241587868, 37.372869910801704], [127.10348238507518, 37.37329384468081], [127.10424100893808, 37.373660194636905], [127.10504098038764, 37.373965431660885], [127.10587459374213, 37.374206615395714], [127.10673381898597, 37.374381422482905], [127.1068826324553, 37.37439954529267], [127.10685982237361, 37.37442387807082], [127.10640079661385, 37.375029329892286], [127.10601833513458, 37.37566777167287], [127.1057161227682, 37.37633305562655], [127.1054970718481, 37.37701877533232], [127.10536329408967, 37.37771832740736], [127.10531608017128, 37.378424975083064], [127.1053558872151, 37.37913191307228], [127.10548233429147, 37.37983233310339], [127.10569420599394, 37.380519489490474], [127.10598946405399, 37.38118676410786], [127.1063652668873, 37.38182773014292], [127.10681799688602, 37.38243621401264], [127.10734329519782, 37.38300635484655], [127.10793610365826, 37.38353266096238], [127.10859071347504, 37.3840100627891], [127.10930082019604, 37.3844339617264], [127.11005958443248, 37.384800274468574], [127.1108596977517, 37.3851054723647], [127.11169345310435, 37.38534661543451], [127.11255281910596, 37.38552138071108], [127.11342951745526, 37.385628084636494], [127.11431510274086, 37.38566569929354], [127.11445551259452, 37.385660654001825], [127.11445805715225, 37.38570574238761], [127.11458459947531, 37.38640615244676], [127.11479657235101, 37.387093292334036], [127.11509193653673, 37.38776054408213], [127.1153390087768, 37.38818180725267], [127.11464935731267, 37.38791878754532], [127.11381556389848, 37.387677665207754], [127.11295617031767, 37.387502909016355], [127.11207945086343, 37.38739620149628], [127.11119384649668, 37.38735856999927], [127.1103078836443, 37.38739037682134], [127.10943009217827, 37.387491315718016], [127.10856892336186, 37.387660414850934], [127.10773266854946, 37.38789604613715], [127.10692937941977, 37.38819594091193], [127.10616679050723, 37.388557211754346], [127.10545224477487, 37.38897638026671], [127.10479262294304, 37.38944941054137], [127.10419427725307, 37.38997174799342], [127.10366297030244, 37.3905383631873], [127.10320381953998, 37.391143800236094], [127.10282124795637, 37.39178222930907], [127.10251894144537, 37.39244750274316], [127.10229981324828, 37.39313321421911], [127.10216597582628, 37.393832760433824], [127.10211872043409, 37.394539404675484], [127.10215850459525, 37.39524634169022], [127.10228494760236, 37.395946763215925], [127.10249683409016, 37.39663392355233], [127.1027921256496, 37.39730120453559], [127.1031679803754, 37.39794217929156], [127.10362078016156, 37.39855067415294], [127.10414616548476, 37.39912082814297], [127.1047390773435, 37.399647149452235], [127.10500203791538, 37.399838897773336], [127.1050256713138, 37.399859876495086], [127.10568040359152, 37.40033729382256], [127.10639064697706, 37.400761209852966], [127.10714956076521, 37.401127541115414], [127.10794983508231, 37.40143275878004], [127.10878376132754, 37.401673922675634], [127.10964330646934, 37.40184870963423], [127.1105201904796, 37.40195543588869], [127.11140596615716, 37.4019930733064], [127.11229210056847, 37.40196125930247], [127.11317005731779, 37.401860300335855], [127.11403137885115, 37.40169116895544], [127.11486776799754, 37.401455494423736], [127.11546539409089, 37.40123237293207], [127.11590012803461, 37.401398139864185], [127.1167340798688, 37.401639247828385], [127.11759364358842, 37.40181397709276], [127.11768310533466, 37.401824859714445], [127.11820521271423, 37.40197579988995], [127.11906478378035, 37.402150518489755], [127.11994168527568, 37.402257174959736], [127.1208274698303, 37.4022947418399], [127.1217136044251, 37.402262857225125], [127.1225915526626, 37.402161828255], [127.12276789691559, 37.40212718664527], [127.12323774424225, 37.40240750829151], [127.12399675751475, 37.40277373186167], [127.12479711860013, 37.403078835885296], [127.1256311180605, 37.40331988128609], [127.12649072215794, 37.40349454603798], [127.12736765029568, 37.403601147551534], [127.1282534548469, 37.403638658896355], [127.12913960259955, 37.40360671870259], [127.13001755702945, 37.40350563464547], [127.13087886060514, 37.403336380479466], [127.13171521632914, 37.40310058665043], [127.13251856772602, 37.402800524576804], [127.13328117650417, 37.40243908475173], [127.13399569714049, 37.40201974887786], [127.13465524766727, 37.401546556304424], [127.13525347597789, 37.40102406509079], [127.1357846210115, 37.40045730807322], [127.1362435682274, 37.399851744358905], [127.1366258988347, 37.39921320671612], [127.13692793230462, 37.39854784536853], [127.13714676175726, 37.39786206873609], [127.13728028188487, 37.39716248169433], [127.13732720914449, 37.39645582194775], [127.13728709402999, 37.39574889513054], [127.13716032530753, 37.39504850926026], [127.13694812617794, 37.39436140917573], [127.1366525424065, 37.3936942115906], [127.13627642253752, 37.39305334138753], [127.13597649090872, 37.39265056797328], [127.13597500985017, 37.392645771945624], [127.1356794413344, 37.391978571815606], [127.13530333822612, 37.39133769842059], [127.13485032418093, 37.39072932299083], [127.13432476315425, 37.390159303675304], [127.13373171732874, 37.389633129156834], [127.13307689833424, 37.389155865828165], [127.13236661223112, 37.38873210903662], [127.13160769878735, 37.38836593886512], [127.13148716841626, 37.388319991819316], [127.1317902975752, 37.38781371677603], [127.13209232710369, 37.387148366480545], [127.13231116652867, 37.386462597532386], [127.13244471044477, 37.38576301473316], [127.13249167507864, 37.38505635574663], [127.13245161056274, 37.384349426199904], [127.13232490517457, 37.38364903413713], [127.13211278150388, 37.38296192445711], [127.13181728458818, 37.38229471396638], [127.13144126213457, 37.38165382767233], [127.13098833702136, 37.38104543692981], [127.1304628723473, 37.3804754000357], [127.12986992936716, 37.379949205842486], [127.12921521872049, 37.37947192093278], [127.12850504542473, 37.37904814086201], [127.12774624816214, 37.3786819459376], [127.12694613344559, 37.378376861958934], [127.12611240529581, 37.37813582629488], [127.12525309110603, 37.37796115962445], [127.12437646440529, 37.37785454361139], [127.12349096526198, 37.377817004727], [127.12335057054936, 37.377822060837076], [127.12334802089127, 37.37777697255467], [127.12322141078573, 37.377076570481485], [127.12300938830909, 37.37638944426293], [127.12271399752397, 37.375722210865305], [127.12233808511532, 37.375081295517184], [127.12188527290188, 37.37447286985374], [127.12135992289541, 37.37390279250856], [127.12076709524699, 37.37337655272412], [127.12011249948634, 37.37289921752234], [127.11940243952529, 37.3724753829432], [127.11864375295575, 37.37210912981913], [127.1178437452257, 37.37180398450998], [127.11701011932672, 37.37156288497513], [127.11615090166845, 37.371388152508466], [127.11600209180898, 37.37137004137225], [127.11602489801975, 37.37134570679651], [127.11648382405069, 37.37074021668482], [127.11686617174614, 37.37010173989091], [127.11716826040904, 37.369436426052346], [127.1173871826241, 37.3687506831317], [127.1175208321861, 37.36805111568036], [127.11756792430174, 37.36734446121487], [127.1175280078735, 37.36663752531959], [127.11740146975073, 37.36593711610068], [127.1171895309107, 37.365249978623176], [127.11689423460959, 37.364582729962294], [127.11662905696829, 37.36413047502095], [127.11641112029129, 37.36363801206938], [127.11603532106695, 37.36299707601307], [127.11558263173016, 37.36238862566472], [127.11505741310927, 37.3618185198962], [127.11446472409008, 37.36129224822418], [127.11381027286768, 37.36081487797818], [127.11310036196275, 37.360391005536044], [127.11234182753257, 37.360024712095154], [127.11154197356122, 37.35971952440383]]], [[[127.11392626915132, 37.60108610265998], [127.11321409271706, 37.60066223542672], [127.11245313534111, 37.60029594398811], [127.11165072432834, 37.59999075506576], [127.11081458579845, 37.59974960703265], [127.10995277033828, 37.59957482164432], [127.1090735755426, 37.59946808170339], [127.10818546618678, 37.59943041487151], [127.1072969927966, 37.59946218378398], [127.10641670939627, 37.59956308256196], [127.10555309122287, 37.599732139755346], [127.10471445319645, 37.59996772768843], [127.10390886992717, 37.600267578118505], [127.10314409802642, 37.600628804057294], [127.10242750146797, 37.60104792754602], [127.10176598071469, 37.60152091311763], [127.10116590629248, 37.60204320662514], [127.10063305744926, 37.60260977906361], [127.1001725664901, 37.60321517496504], [127.09978886932407, 37.60385356490162], [127.09948566270076, 37.60451880159307], [127.09926586854954, 37.60520447907892], [127.09913160576754, 37.60590399438708], [127.09908416973035, 37.60661061110576], [127.09912401972674, 37.60731752424712], [127.09925077444103, 37.608017925778476], [127.09946321553085, 37.60870507019015], [127.099759299269, 37.6093723394684], [127.10013617614139, 37.610013306847264], [127.10059021821498, 37.61062179872487], [127.10111705401526, 37.61119195414678], [127.10171161057988, 37.61171828128273], [127.10236816228502, 37.61219571035132], [127.10308038597532, 37.612619642481896], [127.10384142186733, 37.612985994041324], [127.10464393963879, 37.61329123599761], [127.1054802090674, 37.613532427939695], [127.10634217453591, 37.613707246424646], [127.1072215326848, 37.61381400737797], [127.10810981246115, 37.61385168233051], [127.10899845679, 37.61381990833489], [127.10987890507812, 37.6137189914653], [127.11074267575181, 37.613549903867096], [127.1115814480305, 37.61331427438442], [127.1123871421449, 37.61301437285672], [127.11315199722378, 37.61265308823591], [127.11386864609699, 37.61223390073588], [127.11453018629118, 37.61176084828363], [127.11513024653335, 37.61123848759629], [127.11566304812048, 37.61067185026052], [127.1161234605636, 37.61006639423828], [127.1165070509709, 37.60942795126776], [127.1168101266955, 37.60876267066733], [127.11702977083839, 37.60807696008486], [127.11716387026719, 37.60737742376431], [127.11721113588385, 37.60667079892497], [127.1171711149488, 37.605963890866754], [127.11704419534674, 37.60526350742702], [127.11683160175667, 37.604576393420146], [127.1165353837662, 37.60390916569149], [127.1161583960487, 37.60326824941026], [127.11570427079694, 37.60265981621466], [127.11517738268194, 37.602089724804046], [127.11458280667641, 37.601563464548754], [127.11392626915132, 37.60108610265998]]], [[[127.19782555841164, 37.230123399231644], [127.19694970712575, 37.23022499910294], [127.19609052404286, 37.23039474897742], [127.19525628141426, 37.23063101450698], [127.19445501156024, 37.2309315209191], [127.19369442958711, 37.23129337490139], [127.19356238355817, 37.231371153201984], [127.19292518668408, 37.23118698601991], [127.19206738239201, 37.231012807276976], [127.19119236032512, 37.230906691128375], [127.19030854511323, 37.23086965923647], [127.18942444597057, 37.23090206812771], [127.18854857483998, 37.2310036057633], [127.18768936451097, 37.23117329454134], [127.1868550874969, 37.23140950070172], [127.18605377644853, 37.23170995004332], [127.18529314686829, 37.23207174980309], [127.18458052286537, 37.23249141648693], [127.18392276666583, 37.2329649093856], [127.18356042370725, 37.23328243156738], [127.18316514570559, 37.23309155502943], [127.18236634096156, 37.23278684456374], [127.18153403530565, 37.23254620029288], [127.1806762424416, 37.23237193913212], [127.17980122126008, 37.2322657388451], [127.17891739638254, 37.23222862190387], [127.17803327711624, 37.23226094565332], [127.17715737559759, 37.232362398873946], [127.17629812490829, 37.232532004776246], [127.1754637979497, 37.2327681303977], [127.17466242785281, 37.23306850231236], [127.17390173068775, 37.23343022850245], [127.17318903121357, 37.23384982618215], [127.17253119238207, 37.23432325530662], [127.17193454927178, 37.234845957444875], [127.17140878371949, 37.23540868735537], [127.170787294033, 37.23522893809839], [127.16992949614104, 37.23505459914835], [127.16905445965676, 37.23494831942824], [127.16817060934903, 37.234911122174495], [127.1672864547698, 37.234943365504876], [127.1664105083951, 37.23504473897373], [127.16555120373808, 37.235214266559105], [127.16471681421908, 37.2354503160522], [127.16391537357069, 37.235750614759816], [127.16315459854144, 37.236112271368924], [127.16244181463928, 37.23653180376356], [127.16178388562793, 37.23700517252754], [127.1611871474534, 37.237527819811206], [127.16065734723574, 37.238094713189554], [127.16019958791324, 37.23870039409065], [127.15981827907271, 37.23933903032913], [127.15951709443978, 37.24000447224068], [127.15929893644095, 37.24069031187768], [127.15916590818038, 37.24138994469744], [127.15911929310438, 37.24209663314946], [127.15915954255219, 37.24280357155037], [127.15928627131674, 37.24350395162205], [127.15949826126166, 37.24419102806186], [127.15979347296273, 37.24485818351361], [127.160169065266, 37.245498992312946], [127.16062142257678, 37.24610728239282], [127.16114618961943, 37.24667719475181], [127.16173831333604, 37.247203239911634], [127.16239209152185, 37.24768035081881], [127.16310122773011, 37.248103931679715], [127.16385889191821, 37.24846990225731], [127.16465778625052, 37.24877473720151], [127.16549021542343, 37.24901550003305], [127.16634816083354, 37.249189871452245], [127.16722335787257, 37.24929617169916], [127.16810737560165, 37.24933337674849], [127.16899169803489, 37.249301128182964], [127.16986780624572, 37.24919973664934], [127.1707272605017, 37.24903017886383], [127.1715617816336, 37.248794088195794], [127.17236333085087, 37.248493738920786], [127.1731241872328, 37.24813202429509], [127.17383702214514, 37.24771242866421], [127.17449496986383, 37.247238993874504], [127.17509169372394, 37.24671628031291], [127.17561751119476, 37.246153535370404], [127.1762391020515, 37.246333259427864], [127.17709704244845, 37.24650755301811], [127.17797222418486, 37.24661377379025], [127.17885621646927, 37.24665089848499], [127.17974050356106, 37.246618569459464], [127.18061656687438, 37.246517098135946], [127.18147596710982, 37.246347461999605], [127.18231042561911, 37.24611129517486], [127.18311190421574, 37.245810872671065], [127.18387268266011, 37.24544908845011], [127.18458543306953, 37.24502942752791], [127.18524329053491, 37.24455593237968], [127.18560568077987, 37.24423840587048], [127.1860010230011, 37.24442927419978], [127.18679996507952, 37.24473396018227], [127.18763242147772, 37.24497456764072], [127.18849037332912, 37.24514877877283], [127.18936555596282, 37.24525491536345], [127.19024953857851, 37.2452919549646], [127.19113380552871, 37.245259540753594], [127.19200983842182, 37.24515798497368], [127.19286919825188, 37.24498826592401], [127.19370360676038, 37.24475201852803], [127.19450502624314, 37.24445151857151], [127.19526573703081, 37.2440896607626], [127.1953978036011, 37.24401188082141], [127.19603511432392, 37.244196034809455], [127.19689307713057, 37.24437018513138], [127.19776826298597, 37.24447625964531], [127.19865224105862, 37.244513236501604], [127.19953649574487, 37.24448075948231], [127.20041250877132, 37.24437914143598], [127.2012718413237, 37.24420936126189], [127.20210621540662, 37.24397305447256], [127.20290759364804, 37.243672497426076], [127.20332445362175, 37.24347416277622], [127.20401197374069, 37.24388448467036], [127.20476979549535, 37.244250194435075], [127.20518050929756, 37.24440674643202], [127.20516601119644, 37.24462858069225], [127.20520669203715, 37.24533550506751], [127.20533385134922, 37.2460358374818], [127.20554626684881, 37.24672283308894], [127.20584189501167, 37.2473898753089], [127.20621789067063, 37.248030539565725], [127.20667063434314, 37.2486386551827], [127.20719576702903, 37.24920836483726], [127.20778823214498, 37.24973418100243], [127.20844232419394, 37.25021103882969], [127.20915174370208, 37.25063434496286], [127.20990965789414, 37.25100002181136], [127.21070876652279, 37.251304546854946], [127.211541372217, 37.25154498660043], [127.21239945467026, 37.25171902486153], [127.21327474795216, 37.25182498508903], [127.21415882019531, 37.25186184653463], [127.21504315488806, 37.25182925409267], [127.21591923298588, 37.25172752172422], [127.21677861504728, 37.251557629430415], [127.2176130226, 37.25132121380443], [127.21841441794999, 37.25102055225335], [127.21917508166145, 37.25065854104263], [127.21988768695941, 37.25023866737534], [127.22054537033523, 37.249764975776294], [127.22114179767414, 37.24924202910606], [127.22167122526629, 37.24867486458144], [127.22212855511363, 37.248068945227715], [127.22250938400025, 37.247430107231295], [127.22281004585479, 37.246764503701264], [127.22302764699809, 37.24607854538287], [127.22316009393951, 37.24537883889464], [127.22320611345665, 37.244672123085245], [127.2231652647681, 37.243965204123484], [127.22303794368584, 37.24326488994694], [127.2228253787104, 37.24257792470092], [127.22252961911032, 37.241910923798685], [127.22215351510384, 37.24127031022835], [127.22170069033726, 37.24066225271882], [127.2211755069271, 37.24009260635961], [127.22058302340605, 37.23956685624528], [127.21992894597841, 37.23909006468605], [127.2192195735561, 37.23866682249147], [127.21846173710497, 37.23830120479501], [127.21805102857795, 37.23814469872364], [127.21806548756075, 37.23792286247977], [127.21802469012874, 37.237215941150914], [127.21789742759037, 37.23651562089115], [127.21768492788176, 37.23582864590468], [127.21738923964242, 37.235161631698986], [127.217013212403, 37.234521001390625], [127.21656046907033, 37.23391292387008], [127.21603537097677, 37.23334325441993], [127.21544297583355, 37.23281747835742], [127.21478898899427, 37.23234065824294], [127.21407970849901, 37.2319173851612], [127.21332196442896, 37.23155173454334], [127.21252305315507, 37.23124722695349], [127.21169066711292, 37.23100679421658], [127.2108328207788, 37.23083275121205], [127.2099577735571, 37.230726773604054], [127.20907395031925, 37.23068988172175], [127.20818986035673, 37.23072243074425], [127.20731401552408, 37.23082410728426], [127.2064548483581, 37.23099393240316], [127.20562063095727, 37.23123027102872], [127.20481939539948, 37.23153084768493], [127.2044026052807, 37.23172918830014], [127.2037151929651, 37.23131886830147], [127.20295750536417, 37.230953151574404], [127.20215864254426, 37.2306485742451], [127.20132629647526, 37.23040806880978], [127.20046848124909, 37.230233950847555], [127.19959345597103, 37.230127896743966], [127.19870964530173, 37.23009092756436], [127.19782555841164, 37.230123399231644]]], [[[127.22424288799039, 37.253398624674126], [127.22353335765436, 37.2529754087031], [127.22277535733329, 37.25260981882954], [127.22197618586404, 37.25230537503218], [127.22114353818574, 37.2520650085214], [127.2202854312918, 37.25189103353873], [127.2194101270933, 37.25178512509339], [127.2185260529339, 37.25174830284874], [127.2176417205189, 37.251780921313674], [127.21676564403539, 37.25188266643274], [127.21590625824895, 37.25205255860757], [127.21507183736168, 37.252288962120964], [127.21427041540971, 37.25258960087288], [127.21350970896394, 37.252951580277696], [127.2127970428751, 37.253371415112646], [127.21213927977625, 37.25384506305024], [127.21154275402017, 37.254367963553136], [127.21101321068619, 37.254935081758035], [127.2105557502439, 37.25554095692754], [127.21017477940688, 37.2561797550046], [127.20987396865063, 37.256845324764996], [127.20965621680568, 37.257531257028084], [127.20952362306883, 37.25823094635693], [127.209477466705, 37.25893765465432], [127.20951819463829, 37.259644576043044], [127.20964541705524, 37.26034490240594], [127.20975506935716, 37.26069940649691], [127.2093906932738, 37.26083606091417], [127.20862988049639, 37.261198008010766], [127.2079171095238, 37.26161781244126], [127.20725924399855, 37.26209143217118], [127.20666261925916, 37.26261430693511], [127.2061329813379, 37.263181402117944], [127.2056754316151, 37.26378725720431], [127.20529437766422, 37.26442603833098], [127.20499349076144, 37.26509159443736], [127.20477567047105, 37.26577751647471], [127.20464301664971, 37.26647719910493], [127.20459680914175, 37.2671839042957], [127.20463749536479, 37.26789082619998], [127.20476468590805, 37.26859115669591], [127.20497715818954, 37.26927815095562], [127.2052728681406, 37.269945192411704], [127.20564896980846, 37.27058585649511], [127.20610184269152, 37.271193972530206], [127.20662712654656, 37.27176368318972], [127.2072197633352, 37.27228950093626], [127.20787404590756, 37.27276636090529], [127.2085836729547, 37.27318966971925], [127.20934180970197, 37.27355534976093], [127.21014115375745, 37.27385987847867], [127.21097400548122, 37.274100322343216], [127.21183234219534, 37.274274365128164], [127.21270789551834, 37.27438033024028], [127.21359223107594, 37.27441719688396], [127.21447682981795, 37.2743846099034], [127.21535317015417, 37.27428288320707], [127.21621281011507, 37.27411299674171], [127.21704746874221, 37.27387658704469], [127.21784910592139, 37.27357593146648], [127.21860999988616, 37.273213926215575], [127.21932282164268, 37.2727940584383], [127.21998070559687, 37.27232037260355], [127.22057731570193, 37.271797431517086], [127.221106906488, 37.2712302723428], [127.22156437838619, 37.27062435805517], [127.22194532681372, 37.269985524792496], [127.22224608454968, 37.269319925618944], [127.22246375699348, 37.26863397123831], [127.22259624997027, 37.26793426823161], [127.22264228981679, 37.26722755541424], [127.22260143555854, 37.266520638926316], [127.22247408306386, 37.26582032668153], [127.22236436379949, 37.26546583440202], [127.22272873905776, 37.26532914015864], [127.22348952662945, 37.264967102607976], [127.22420224345075, 37.26454720443969], [127.22486002493889, 37.26407349041508], [127.22545653603443, 37.26355052361124], [127.22598603222141, 37.26298334143931], [127.22644341484215, 37.26237740709497], [127.22682428017364, 37.26173855690928], [127.22712496179493, 37.261072944109], [127.22734256583803, 37.26038697952874], [127.22747499878616, 37.259687269847376], [127.22752098755336, 37.258980553944255], [127.22748009165616, 37.258273637988886], [127.22735270736285, 37.25757332988961], [127.22714006378423, 37.256886373732854], [127.22684421094718, 37.25621938484388], [127.22646799996893, 37.25557878609462], [127.22601505552673, 37.254970746070676], [127.22548974089014, 37.25440111969263], [127.22489711585573, 37.25387539186209], [127.22424288799039, 37.253398624674126]]], [[[127.49673819578129, 37.255205469709345], [127.49608224125282, 37.25473020309393], [127.49537117550807, 37.25430861478984], [127.49461184579455, 37.25394476400659], [127.49381156372876, 37.253642153981595], [127.49297803492519, 37.253403698274525], [127.49211928484627, 37.25323169273651], [127.49124358158477, 37.25312779342325], [127.49035935631973, 37.25309300066358], [127.48947512220882, 37.2531276494364], [127.4885993924947, 37.25323140614843], [127.4877405986107, 37.25340327184309], [127.48690700907052, 37.253641591810535], [127.48610664992034, 37.25394407150604], [127.48534722751565, 37.254307798624396], [127.48463605436389, 37.254729271118634], [127.4839799787453, 37.25520443089423], [127.48338531878709, 37.25572870285563], [127.48285780162591, 37.25629703893024], [127.48240250824321, 37.25690396664763], [127.48202382450572, 37.25754364180707], [127.48172539888321, 37.25820990472802], [127.48151010725286, 37.25889633954266], [127.48138002513073, 37.2595963359609], [127.48133640760139, 37.26030315291357], [127.48137967714146, 37.26100998346197], [127.48150941945809, 37.26171002034865], [127.48172438738597, 37.262396521558635], [127.48202251280888, 37.263062875259294], [127.48240092649436, 37.26370266349321], [127.48285598565387, 37.26430972400999], [127.48338330896541, 37.26487820964046], [127.48397781872397, 37.26540264464057], [127.48463378971537, 37.26587797746109], [127.48534490434406, 37.266299629433384], [127.48610431348384, 37.266663538901206], [127.48690470246596, 37.26696620037194], [127.48773836156721, 37.267204698308866], [127.48859726031785, 37.26737673523799], [127.4894731249118, 37.26748065389727], [127.49035751797004, 37.26751545321444], [127.49124191988675, 37.267480797958534], [127.49211781097054, 37.26737702197204], [127.4929767535868, 37.26720512495219], [127.49381047350606, 37.266966762812686], [127.49461093967177, 37.266664231718885], [127.49537044161595, 37.2663004459512], [127.49608166377442, 37.26587890981045], [127.49673775598369, 37.26540368383708], [127.49733239947894, 37.264879345670586], [127.49785986775619, 37.26431094592776], [127.49831508171263, 37.2637039595258], [127.4986936585338, 37.263064232920634], [127.49899195385862, 37.26239792776982], [127.49920709681723, 37.26171146156406], [127.49933701760695, 37.2610114457998], [127.49938046734307, 37.26030462228965], [127.49933702999719, 37.25959779822433], [127.49920712631089, 37.25889778061213], [127.49899200965076, 37.25821131072731], [127.4986937538488, 37.25754499919873], [127.49831523314775, 37.25690526236309], [127.49786009444875, 37.25629826049564], [127.49733272213051, 37.255729838511684], [127.49673819578129, 37.255205469709345]]], [[[127.44791814381318, 37.25871033749137], [127.44720730936656, 37.25828846036831], [127.44644817167399, 37.257924301074695], [127.4456480405065, 37.257621365817656], [127.4448146200287, 37.2573825712872], [127.44395593466223, 37.25721021659541], [127.44308025187846, 37.25710596115803], [127.44219600266011, 37.25707080873098], [127.44131170039547, 37.25710509775428], [127.44043585898274, 37.25720849809651], [127.43957691092905, 37.25738001423068], [127.43874312623034, 37.25761799481105], [127.43794253280893, 37.257920148559364], [127.43718283927262, 37.25828356630788], [127.43647136073571, 37.2587047489879], [127.43581494841489, 37.25917964129531], [127.4352199236754, 37.25970367071028], [127.43469201716236, 37.26027179149649], [127.43423631360264, 37.26087853325774], [127.43385720280926, 37.26151805358556], [127.4335583373616, 37.26218419429233], [127.43334259736997, 37.262870540689406], [127.43321206266668, 37.2635704833406], [127.43316799269401, 37.26427728169719], [127.43321081428581, 37.26498412900222], [127.43334011746418, 37.26568421783959], [127.43355465929476, 37.2663708056965], [127.43385237576744, 37.26703727990819], [127.43423040159149, 37.267677221358646], [127.43468509771755, 37.26828446632352], [127.43521208632409, 37.26885316585842], [127.43580629293409, 37.269377842159976], [127.4364619952575, 37.26985344135519], [127.43717287829068, 37.27027538220971], [127.43793209514223, 37.27063960028429], [127.43873233299897, 37.27094258711284], [127.43956588359643, 37.271181424023524], [127.44042471751239, 37.271353810275606], [127.44130056156689, 37.27145808524047], [127.44218497857968, 37.27149324441181], [127.44306944871414, 37.27145894909038], [127.44394545162105, 37.27135552964967], [127.44480454858703, 37.2711839823506], [127.44563846389362, 37.27094595973656], [127.4464391645992, 37.27064375470114], [127.44719893797324, 37.270280278383], [127.44791046583319, 37.26985903210165], [127.44856689506697, 37.26938407360538], [127.4491619036594, 37.2688599779576], [127.44968976158586, 37.26829179343993], [127.45014538598664, 37.26768499289774], [127.45052439009073, 37.267045420998386], [127.45082312541876, 37.266379237911394], [127.4510387168609, 37.26569285995405], [127.45116909029346, 37.26499289777536], [127.45121299247172, 37.26428609267449], [127.45117000301006, 37.263579251667565], [127.45104053833754, 37.262879181928675], [127.45082584759466, 37.26219262523667], [127.45052800051414, 37.26152619305865], [127.45014986740587, 37.260886302895294], [127.44969509144212, 37.26027911650005], [127.44916805351251, 37.25971048056647], [127.44857382998953, 37.259185870453784], [127.44791814381318, 37.25871033749137]]], [[[127.57622333838773, 37.288089521633715], [127.57551151241012, 37.28766841771414], [127.5747514624425, 37.28730508361208], [127.57395050702922, 37.2870030175901], [127.57311635826098, 37.28676512797079], [127.5722570475628, 37.28659370515628], [127.5713808484194, 37.28649039959369], [127.57049619677937, 37.28645620589767], [127.56961160990188, 37.286491453282174], [127.56873560442376, 37.28659580239349], [127.56787661443241, 37.28676824857457], [127.56704291033033, 37.28700713152964], [127.56624251926874, 37.287310151296275], [127.56548314791384, 37.287674390371826], [127.56477210828638, 37.288096341782044], [127.56411624738682, 37.288571942822585], [127.56352188128184, 37.28909661414987], [127.56299473428612, 37.289665303845894], [127.56253988382471, 37.29027253603446], [127.56216171150746, 37.29091246358155], [127.56186386088737, 37.29157892437403], [127.56164920231194, 37.292265500635786], [127.56151980520781, 37.29296558071105], [127.56147691806845, 37.293672422721095], [127.56152095634116, 37.29437921948153], [127.56165149833302, 37.29507916405576], [127.56186728917896, 37.295765515313185], [127.56216625283757, 37.29643166286083], [127.56254551200198, 37.297071190722455], [127.56300141573769, 37.29767793915142], [127.56352957458417, 37.29824606398102], [127.5641249027835, 37.29877009293949], [127.56478166723228, 37.29924497838642], [127.56549354268539, 37.29966614596093], [127.56625367268106, 37.30002953867196], [127.56705473559956, 37.300331656004616], [127.56788901521881, 37.30056958766451], [127.56874847508521, 37.300741041633884], [127.56962483598167, 37.30084436626837], [127.57050965574346, 37.30087856622036], [127.5713944106506, 37.30084331203555], [127.57227057760898, 37.30073894332893], [127.57312971632562, 37.30056646551062], [127.57396355068259, 37.30032754009217], [127.57476404852298, 37.30002446866785], [127.57552349907724, 37.29966017072549], [127.57623458728096, 37.29923815550156], [127.57689046426697, 37.298762488152725], [127.57748481335035, 37.2982377505708], [127.57801191087059, 37.29766899721983], [127.57846668130391, 37.29706170642231], [127.57884474611598, 37.29642172756452], [127.57914246588507, 37.295755224731465], [127.57935697529226, 37.295068617314854], [127.57948621064335, 37.2943685181677], [127.57952892966097, 37.293661669901674], [127.57948472335859, 37.29295487994155], [127.57935401988648, 37.29225495496262], [127.57913808031522, 37.29156863534242], [127.57883898640175, 37.290902530258165], [127.57845962045853, 37.29026305405422], [127.57800363752345, 37.28965636449205], [127.57747543010073, 37.28908830347617], [127.57688008581493, 37.288564340825964], [127.57622333838773, 37.288089521633715]]], [[[127.41098000337803, 37.31003566597769], [127.41026889316905, 37.30961357037491], [127.40950941866072, 37.309249176949216], [127.40870889286802, 37.30894599416008], [127.40787502375483, 37.30870694107867], [127.40701584006099, 37.30853431930429], [127.40613961405319, 37.30842979082222], [127.40525478194087, 37.30839436201542], [127.4043698627202, 37.30842837398338], [127.40349337622442, 37.30853149926103], [127.40263376116631, 37.30870274496886], [127.40179929395832, 37.30894046236456], [127.4009980090887, 37.30924236270403], [127.40023762181755, 37.309605539260055], [127.3995254539343, 37.310026495287325], [127.39886836328913, 37.310501177665635], [127.39827267777582, 37.311025015898466], [127.39774413440014, 37.31159296609264], [127.39728782402065, 37.31219955949717], [127.39690814229421, 37.31283895513491], [127.39660874729971, 37.31350499602173], [127.39639252424976, 37.31419126843304], [127.39626155763251, 37.314891163647864], [127.39621711105474, 37.31559794157679], [127.39625961498295, 37.31630479566186], [127.39638866250496, 37.317004918423486], [127.39660301315548, 37.3176915670237], [127.39690060477264, 37.318358128213674], [127.3972785732752, 37.31899818204026], [127.39773328017247, 37.31960556369675], [127.39826034754522, 37.32017442292179], [127.39885470016307, 37.32069928037295], [127.39951061433402, 37.321175080431125], [127.40022177301712, 37.32159723992556], [127.40098132666793, 37.321961692309074], [127.40178195923001, 37.32226492685652], [127.4026159586364, 37.322504022507665], [127.40347529114021, 37.32267667602727], [127.40435167875602, 37.3227812242101], [127.4052366790639, 37.32281665991613], [127.40612176660404, 37.322782641780705], [127.40699841507475, 37.32267949750594], [127.40785817953864, 37.322508220701366], [127.40869277784172, 37.322270461304335], [127.40949417045778, 37.321968509673034], [127.41025463798609, 37.32160527450581], [127.41096685555304, 37.32118425480035], [127.41162396339904, 37.32070950612397], [127.41221963296937, 37.32018560152102], [127.41274812787093, 37.31961758743519], [127.41320435910794, 37.31901093507282], [127.41358393406503, 37.3183714876768], [127.41388319876631, 37.31770540422025], [127.41409927300631, 37.31701910006369], [127.41423007801552, 37.31631918514813], [127.41427435639775, 37.315612400319964], [127.41423168415008, 37.31490555240236], [127.41410247465313, 37.314205448637836], [127.41388797459685, 37.31351883113437], [127.4135902518846, 37.312852311945704], [127.41321217563559, 37.31221230941095], [127.41275738848117, 37.311604986365666], [127.41223027142472, 37.31103619081883], [127.411635901606, 37.31051139966572], [127.41098000337803, 37.31003566597769]]], [[[127.35199481633406, 37.344969192802715], [127.35128370850062, 37.34454674520665], [127.35052416887221, 37.34418197520286], [127.34972351109404, 37.343878394874785], [127.34888944440273, 37.343638927119116], [127.34802999944131, 37.3434658775254], [127.34715345099161, 37.34336091219555], [127.34626823836605, 37.3433250417161], [127.34538288422168, 37.343358611436706], [127.34450591257561, 37.34346129814818], [127.34364576680726, 37.343632113191894], [127.34281072843369, 37.34386941197069], [127.34200883743699, 37.3441709097702], [127.34124781490753, 37.34453370373872], [127.34053498874567, 37.344954300814976], [127.33987722313448, 37.34542865133587], [127.33928085246198, 37.34595218800171], [127.33875162032716, 37.346519869825116], [127.33829462421748, 37.34712623064176], [127.33791426639068, 37.347765431717065], [127.33761421143515, 37.34843131794368], [127.33739735091892, 37.34911747708976], [127.33726577547031, 37.34981730152864], [127.33722075456173, 37.35052405185602], [127.3372627241945, 37.35123092178315], [127.33739128260672, 37.351931103681075], [127.33760519404903, 37.35261785414507], [127.33790240059587, 37.35328455894771], [127.33828004188122, 37.35392479675451], [127.33873448257269, 37.35453240098811], [127.33926134732184, 37.35510151924412], [127.33985556285623, 37.3556266696853], [127.34051140681015, 37.356102793869994], [127.34122256282417, 37.356525305504434], [127.34198218138371, 37.35689013464801], [127.34278294581033, 37.35719376694455], [127.34361714276889, 37.357433277500256], [127.34447673661029, 37.35760635908082], [127.34535344683131, 37.35771134435507], [127.34623882790281, 37.35774722197001], [127.34712435069439, 37.35771364630179], [127.34800148470794, 37.357610940788156], [127.34886178032437, 37.35744009481029], [127.34969695026803, 37.357202754154144], [127.35049894950066, 37.35690120514341], [127.35126005277242, 37.35653835259779], [127.35197292908012, 37.35611769182965], [127.35263071231357, 37.35564327494973], [127.35322706740756, 37.35511967180788], [127.35375625136176, 37.35455192594609], [127.3542131685403, 37.353945505989664], [127.35459341971868, 37.35330625294591], [127.35489334440695, 37.35264032391927], [127.3551100560432, 37.35195413278633], [127.3552414697205, 37.35125428840308], [127.35528632218318, 37.350547530940204], [127.35524418390317, 37.349840666960674], [127.35511546312351, 37.3491405038649], [127.35490140183309, 37.34845378433504], [127.35460406371618, 37.347787121409766], [127.35422631419492, 37.3471469348142], [127.35377179276111, 37.346539389157684], [127.35324487786615, 37.345970334593574], [127.35265064470947, 37.3454452505114], [127.35199481633406, 37.344969192802715]]], [[[127.30562968957246, 37.367826614715234], [127.30491862764198, 37.367403890150264], [127.3041590837666, 37.367038823836964], [127.30335837163506, 37.36673493071049], [127.30252420100922, 37.36649513667767], [127.3016646035338, 37.366321750467776], [127.30078785545909, 37.36621644142186], [127.29990239801865, 37.36618022343397], [127.29901675622504, 37.36621344519774], [127.29813945686237, 37.36631578685253], [127.29727894646228, 37.36648626306051], [127.29644351004889, 37.36672323248579], [127.29564119143271, 37.36702441358434], [127.29487971581712, 37.36738690655343], [127.29416641546068, 37.367807221230066], [127.29350815910819, 37.36828131067076], [127.29291128586905, 37.36880461009074], [127.29238154417801, 37.36937208078844], [127.29192403642635, 37.36997825863429], [127.29154316979663, 37.37061730665774], [127.29124261377542, 37.371283071227666], [127.29102526475566, 37.371969141286364], [127.29089321807047, 37.37266891006776], [127.29084774773187, 37.3733756387063], [127.29088929407169, 37.37408252112476], [127.29101745940771, 37.37478274957639], [127.29123101178011, 37.3754695802104], [127.29152789672577, 37.37613639802916], [127.29190525698088, 37.37677678061132], [127.29235945992471, 37.377384559986304], [127.29288613250364, 37.37795388206353], [127.29348020330112, 37.37847926304284], [127.29413595135, 37.378955642261886], [127.29484706121863, 37.3793784309697], [127.29560668384038, 37.37974355655581], [127.29640750250033, 37.38004750180725], [127.29724180334277, 37.38028733881399], [127.29810154971887, 37.38046075719537], [127.29897845965613, 37.38056608637395], [127.29986408570072, 37.38060231168207], [127.30074989636074, 37.380569084144696], [127.30162735836258, 37.38046672384439], [127.30248801892452, 37.38029621683551], [127.30332358725177, 37.38005920563762], [127.3041260144645, 37.379757973400025], [127.30488757118594, 37.379395421890706], [127.30560092204077, 37.37897504352236], [127.30625919634346, 37.37850088768604], [127.3068560542949, 37.37797752171815], [127.30738574804776, 37.37740998687758], [127.30784317705304, 37.37680374975893], [127.3082239371544, 37.37616464961054], [127.30852436295896, 37.37549884206667], [127.30874156307807, 37.374812739836486], [127.30887344790071, 37.37411295092242], [127.30891874963515, 37.373406214963666], [127.30887703442895, 37.37269933831881], [127.30874870645374, 37.371999128512684], [127.30853500391952, 37.371312328679586], [127.30823798705998, 37.370645552633434], [127.30786051820837, 37.370005221190304], [127.30740623415866, 37.36939750035554], [127.30687951108135, 37.36882824197006], [127.30628542233363, 37.36830292738633], [127.30562968957246, 37.367826614715234]]], [[[127.25897488929661, 37.39341236062663], [127.2582638498738, 37.39298935745034], [127.25750427632188, 37.39262399297464], [127.25670348261794, 37.392319785004155], [127.25586917931099, 37.392079662475524], [127.25500939932397, 37.39190593727902], [127.25413242066436, 37.39180028201762], [127.25324668678476, 37.3917637139168], [127.25236072535732, 37.391796585039366], [127.25148306624102, 37.391898578898974], [127.2506221594278, 37.39206871350503], [127.24978629375472, 37.39230535080958], [127.248983517161, 37.39260621246562], [127.24822155925519, 37.39296840174585], [127.24750775693514, 37.39338843141148], [127.24684898377465, 37.393862257263976], [127.24625158385545, 37.394385317057605], [127.24572131068035, 37.39495257439971], [127.24526327175565, 37.39555856721705], [127.24488187937682, 37.39619746032298], [127.2445808080922, 37.39686310158068], [127.24436295925646, 37.397549081122555], [127.24423043301678, 37.39824879305702], [127.24418450800515, 37.3989554990687], [127.2442256289348, 37.39966239330097], [127.24435340222387, 37.400362667895855], [127.2445665996924, 37.4010495785604], [127.24486317030006, 37.401716509528136], [127.24524025981547, 37.4023570372895], [127.24569423823074, 37.40296499247673], [127.24622073466, 37.40353451930652], [127.24681467938831, 37.40406013200679], [127.24747035266738, 37.404536767682934], [127.24818143978993, 37.40495983511308], [127.24894109191176, 37.405325259000875], [127.24974199203639, 37.40562951925853], [127.25057642552515, 37.405869684940065], [127.25143635445224, 37.40604344249684], [127.25231349508653, 37.40614911808229], [127.2531993977508, 37.40618569368989], [127.2540855282866, 37.40615281696837], [127.25496335033623, 37.40605080461925], [127.2558244076463, 37.40588063934363], [127.25666040559626, 37.405643960368096], [127.25746329116353, 37.40534304764105], [127.25822533055177, 37.40498079985243], [127.25893918373184, 37.404560706489434], [127.25959797517537, 37.4040868141985], [127.26019536009808, 37.403563687778515], [127.26072558557347, 37.402996366182556], [127.26118354592823, 37.40239031395313], [127.26156483188636, 37.401751368560014], [127.26186577298915, 37.401085684149436], [127.26208347288485, 37.40039967224728], [127.26221583714988, 37.399699939988786], [127.26226159337683, 37.39899322647031], [127.26222030333884, 37.398286337836986], [127.26209236711641, 37.397586081731625], [127.26187901915104, 37.396899201736645], [127.26158231626651, 37.396232312439885], [127.26120511777755, 37.39559183574952], [127.26075105787986, 37.39498393907069], [127.26022451059056, 37.394414475938255], [127.25963054757922, 37.39388892967643], [127.25897488929661, 37.39341236062663]]], [[[127.20918170898265, 37.403161003836644], [127.20847085958037, 37.40273770270214], [127.20771143171865, 37.40237201955757], [127.20691073797525, 37.40206747527493], [127.20607648793941, 37.40182700202773], [127.2052167140233, 37.40165291508146], [127.20433969417714, 37.401546890520386], [127.20345387225049, 37.40150994912375], [127.20256777676285, 37.40154244654661], [127.20168993886259, 37.40164406989879], [127.20082881026097, 37.40181384075535], [127.19999268192774, 37.40205012456911], [127.19918960432776, 37.40235064639543], [127.198427309964, 37.40271251277824], [127.1977131389698, 37.40313223958737], [127.19705396846456, 37.40360578554049], [127.19645614635175, 37.40412859108749], [127.19592543019549, 37.40469562228483], [127.19546693176396, 37.405301419238256], [127.19508506777422, 37.40594014864904], [127.19478351731348, 37.406605659958814], [127.19456518634894, 37.40729154455385], [127.1944321796697, 37.407991197459495], [127.19438578053439, 37.408697880931676], [127.19442643822285, 37.40940478933363], [127.19455376361618, 37.41010511467363], [127.19476653285038, 37.4107921121726], [127.19506269901245, 37.411459165230156], [127.19543941177004, 37.412099849162864], [127.19589304474803, 37.41270799310047], [127.19641923039214, 37.41327773944294], [127.1970129019853, 37.413803600304675], [127.19766834241467, 37.41428051040109], [127.19837923922006, 37.41470387586687], [127.1991387453944, 37.41506961853437], [127.19993954535046, 37.41537421524413], [127.20077392541725, 37.415614731807935], [127.20163384818566, 37.41578885129563], [127.2025110299851, 37.41589489637243], [127.20339702074227, 37.41593184547066], [127.2042832854496, 37.415899342639314], [127.20516128645569, 37.415797700976384], [127.20602256578121, 37.4156278996105], [127.20685882666419, 37.415391574261314], [127.20766201354597, 37.415091001469634], [127.2084243897239, 37.4147290766501], [127.20913861192061, 37.414309286178565], [127.20979780104899, 37.413835673783886], [127.21039560848989, 37.41331280156947], [127.21092627724305, 37.41274570604087], [127.21138469736194, 37.41213984956452], [127.21176645513904, 37.41150106772662], [127.21206787556879, 37.410835513100245], [127.21228605768107, 37.41014959596377], [127.212418902407, 37.409449922542414], [127.21246513271183, 37.408743231368646], [127.21242430580368, 37.40803632837519], [127.2122968173045, 37.40733602134592], [127.21208389734642, 37.40664905435625], [127.21178759863459, 37.40598204283412], [127.21141077659523, 37.40534140986678], [127.21095706180303, 37.4047333243659], [127.21043082495645, 37.404163641685834], [127.20983713474013, 37.40363784726565], [127.20918170898265, 37.403161003836644]]], [[[127.13444719077847, 37.40624793671711], [127.1337367363744, 37.405824188482384], [127.13297764452422, 37.405458027208425], [127.13217722457587, 37.40515297836983], [127.13134318348726, 37.40491197899652], [127.13048355166258, 37.40473734941767], [127.12960660568677, 37.40463077093959], [127.12872078869981, 37.40459326967209], [127.12783462917396, 37.404625206657876], [127.12695665887341, 37.4047262744], [127.12609533078208, 37.4048954998203], [127.12525893778722, 37.40513125362081], [127.1244555328978, 37.40543126595803], [127.12369285176298, 37.40579264827994], [127.12297823823441, 37.40621192111626], [127.12231857368636, 37.40668504755548], [127.12172021077303, 37.40720747208732], [127.12118891225957, 37.40777416443809], [127.12072979551577, 37.40837966797811], [127.12034728320718, 37.40901815223639], [127.1200450606593, 37.409683469018226], [127.11982604030749, 37.41036921158659], [127.11969233357696, 37.411068776338325], [127.11964523046635, 37.411775426382356], [127.11968518703482, 37.41248235640801], [127.11981182091661, 37.413182758219484], [127.12002391490965, 37.41386988630523], [127.12031942860767, 37.41453712281086], [127.12069551796664, 37.41517804128945], [127.12114856262087, 37.41578646861455], [127.12167420068843, 37.416356544458836], [127.12226737073277, 37.4168827777646], [127.1229223604784, 37.417360099660726], [127.12363286181258, 37.417783912315606], [127.12439203154369, 37.41815013325362], [127.12519255733089, 37.41845523470727], [127.12602672814893, 37.41869627762466], [127.12688650860821, 37.41887094000331], [127.12776361641181, 37.41897753927637], [127.12864960220084, 37.419015048534916], [127.12953593101604, 37.41898310642916], [127.13041406458754, 37.418882020652795], [127.131275543657, 37.41871276497702], [127.13211206953515, 37.41847696986252], [127.13291558410646, 37.41817690674045], [127.13367834750666, 37.417815466114455], [127.13439301272275, 37.41739612969544], [127.13505269639411, 37.416922936838354], [127.13565104513167, 37.41640044560587], [127.13618229671503, 37.415833688834944], [127.13664133557789, 37.4152281256309], [127.13702374204765, 37.41458958875758], [127.1373258348661, 37.413924228431625], [127.13754470658331, 37.41323845306348], [127.13767825148604, 37.41253886751676], [127.1377251857946, 37.41183220948168], [127.13768505993677, 37.411125284575995], [127.13755826278405, 37.410424900798766], [127.13734601781286, 37.40973780296849], [127.13705037123154, 37.409070607776854], [127.13667417219071, 37.40842974008312], [127.1362210452711, 37.407821371062084], [127.13569535551599, 37.40725135880049], [127.13510216634833, 37.40672519191261], [127.13444719077847, 37.40624793671711]]], [[[127.14372384887996, 37.58211720339143], [127.14301168182014, 37.58169351465094], [127.14225076916547, 37.581327414389314], [127.14144843778857, 37.58102242748836], [127.1406124130414, 37.58078149037706], [127.13975074441488, 37.58060692278137], [127.13887172809046, 37.58050040540823], [127.13798382712596, 37.58046296377761], [127.13709559004228, 37.580494958357775], [127.13621556859033, 37.58059608109814], [127.13535223548757, 37.58076535839317], [127.1345139029121, 37.58100116044861], [127.13370864253595, 37.581301216960526], [127.13294420786465, 37.58166263895652], [127.13222795962785, 37.582081946589916], [127.1315667949374, 37.58255510262008], [127.13096708089317, 37.583077551257965], [127.13043459327524, 37.583644262003816], [127.12997446091194, 37.584249778056545], [127.12959111626039, 37.58488826882988], [127.12928825267605, 37.58555358607085], [127.12906878878479, 37.58623932304154], [127.12893484030246, 37.58693887619522], [127.1288876995765, 37.58764550875383], [127.12892782304965, 37.58835241557523], [127.12905482676997, 37.58905278868601], [127.12926748999395, 37.58973988284879], [127.12956376685176, 37.59040708053257], [127.12994080596589, 37.591047955659995], [127.13039497783704, 37.59165633551706], [127.13092190973707, 37.592226360227954], [127.13151652777468, 37.59275253922133], [127.13217310573084, 37.59322980414298], [127.13288532019483, 37.593653557703874], [127.13364631146976, 37.59401971799172], [127.13444874966166, 37.59432475781794], [127.13528490531378, 37.594565738719666], [127.13614672390453, 37.59474033928807], [127.1370259034895, 37.59484687754915], [127.13791397473678, 37.594884327180154], [127.13792950703605, 37.594883767776246], [127.13757961793709, 37.594982173147756], [127.13677421859502, 37.59528224914138], [127.13600965502204, 37.595643689464055], [127.13529328918862, 37.596063014093104], [127.1346320193389, 37.596536185624764], [127.13403221358564, 37.59705864812119], [127.13349964859252, 37.59762537094965], [127.13303945393382, 37.598230897193126], [127.13265606266764, 37.59886939616753], [127.13235316859969, 37.59953471954119], [127.1321336906509, 37.60022046051732], [127.1319997446741, 37.60092001551069], [127.13195262299436, 37.6016266477255], [127.13199278187275, 37.602333552022834], [127.13211983701797, 37.60303392045336], [127.1323325671928, 37.603721007824454], [127.13262892588412, 37.60438819667015], [127.13300606092736, 37.60502906099777], [127.13346034190026, 37.605637428196836], [127.13398739502458, 37.606207438512904], [127.13458214524174, 37.60673360151276], [127.13523886505969, 37.60721084899569], [127.13595122970095, 37.607634583840166], [127.13671237802173, 37.60800072431371], [127.1375149786145, 37.608305743418185], [127.13835130045717, 37.608546702890045], [127.13921328742619, 37.60872128152666], [127.14009263595393, 37.60882779756512], [127.14098087507973, 37.60886522489677], [127.1418694481204, 37.60883320296077], [127.14274979517013, 37.60873204022095], [127.1436134356317, 37.60856271119224], [127.14445204998059, 37.60832684704547], [127.14525755997083, 37.60802671988133], [127.14602220650734, 37.6076652208258], [127.14673862443139, 37.60724583215863], [127.14739991349701, 37.60677259374454], [127.147999704853, 37.60625006409161], [127.148532222389, 37.6056832764134], [127.14899233835442, 37.60507769011904], [127.14937562271533, 37.604439138200334], [127.14967838577431, 37.60377377102358], [127.14989771364507, 37.6030879970689], [127.15003149624215, 37.602388421188856], [127.15007844751906, 37.601681780981906], [127.1500381177633, 37.60097488189414], [127.14991089783281, 37.60027453167466], [127.1496980152974, 37.59958747481624], [127.14940152252542, 37.598920327612284], [127.14902427683401, 37.598279514455164], [127.14856991289759, 37.59767120598896], [127.14804280768264, 37.597101259711], [127.14744803824956, 37.59657516359359], [127.14679133282885, 37.596097983267136], [127.14607901564469, 37.59567431327243], [127.1453179460172, 37.59530823284979], [127.14451545232968, 37.59500326668961], [127.14367926149596, 37.59476235102085], [127.14281742460501, 37.59458780536277], [127.141938239457, 37.594481310210995], [127.14105017073402, 37.59444389087147], [127.14103463854622, 37.5944444506867], [127.14138452065536, 37.59434603502742], [127.14218989161935, 37.59404592737885], [127.14295440921529, 37.59368444668569], [127.14367070952677, 37.59326507505032], [127.14433189344079, 37.59279185217292], [127.14493159311863, 37.59226933641146], [127.1454640333324, 37.591702560845214], [127.14592408707547, 37.59109698476626], [127.14630732491202, 37.59045844106765], [127.14661005759139, 37.58979308003626], [127.1468293715184, 37.589107310092835], [127.14696315674021, 37.58840773605124], [127.14701012718339, 37.587701095492235], [127.14696983294905, 37.58699419386541], [127.14684266455141, 37.58629383894455], [127.14662984906246, 37.58560677526801], [127.14633343820343, 37.58493961919523], [127.14595628850147, 37.58429879520446], [127.14550203370567, 37.58369047404455], [127.14497504973093, 37.58312051333564], [127.1443804124698, 37.5825944011895], [127.14372384887996, 37.58211720339143]]]]}}, {"type": "Feature", "properties": {"station": "namwirye", "threshold": "30min", "threshold_min": 30, "n_stations": 101, "area_km2": 109.26}, "geometry": {"type": "MultiPolygon", "coordinates": [[[[127.03817421508666, 37.478237510581884], [127.03737341384401, 37.47793182097983], [127.0365388777513, 37.47769015235212], [127.03567864197898, 37.47751483146741], [127.0348009889251, 37.47740754628387], [127.03391436853349, 37.477369329711436], [127.03302731700599, 37.47740054967605], [127.0321483746876, 37.47750090558099], [127.03128600391237, 37.47766943119914], [127.03044850759714, 37.47790450396843], [127.02964394936382, 37.47820386060158], [127.02888007595627, 37.47856461885988], [127.02816424269606, 37.478983305282775], [127.02750334269287, 37.47945588860708], [127.0269037404888, 37.47997781855496], [127.02637121077575, 37.48054406961883], [127.0259108827743, 37.48114918942277], [127.02552719081092, 37.48178735119608], [127.02522383157024, 37.48245240985505], [127.02500372843546, 37.4831379611542], [127.02486900326282, 37.4838374033383], [127.02482095586471, 37.484544000702485], [127.02486005140209, 37.48525094844895], [127.0249859158109, 37.4859514382163], [127.02519733931061, 37.48663872365028], [127.02549228796411, 37.4873061853847], [127.02586792318168, 37.48794739480611], [127.02632062898394, 37.48855617598757], [127.02684604676462, 37.48912666519426], [127.02743911721997, 37.48965336738672], [127.02809412904368, 37.49013120917628], [127.02880477391884, 37.490555587721474], [127.02956420727776, 37.49092241509287], [127.029938524812, 37.49106531009056], [127.02987162866879, 37.491051674928336], [127.02899382621828, 37.490944345834], [127.02810704933957, 37.49090608470152], [127.02721983573991, 37.49093725988559], [127.02634072732354, 37.491037571220474], [127.02547818802235, 37.491206052908105], [127.02464052237447, 37.491441082809466], [127.02383579563093, 37.49174039805009], [127.02307175615695, 37.49210111679007], [127.02235576087217, 37.49251976594974], [127.02169470444555, 37.492992314625084], [127.02109495292493, 37.49351421287241], [127.02056228243978, 37.49408043548992], [127.02010182356632, 37.494685530376195], [127.0197180118916, 37.49532367100108], [127.01941454525377, 37.4959887124851], [127.01919434807118, 37.49667425074875], [127.01905954310696, 37.497373684162845], [127.0190114309434, 37.498080277107405], [127.01905047736665, 37.4987872248276], [127.01917630878742, 37.499487718962534], [127.01933827771083, 37.500014288846735], [127.0187954002258, 37.50048662697053], [127.01826266238596, 37.5010528380866], [127.01780214162292, 37.501657922868915], [127.01741827412003, 37.50229605488492], [127.01711475825337, 37.50296108933832], [127.01689451891592, 37.50364662221757], [127.01675967927741, 37.50434605194555], [127.0167115402548, 37.505052642938], [127.01675056789375, 37.50575959045902], [127.0168763887867, 37.50646008614977], [127.01708779357475, 37.50714738359922], [127.01738274850364, 37.507814863325486], [127.01775841492557, 37.50845609654178], [127.01821117656296, 37.50906490709173], [127.0187366742736, 37.50963543095726], [127.01932984798553, 37.510162172764616], [127.01998498539909, 37.51064005874293], [127.0206957769884, 37.5110644856244], [127.02145537677292, 37.51143136501331], [127.02225646827381, 37.51173716279541], [127.02309133501835, 37.51197893320665], [127.02395193491263, 37.512154347231835], [127.02482997776299, 37.51226171505876], [127.02571700519773, 37.51230000237044], [127.02660447221591, 37.5122688403179], [127.02748382957398, 37.51216852907708], [127.02834660621427, 37.512000034955356], [127.02918449093654, 37.511764981075615], [127.02998941252383, 37.5114656317281], [127.03075361754671, 37.51110487054122], [127.03146974509431, 37.51068617268255], [127.03213089771009, 37.510213571358776], [127.0327307078471, 37.50969161893838], [127.03326339920197, 37.509125343073045], [127.03372384233614, 37.50852019824141], [127.03410760404954, 37.507882013183725], [127.03421993539834, 37.507635763486654], [127.03455882579689, 37.507704809445606], [127.03541254453519, 37.50780913044376], [127.03538990417086, 37.507846782459495], [127.03508652423928, 37.508511863393224], [127.03486643204018, 37.50919743013932], [127.03473174932773, 37.50989688079373], [127.0346837755087, 37.510603479569745], [127.03472297503869, 37.51131042165557], [127.03482682474471, 37.5118877686255], [127.03444918702513, 37.5122163934829], [127.03391648235626, 37.512782674312426], [127.03345601421896, 37.513387819292916], [127.03307221829172, 37.514026001412], [127.03276879226344, 37.514691075390644], [127.03254866016391, 37.515376636836265], [127.03241394413217, 37.51607608389605], [127.0323659438965, 37.51678268081813], [127.03240512416761, 37.51748962280866], [127.0325311100693, 37.51819010156115], [127.03274269065449, 37.51887737082671], [127.03303783047643, 37.51954481139396], [127.03341368910696, 37.520185994852255], [127.03386664841709, 37.520794745523574], [127.03439234736034, 37.5213651999657], [127.03483448597358, 37.52175763011974], [127.03418816582423, 37.52221958252145], [127.03358826455225, 37.52274154063066], [127.03305547774713, 37.5233078160215], [127.03259493710738, 37.52391295608511], [127.03221107901032, 37.524551133856825], [127.03190760174428, 37.52521620409981], [127.03168742983343, 37.52590176245769], [127.03155268580124, 37.526601207107646], [127.03150466964694, 37.527307802321154], [127.0315438462357, 37.52801474332091], [127.03166984072816, 37.52871522180999], [127.0318814420957, 37.52940249154198], [127.03217661469264, 37.530069933300894], [127.03255251777618, 37.53071111866439], [127.03300553279017, 37.53131987193586], [127.0335312981523, 37.53189032964779], [127.0341247512125, 37.532416997062434], [127.03478017697965, 37.53289480112458], [127.03549126314924, 37.53331913935456], [127.03625116090166, 37.53368592420996], [127.03705255088589, 37.53399162248659], [127.03788771375197, 37.5342332893786], [127.03874860455105, 37.534408596867884], [127.0396269302849, 37.53451585616859], [127.04051422985452, 37.53455403400945], [127.04140195563524, 37.53452276259651], [127.04228155588898, 37.53442234315979], [127.04314455721656, 37.53425374304966], [127.04398264625223, 37.53401858641086], [127.0447877498101, 37.53371913852436], [127.04555211270761, 37.5333582839687], [127.04626837251345, 37.53293949881175], [127.04692963049787, 37.5324668171019], [127.04752951810033, 37.531944791982674], [127.048062258273, 37.53137845180656], [127.04852272110939, 37.5307732516721], [127.04890647322215, 37.53013502085245], [127.04920982039587, 37.52946990662301], [127.04942984310576, 37.52878431503056], [127.049564424562, 37.52808484917511], [127.04961227101319, 37.52737824560008], [127.04957292411558, 37.52667130940411], [127.04944676525358, 37.525970848699515], [127.04923501177231, 37.525283609049254], [127.04893970516316, 37.524616208513315], [127.0485636913189, 37.52397507392983], [127.04811059305223, 37.52336637904399], [127.04758477514471, 37.52279598507958], [127.04714256318299, 37.52240360224835], [127.0477888057919, 37.521941578454815], [127.0483886024172, 37.521419547453654], [127.04892126047264, 37.52085320186438], [127.04938165084222, 37.5202479968373], [127.04974012128785, 37.51965171260882], [127.0498224791584, 37.51968312348348], [127.05065752511437, 37.51992469988374], [127.05151828267076, 37.52009991383529], [127.05239646011341, 37.52020707745394], [127.05328359777272, 37.52024515839076], [127.05417114958489, 37.52021378978576], [127.05469050658773, 37.52015442884853], [127.05510866447787, 37.52040389641178], [127.05586852921093, 37.52077055561558], [127.05666986298252, 37.52107612106575], [127.05750494698353, 37.52131764923664], [127.0583657370246, 37.521492813447246], [127.05924394107834, 37.521599926292765], [127.0601310992185, 37.52163795591352], [127.06101866518377, 37.52160653594415], [127.06189808877693, 37.521505969046416], [127.0627608983022, 37.52133722399176], [127.06359878224322, 37.52110192632154], [127.0644036693917, 37.52080234267556], [127.06516780665167, 37.52044135894015], [127.06588383376726, 37.52002245242734], [127.06654485425199, 37.51954965835418], [127.06714450183455, 37.51902753094599], [127.06767700178045, 37.51846109953979], [127.06813722649808, 37.517855820112004], [127.06852074489429, 37.51721752269848], [127.0686185661565, 37.517002864890124], [127.0688107422657, 37.517117484479186], [127.06957064174735, 37.517484055943086], [127.07037199729564, 37.51778952872646], [127.07120708989089, 37.518030960196654], [127.07206787526052, 37.51820602460466], [127.07209041478423, 37.5182087712316], [127.07260174165475, 37.51840367214913], [127.07343684841226, 37.51864508791517], [127.07429764618948, 37.51882013612969], [127.07517584288405, 37.518927130505794], [127.0760629786404, 37.51896504032565], [127.07695050741296, 37.5189335003785], [127.0778298793632, 37.51883281448247], [127.07869262329335, 37.51866395255584], [127.07953042831981, 37.51842854126627], [127.0803352239955, 37.51812884834838], [127.0810827671198, 37.51777555458108], [127.08148104379109, 37.517967623947456], [127.08228245381699, 37.518273016220874], [127.08311759096318, 37.51851436372277], [127.08397841052721, 37.51868934151322], [127.0848566201964, 37.51879626398404], [127.08574375999, 37.5188341011104], [127.08663128382348, 37.51880248838218], [127.08751064190594, 37.518701730318924], [127.08837336317346, 37.51853279753446], [127.08921113696114, 37.518297317379336], [127.09001589312331, 37.51799755825182], [127.09077987982761, 37.51763640772908], [127.09149573827044, 37.51721734473001], [127.09215657359215, 37.51674440597904], [127.09233954185001, 37.516584999022676], [127.09241201793131, 37.51670843991233], [127.09286543795376, 37.51731696744612], [127.0933915644175, 37.51788716218312], [127.09398533118878, 37.51841353191768], [127.09464102024936, 37.518891006461445], [127.09497505965989, 37.519090117308046], [127.09491367676557, 37.51928180064592], [127.09477953481249, 37.51998132184521], [127.09473211957706, 37.52068794717745], [127.09477189013735, 37.52139487157174], [127.09489846593222, 37.52209528688754], [127.09511063033244, 37.52278244748352], [127.09540634226644, 37.523449735191676], [127.09578275579291, 37.52409072307066], [127.09623624743459, 37.52469923732362], [127.09676245101332, 37.525269416783395], [127.09735629965259, 37.5257957693912], [127.09801207454552, 37.52627322512335], [127.0987234600193, 37.526697184855365], [127.09948360436616, 37.527063564691126], [127.1002851858552, 37.52736883532891], [127.10112048328784, 37.52761005608361], [127.101981450416, 37.52778490323655], [127.10285979350408, 37.527891692438374], [127.10374705128488, 37.52792939494857], [127.10463467653628, 37.52789764755445], [127.10551411848967, 37.52779675607346], [127.10637690527288, 37.527627692405375], [127.10721472558987, 37.52739208516228], [127.10801950884711, 37.52709220396734], [127.10878350295188, 37.52673093757419], [127.10949934903034, 37.526311766018424], [127.11016015234323, 37.52583872707049], [127.1107595487149, 37.5253163773145], [127.11114885836865, 37.524901896859866], [127.11194170182908, 37.524998231894834], [127.1128289305275, 37.52503586602683], [127.11371651823696, 37.52500405014559], [127.11459591455082, 37.524903090728664], [127.11472772993788, 37.52487725007939], [127.11414702393746, 37.52529299761751], [127.11354765122276, 37.52581536470072], [127.11301544343515, 37.52638200390315], [127.1125555267045, 37.52698745911107], [127.11217233140657, 37.527625900322846], [127.11186954945279, 37.528291179761844], [127.11165009867645, 37.528976891053695], [127.11151609466017, 37.52967643089884], [127.11146883027905, 37.530383062647715], [127.1115087631596, 37.53108998116677], [127.11163551117858, 37.53179037837107], [127.1118478560488, 37.532477508792695], [127.11214375496093, 37.53314475455328], [127.11252036017288, 37.53378568911448], [127.11297404636089, 37.53439413919208], [127.11350044547234, 37.53496424423622], [127.11409448874646, 37.53549051290414], [127.11458821236813, 37.535849808583514], [127.11456708371189, 37.535896231814974], [127.11434763469363, 37.53658194724975], [127.11421364161518, 37.53728148931932], [127.1141663972473, 37.537988121352605], [127.11420635902472, 37.538695038213206], [127.11433314454679, 37.53939543183198], [127.11454553516592, 37.54008255677533], [127.11484148763299, 37.54074979521736], [127.11521815369062, 37.54139072068996], [127.11567190742952, 37.541999159996124], [127.11619838014667, 37.54256925268942], [127.11679250237255, 37.54309550754572], [127.11744855266383, 37.543572855482054], [127.11788200957905, 37.543831010234], [127.11819146815134, 37.54405616876415], [127.11890313699634, 37.54448000722984], [127.11966356097457, 37.54484625761358], [127.1204654156594, 37.54515139186027], [127.12086047270714, 37.54526537583945], [127.12054861794421, 37.545537130279904], [127.1200163213858, 37.54610379866234], [127.11955633849836, 37.546709278758726], [127.11917310029636, 37.547347740328156], [127.1188702991066, 37.54801303539827], [127.11865085294981, 37.54869875744425], [127.11851687736656, 37.54939830306299], [127.11846966496064, 37.55010493554917], [127.11850967286043, 37.55081184976179], [127.11863651822256, 37.55151223765696], [127.11884898182451, 37.55219935385584], [127.11914501971533, 37.55286658061633], [127.11952178281588, 37.55350749158237], [127.11997564428292, 37.554115913696165], [127.12050223437633, 37.5546859866764], [127.12109648249617, 37.555212219488276], [127.12175266598648, 37.555689543260705], [127.12246446523679, 37.55611336013912], [127.12322502455122, 37.55647958760257], [127.12402701819887, 37.55678469781639], [127.12486272100777, 37.557025751640545], [127.12572408282163, 37.55720042696432], [127.1266028060996, 37.557307041093864], [127.12749042590887, 37.55734456697564], [127.12837839153703, 37.55731264309919], [127.12925814893406, 37.55721157698303], [127.12928381883992, 37.557206543635814], [127.12927934112487, 37.557273699658836], [127.1293194544239, 37.557980609918516], [127.12944641263786, 37.558680985957686], [127.12965899545797, 37.55936808251102], [127.12995515778539, 37.560035282025], [127.13033204934268, 37.56067615840529], [127.13078604204924, 37.561284538926614], [127.13131276490053, 37.56185456370769], [127.13190714601733, 37.5623807421775], [127.13256346146191, 37.56285800598797], [127.13327539035184, 37.56328175786181], [127.13403607574162, 37.563647915904006], [127.13483819068472, 37.56395295294857], [127.13567400883967, 37.56419393056024], [127.1365354789381, 37.564368527362625], [127.13741430239492, 37.56447506141845], [127.13830201331147, 37.56451250644585], [127.1391900600969, 37.56448050171363], [127.14006988791891, 37.56437935551962], [127.14093302118579, 37.564210042218825], [127.1417711452623, 37.563974192829725], [127.14257618662812, 37.56367407930981], [127.14334039070458, 37.563312592652366], [127.1440563965964, 37.56289321501632], [127.14471730802714, 37.56241998615858], [127.14531675978274, 37.56189746449367], [127.14584897902262, 37.56133068315667], [127.14630884086719, 37.56072510149416], [127.14669191772714, 37.56008655245207], [127.14699452189979, 37.55942118636784], [127.14721374102471, 37.55873541171023], [127.14734746605883, 37.55803583333793], [127.14735004523996, 37.55799701068644], [127.14746243602559, 37.55796537459577], [127.1482673900291, 37.55766522151882], [127.1490315053, 37.55730369720501], [127.14974742179915, 37.55688428417587], [127.1504082441117, 37.556411022529126], [127.15100760788252, 37.555888470994844], [127.15153974111881, 37.55532166299554], [127.15199951976963, 37.55471605813429], [127.15238251704696, 37.55407748958008], [127.15268504601454, 37.553412107857916], [127.15290419503603, 37.55272632158676], [127.15303785574308, 37.55202673573681], [127.15308474325735, 37.55132008800183], [127.15304440847429, 37.55061318390005], [127.15291724229418, 37.549912831228845], [127.15270447176316, 37.54922577450499], [127.15240814816534, 37.54855863002122], [127.15203112718366, 37.54791782214471], [127.15157704132429, 37.54730952146992], [127.15157518806986, 37.54730751639485], [127.15171634569217, 37.546865775668515], [127.15185000659325, 37.54616619047154], [127.15189690120988, 37.54545954254416], [127.15185658036837, 37.54475263740649], [127.15172943483401, 37.544052282866005], [127.1515166914535, 37.54336522345755], [127.1512204012489, 37.54269807549991], [127.15084341958104, 37.54205726339387], [127.15038937857712, 37.54144895777484], [127.14986265209019, 37.54087901611444], [127.14926831353102, 37.54035292634228], [127.14871653305454, 37.53995170219453], [127.14891636488467, 37.53932635964448], [127.14905003790419, 37.53862677678712], [127.14909695365068, 37.537920129178346], [127.14905666274603, 37.53721322233531], [127.14892955566633, 37.536512864082106], [127.14872692511746, 37.53585831578339], [127.14912011456893, 37.535844105212185], [127.14999959270193, 37.53574288276019], [127.15086237340391, 37.5355734942682], [127.15101933005579, 37.53552929468383], [127.15107768807394, 37.53551783699309], [127.15191545881827, 37.5352819126675], [127.15272015060758, 37.53498172676765], [127.15348401223274, 37.534620170983494], [127.15419968609905, 37.534200728139034], [127.15486027912961, 37.53372743861845], [127.15545942917814, 37.533204861419506], [127.15599136631026, 37.53263803021102], [127.15645096836327, 37.53203240481881], [127.15683381024903, 37.53139381860873], [127.15713620652635, 37.530728422275054], [127.15735524683491, 37.530042624576765], [127.15748882385118, 37.529343030593495], [127.15753565350028, 37.52863637809688], [127.15749528723222, 37.52792947265067], [127.1573681162477, 37.52722912206504], [127.15715536763639, 37.526542070836605], [127.15685909246865, 37.52587493520537], [127.15648214595859, 37.52523413945355], [127.15602815989304, 37.52462585405929], [127.15550150759455, 37.52405593629978], [127.15490726175824, 37.523529873874985], [127.15425114557047, 37.52305273209337], [127.15353947758076, 37.52262910512707], [127.15277911085903, 37.522263071804616], [127.15197736702261, 37.52195815636526], [127.15114196576887, 37.52171729455174], [127.15028095058904, 37.52154280536665], [127.14940261137721, 37.5214363687633], [127.14851540467691, 37.52139900948496], [127.14799327212378, 37.521417881521906], [127.14816388296231, 37.5210425276278], [127.148382976251, 37.52035674571601], [127.14851661898435, 37.519657161067656], [127.14856352645322, 37.51895051136487], [127.1485232493569, 37.518243602144935], [127.14839617803621, 37.517543241254906], [127.14818353862012, 37.51685617329125], [127.14788738112671, 37.516189014655694], [127.14751055963652, 37.51554818985263], [127.14705670473221, 37.51493986964054], [127.1465301884734, 37.51436991163253], [127.14593608224557, 37.51384380391658], [127.14528010789125, 37.51336661223775], [127.14456858259507, 37.512942931249036], [127.14380835805379, 37.512576840299396], [127.14300675451692, 37.51227186418313], [127.14217149033196, 37.512030939227266], [127.1413106076716, 37.51185638504235], [127.14043239515514, 37.511749882207354], [127.13954530810739, 37.51171245610309], [127.13865788721893, 37.51174446704857], [127.1383459942551, 37.51178034635493], [127.13827477218933, 37.51170323034813], [127.13768074523479, 37.51117708128227], [127.1370248470157, 37.510699843936294], [127.13631339398427, 37.510276113403016], [127.13555323714216, 37.50990996950855], [127.13497381425505, 37.50968946694346], [127.13503430446558, 37.509373073858036], [127.13508133177764, 37.50866642890886], [127.13504118661095, 37.50795951455315], [127.13492373453947, 37.50731142929518], [127.13539952015093, 37.50689647767709], [127.13593141993151, 37.50632973410634], [127.13639102040429, 37.505724184078765], [127.1367738964931, 37.505085660234144], [127.13680550815576, 37.505016123272014], [127.13680902456363, 37.5050157187671], [127.13767147999019, 37.50484642407049], [127.1385089485233, 37.5046105920569], [127.13931336296143, 37.504310494514975], [127.14007697476788, 37.503949022282434], [127.14079242875448, 37.503529657377335], [127.14145283396181, 37.50305643943198], [127.14205183005149, 37.5025339267537], [127.14258364857031, 37.501967152388936], [127.14304316849554, 37.501361575615256], [127.14342596552707, 37.500723029329656], [127.14351169906955, 37.50053438581326], [127.14373335181931, 37.50054373172256], [127.14462063823316, 37.50051168189248], [127.14549970720823, 37.5004104902549], [127.14636209046866, 37.50024113160211], [127.14655464159382, 37.500186890284844], [127.14705928679452, 37.50055405225895], [127.1477707092716, 37.500977718606585], [127.14853083620342, 37.50134378427435], [127.149332346024, 37.50164872298816], [127.15016751822324, 37.50188959726194], [127.15102830775845, 37.50206408671654], [127.15190642260478, 37.50217051045023], [127.1527934036947, 37.502207843245074], [127.15368070647335, 37.502175725451735], [127.15455978328124, 37.50207446645751], [127.15542216576709, 37.50190504170387], [127.1562595465334, 37.501669083282394], [127.15706385922516, 37.50136886419986], [127.15782735628714, 37.501007276465], [127.1585426836379, 37.50058780320864], [127.15920295153931, 37.500114485106735], [127.1598018009771, 37.499591881431215], [127.16033346491206, 37.49902502610467], [127.16079282381173, 37.49841937918398], [127.16117545492814, 37.49778077424117], [127.16147767484775, 37.497115362149884], [127.16169657490573, 37.49642955181989], [127.16183004912592, 37.49572994845171], [127.16187681441964, 37.49502328990676], [127.16183642285267, 37.49431638180667], [127.16170926586523, 37.49361603198707], [127.16149657040815, 37.49292898493728], [127.16120038703606, 37.49226185685739], [127.16082357007565, 37.49162107195745], [127.1603697500631, 37.49101280061185], [127.15984329871947, 37.4904428999634], [127.15924928680296, 37.489916857548316], [127.15859343524627, 37.489439738483505], [127.15788206005037, 37.489016136723535], [127.15712201146604, 37.488650130855376], [127.15632060804845, 37.48834524485503], [127.15548556621864, 37.48810441418279], [127.15462492600933, 37.487929957542285], [127.15374697370677, 37.487823554574156], [127.15286016213213, 37.48778622969841], [127.15197302932586, 37.48781834225997], [127.15109411641545, 37.487919583072646], [127.15023188545375, 37.488088977393645], [127.15003936806703, 37.4881432249864], [127.14953479119121, 37.487776075319886], [127.1488234832828, 37.487352419233204], [127.14806349615037, 37.48698635529418], [127.14726214775813, 37.48668140803788], [127.14642715399805, 37.48644051351427], [127.14556655444058, 37.48626599104153], [127.14468863498112, 37.4861595208939], [127.14380184812498, 37.48612212813784], [127.1429147316748, 37.486154172771606], [127.14203582660075, 37.48625534626259], [127.14117359488014, 37.486424674515874], [127.14033633809456, 37.486660527245206], [127.13953211756487, 37.4869606336568], [127.13876867679015, 37.48732210429538], [127.1380533669343, 37.48774145884305], [127.13739307607602, 37.48821465960433], [127.1367941629016, 37.4887371503561], [127.13626239547776, 37.48930390018973], [127.13580289569434, 37.48990945192443], [127.13542008991159, 37.490547974627205], [127.13533434768695, 37.49073661254353], [127.13511272508723, 37.49072725101735], [127.13422555098842, 37.49075923007491], [127.13334658072418, 37.490860338498976], [127.1324842768988, 37.49102960282081], [127.13164694178741, 37.49126539336952], [127.13145036028467, 37.49133872903811], [127.131400930689, 37.49128518615181], [127.13080711279763, 37.49075900181464], [127.13015143613869, 37.49028172583524], [127.12983494543892, 37.49009314994997], [127.12989467587497, 37.49002950043879], [127.13035422390432, 37.489423971953755], [127.13073706685505, 37.488785465743014], [127.13103951927056, 37.48812013173014], [127.13125867024424, 37.48743437807406], [127.13139241138104, 37.486734809430864], [127.13143945701988, 37.48602816332908], [127.13139935652518, 37.485321245272175], [127.13127249853319, 37.484620863193356], [127.13125768945199, 37.48457295518274], [127.13193132919896, 37.48417807282301], [127.13259161851401, 37.48370490225726], [127.13319052031572, 37.48318243230651], [127.13372226705778, 37.48261569560514], [127.13418173840732, 37.48201015106743], [127.13456451053018, 37.4813716312796], [127.13486689865157, 37.480706286295685], [127.13508599248365, 37.480020524379945], [127.13521968418111, 37.47932095026768], [127.13526668855815, 37.478614301539814], [127.1352265553758, 37.47790738372486], [127.13509967358415, 37.47720700475352], [127.13488726748255, 37.47651990939746], [127.1345913848384, 37.47585271432359], [127.13421487708223, 37.475211844388646], [127.13410930083765, 37.47507021576953], [127.13427103627697, 37.47489781636008], [127.13473045544539, 37.47429226862391], [127.13511318300466, 37.473653745991605], [127.13541553460864, 37.47298839854434], [127.13563460032046, 37.47230263456992], [127.13576827256482, 37.47160305882331], [127.13581526634242, 37.47089640890109], [127.13577513151542, 37.47018949034317], [127.13564825704881, 37.46948911108742], [127.1354534674239, 37.46885895437051], [127.13619827643805, 37.46914254472234], [127.1370330447786, 37.469383511063235], [127.13789343071817, 37.46955809507815], [127.13877114612275, 37.469664614954624], [127.1396577357758, 37.46970204454841], [127.14054465889629, 37.469670023277374], [127.14142337148488, 37.4695688595984], [127.14228540870131, 37.46939952803398], [127.14312246647616, 37.469163659777045], [127.14392648156728, 37.46886352696477], [127.14468970928705, 37.4685020207737], [127.14540479814875, 37.468082623548], [127.14606486071096, 37.46760937523011], [127.14666353993611, 37.467086834418666], [127.14719507042263, 37.46652003442978], [127.14765433392095, 37.46591443478653], [127.14803690859888, 37.465275868604955], [127.14833911158297, 37.464610486385], [127.14854007475678, 37.463980956875545], [127.14906942520975, 37.46404515568962], [127.14995595427911, 37.46408250773978], [127.15084280722014, 37.46405040878261], [127.15172144071019, 37.46394916802376], [127.15258339067167, 37.46377976072852], [127.15342035387651, 37.4635438188196], [127.1542242679945, 37.46324361514377], [127.15498738931166, 37.46288204156027], [127.15570236736713, 37.462462581062375], [127.15636231578783, 37.46198927420188], [127.1569608786365, 37.461466680141086], [127.1574922916332, 37.46089983270865], [127.1579514376607, 37.46029419188424], [127.15833389601862, 37.45965559118003], [127.15856692077736, 37.459142309861186], [127.15911358355432, 37.45920856493309], [127.1600000611251, 37.459245841404176], [127.16088685321964, 37.45921366673859], [127.16176541710189, 37.4591123508716], [127.16262728936553, 37.4589428697924], [127.16346416753171, 37.45870685613461], [127.16426799009021, 37.45840658343636], [127.16503101420996, 37.45804494422185], [127.1657458903673, 37.45762542211652], [127.1664057331716, 37.45715205826548], [127.16700418770375, 37.45662941237979], [127.16753549072791, 37.45606251878699], [127.16799452618665, 37.45545683791095], [127.16837687444506, 37.4548182036492], [127.168678854811, 37.45415276715629], [127.16889756092313, 37.45346693757573], [127.16903088866884, 37.45276732029237], [127.16907755636531, 37.4520606533008], [127.16903711701313, 37.451353742303425], [127.16890996250748, 37.45065339516353], [127.1686973197701, 37.44996635634467], [127.168401238843, 37.44929924196799], [127.16802457306169, 37.44865847611222], [127.16757095150257, 37.44805022896923], [127.1670447439724, 37.44748035744986], [127.16645101887907, 37.44695434881116], [127.16579549439174, 37.446477267846156], [127.16561692121843, 37.446370890038295], [127.16572172827073, 37.44582100613826], [127.16576842227398, 37.44511433975165], [127.16572801731057, 37.444407426959], [127.16560090494366, 37.44370707564107], [127.16538831168845, 37.443020030301895], [127.16509228710974, 37.44235290712572], [127.16471568400002, 37.44171213027631], [127.16426213083183, 37.44110387005166], [127.16373599675308, 37.44053398348898], [127.1631423494644, 37.44000795799043], [127.16248690638588, 37.43953085851169], [127.16177597958482, 37.43910727882046], [127.16101641499499, 37.43874129729292], [127.16021552651286, 37.438436437672316], [127.15938102560395, 37.438195635166394], [127.15852094709594, 37.438021208208774], [127.15764357187075, 37.43791483615529], [127.1567573471976, 37.43787754312889], [127.15587080547076, 37.43790968816827], [127.15581791351292, 37.437915786979794], [127.15559422954863, 37.437535078203865], [127.15514077542768, 37.43692678303965], [127.15461473983063, 37.436356855961634], [127.15402118951037, 37.43583078476245], [127.15336584095392, 37.435353634838116], [127.1526550053192, 37.43493000044227], [127.15189552766302, 37.43456396047788], [127.15109472104567, 37.43425903925088], [127.1502602961452, 37.43401817256213], [127.14940028705827, 37.43384367946305], [127.1485685179089, 37.43374276570305], [127.14839519336805, 37.43351020619621], [127.14786923286466, 37.43294024914998], [127.14727575681611, 37.432414144151764], [127.1466204809948, 37.43193695692322], [127.14590971585878, 37.431513282077326], [127.14515030578673, 37.43114719890665], [127.14434956318881, 37.430842232133145], [127.14351519812728, 37.430601317996114], [127.14265524412326, 37.430426776003806], [127.14177798086119, 37.43032028661919], [127.14089185453335, 37.43028287509444], [127.14000539658794, 37.43031490160858], [127.13912714166004, 37.4304160578032], [127.1382655454721, 37.43058536974922], [127.13787313907936, 37.43069598449816], [127.13773006339943, 37.430232938446345], [127.1374343343232, 37.42956574608743], [127.13705803090902, 37.42892488128111], [127.13660477874424, 37.42831651517385], [127.13607894407961, 37.427746505823634], [127.13548559173428, 37.427220341816046], [127.13483043629031, 37.42674308944129], [127.13411978704775, 37.42631934393988], [127.13336048727038, 37.4259531852848], [127.1325598483074, 37.42564813892482], [127.13172557922438, 37.42540714186543], [127.13086571261927, 37.425232514413075], [127.12998852733595, 37.425125937853274], [127.1291024688166, 37.425088438277164], [127.12821606785721, 37.425120376711114], [127.12733785854454, 37.42522144564429], [127.12647629616204, 37.42539067198732], [127.12563967585112, 37.425626426433695], [127.12483605280794, 37.425926439134145], [127.12407316478111, 37.42628782153373], [127.12335835761358, 37.426707094162055], [127.12269851454376, 37.42718022011029], [127.12209998994489, 37.42770264387361], [127.12156854813946, 37.42826933518644], [127.12110930787799, 37.428874837429795], [127.12072669301673, 37.42951332014576], [127.12042438987041, 37.430178635155066], [127.12020531165253, 37.430864375738146], [127.12007157034773, 37.43156393831134], [127.12002445629004, 37.43227058600473], [127.12006442564646, 37.43297751353032], [127.1201910959306, 37.43367791271633], [127.12040324959214, 37.43436503807623], [127.12069884565238, 37.43503227178156], [127.12079815031025, 37.4352014568649], [127.12030437070727, 37.43572791917284], [127.11984507421423, 37.436333415433374], [127.11946241013274, 37.436971892982726], [127.11916006525205, 37.43763720369162], [127.11894095318816, 37.43832294088215], [127.11880718625244, 37.4390225010035], [127.11876005502654, 37.43972914720948], [127.11880001584372, 37.440436074226575], [127.11892668630065, 37.441136473887894], [127.11913884884639, 37.44182360070236], [127.11943446241742, 37.44249083682744], [127.11981068201058, 37.44313175581928], [127.12026388600825, 37.443740184545774], [127.12029242802953, 37.44377112892925], [127.11972288419054, 37.444268118883315], [127.11919130632336, 37.44483479717524], [127.11873194459663, 37.44544028782045], [127.11834922403712, 37.44607876047335], [127.11804683197856, 37.44674406705207], [127.11782768249213, 37.44742980091876], [127.1176938882505, 37.4481293585548], [127.11764674009923, 37.44883600313812], [127.11768669453578, 37.44954292941091], [127.11781336921933, 37.45024332921346], [127.1180255465593, 37.45093045705334], [127.11832118535072, 37.45159769507801], [127.11869744034853, 37.452238616825205], [127.11915068959487, 37.452847049136054], [127.1196765692398, 37.45341713163417], [127.12027001552177, 37.45394337319651], [127.12092531350567, 37.45442070487122], [127.12163615211004, 37.45484452873118], [127.12239568489417, 37.45521076219158], [127.12319659601881, 37.45551587736316], [127.12403117074514, 37.455756935060826], [127.12489136979035, 37.45593161313881], [127.12576890682249, 37.45603822887839], [127.12665532834473, 37.456075755211536], [127.12754209519701, 37.45604383062379], [127.1284206648865, 37.45594276264013], [127.12928257395038, 37.455773524860675], [127.13011951955424, 37.45553774757425], [127.13092343953674, 37.45523770204105], [127.13168659012631, 37.454876278596295], [127.13240162057869, 37.45445695878643], [127.13306164401436, 37.4539837818077], [127.13366030377139, 37.45346130557116], [127.13419183463438, 37.452894562770595], [127.13465111834842, 37.452289012378074], [127.13503373288476, 37.45165048703528], [127.13533599498412, 37.45098513684888], [127.13555499556952, 37.450299370132576], [127.13568862769054, 37.449599791667374], [127.13573560673173, 37.448893139075786], [127.13569548269452, 37.4481862179234], [127.13556864443736, 37.447485836173115], [127.13535631583686, 37.44679873862366], [127.13506054391081, 37.4461315419635], [127.13468417902065, 37.4454906710653], [127.13423084734731, 37.44488229713382], [127.13420229913896, 37.44485135608925], [127.13477175224224, 37.444354295922395], [127.13530320975873, 37.44378754686449], [127.13562296493927, 37.44336589770885], [127.13580428238802, 37.44347398634227], [127.13656377051288, 37.443840129210336], [127.13736461914826, 37.44414514861777], [127.13819911415686, 37.444386106302574], [127.13905921702383, 37.444560681083026], [127.13989109248145, 37.444661662132155], [127.14006441604322, 37.44489423366736], [127.14059040000001, 37.445464224417584], [127.14118393129623, 37.445990362112845], [127.14183929417591, 37.446467578801744], [127.14255017693075, 37.446891277664896], [127.1433097326931, 37.447257377321876], [127.1441106454011, 37.44756235117283], [127.14494520029972, 37.4478032613946], [127.14580535829651, 37.44797778726276], [127.14668283345475, 37.448084247525614], [127.14756917287377, 37.44812161661367], [127.14845583818496, 37.448089534527995], [127.14850873788261, 37.4480834390609], [127.1487324168175, 37.44846416054368], [127.14918588775046, 37.449072479195685], [127.14971197023668, 37.44964242945086], [127.14974410295441, 37.44967090673654], [127.14913648245488, 37.449692899006656], [127.14825801255944, 37.44979412162082], [127.14739621384616, 37.449963498536285], [127.14655938373068, 37.450199398997896], [127.14575557942871, 37.45049955175164], [127.14499254043405, 37.45086106689517], [127.14427761404392, 37.451280463681066], [127.14361768464593, 37.4517537040059], [127.14301910744639, 37.452276231264364], [127.14248764727664, 37.452843014194904], [127.1420284230668, 37.453448595296685], [127.14164585852173, 37.45408714335259], [127.141343639475, 37.454752509554005], [127.14114264139602, 37.45538202762482], [127.14061335901306, 37.45531779356039], [127.13972693859354, 37.45528037192811], [127.13884018518034, 37.45531238802543], [127.13796163625109, 37.45541353359427], [127.13709975035665, 37.45558283480807], [127.13626282575129, 37.455818661640286], [127.13545892055947, 37.45611874354568], [127.13469577524549, 37.45648019130401], [127.13398073812922, 37.456899524816656], [127.13332069466355, 37.45737270658963], [127.13272200115217, 37.45789518058161], [127.13219042354571, 37.45846191604427], [127.13173108190448, 37.45906745593426], [127.13134840106369, 37.45970596943182], [127.13104606797654, 37.46037130806167], [127.13082699614837, 37.461057064876975], [127.130693297506, 37.46175663613775], [127.13064626197632, 37.46246328489011], [127.1306863449739, 37.46317020583546], [127.13081316292136, 37.46387059086463], [127.13100790094109, 37.46450075548668], [127.13026315770992, 37.46421713254676], [127.12942846880483, 37.46397611859283], [127.12856816692886, 37.463801473225445], [127.12769053511376, 37.46369487790194], [127.12680402309769, 37.4636573588936], [127.12591716603943, 37.4636892774137], [127.125748090839, 37.46370872205537], [127.1257044944283, 37.463710290881096], [127.1248258302836, 37.46381133802595], [127.12396381903667, 37.4639805425143], [127.1231267601475, 37.46421627525062], [127.12232271303225, 37.46451626659548], [127.12155941952034, 37.46487762820053], [127.12084422935735, 37.465296880796764], [127.12018402946845, 37.46576998766952], [127.11958517766247, 37.466292393498996], [127.11905344141331, 37.46685906819371], [127.11859394230817, 37.467464555296004], [127.11821110669806, 37.468103024495086], [127.11790862302637, 37.468768327742985], [127.11768940624859, 37.46945405843438], [127.11755556968775, 37.470153613081635], [127.1175084045996, 37.47086025489169], [127.11754836764725, 37.47156717863354], [127.11767507640964, 37.472267576171795], [127.11788731297062, 37.4729547020356], [127.11818303555722, 37.47362193839111], [127.11855939811946, 37.474262858791654], [127.11875036260682, 37.4745191328399], [127.11871587807687, 37.47455587874192], [127.11825632860211, 37.4751613634675], [127.11787345030216, 37.475799830508095], [127.1175709320321, 37.47646513183667], [127.1173516890813, 37.47715086086665], [127.1172178350257, 37.4778504141265], [127.11717066129033, 37.47855705483665], [127.11721062462256, 37.47926397777668], [127.11733734259954, 37.479964374818984], [127.11735214189339, 37.48001228455801], [127.1166784637266, 37.48040708385532], [127.11601810402992, 37.480880165360475], [127.11541910192142, 37.48140254791015], [127.11488722632218, 37.48196920163758], [127.11442760016162, 37.48257467028763], [127.11404465101478, 37.483213123727786], [127.11374206841933, 37.48387841406239], [127.1135227682846, 37.48456413481102], [127.1133888647378, 37.48526368258225], [127.11334467438662, 37.48592505221669], [127.112702737949, 37.48622880589318], [127.11198729423695, 37.48664800195311], [127.11147793313815, 37.487012841232605], [127.1115173918938, 37.48642251732524], [127.1114774789997, 37.48571559359517], [127.11135080653791, 37.48501519120186], [127.11113859679341, 37.48432805514376], [127.11084289564445, 37.48366080248078], [127.11046655277586, 37.48301985862518], [127.11001319416117, 37.48241139548418], [127.10948718708164, 37.48184127204934], [127.10889359802133, 37.48131497800355], [127.1082381438453, 37.48083758088767], [127.10752713673247, 37.4804136773341], [127.10676742339378, 37.48004734883574], [127.10596631916053, 37.47974212247467], [127.10513153757697, 37.47950093698752], [127.10427111617338, 37.47932611449299], [127.1033933391321, 37.47921933815279], [127.10250665758886, 37.479181635980055], [127.10161960833345, 37.47921337095059], [127.10074073168929, 37.479314237511716], [127.09987848935964, 37.47948326452212], [127.09904118302714, 37.47971882459452], [127.09823687448804, 37.480018649751635], [127.09747330808644, 37.48037985324513], [127.09675783619299, 37.480798957328545], [127.09609734844342, 37.481271926717575], [127.09549820541619, 37.48179420741688], [127.0949661773877, 37.482360770540666], [127.09468638803415, 37.48272916234389], [127.09428948256574, 37.483151819846135], [127.09382968358915, 37.483757207237176], [127.09344655364802, 37.48439559273192], [127.09319741379001, 37.48494299629656], [127.09325731644572, 37.484630498750604], [127.09330471963774, 37.48392386964488], [127.0932649795214, 37.483216940470115], [127.09313848126227, 37.482516519268714], [127.09292644546791, 37.48182935122128], [127.09263091634182, 37.48116205369675], [127.09225474191304, 37.48052105254024], [127.09180154653409, 37.47991252021157], [127.09127569591556, 37.47934231636919], [127.0906822550363, 37.478815931470734], [127.09002693933603, 37.47833843393221], [127.08931605966187, 37.477914421353155], [127.08855646149917, 37.47754797627622], [127.08775545907176, 37.47724262690585], [127.08692076494505, 37.477001313162695], [127.08606041580836, 37.47682635839995], [127.08518269514923, 37.476719447052275], [127.08429605356115, 37.47668160843207], [127.08340902744966, 37.476713206828165], [127.08253015691548, 37.476813938002174], [127.08166790360275, 37.476982832115624], [127.0808305692994, 37.47721826306015], [127.08002621607018, 37.47751796410121], [127.07926258868842, 37.47787904968503], [127.07854704011068, 37.47829804320013], [127.07788646070952, 37.47877091042667], [127.07728721194448, 37.479293098352926], [127.07675506510837, 37.47985957898661], [127.07629514573917, 37.48046489774014], [127.07591188423228, 37.48110322592545], [127.07560897313054, 37.48176841685444], [127.07538933150443, 37.48245406500561], [127.07525507676785, 37.48315356768853], [127.07520750420409, 37.483860188612965], [127.07524207082568, 37.48447773295717], [127.07453078794731, 37.484333031056465], [127.07365299683306, 37.48422603375541], [127.07276627322899, 37.48418810815152], [127.07265914563514, 37.48419191377009], [127.07246138927954, 37.484016445621265], [127.071806145406, 37.483538847873675], [127.07109532076845, 37.48311472636764], [127.07033576032377, 37.482748164694364], [127.06953477793378, 37.48244269218053], [127.06870008597188, 37.48220124993198], [127.06783972110723, 37.482026162538574], [127.06696196697914, 37.4819191157113], [127.06607527450336, 37.48188114006624], [127.06593294644087, 37.48188618823904], [127.06536919364231, 37.48147520874238], [127.06465842520724, 37.48105104871175], [127.06389891740915, 37.48068444585729], [127.0630979836035, 37.48037892990213], [127.06226333569649, 37.48013744237035], [127.06140300993354, 37.47996230828767], [127.06052528957792, 37.479855213814396], [127.05963862522061, 37.479817190025216], [127.05875155348625, 37.47984860299086], [127.05787261491434, 37.47994915025737], [127.05701027180328, 37.48011786375608], [127.05617282680436, 37.48035311911692], [127.05536834304658, 37.48065265129525], [127.05460456655831, 37.48101357636277], [127.05388885172977, 37.48143241925328], [127.05322809053227, 37.48190514719721], [127.053222207679, 37.48191027067609], [127.05320511787646, 37.481895100273455], [127.05255001604301, 37.48141739646356], [127.05183932139903, 37.48099315978034], [127.05107987765125, 37.480626474924016], [127.0502789975395, 37.480320872407134], [127.04944439245374, 37.48007929458692], [127.0485840982279, 37.479904067358106], [127.04770639782207, 37.47979687777743], [127.0468197416355, 37.479758757834794], [127.04593266621428, 37.479790074526264], [127.04505371213337, 37.47989052632432], [127.04419134184013, 37.48005914607901], [127.0433538582471, 37.480294310322456], [127.04254932485418, 37.48059375488695], [127.04178548816682, 37.480954596687496], [127.04171124670103, 37.48099803153467], [127.0414177279999, 37.4806034279017], [127.04089225774068, 37.480033002335375], [127.04029916746241, 37.4795063666962], [127.03964416923323, 37.47902859181522], [127.0389335708476, 37.47860427796269], [127.03817421508666, 37.478237510581884]], [[127.10339753936877, 37.497406927955694], [127.10274198074421, 37.496929501043546], [127.10203085326971, 37.49650556487128], [127.1012710048153, 37.49613920124524], [127.1004697520131, 37.49583393758522], [127.09963480983734, 37.495592712986394], [127.09877421736378, 37.49541784994355], [127.09789626042077, 37.495311032008345], [127.09700939187488, 37.49527328759405], [127.09612215031497, 37.4953049800829], [127.09524307791449, 37.49540580433111], [127.09438063825986, 37.49557478960469], [127.09354313493215, 37.49581030891831], [127.09273863162291, 37.49611009468733], [127.0919748745503, 37.49647126054298], [127.09125921791987, 37.49689032910163], [127.09059855314528, 37.49736326542154], [127.09005533845155, 37.4978366332235], [127.08975172192352, 37.49774888773683], [127.08889112846715, 37.497573952749946], [127.08801316107241, 37.4974670613372], [127.0872401064894, 37.497434097096686], [127.08761688117107, 37.496938194731534], [127.08800012561719, 37.49629983017265], [127.0883029870393, 37.49563460880233], [127.08852255058993, 37.494948937696705], [127.0886567038995, 37.49424942071907], [127.08870415733702, 37.49354279490276], [127.08866445634015, 37.49283586555825], [127.08853798569893, 37.49213544072986], [127.08832596575617, 37.491448265633245], [127.08803044056397, 37.490780957705304], [127.08786463434683, 37.49049842543973], [127.0884867086485, 37.49026663310415], [127.08925041884882, 37.48990548914554], [127.08996601958104, 37.4894864319325], [127.09062661846829, 37.48901349813277], [127.09122585330225, 37.48849124331638], [127.09175795332543, 37.48792469804623], [127.09221779479886, 37.48731931939384], [127.09260095032059, 37.486680938349124], [127.092850100408, 37.486133536262855], [127.09279019479989, 37.48644603350581], [127.09274278494976, 37.48715266206554], [127.09278252188513, 37.48785959092836], [127.09290902536478, 37.488560011910906], [127.09312107945198, 37.489247179317715], [127.09341664413402, 37.48991447491583], [127.09379287488466, 37.49055547168873], [127.09424614998437, 37.49116399575491], [127.09477210533865, 37.491734185853794], [127.09536567646045, 37.49226054982525], [127.09540307077843, 37.492287789409176], [127.09566852053703, 37.492523179965296], [127.09632399551501, 37.49300064600052], [127.0970350573645, 37.493424616397384], [127.09779485749573, 37.49379100715816], [127.09859607749473, 37.49409628887687], [127.09943099964696, 37.49433752076259], [127.1002915813217, 37.49451237899008], [127.10116953249907, 37.49461917910382], [127.1020563956901, 37.4946568922585], [127.10294362747682, 37.494625155138856], [127.10382268088391, 37.49452427346329], [127.10468508778497, 37.49435521903668], [127.10552254054593, 37.49411962038146], [127.10632697211607, 37.49381974703734], [127.10709063379208, 37.49345848768136], [127.10780616990343, 37.49303932228026], [127.10846668869705, 37.4925662885441], [127.10866036619255, 37.49239743671234], [127.10868914400858, 37.49290744201991], [127.1082266105503, 37.49307987811783], [127.10746295815161, 37.49344114489307], [127.10674741628715, 37.493860308154225], [127.1060868752669, 37.49433333204765], [127.10548769618319, 37.49485566205364], [127.10495564966074, 37.49542226881194], [127.10449586027454, 37.496027696520386], [127.1041127571715, 37.49666611544141], [127.10381003137226, 37.497331378012504], [127.10370003548489, 37.49767510552809], [127.10339753936877, 37.497406927955694]], [[127.06969794371254, 37.50396079752322], [127.07028697043499, 37.50403259901535], [127.07117392716017, 37.50407054454599], [127.07206128122036, 37.50403904018189], [127.07294048446136, 37.503938389398144], [127.07380306731179, 37.503769561774476], [127.07464072044071, 37.50353418364771], [127.075445374865, 37.50323452243254], [127.07620927973218, 37.50287346476231], [127.07692507702636, 37.50245448866082], [127.07758587247605, 37.501981630014896], [127.07818530197848, 37.50145944367118], [127.07871759290025, 37.500892959533616], [127.07887184608937, 37.500689987037354], [127.07950012990212, 37.500716822036416], [127.07912328256414, 37.501212697756344], [127.07873993731413, 37.50185103237601], [127.07843696565452, 37.50251622786267], [127.07821728724105, 37.50320187865131], [127.07808301984429, 37.50390138202624], [127.07803687174663, 37.50458701063138], [127.07778801486941, 37.5045364038392], [127.0773478245193, 37.504482774525485], [127.07654079388955, 37.50424946188852], [127.07568015770948, 37.50407443058265], [127.07480213406184, 37.503967440749975], [127.07391517645526, 37.503929522457916], [127.07302782433547, 37.50396104076192], [127.07214862093949, 37.50406169219443], [127.07128603111364, 37.50423050768465], [127.07044835988327, 37.50446586188131], [127.07029839302204, 37.504521702936906], [127.07015531892257, 37.50436653870864], [127.06969794371254, 37.50396079752322]], [[127.05789129699413, 37.502306649869666], [127.05860719010221, 37.50188778534036], [127.05926809502685, 37.501415029816], [127.05962606800642, 37.50110330631899], [127.06021510561591, 37.50127370036119], [127.0610756724921, 37.50144884399539], [127.06195364608342, 37.50155593559351], [127.06284056868536, 37.50159394350088], [127.06372789630737, 37.50156250156149], [127.0642932211838, 37.50149782263402], [127.06465004648526, 37.50181441266284], [127.0640610428443, 37.50174258317872], [127.06317411777515, 37.501704584420914], [127.06228678828022, 37.50173602218768], [127.06140759737887, 37.501836593786436], [127.0605450097971, 37.502005330914635], [127.05970733053836, 37.50224060897512], [127.0589026249858, 37.50254016270533], [127.05813864130239, 37.50290110797009], [127.05774064929052, 37.50313396603058], [127.05773488863953, 37.50310199211132], [127.05754082819266, 37.502472226920766], [127.05789129699413, 37.502306649869666]], [[127.03471199124581, 37.491759530935525], [127.0355910975996, 37.491659157300326], [127.03645362018868, 37.49149060167172], [127.03729125026209, 37.49125548776499], [127.03809591905767, 37.49095608044838], [127.03885987558272, 37.490595263908304], [127.03893412823686, 37.49055183099765], [127.03922767218698, 37.490946440308946], [127.03975320528926, 37.49151687264999], [127.04034638578203, 37.49204351056539], [127.04100150129801, 37.49252128128538], [127.04171224252039, 37.49294558265286], [127.04247176395235, 37.493312327481846], [127.04327274986879, 37.49361798295506], [127.04410748481365, 37.49385960468017], [127.04436666428991, 37.49391239670758], [127.04425104795465, 37.494165980989024], [127.04403108284708, 37.49485156730616], [127.04389651268404, 37.4955510308427], [127.04384863578704, 37.49625763568721], [127.04386814141664, 37.49660869050801], [127.04339245126347, 37.49609244215015], [127.0427992174943, 37.49556581953729], [127.04214406403034, 37.49508805878085], [127.0414333001607, 37.4946637600145], [127.04067377025943, 37.49429700853572], [127.03987278789607, 37.493991335497995], [127.03903806544518, 37.493749683936976], [127.03817763987028, 37.49357438045677], [127.03729979539553, 37.49346711284776], [127.03641298380627, 37.493428913850565], [127.03552574314375, 37.493460151221996], [127.03502636578868, 37.49351716766476], [127.03449282757354, 37.49304343727491], [127.03383774937362, 37.49256563075141], [127.03312705677696, 37.49214128230486], [127.03236759347205, 37.49177447771118], [127.03199326770346, 37.491631590371874], [127.03206016476125, 37.491645224337475], [127.03293798003378, 37.49175253072016], [127.03382476976512, 37.491790755668795], [127.03471199124581, 37.491759530935525]], [[127.12629486346593, 37.524856838444954], [127.12558333791057, 37.524433043898945], [127.12482309104698, 37.52406683133416], [127.1240214433406, 37.52376172671536], [127.12318611356491, 37.5235206676061], [127.12232514452437, 37.523345974907805], [127.12144682566985, 37.52323933053232], [127.12055961334939, 37.52320176122238], [127.11967204945893, 37.52323362867512], [127.11879267927299, 37.523334626063125], [127.11866086796739, 37.523360471278735], [127.11924153403936, 37.5229447011899], [127.11984084416481, 37.522422304611716], [127.12037297220786, 37.521855633833795], [127.12083279416358, 37.52125014713714], [127.12113092128453, 37.520753277844285], [127.12165028113485, 37.520381371832514], [127.12224955391453, 37.519858962601255], [127.12274229145979, 37.51933419325803], [127.12297563811305, 37.51973127752254], [127.12342932544044, 37.520339688882906], [127.12395570668953, 37.520909748577544], [127.12454971327013, 37.521435965700704], [127.1252056248516, 37.52191327153349], [127.12591712444214, 37.52233706839535], [127.12667735923266, 37.52270327395926], [127.12747900661908, 37.52300836060263], [127.12831434476651, 37.52324938941345], [127.12894682241601, 37.52337768735525], [127.12870686644798, 37.52363326451089], [127.1282470930775, 37.52423878188335], [127.12786404533507, 37.52487727510523], [127.1275614137121, 37.525542595898465], [127.1274785810228, 37.52580161272229], [127.1269508160124, 37.52533413453035], [127.12629486346593, 37.524856838444954]], [[127.13182687357708, 37.54378794933549], [127.13102498649097, 37.54348289200118], [127.13062992306364, 37.54336894196188], [127.13094173235787, 37.543097160552875], [127.13102728771976, 37.543006055572235], [127.1314917831915, 37.543062401931756], [127.13237923690819, 37.543099890267996], [127.13326703172997, 37.54306792864307], [127.13368045824109, 37.543020408195275], [127.13416554865098, 37.54337323822944], [127.13396558274353, 37.54399855468783], [127.13383175891285, 37.54469811904568], [127.13381478686362, 37.544952943667845], [127.1332991064824, 37.54457786896935], [127.13258735448011, 37.54415411683497], [127.13182687357708, 37.54378794933549]]], [[[127.0761871621734, 37.53584828571957], [127.07559338427939, 37.53532182797598], [127.07493767480629, 37.534844248872346], [127.07422634839432, 37.53442014679164], [127.07346625483072, 37.53405360513638], [127.07266471310844, 37.53374815303889], [127.07182944098334, 37.533506731407144], [127.070968480707, 37.53333166463141], [127.07009012164717, 37.533224638223395], [127.06920282053947, 37.533186682602214], [127.06831512013427, 37.53321816318245], [127.06743556701916, 37.53331877685964], [127.06657262940492, 37.53348755492664], [127.06573461566288, 37.53372287239284], [127.06492959439491, 37.534022463617134], [127.06416531680237, 37.53438344410432], [127.06344914209913, 37.5348023382564], [127.06278796668421, 37.535275112812045], [127.06218815775483, 37.53579721565395], [127.06165549199768, 37.53636361961125], [127.06119509994868, 37.53696887083686], [127.06081141655729, 37.53760714129529], [127.06058563950108, 37.53810231227073], [127.05988543035153, 37.53783539695069], [127.05905015486573, 37.537593885067935], [127.05818917849807, 37.53741872513502], [127.05731079077147, 37.537311603560106], [127.0564234486975, 37.537273551678076], [127.05553569542066, 37.53730493582984], [127.05465607803717, 37.53740545383891], [127.05379306537594, 37.5375741379188], [127.05295496653002, 37.53780936398353], [127.0521498509197, 37.53810886727168], [127.05138547065367, 37.53846976413466], [127.05066918593323, 37.53888857977955], [127.05000789421565, 37.539361281701034], [127.0494079638169, 37.539883318481365], [127.04900505113365, 37.540311606636834], [127.0488453936113, 37.5402791125941], [127.04796698644849, 37.54017192143616], [127.0470796159599, 37.54013379917061], [127.04619182556338, 37.540165112815636], [127.04531216271229, 37.54026556087325], [127.04444909667275, 37.54043417623019], [127.04361093705121, 37.54066933546186], [127.04280575385238, 37.54096877445018], [127.04204129983498, 37.54132961016549], [127.04132493590959, 37.541748368403645], [127.0406635602953, 37.54222101721208], [127.04006354211515, 37.542743005684606], [127.03953066006892, 37.54330930775214], [127.03907004677369, 37.54391447054949], [127.03868613930817, 37.54455266689348], [127.03838263643804, 37.54521775136877], [127.03816246293643, 37.545903319482065], [127.03802774134452, 37.54660276931662], [127.03797977144792, 37.54730936509386], [127.03801901766883, 37.54801630203075], [127.03814510449962, 37.548716771869074], [127.03835682002463, 37.549404028445196], [127.0386521275006, 37.550071452669165], [127.03902818488731, 37.5507126162868], [127.03948137214367, 37.55132134381013], [127.04000732602924, 37.55189177201883], [127.04060098207843, 37.5524184064585], [127.04125662334499, 37.55289617439076], [127.04196793544813, 37.55332047368325], [127.04272806739108, 37.55368721716793], [127.04352969756584, 37.553992872038606], [127.04436510430718, 37.55423449390712], [127.04522624031543, 37.55440975518881], [127.04610481022837, 37.554516967542796], [127.04699235059293, 37.554555098150054], [127.04788031146292, 37.55452377967182], [127.04876013883393, 37.55442331379181], [127.04962335711731, 37.55425466830819], [127.05046165085601, 37.55401946780334], [127.05126694489127, 37.5537199779814], [127.05203148220501, 37.55335908382555], [127.05274789868555, 37.5529402617858], [127.0534092940942, 37.552467546266534], [127.05400929854723, 37.551945490737644], [127.05441224607043, 37.551517186568354], [127.05457193000638, 37.55154967319181], [127.05545048047918, 37.551656815926016], [127.0563379924121, 37.55169487611288], [127.05722591613308, 37.55166348709227], [127.0581056979958, 37.551562951227844], [127.05896886285055, 37.55139423699222], [127.05980709575552, 37.5511589696303], [127.06061232213862, 37.55085941549044], [127.06137678563424, 37.5504984601755], [127.06209312284258, 37.55007958072467], [127.06275443428933, 37.549606812095256], [127.06335435090034, 37.549084708268616], [127.06388709535011, 37.54851829835571], [127.06434753769302, 37.54791303812703], [127.06473124474141, 37.547274757434586], [127.06495702272088, 37.546779579303], [127.06565733358974, 37.54704646478319], [127.06649273601548, 37.54728793033663], [127.06735384568235, 37.54746303026468], [127.06823236748153, 37.547570077781614], [127.06911983842343, 37.54760804165712], [127.0700077092311, 37.547576556159406], [127.07088742676844, 37.54747592458188], [127.071750516506, 37.54730711631962], [127.07258866422644, 37.54707175752361], [127.07339379617922, 37.54677211542326], [127.07415815690935, 37.546411076468864], [127.07487438400811, 37.54599211850532], [127.07553557906287, 37.54551927724617], [127.07613537412172, 37.54499710737214], [127.07666799303101, 37.54443063863007], [127.07712830705513, 37.543825327356664], [127.07751188424307, 37.54318700389508], [127.07781503206726, 37.542521816412275], [127.07803483292567, 37.54183617165955], [127.07816917216782, 37.54113667324767], [127.07821129230543, 37.54051122533671], [127.07821976723868, 37.54052566089488], [127.07867321379969, 37.54113424063807], [127.07919939722423, 37.54170449665946], [127.07979325083215, 37.54223093616262], [127.08044905577067, 37.54270848828661], [127.08116049607906, 37.54313255297796], [127.08192071952263, 37.543499045328936], [127.08272240360927, 37.543804434953216], [127.08355782615241, 37.54404578001875], [127.08441893969872, 37.54422075560858], [127.0852974491015, 37.544327676135275], [127.08618489149048, 37.54436551159248], [127.08707271786388, 37.54433389748609], [127.08795237551402, 37.54423313834904], [127.08881539048909, 37.54406420480575], [127.08965344929287, 37.54382872421454], [127.0904584790324, 37.54352896497843], [127.09122272523868, 37.54316781467632], [127.09193882660747, 37.54274875222584], [127.09259988593878, 37.542275814346965], [127.09266348966823, 37.542220420025906], [127.0929510766392, 37.54227883536888], [127.0938295760542, 37.54238569239068], [127.09471700033762, 37.542423463627465], [127.09532735507656, 37.542401685716456], [127.09528447749902, 37.54247307583197], [127.09498148467515, 37.54313830908313], [127.09476183479103, 37.54382398612035], [127.09462764534759, 37.54452350397507], [127.09458021100696, 37.54523012621057], [127.09461637751446, 37.54587283328302], [127.09400293297188, 37.54557720096699], [127.09320118323984, 37.54527188763867], [127.09236571532773, 37.54503061058638], [127.0915045733702, 37.54485569280862], [127.09062604848253, 37.54474881838302], [127.08973859899545, 37.54471101626594], [127.08885076908666, 37.54474265039479], [127.08797110658968, 37.54484341618752], [127.08710808076798, 37.545012343473225], [127.086270000842, 37.54524780582547], [127.08546493605115, 37.54554753620894], [127.08470063801654, 37.54590864878936], [127.08398446615, 37.54632766669744], [127.08332331682466, 37.5468005554808], [127.08272355698837, 37.54732276192256], [127.08219096285707, 37.547889257854436], [127.0817306642792, 37.54849458854367], [127.08134709530648, 37.549132925189284], [127.08104395144831, 37.54979812102334], [127.08100693095486, 37.54991360593002], [127.08071741816309, 37.54987836278795], [127.0798299135956, 37.54984048589651], [127.07894201934647, 37.54987204510201], [127.0780622838682, 37.5499727365435], [127.07719917712619, 37.55014159076558], [127.07636100911921, 37.55037698204507], [127.07555584993383, 37.5506766440308], [127.07479145209915, 37.55103769154699], [127.07407517598692, 37.55145664835086], [127.0734139189732, 37.55192948057845], [127.07281404904181, 37.55245163555771], [127.07228134346812, 37.55301808561616], [127.07182093317304, 37.553623376463186], [127.07143725328365, 37.554261679681915], [127.07113400037717, 37.554926848826824], [127.0709140968224, 37.55561247858806], [127.07077966256334, 37.55631196645369], [127.07073199462049, 37.557018576277244], [127.07077155450966, 37.55772550313864], [127.07089796370327, 37.55842593887482], [127.07111000718146, 37.55911313764872], [127.07140564504213, 37.559780480925255], [127.07178203206223, 37.56042154122819], [127.0722355450245, 37.56103014406307], [127.07276181754953, 37.56160042740919], [127.07335578210039, 37.56212689820641], [127.07401171875678, 37.56260448529174], [127.07472331028985, 37.56302858827433], [127.07548370300844, 37.56339512187687], [127.07628557278973, 37.563700555314995], [127.07712119565777, 37.563941946333934], [127.07798252222847, 37.56411696957345], [127.07886125530183, 37.56422393898656], [127.0797489298514, 37.56426182409554], [127.08063699463719, 37.56423025992771], [127.08151689465303, 37.564129550534766], [127.08238015361052, 37.5639606660619], [127.08321845566124, 37.56372523339487], [127.08402372556743, 37.56342552047532], [127.08478820654508, 37.563064414436404], [127.08550453502728, 37.56264539376989], [127.08616581162543, 37.56217249479392], [127.08676566760307, 37.5616502727457], [127.08729832622109, 37.561083757875075], [127.08775865836303, 37.560478406963384], [127.08814223190522, 37.559840050735765], [127.08844535435729, 37.55917483767482], [127.08848236810952, 37.55905935057596], [127.08877192021633, 37.55909457485591], [127.08965953964976, 37.55913238515085], [127.09054754004633, 37.55910074602239], [127.0914273670207, 37.55899996224468], [127.09229054498866, 37.558831004679774], [127.09312875888286, 37.55859550091773], [127.09393393431559, 37.55829571958523], [127.09469831541378, 37.55793454847449], [127.09541453957361, 37.55751546670405], [127.09607570841223, 37.557042511180526], [127.09667545423203, 37.556520237685575], [127.09720800135561, 37.55595367696429], [127.09766822174107, 37.55534828623926], [127.09805168434158, 37.5547098966186], [127.09835469773552, 37.55404465690603], [127.09857434561789, 37.55335897435522], [127.0987085148136, 37.55265945294016], [127.09875591554581, 37.551952829737004], [127.09871971102199, 37.55131012437157], [127.09933322119663, 37.55160573227478], [127.10013506393051, 37.55191100417479], [127.10097063398487, 37.55215222656014], [127.10183188248392, 37.55232707569592], [127.10271051297964, 37.55243386721323], [127.1035980614341, 37.552471572349035], [127.10448597782286, 37.552439827865186], [127.10536570857059, 37.55233893955125], [127.10622877902092, 37.5521698792767], [127.10706687514332, 37.551934275621335], [127.10787192368576, 37.55163439817431], [127.10863616999877, 37.5512731356538], [127.10935225277808, 37.55085396805887], [127.11001327500402, 37.55038093312266], [127.11061287039236, 37.549858587391476], [127.11114526471569, 37.54929196230578], [127.11160533140476, 37.54868651570759], [127.11198864089371, 37.54804807924252], [127.11229150323605, 37.54738280216478], [127.11251100358173, 37.54669709208714], [127.11264503017645, 37.5459975532479], [127.11269229461632, 37.54529092289017], [127.11265234416562, 37.54458400636703], [127.11252556602285, 37.54388361159784], [127.11231318349762, 37.54319648350697], [127.1120172441384, 37.54252923907654], [127.11164059992969, 37.54188830363822], [127.11118687975151, 37.54127984901653], [127.11066045437063, 37.54070973411916], [127.11006639430154, 37.54018344854478], [127.10941042094612, 37.5397060597506], [127.1086988514825, 37.539282164286824], [127.10793853803524, 37.5389158435665], [127.10713680171166, 37.538610624594995], [127.10630136213884, 37.5383694460362], [127.10544026317827, 37.53819462994083], [127.10456179553125, 37.53808785940806], [127.10367441697754, 37.538050162394505], [127.10306409975874, 37.538071983683075], [127.10310696738604, 37.538000590632485], [127.10340986700373, 37.53733533542012], [127.10362941826608, 37.53664964097999], [127.10376350892695, 37.53595011140004], [127.103810849964, 37.53524348383461], [127.10377098790252, 37.53453656361037], [127.10364430908868, 37.53383615868278], [127.1034320358745, 37.53314901407466], [127.10313621475511, 37.53248174692783], [127.10275969657577, 37.5318407827933], [127.1023061090028, 37.531232293772554], [127.1017798215259, 37.53066213910511], [127.10118590333204, 37.53013580877314], [127.10053007445741, 37.529658370665274], [127.09981865068973, 37.529234421806976], [127.09905848275162, 37.52886804412569], [127.09825689035029, 37.52856276517542], [127.09742159172826, 37.528321524197686], [127.0965606293911, 37.52814664384415], [127.09568229272584, 37.528039807832535], [127.09479503825219, 37.52800204474975], [127.09390740827179, 37.52803371815754], [127.09302794869483, 37.52813452309588], [127.0921651268326, 37.52830348901696], [127.09132724994335, 37.52853898912224], [127.09052238531301, 37.52883875601268], [127.08975828263675, 37.529199903502125], [127.08904229944636, 37.52961895438478], [127.08838133029907, 37.530091873890164], [127.08831773380777, 37.5301472660608], [127.08803019705391, 37.53008883961126], [127.08715185039914, 37.52998194012781], [127.08626457782991, 37.5299441128581], [127.08537692182192, 37.52997572198155], [127.08449742853578, 37.53007646315675], [127.08363456560691, 37.53024536644952], [127.08279664068851, 37.53048080566408], [127.08199172152831, 37.53078051398746], [127.08122755834592, 37.53114160579731], [127.08051150925492, 37.53156060442385], [127.07985046944636, 37.53203347559981], [127.07925080481317, 37.532555666277354], [127.07871829065402, 37.53312214843952], [127.0782580560463, 37.533727467485704], [127.07787453442455, 37.53436579472671], [127.07757142084081, 37.53503098348488], [127.07735163632061, 37.53571662826076], [127.0772172996598, 37.536416126397164], [127.0771751738547, 37.53704157435072], [127.07716669951142, 37.53702713871267], [127.07671328980075, 37.536418552987406], [127.0761871621734, 37.53584828571957]]], [[[127.11596993243477, 37.33531050827589], [127.11537744371715, 37.33478423994957], [127.11472321523758, 37.33430687387314], [127.11401354737175, 37.333883006385236], [127.11325527393726, 37.33351671863638], [127.11245569640596, 37.333211537320956], [127.11162251362967, 37.332970400745964], [127.11076374775446, 37.33279563056264], [127.10988766703422, 37.33268890943165], [127.10900270628487, 37.33265126483633], [127.10811738574151, 37.33268305919885], [127.10724022909685, 37.3327839863945], [127.10637968150675, 37.3329530746969], [127.10554402834863, 37.333188696126456], [127.10474131551194, 37.33348858211202], [127.10397927198518, 37.33384984531579], [127.10326523548197, 37.33426900741191], [127.10260608182038, 37.334742032552626], [127.1020081587335, 37.3352643662006], [127.10147722474811, 37.33583097895502], [127.10101839371914, 37.33643641495065], [127.10063608555484, 37.33707484436528], [127.10033398360784, 37.33774011953111], [127.10011499914418, 37.33842583411112], [127.09998124323491, 37.339125384771485], [127.09993400634345, 37.33983203475712], [127.0999737458085, 37.340538978758765], [127.10010008134662, 37.34123940844732], [127.10031179862122, 37.34192657804455], [127.10060686084717, 37.342593869298426], [127.1009824283227, 37.34323485523722], [127.10143488570411, 37.343843362087405], [127.10195987676269, 37.34441352875857], [127.10255234629207, 37.344939863320974], [127.10260639880403, 37.34497930843873], [127.10206038883857, 37.34545622572676], [127.10152938279167, 37.34602283732481], [127.10107048942227, 37.34662827212143], [127.10068812923956, 37.34726670030625], [127.10038598609783, 37.34793197422362], [127.10016697166085, 37.34861768754873], [127.10003319728943, 37.34931723696002], [127.09998595362592, 37.35002388571457], [127.10002569807544, 37.35073082851497], [127.10015205030786, 37.351431257043664], [127.10036379582688, 37.35211842553349], [127.1006588975765, 37.35278571574291], [127.10103451547528, 37.353426700710024], [127.10148703369468, 37.354035206670396], [127.10201209542069, 37.35460537254188], [127.10260464476676, 37.355131706402084], [127.10325897543613, 37.355609138413826], [127.10396878566586, 37.35603306968704], [127.10472723892397, 37.35639941660546], [127.10552702977473, 37.35670465018982], [127.10636045427685, 37.35694583011669], [127.10721948423513, 37.35712063306464], [127.10809584458781, 37.35722737511314], [127.10898109318204, 37.357265027977846], [127.10986670216573, 37.35723322892507], [127.11074414020872, 37.357132284269596], [127.11160495475754, 37.35696316642185], [127.11244085352843, 37.35672750451318], [127.11324378444979, 37.35642756868969], [127.11400601328167, 37.356066248226725], [127.1147201981611, 37.355647023675495], [127.1153794603538, 37.355173933311235], [127.11597745052876, 37.35465153420729], [127.1165084099162, 37.3540848583113], [127.11696722575984, 37.35347936394798], [127.11734948052987, 37.35284088321678], [127.11765149442283, 37.35217556579269], [127.11787036074195, 37.35148981967246], [127.11800397381859, 37.35079024943792], [127.11805104920876, 37.35008359263226], [127.11801113597402, 37.34937665486226], [127.11788462093085, 37.348676244252154], [127.11767272483225, 37.34798910588052], [127.11737749052091, 37.34732185683147], [127.11700176317252, 37.34668092248514], [127.11654916282173, 37.3460724746606], [127.11602404943883, 37.345502372205935], [127.11543148089552, 37.344976104606395], [127.11537742162514, 37.34493666531067], [127.11592334411884, 37.34445968602014], [127.11645423146886, 37.34389300899144], [127.1169129850117, 37.343287513450875], [127.11729518781681, 37.34264903150897], [127.11759716058053, 37.34198371285208], [127.11781599700122, 37.34129796548857], [127.11794959169704, 37.34059839401213], [127.11799666039994, 37.33989173597779], [127.11795675223458, 37.339184797004094], [127.11783025396744, 37.338484385226955], [127.11761838618872, 37.33779724573628], [127.11732319146739, 37.3371299956271], [127.11694751459684, 37.33648906028999], [127.11649497512485, 37.335880611553875], [127.11596993243477, 37.33531050827589]]], [[[127.11558263173016, 37.36238862566472], [127.11505741310927, 37.3618185198962], [127.11446472409008, 37.36129224822418], [127.11381027286768, 37.36081487797818], [127.11310036196275, 37.360391005536044], [127.11234182753257, 37.360024712095154], [127.11154197356122, 37.35971952440383], [127.11070850156086, 37.359478380829735], [127.1098494364605, 37.359303603090886], [127.10897304939301, 37.35919687392021], [127.10808777812161, 37.359159220878155], [127.1072021458687, 37.3591910064681], [127.10632467932574, 37.35929192464983], [127.10546382663003, 37.359461003784006], [127.10462787609438, 37.359696615979686], [127.10382487646964, 37.359996492755215], [127.10306255950412, 37.360357746862164], [127.10234826554318, 37.360776900063065], [127.1016888728833, 37.3612499165967], [127.10109073155881, 37.36177224200952], [127.10055960219842, 37.36233884698099], [127.10010060053943, 37.362944275721674], [127.09971814813478, 37.363582698480094], [127.09941592972808, 37.36424796765333], [127.09919685770937, 37.364933676962686], [127.09906304399564, 37.365633223125556], [127.09901577961001, 37.36633986943056], [127.09905552215915, 37.36704681060398], [127.09918189133312, 37.367747238343945], [127.09939367247445, 37.36843440689075], [127.0996888281858, 37.36910169800213], [127.1000645178677, 37.36974268470716], [127.10051712500162, 37.37035119322427], [127.10104229191823, 37.37092136244621], [127.1016349617187, 37.37144770041782], [127.10228942694651, 37.37192513726172], [127.10299938454278, 37.37234907404076], [127.10375799655583, 37.37271542708512], [127.1045579560202, 37.37302066735594], [127.10539155736964, 37.373261854464964], [127.10625077070436, 37.37343666502116], [127.10712731919489, 37.37354341503045], [127.10772144685308, 37.373568686264235], [127.10739099062766, 37.37385724618206], [127.10685982237361, 37.37442387807082], [127.10640079661385, 37.375029329892286], [127.10601833513458, 37.37566777167287], [127.1057161227682, 37.37633305562655], [127.1054970718481, 37.37701877533232], [127.10536329408967, 37.37771832740736], [127.10531608017128, 37.378424975083064], [127.1053558872151, 37.37913191307228], [127.10548233429147, 37.37983233310339], [127.10569420599394, 37.380519489490474], [127.10598946405399, 37.38118676410786], [127.1063652668873, 37.38182773014292], [127.10681799688602, 37.38243621401264], [127.10734329519782, 37.38300635484655], [127.10793610365826, 37.38353266096238], [127.10859071347504, 37.3840100627891], [127.10930082019604, 37.3844339617264], [127.11005958443248, 37.384800274468574], [127.1108596977517, 37.3851054723647], [127.11169345310435, 37.38534661543451], [127.11255281910596, 37.38552138071108], [127.11342951745526, 37.385628084636494], [127.11431510274086, 37.38566569929354], [127.11445551259452, 37.385660654001825], [127.11445805715225, 37.38570574238761], [127.11458459947531, 37.38640615244676], [127.11479657235101, 37.387093292334036], [127.11509193653673, 37.38776054408213], [127.11546784942615, 37.38840148109808], [127.11592069235142, 37.38900993007785], [127.11594605806366, 37.38903745344448], [127.11587317240453, 37.389071989969516], [127.11515867528509, 37.389491217373546], [127.11449910942238, 37.38996430206907], [127.11390082651968, 37.390486688947185], [127.11336958857062, 37.39105334809629], [127.1129105123605, 37.39165882320602], [127.11252802016286, 37.39229728407887], [127.11222579710768, 37.392962582745184], [127.11200675563323, 37.39364831264231], [127.11187300736597, 37.39434787028928], [127.11182584270236, 37.395054518863645], [127.11186571829232, 37.39576145306929], [127.11199225254799, 37.39646186467062], [127.11220422922506, 37.39714900806241], [127.11249960904557, 37.397816265243506], [127.1128755492537, 37.39845720956859], [127.1133284309195, 37.39906566766301], [127.11385389373037, 37.399635778903864], [127.11444687793767, 37.400162051893226], [127.11510167305613, 37.40063941737846], [127.11581197284835, 37.40106327710867], [127.11657093606496, 37.401429548155335], [127.11737125235553, 37.40173470226872], [127.11820521271423, 37.40197579988995], [127.11906478378035, 37.402150518489755], [127.11994168527568, 37.402257174959736], [127.1208274698303, 37.4022947418399], [127.1217136044251, 37.402262857225125], [127.1225915526626, 37.402161828255], [127.12276789691559, 37.40212718664527], [127.12323774424225, 37.40240750829151], [127.12399675751475, 37.40277373186167], [127.12479711860013, 37.403078835885296], [127.1256311180605, 37.40331988128609], [127.12649072215794, 37.40349454603798], [127.12736765029568, 37.403601147551534], [127.1282534548469, 37.403638658896355], [127.12913960259955, 37.40360671870259], [127.13001755702945, 37.40350563464547], [127.13087886060514, 37.403336380479466], [127.13171521632914, 37.40310058665043], [127.13251856772602, 37.402800524576804], [127.13328117650417, 37.40243908475173], [127.13399569714049, 37.40201974887786], [127.13465524766727, 37.401546556304424], [127.13525347597789, 37.40102406509079], [127.1357846210115, 37.40045730807322], [127.1362435682274, 37.399851744358905], [127.1366258988347, 37.39921320671612], [127.13692793230462, 37.39854784536853], [127.13714676175726, 37.39786206873609], [127.13728028188487, 37.39716248169433], [127.13732720914449, 37.39645582194775], [127.13728709402999, 37.39574889513054], [127.13716032530753, 37.39504850926026], [127.13694812617794, 37.39436140917573], [127.1366525424065, 37.3936942115906], [127.13627642253752, 37.39305334138753], [127.135823390388, 37.39244496976596], [127.13529781008776, 37.3918749548381], [127.1347047440051, 37.39134878524445], [127.13404990396485, 37.390871527330276], [127.13333959622992, 37.39044777639069], [127.13258066077647, 37.3900816124522], [127.1317804054472, 37.38977656101559], [127.13094653561579, 37.38953555913619], [127.13057255048875, 37.38945957031722], [127.13094906909579, 37.38905778638298], [127.13140798478642, 37.3884522401054], [127.1317902975752, 37.38781371677603], [127.13209232710369, 37.387148366480545], [127.13231116652867, 37.386462597532386], [127.13244471044477, 37.38576301473316], [127.13249167507864, 37.38505635574663], [127.13245161056274, 37.384349426199904], [127.13232490517457, 37.38364903413713], [127.13211278150388, 37.38296192445711], [127.13181728458818, 37.38229471396638], [127.13144126213457, 37.38165382767233], [127.13098833702136, 37.38104543692981], [127.1304628723473, 37.3804754000357], [127.12986992936716, 37.379949205842486], [127.12921521872049, 37.37947192093278], [127.12850504542473, 37.37904814086201], [127.12774624816214, 37.3786819459376], [127.12694613344559, 37.378376861958934], [127.12611240529581, 37.37813582629488], [127.12525309110603, 37.37796115962445], [127.12437646440529, 37.37785454361139], [127.12349096526198, 37.377817004727], [127.12335057054936, 37.377822060837076], [127.12334802089127, 37.37777697255467], [127.12322141078573, 37.377076570481485], [127.12300938830909, 37.37638944426293], [127.12271399752397, 37.375722210865305], [127.12233808511532, 37.375081295517184], [127.12188527290188, 37.37447286985374], [127.12135992289541, 37.37390279250856], [127.12076709524699, 37.37337655272412], [127.12011249948634, 37.37289921752234], [127.11940243952529, 37.3724753829432], [127.11864375295575, 37.37210912981913], [127.1178437452257, 37.37180398450998], [127.11701011932672, 37.37156288497513], [127.11615090166845, 37.371388152508466], [127.1152743648514, 37.371281469407045], [127.11468025235595, 37.37125623619279], [127.11501066934198, 37.3709676555599], [127.11554175201107, 37.37040098625157], [127.11600067608714, 37.36979549790741], [127.1163830229988, 37.369157022569496], [127.11668511205642, 37.36849170986132], [127.11690403584079, 37.36780596773463], [127.11703768813145, 37.36710640073313], [127.11708478410874, 37.36639974636909], [127.11704487263776, 37.365692810225866], [127.11691834052012, 37.36499240041207], [127.116706408675, 37.364305261998474], [127.11641112029129, 37.36363801206938], [127.11603532106695, 37.36299707601307], [127.11558263173016, 37.36238862566472]]], [[[127.1362210452711, 37.407821371062084], [127.13569535551599, 37.40725135880049], [127.13510216634833, 37.40672519191261], [127.13444719077847, 37.40624793671711], [127.1337367363744, 37.405824188482384], [127.13297764452422, 37.405458027208425], [127.13217722457587, 37.40515297836983], [127.13134318348726, 37.40491197899652], [127.13048355166258, 37.40473734941767], [127.12960660568677, 37.40463077093959], [127.12872078869981, 37.40459326967209], [127.12783462917396, 37.404625206657876], [127.12695665887341, 37.4047262744], [127.12609533078208, 37.4048954998203], [127.12525893778722, 37.40513125362081], [127.1244555328978, 37.40543126595803], [127.12369285176298, 37.40579264827994], [127.12297823823441, 37.40621192111626], [127.12231857368636, 37.40668504755548], [127.12172021077303, 37.40720747208732], [127.12118891225957, 37.40777416443809], [127.12072979551577, 37.40837966797811], [127.12034728320718, 37.40901815223639], [127.1200450606593, 37.409683469018226], [127.11982604030749, 37.41036921158659], [127.11969233357696, 37.411068776338325], [127.11964523046635, 37.411775426382356], [127.11968518703482, 37.41248235640801], [127.11981182091661, 37.413182758219484], [127.12002391490965, 37.41386988630523], [127.12031942860767, 37.41453712281086], [127.12069551796664, 37.41517804128945], [127.12114856262087, 37.41578646861455], [127.12167420068843, 37.416356544458836], [127.12226737073277, 37.4168827777646], [127.1229223604784, 37.417360099660726], [127.12363286181258, 37.417783912315606], [127.12439203154369, 37.41815013325362], [127.12519255733089, 37.41845523470727], [127.12602672814893, 37.41869627762466], [127.12688650860821, 37.41887094000331], [127.12776361641181, 37.41897753927637], [127.12864960220084, 37.419015048534916], [127.12953593101604, 37.41898310642916], [127.13041406458754, 37.418882020652795], [127.131275543657, 37.41871276497702], [127.13211206953515, 37.41847696986252], [127.13291558410646, 37.41817690674045], [127.13367834750666, 37.417815466114455], [127.13439301272275, 37.41739612969544], [127.13505269639411, 37.416922936838354], [127.13565104513167, 37.41640044560587], [127.13618229671503, 37.415833688834944], [127.13664133557789, 37.4152281256309], [127.13702374204765, 37.41458958875758], [127.1373258348661, 37.413924228431625], [127.13754470658331, 37.41323845306348], [127.13767825148604, 37.41253886751676], [127.1377251857946, 37.41183220948168], [127.13768505993677, 37.411125284575995], [127.13755826278405, 37.410424900798766], [127.13734601781286, 37.40973780296849], [127.13705037123154, 37.409070607776854], [127.13667417219071, 37.40842974008312], [127.1362210452711, 37.407821371062084]]], [[[127.14497504973093, 37.58312051333564], [127.1443804124698, 37.5825944011895], [127.14372384887996, 37.58211720339143], [127.14301168182014, 37.58169351465094], [127.14225076916547, 37.581327414389314], [127.14144843778857, 37.58102242748836], [127.1406124130414, 37.58078149037706], [127.13975074441488, 37.58060692278137], [127.13887172809046, 37.58050040540823], [127.13798382712596, 37.58046296377761], [127.13709559004228, 37.580494958357775], [127.13621556859033, 37.58059608109814], [127.13535223548757, 37.58076535839317], [127.1345139029121, 37.58100116044861], [127.13370864253595, 37.581301216960526], [127.13294420786465, 37.58166263895652], [127.13222795962785, 37.582081946589916], [127.1315667949374, 37.58255510262008], [127.13096708089317, 37.583077551257965], [127.13043459327524, 37.583644262003816], [127.12997446091194, 37.584249778056545], [127.12959111626039, 37.58488826882988], [127.12928825267605, 37.58555358607085], [127.12906878878479, 37.58623932304154], [127.12893484030246, 37.58693887619522], [127.1288876995765, 37.58764550875383], [127.12892782304965, 37.58835241557523], [127.12905482676997, 37.58905278868601], [127.12926748999395, 37.58973988284879], [127.12956376685176, 37.59040708053257], [127.12994080596589, 37.591047955659995], [127.13039497783704, 37.59165633551706], [127.13092190973707, 37.592226360227954], [127.13151652777468, 37.59275253922133], [127.13217310573084, 37.59322980414298], [127.13288532019483, 37.593653557703874], [127.13364631146976, 37.59401971799172], [127.13444874966166, 37.59432475781794], [127.13528490531378, 37.594565738719666], [127.13614672390453, 37.59474033928807], [127.1370259034895, 37.59484687754915], [127.13791397473678, 37.594884327180154], [127.13880238258167, 37.59485232740543], [127.13968256871092, 37.59475118647513], [127.14054605407867, 37.59458187869386], [127.14138452065536, 37.59434603502742], [127.14218989161935, 37.59404592737885], [127.14295440921529, 37.59368444668569], [127.14367070952677, 37.59326507505032], [127.14433189344079, 37.59279185217292], [127.14493159311863, 37.59226933641146], [127.1454640333324, 37.591702560845214], [127.14592408707547, 37.59109698476626], [127.14630732491202, 37.59045844106765], [127.14661005759139, 37.58979308003626], [127.1468293715184, 37.589107310092835], [127.14696315674021, 37.58840773605124], [127.14701012718339, 37.587701095492235], [127.14696983294905, 37.58699419386541], [127.14684266455141, 37.58629383894455], [127.14662984906246, 37.58560677526801], [127.14633343820343, 37.58493961919523], [127.14595628850147, 37.58429879520446], [127.14550203370567, 37.58369047404455], [127.14497504973093, 37.58312051333564]]]]}}, {"type": "Feature", "properties": {"station": "namwirye", "threshold": "60min", "threshold_min": 60, "n_stations": 409, "area_km2": 405.38}, "geometry": {"type": "MultiPolygon", "coordinates": [[[[126.93548414174032, 37.4652389865905], [126.93460678442536, 37.46513095922543], [126.93372036930081, 37.46509199230163], [126.93283343059426, 37.46512246096581], [126.93195450756484, 37.465222071851066], [126.93109206235964, 37.46538986589972], [126.93025439860921, 37.46562422758996], [126.92944958154303, 37.46592290047787], [126.92868536039131, 37.46628300890565], [126.92796909381687, 37.466701085667914], [126.92730767909357, 37.4671731053707], [126.9267074857112, 37.4676945231631], [126.92617429404524, 37.4682603184699], [126.92571323968147, 37.46886504330551], [126.92532876393241, 37.46950287470519], [126.92502457102242, 37.47016767077006], [126.92480359235597, 37.47085302978759], [126.9246679582152, 37.471552351859], [126.92461897716196, 37.4722589024414], [126.9246571233462, 37.47296587719306], [126.92478203184598, 37.47366646749812], [126.92499250208792, 37.47435392603961], [126.92515410131013, 37.47472092784469], [126.9251043641632, 37.47478615688022], [126.92471985227525, 37.47542398536579], [126.92441562930661, 37.47608877895394], [126.92419462695172, 37.47677413595613], [126.92405897572144, 37.47747345649315], [126.92400998434289, 37.47818000603693], [126.92403341572611, 37.47861430741145], [126.92394989435232, 37.478663045031425], [126.92328834823903, 37.479135040193896], [126.92268803044507, 37.479656435486135], [126.92215472254372, 37.48022221055005], [126.92169356124029, 37.48082691759548], [126.92130898887743, 37.48146473382945], [126.92100471061059, 37.482129517499644], [126.92078365866709, 37.482814867013296], [126.92070730726948, 37.483208353095506], [126.92067687940043, 37.48317523455819], [126.92008461593066, 37.482648002300984], [126.9194303644019, 37.48216956715084], [126.91872042542909, 37.48174453573612], [126.91796163545388, 37.48137700040863], [126.91716130093123, 37.48107049986799], [126.91632712800681, 37.48082798511521], [126.9154671483609, 37.48065179106249], [126.91458964193012, 37.4805436140711], [126.91370305724953, 37.48050449563312], [126.9128159301779, 37.48053481235327], [126.91193680178651, 37.48063427232685], [126.91107413619778, 37.480801917948625], [126.91023623916215, 37.48103613512547], [126.90943117815318, 37.48133466880469], [126.9090377069224, 37.48151994791769], [126.90890023956419, 37.481334544946414], [126.9083757792258, 37.48076353824909], [126.90778362183056, 37.48023624501034], [126.90712947047514, 37.479757742395066], [126.90641962481097, 37.479332637681324], [126.90566092038227, 37.47896502392678], [126.90486066282139, 37.47865844058608], [126.90402655753392, 37.478415839457305], [126.90316663554968, 37.47823955628401], [126.9022891762509, 37.47813128828518], [126.9014026277193, 37.47809207782873], [126.90051552546602, 37.478122302404884], [126.89963641032347, 37.47822167099566], [126.89877374628647, 37.47838922687518], [126.89793583909022, 37.47862335681396], [126.8971307563056, 37.47892180659885], [126.89636624971838, 37.47928170271981], [126.89564968073678, 37.47969958001562], [126.89498794954358, 37.48017141501315], [126.89438742867306, 37.48069266464056], [126.8938539016516, 37.481258309942774], [126.89339250729206, 37.48186290437974], [126.89300769017922, 37.48250062624375], [126.89270315782352, 37.483165334692345], [126.89248184489765, 37.48385062885839], [126.89234588490265, 37.48454990946952], [126.89229658953913, 37.48525644238394], [126.8923344359852, 37.48596342343196], [126.89242696771912, 37.4864836171879], [126.89234160237191, 37.48650019062415], [126.89150358479705, 37.486734273653155], [126.89069838954681, 37.4870326782079], [126.88993376948893, 37.487392531213935], [126.88921708712344, 37.487810367925285], [126.88855524372413, 37.488282165259875], [126.88795461290518, 37.488803380508806], [126.88742097925126, 37.48936899504839], [126.88695948260188, 37.489973562635214], [126.88657456852678, 37.490611261820575], [126.88626994547033, 37.49127595198083], [126.88604854897905, 37.491961232425496], [126.88591251335937, 37.49266050401473], [126.88586315104091, 37.49336703269411], [126.88590093984746, 37.494074014335084], [126.88602551830175, 37.494774640257525], [126.88623568901234, 37.49546216280338], [126.88652943011428, 37.496129960329675], [126.8869039146564, 37.496771600995004], [126.88733896289999, 37.497358543098045], [126.88663351677916, 37.49701665986338], [126.88583314719705, 37.49670994755459], [126.88499890538178, 37.49646721159427], [126.88413882367756, 37.496290789023256], [126.88326118300377, 37.49618237840176], [126.88237443318734, 37.49614302347003], [126.88148711167594, 37.49617310310855], [126.88060776141123, 37.49627232769415], [126.87974484864979, 37.49643974188696], [126.87890668151938, 37.49667373382136], [126.87883817270833, 37.49669911103685], [126.87886673686332, 37.496290841848676], [126.87882901357781, 37.4955838588054], [126.87870450122482, 37.49488322597899], [126.87849440129355, 37.49419569059949], [126.87820073935502, 37.49352787358392], [126.87782634547027, 37.492886205789524], [126.87737482686096, 37.49227686610361], [126.87685053310835, 37.491705721965324], [126.87625851421802, 37.491178272891126], [126.87560447195588, 37.490699597546524], [126.87489470492574, 37.49027430487254], [126.87413604791706, 37.48990648973612], [126.87333580610756, 37.48959969353021], [126.87250168475282, 37.48935687010148], [126.87164171503834, 37.489180357332785], [126.87076417680629, 37.48907185465251], [126.86987751889828, 37.48903240668686], [126.86899027787781, 37.48906239321164], [126.86811099591213, 37.489161525499675], [126.86724813860062, 37.489328849099245], [126.86641001353718, 37.48956275301646], [126.86560469038795, 37.4898609852137], [126.86483992325039, 37.4902206742756], [126.86412307603865, 37.490638357034484], [126.86346105161172, 37.49111001189056], [126.86286022532468, 37.49163109750704], [126.86232638364228, 37.49219659650883], [126.8618646684052, 37.49280106376575], [126.86147952728636, 37.493438678796025], [126.86117467091492, 37.494103301787426], [126.86095303708308, 37.494788532697456], [126.86081676238207, 37.495487772864635], [126.86076716154358, 37.49619428853849], [126.86080471468857, 37.49690127571713], [126.86092906260981, 37.497601925668505], [126.86113901013704, 37.49828949050444], [126.86143253755607, 37.49895734817592], [126.8618068199754, 37.499599066263336], [126.86225825445686, 37.500208463946656], [126.86278249465221, 37.5007796715579], [126.86337449261406, 37.501307187141386], [126.86402854738073, 37.501785929475695], [126.86473835986796, 37.50221128704543], [126.86549709353928, 37.50257916248971], [126.86629744027088, 37.50288601209805], [126.86713169077521, 37.50312887997148], [126.86799180890351, 37.50330542651924], [126.86886950911017, 37.50341395101478], [126.869756336329, 37.503453407993554], [126.87064374748996, 37.5034234173334], [126.87152319388738, 37.50332426792039], [126.87238620360294, 37.50315691486438], [126.87322446318588, 37.50292297029125], [126.87329297956742, 37.50289759642672], [126.87326438205378, 37.503305863515195], [126.87330205569502, 37.50401284697575], [126.87342653143337, 37.504713484098694], [126.87363661286813, 37.50540102711864], [126.87393027899577, 37.506068854195966], [126.87430470358883, 37.50671053320498], [126.87475628233962, 37.50731988370134], [126.87528066750981, 37.507891036470966], [126.87587280975501, 37.508418490085866], [126.87652700672285, 37.508897163921084], [126.8767459810504, 37.50902833742222], [126.8762871466258, 37.50935523717138], [126.87568626051724, 37.50987638590693], [126.87515238285835, 37.51044194083385], [126.87469065583812, 37.51104645628372], [126.87430552724507, 37.51168411131092], [126.87400070759007, 37.51234876571807], [126.87377913431422, 37.51303401916001], [126.87364294342805, 37.513733272757925], [126.87359344885861, 37.51443979263149], [126.87363112970577, 37.51514677473775], [126.87375562553456, 37.51584741039273], [126.87396573975208, 37.51653495184509], [126.87425945104026, 37.51720277727004], [126.87434750708006, 37.51735366306252], [126.87367557358672, 37.51742941880682], [126.87281240180982, 37.51759677941957], [126.8719739762018, 37.51783071899096], [126.87116836932083, 37.51812898514088], [126.87040333799501, 37.51848870612795], [126.86968624868162, 37.518906418478046], [126.86902400657063, 37.519378100307435], [126.86858949239286, 37.519754845082524], [126.86795656634975, 37.51951225334742], [126.86712213147274, 37.51926939028191], [126.86626183280501, 37.51909283622094], [126.86538395335384, 37.518984290989756], [126.86449694524362, 37.518944799623846], [126.86360934840698, 37.518974742316466], [126.86272970843423, 37.51907383076245], [126.86186649436883, 37.51924111093224], [126.86165668030712, 37.51929963128667], [126.86128273998956, 37.519075582625256], [126.86052386155937, 37.51870767978448], [126.85972337100885, 37.51840079053281], [126.85888897598788, 37.51815786961175], [126.85802871031575, 37.517981255841825], [126.85715085668251, 37.51787264962295], [126.85626386696426, 37.51783309657749], [126.85537628091674, 37.51786297749228], [126.85449664402644, 37.51796200465662], [126.85363342530704, 37.51812922463068], [126.85279493582937, 37.51836302741834], [126.85198924876548, 37.51866116195597], [126.85122412171425, 37.51902075776898], [126.85050692205317, 37.519438352588246], [126.8498445560331, 37.519909925661594], [126.84924340229722, 37.520430936440775], [126.8487092504627, 37.520996368272506], [126.84824724535686, 37.52160077667464], [126.84786183744458, 37.522238341733456], [126.8475567399256, 37.522902924119236], [126.84733489291621, 37.523588124181785], [126.84719843506312, 37.524287343557845], [126.84714868286478, 37.524993848698195], [126.84718611790315, 37.52570083570327], [126.84731038211201, 37.52640149584336], [126.84752028113103, 37.52708908113263], [126.8478137957169, 37.5277569693253], [126.84818810110526, 37.52839872770779], [126.84863959414004, 37.529008175071695], [126.84916392791192, 37.52957944127013], [126.8497560535747, 37.530107023782435], [126.85041026893853, 37.5305858407417], [126.85112027337358, 37.531011279912796], [126.85187922849519, 37.531379243147825], [126.8526798240464, 37.53168618588952], [126.85351434834223, 37.5319291513408], [126.85437476259543, 37.532105798969866], [126.85525277840608, 37.53221442707561], [126.85613993766563, 37.532253989194615], [126.85702769410302, 37.53222410419127], [126.85790749568379, 37.53212505993346], [126.85877086706523, 37.53195781051787], [126.8589807189074, 37.53189929576358], [126.85935471569499, 37.53212335175673], [126.86011372323512, 37.53249126247826], [126.86091436516887, 37.53279814975693], [126.86174892936381, 37.53304105733], [126.86260937664785, 37.533217645223466], [126.86348741830247, 37.53332621231185], [126.86437459596986, 37.533365712719764], [126.8652623632014, 37.533335765906436], [126.86614216785861, 37.533236660335426], [126.8670055345693, 37.533069350694355], [126.86784414644116, 37.532835448691245], [126.86864992524262, 37.53253720751649], [126.86941510927524, 37.532177500120945], [126.87013232818491, 37.53175979151985], [126.87079467398901, 37.53128810539077], [126.87122924492438, 37.530911353741445], [126.87186227760704, 37.5311539284396], [126.87269686017154, 37.53139675886404], [126.87355731557332, 37.531573267097386], [126.87443535501527, 37.531681752781914], [126.87532252016076, 37.5317211708268], [126.87621026468189, 37.53169114148506], [126.87709003665917, 37.531591954015695], [126.87795336103557, 37.5314245638956], [126.87879192132715, 37.531190583608385], [126.87959763979995, 37.53089226709881], [126.88008298046417, 37.530664047118144], [126.8806910988284, 37.531108834970794], [126.88140128277296, 37.53153409363645], [126.88216039468972, 37.53190186360933], [126.88296112280908, 37.532208602194146], [126.88379575416698, 37.53245135456099], [126.88465624894317, 37.532627782231486], [126.88553431796073, 37.53273618562431], [126.88642150259781, 37.53277552044174], [126.88730925633845, 37.532745407738936], [126.8873363171345, 37.532742354398344], [126.88709380020616, 37.53291512037735], [126.88649279722165, 37.533436321014264], [126.88595883005122, 37.53400192177743], [126.88549704174771, 37.53460647655767], [126.88511188069195, 37.53524416403099], [126.88480705771015, 37.535908843687864], [126.8845855102782, 37.53659411493999], [126.88444937416087, 37.53729337873692], [126.88444459120691, 37.537361769752685], [126.88393351695143, 37.53729867393751], [126.88304628032776, 37.53725931999367], [126.88215847178328, 37.53728940013445], [126.8812786389451, 37.53738862473199], [126.88041525271245, 37.53755603844674], [126.87957662576846, 37.53779002941837], [126.87877083260881, 37.53808834477256], [126.87800563185456, 37.538448112294816], [126.8772883915941, 37.53886586806374], [126.8766260184711, 37.53933758977819], [126.87606100287175, 37.53982742883624], [126.87592754907887, 37.53981094402967], [126.87504028776364, 37.53977152971853], [126.87415244705376, 37.53980154935635], [126.87327257488577, 37.539900713897566], [126.87240914253718, 37.540068068580574], [126.87157046313456, 37.54030200211318], [126.87076461167811, 37.54060026217394], [126.86999934734953, 37.54095997708068], [126.86928203884865, 37.541377683418496], [126.86861959347549, 37.541849359362324], [126.86801839063882, 37.542370463374084], [126.86748422043075, 37.542935977903284], [126.86702222785807, 37.54354045767181], [126.86695747734706, 37.54364759475655], [126.86644997628692, 37.54358486805607], [126.86556267628598, 37.54354538219225], [126.8646747880241, 37.54357533010546], [126.86379485989521, 37.54367442344034], [126.86293136371506, 37.5438417081206], [126.86209261322412, 37.54407557352779], [126.86128668410632, 37.54437376799623], [126.86052133629025, 37.54473342047513], [126.85980393927876, 37.54515106815075], [126.85914140122321, 37.54562268976289], [126.85854010242409, 37.54614374429677], [126.85800583389673, 37.54670921467859], [126.85754374159401, 37.54731365605569], [126.85715827682276, 37.54795124819732], [126.85685315333293, 37.54861585151334], [126.85663131149394, 37.549301066152154], [126.85649488990585, 37.550000293610125], [126.8564452047211, 37.55070680025997], [126.85648273687949, 37.551413782187154], [126.85653014691862, 37.55168082798732], [126.85645692136102, 37.55170791476889], [126.85569147528358, 37.55206753458672], [126.85497398085374, 37.552485151498075], [126.85431134716039, 37.55295674453923], [126.85370995542438, 37.55347777297074], [126.8531755975558, 37.55404321997054], [126.85292713674573, 37.55436815074639], [126.85259715085412, 37.5544052736336], [126.8517335066869, 37.55457247473418], [126.8508946016217, 37.554806258725336], [126.85008851282944, 37.555104374725175], [126.84932300177479, 37.55546395243853], [126.84860543953106, 37.55588152977166], [126.84794273583947, 37.55635308614201], [126.84734127259439, 37.55687408116339], [126.84680684239396, 37.557439498335604], [126.8463445927473, 37.5580438933189], [126.84595897647624, 37.55868144633001], [126.84565370878965, 37.55934601815628], [126.84543173144597, 37.56003120925011], [126.84529518435082, 37.56073042133536], [126.84524538486627, 37.56143692093348], [126.84528281503405, 37.562143904198535], [126.84540711683931, 37.562844562436844], [126.84561709556391, 37.56353214768062], [126.845910731201, 37.564200037684024], [126.84628519782406, 37.56484179971534], [126.8467368907272, 37.56545125253014], [126.84683088848715, 37.565553619818076], [126.84686513242745, 37.565599823281445], [126.84738970479184, 37.566171096114026], [126.84798210354373, 37.56669868686639], [126.848636623864, 37.567177513591], [126.84934696218568, 37.56760296395737], [126.8501062769076, 37.56797093970856], [126.85090725430778, 37.56827789616557], [126.85174217902123, 37.56852087639815], [126.85260300840113, 37.568697539731275], [126.85348145004589, 37.56880618431188], [126.8543690417418, 37.56884576351737], [126.85525723304873, 37.56881589604741], [126.85613746773977, 37.568716869600976], [126.85700126629679, 37.568549638103505], [126.85784030766429, 37.5683158125105], [126.8586465094705, 37.56801764527685], [126.85941210593958, 37.56765800864189], [126.86012972274253, 37.56724036694022], [126.8607924480625, 37.566768743206104], [126.86139389918931, 37.566247680394206], [126.86192828399989, 37.56568219759155], [126.86231310581925, 37.565178906414616], [126.86237850165315, 37.56517154523616], [126.8632422458616, 37.56500426746819], [126.86408122843233, 37.56477039683466], [126.8648873675604, 37.56447218622443], [126.8656528980745, 37.5641125082947], [126.86637044628144, 37.56369482777783], [126.86703310102574, 37.56322316808189], [126.86763448027753, 37.56270207250778], [126.86816879260653, 37.56213656045789], [126.86863089294975, 37.56153207905924], [126.86901633213598, 37.560894450668755], [126.86932139969107, 37.560229816767254], [126.86954315951357, 37.55954457878406], [126.86967947807909, 37.55884533642306], [126.86972904490513, 37.55813882408526], [126.86969138508158, 37.55743184600073], [126.86964392465076, 37.55716480528379], [126.86971715092093, 37.557137710353494], [126.87048258311498, 37.55677799976916], [126.87120003385347, 37.55636028849928], [126.87186259292035, 37.555888600247926], [126.87246387920774, 37.555367478590796], [126.87299810218104, 37.55480194318116], [126.87341348920687, 37.554258450622974], [126.87401464354205, 37.5543327063002], [126.87490207671601, 37.55437212976993], [126.87579009012939, 37.5543421061202], [126.87667012927035, 37.55424292455525], [126.87753371650629, 37.55407554049532], [126.87837253281931, 37.55384156636598], [126.87917849800765, 37.553543256053175], [126.8799438485769, 37.553183483174536], [126.8806612125688, 37.55276571337687], [126.88132368060366, 37.55229397092798], [126.88192487245124, 37.551772799925416], [126.88204908049117, 37.551641278566194], [126.88292742360015, 37.55168023943082], [126.88381540268391, 37.551650155093604], [126.88469540032155, 37.55155091328922], [126.88555893928061, 37.55138347001843], [126.88639770100886, 37.551149438277434], [126.88720360583086, 37.55085107250727], [126.88796889083444, 37.550491246859885], [126.88868618469358, 37.550073427490425], [126.88934857870487, 37.549601639144115], [126.88994969335174, 37.54908042636052], [126.89048373975427, 37.548514809670195], [126.8909455754121, 37.54791023720714], [126.89133075370427, 37.547272532204275], [126.89163556666983, 37.54660783687908], [126.89185708065928, 37.54592255325119], [126.89199316451545, 37.545223281462725], [126.89199794117985, 37.54515489017584], [126.89250907625468, 37.5452179515328], [126.8933964130972, 37.54525723519154], [126.89428431282757, 37.54522707138391], [126.89516422203005, 37.545127750664925], [126.89602766432493, 37.54496022979587], [126.89686632209207, 37.544726122520636], [126.89767211665844, 37.544427684008056], [126.89843728617501, 37.544067789110805], [126.89915446042919, 37.543649904651055], [126.89981673187064, 37.543178056000826], [126.90041772216435, 37.54265678828029], [126.90095164362889, 37.542091122548825], [126.90110139566265, 37.54189502220613], [126.90167211392547, 37.54196539232224], [126.90255941798537, 37.54200460685193], [126.90344727636577, 37.54197437376064], [126.90432713604953, 37.541874984271125], [126.90519052113456, 37.541707395807435], [126.90602911455233, 37.54147322276484], [126.9068348382505, 37.5411747209459], [126.90759993106339, 37.54081476581319], [126.90831702351812, 37.540396824769104], [126.90897920885305, 37.53992492373068], [126.90958010956341, 37.53940360832259], [126.9101139388313, 37.53883790006326], [126.91057555624907, 37.53823324796794], [126.91096051729865, 37.53759547603562], [126.911265116112, 37.53693072712744], [126.91148642110242, 37.53624540377797], [126.91162230312536, 37.53554610651077], [126.91167145590092, 37.53483957025314], [126.91163340850427, 37.534132599463085], [126.9116114332052, 37.53400931414731], [126.91165817954573, 37.53404348097963], [126.91236856945052, 37.53446855494194], [126.91312786567566, 37.53483612721816], [126.91392875467375, 37.53514265701767], [126.91476352192879, 37.535385191522266], [126.91562412630957, 37.535561394352925], [126.91650227758187, 37.53566956809515], [126.91738951633033, 37.5357086706645], [126.91827729551727, 37.5356783253545], [126.91915706288916, 37.53557882446948], [126.92002034343398, 37.535411126506986], [126.92085882109136, 37.535176846917466], [126.92166441892526, 37.534878242530084], [126.92242937698377, 37.53451818979561], [126.92314632709335, 37.5341001570566], [126.92380836386488, 37.53362817111322], [126.92440911122577, 37.53310677840763], [126.92494278383644, 37.53254100120244], [126.92540424279903, 37.53193628917646], [126.92572100957321, 37.53141123892134], [126.92591223311561, 37.53161921528218], [126.92650492049772, 37.53214641750955], [126.92715964986171, 37.53262481342776], [126.9278701156201, 37.53304979485681], [126.92862947493825, 37.533417268058216], [126.92943041365987, 37.53372369319592], [126.93026521678902, 37.53396611846022], [126.93112584284818, 37.5341422085249], [126.9320040013937, 37.534250267062184], [126.93289123293995, 37.53428925309798], [126.93377899051859, 37.53425879104899], [126.93465872208448, 37.534159174344616], [126.93552195297102, 37.53399136259866], [126.93636036759688, 37.53375697235812], [126.93716588963417, 37.53345826151843], [126.93793075986214, 37.533098107556064], [126.93864761095455, 37.53267997978886], [126.9393095384773, 37.53220790593235], [126.93991016741151, 37.5316864332754], [126.94044371355952, 37.53112058485051], [126.9409050392428, 37.53051581102203], [126.94128970275503, 37.5298779369603], [126.94159400109542, 37.52921310650875], [126.94181500557207, 37.52852772298577], [126.9419505899352, 37.527828387492846], [126.94199945077158, 37.52712183532368], [126.94196111996727, 37.52641487108783], [126.94183596912188, 37.52571430317366], [126.94162520587568, 37.5250268781824], [126.94133086218825, 37.52435921596434], [126.94095577468543, 37.523717745882465], [126.94050355726655, 37.52310864491693], [126.93997856623938, 37.52253777820519], [126.93938585831981, 37.5220106425898], [126.938731141904, 37.521532313716044], [126.93802072208172, 37.52110739718744], [126.93726143992234, 37.520739984248394], [126.9371354586779, 37.52069178859554], [126.93719297481857, 37.520616383692186], [126.9373402098296, 37.52037222165272], [126.93739543934167, 37.52039335036751], [126.93823012097542, 37.520635718876704], [126.93895754524003, 37.52078452879025], [126.93944798775723, 37.520926932585525], [126.94030848684999, 37.52110295508004], [126.94118650690034, 37.521210944444455], [126.9420735897576, 37.52124986037145], [126.9429611898869, 37.5212193279535], [126.94384075676103, 37.52111964129814], [126.9447038173013, 37.52095176069325], [126.94554205756867, 37.5207173033492], [126.94634740291623, 37.52041852780778], [126.94711209582654, 37.520058312168565], [126.9478287706826, 37.51964012634322], [126.9484905247489, 37.519167998606136], [126.9486955936784, 37.518989889766125], [126.94879501995415, 37.519037990072974], [126.94959588990062, 37.519344278621126], [126.95043060043787, 37.51958656116948], [126.95129111098012, 37.519762503767474], [126.95216913219687, 37.519870411508734], [126.95305620592602, 37.51990924487263], [126.95394378672064, 37.51987862974735], [126.95482332424, 37.519778861037615], [126.95568634568852, 37.519610899822055], [126.9565245375043, 37.51937636408792], [126.95732982550778, 37.51907751313236], [126.9580944527348, 37.518717225781636], [126.95881105420182, 37.518298972638256], [126.95947272788122, 37.517826782625086], [126.96007310120085, 37.517305204149274], [126.9606063924266, 37.51673926126177], [126.9610674663364, 37.5161344052359], [126.96108307633675, 37.51610850057177], [126.96167322342889, 37.51622911330914], [126.96255121920441, 37.51633694372655], [126.96343825746223, 37.516375698852436], [126.96432579309729, 37.516345005328986], [126.96520527620432, 37.51624515881653], [126.96606823451242, 37.51607712114352], [126.96690635506862, 37.515842511033945], [126.9677115643806, 37.515543588501686], [126.96847610624305, 37.51518323306252], [126.96919261649565, 37.514764915974936], [126.96985419399033, 37.514292666777614], [126.97045446708228, 37.51377103444766], [126.97098765500361, 37.5132050435545], [126.97144862352793, 37.51260014583346], [126.97183293439026, 37.51196216764672], [126.97213688798689, 37.51129725383891], [126.97235755894633, 37.51061180852951], [126.9724928242302, 37.509912433413206], [126.9725413834971, 37.5092058641635], [126.97250277153547, 37.50849890555265], [126.97245366991562, 37.50822462324112], [126.97280988955995, 37.5084847333946], [126.9735203903963, 37.50890944217175], [126.9742797339976, 37.50927662319437], [126.97508060635629, 37.509582739442145], [126.97591529311389, 37.50982484208245], [126.97677575391299, 37.510000598898586], [126.97765369990195, 37.51010831677479], [126.97813487928786, 37.510129280313116], [126.97847896549177, 37.510199556679396], [126.97935691640548, 37.51030726192805], [126.98024389352945, 37.510345890406526], [126.98113135234796, 37.51031506997777], [126.98201074369638, 37.51021509752511], [126.98287359618864, 37.510046936090774], [126.98371159789228, 37.50981220559136], [126.98451667646108, 37.50951316720079], [126.98528107695067, 37.509152701551045], [126.98599743656396, 37.50873428096226], [126.98617863759986, 37.50860487924384], [126.98652572987223, 37.508647438338755], [126.98741269168919, 37.50868601287656], [126.98830012852854, 37.50865513840944], [126.98917949143762, 37.508555112341575], [126.98958434600107, 37.508476183181536], [126.98968268195189, 37.50856356260261], [126.99033761461082, 37.50904161167331], [126.99104822123016, 37.50946621575064], [126.99180765761353, 37.50983328473204], [126.99260860885839, 37.51013928267661], [126.99344335984514, 37.510381261891624], [126.99430386959666, 37.510556891349836], [126.99518184878895, 37.5106644791628], [126.99606883966452, 37.51070298889343], [126.99695629757493, 37.51067204954904], [126.9969584489344, 37.510671804690034], [126.99752167536889, 37.51117217945388], [126.99817668112465, 37.5116501853767], [126.99888735725317, 37.51207474260696], [126.99964685888791, 37.51244176149325], [127.00044787049703, 37.51274770657729], [127.00128267637886, 37.51298963067562], [127.00214323502682, 37.513165203292], [127.00254080791697, 37.513213894204334], [127.00256467421704, 37.51364766042963], [127.00269037477818, 37.51434816944587], [127.00290167063612, 37.51503549059981], [127.00319652908706, 37.51570300418194], [127.00357211241402, 37.5163442810798], [127.00402480514128, 37.51695314471668], [127.00455024879199, 37.517523730563404], [127.00514338381636, 37.51805054264925], [127.00579849828884, 37.51852850652635], [127.00650928290571, 37.51895301817635], [127.0072688917547, 37.51931998838669], [127.00807000827042, 37.51962588216785], [127.00890491573973, 37.51986775283053], [127.00976557167667, 37.52004327039329], [127.01064368534769, 37.52015074404597], [127.01153079769857, 37.52018913845158], [127.01154568914545, 37.52018861747496], [127.01183700767547, 37.52058034135036], [127.01236253633039, 37.52115089269068], [127.0129557551472, 37.52167766580907], [127.0136109513926, 37.52215558663279], [127.0143218149746, 37.52258005155803], [127.01508149921959, 37.52294697182218], [127.01588268683516, 37.52325281291685], [127.01671766042261, 37.5234946286603], [127.01757837685844, 37.523670089600245], [127.01845654482563, 37.52377750547215], [127.01934370474648, 37.52381584149587], [127.02023131034268, 37.52378472835291], [127.0203062629645, 37.52377618406055], [127.02014794019215, 37.52403931507153], [127.01984435829354, 37.52470435365114], [127.01962407778771, 37.52538988882912], [127.01948922224337, 37.52608931900645], [127.01944109273316, 37.526795908594636], [127.01948015521386, 37.52750285287124], [127.01960603594493, 37.52820334350842], [127.01981752499368, 37.52889063414346], [127.02011258779658, 37.52955810535964], [127.02048838466891, 37.530199328451495], [127.0209412980782, 37.5308081273595], [127.02146696742169, 37.531378638176975], [127.02206033097508, 37.531905365654985], [127.02271567461041, 37.53238323615995], [127.02342668681534, 37.53280764657232], [127.02418651948369, 37.53317450865429], [127.0249878538923, 37.53348028845768], [127.02582297122738, 37.533722040391076], [127.02668382697944, 37.53389743561687], [127.02756212848831, 37.53400478450369], [127.02844941488874, 37.534043052916864], [127.02933713868309, 37.534011872189474], [127.03021674815234, 37.53391154267756], [127.03107976980833, 37.53374303086479], [127.03191789008902, 37.533507960044936], [127.03272303550699, 37.53320859467196], [127.03348745047563, 37.53284781852929], [127.03416913537004, 37.532449353330634], [127.03478017697965, 37.53289480112458], [127.03549126314924, 37.53331913935456], [127.03625116090166, 37.53368592420996], [127.03705255088589, 37.53399162248659], [127.03788771375197, 37.5342332893786], [127.03874860455105, 37.534408596867884], [127.0396269302849, 37.53451585616859], [127.04051422985452, 37.53455403400945], [127.04140195563524, 37.53452276259651], [127.04228155588898, 37.53442234315979], [127.04314455721656, 37.53425374304966], [127.04398264625223, 37.53401858641086], [127.0447877498101, 37.53371913852436], [127.04555211270761, 37.5333582839687], [127.04626837251345, 37.53293949881175], [127.04692963049787, 37.5324668171019], [127.04752951810033, 37.531944791982674], [127.048062258273, 37.53137845180656], [127.04852272110939, 37.5307732516721], [127.04890647322215, 37.53013502085245], [127.04920982039587, 37.52946990662301], [127.04942984310576, 37.52878431503056], [127.049564424562, 37.52808484917511], [127.04961227101319, 37.52737824560008], [127.04957292411558, 37.52667130940411], [127.04944676525358, 37.525970848699515], [127.04940066350225, 37.52582122792538], [127.05007277820378, 37.526077548064464], [127.05090789604803, 37.52631912290049], [127.05176872752489, 37.52649433531645], [127.05264698020763, 37.52660149744288], [127.0535341937013, 37.52663957694512], [127.05442182121097, 37.526608206977016], [127.05530131194608, 37.52650768971845], [127.05616419356348, 37.526338993462495], [127.05700215385164, 37.52610374328032], [127.05780712086619, 37.525804205354184], [127.05857134074108, 37.52544326513002], [127.059287452424, 37.52502439950082], [127.05994855861319, 37.524551643289946], [127.06054829221134, 37.524029550358186], [127.06108087765493, 37.52346314971078], [127.06154118652853, 37.522857897028175], [127.06192478692824, 37.52221962208899], [127.06222798610015, 37.52155447259288], [127.06226665880793, 37.52143388636688], [127.0627608983022, 37.52133722399176], [127.06359878224322, 37.52110192632154], [127.0644036693917, 37.52080234267556], [127.06516780665167, 37.52044135894015], [127.06588383376726, 37.52002245242734], [127.06654485425199, 37.51954965835418], [127.06714450183455, 37.51902753094599], [127.06767700178045, 37.51846109953979], [127.06813722649808, 37.517855820112004], [127.06852074489429, 37.51721752269848], [127.0686185661565, 37.517002864890124], [127.0688107422657, 37.517117484479186], [127.06957064174735, 37.517484055943086], [127.07037199729564, 37.51778952872646], [127.07120708989089, 37.518030960196654], [127.07206787526052, 37.51820602460466], [127.07209041478423, 37.5182087712316], [127.07260174165475, 37.51840367214913], [127.07343684841226, 37.51864508791517], [127.07429764618948, 37.51882013612969], [127.07517584288405, 37.518927130505794], [127.0760629786404, 37.51896504032565], [127.07695050741296, 37.5189335003785], [127.0778298793632, 37.51883281448247], [127.07869262329335, 37.51866395255584], [127.07953042831981, 37.51842854126627], [127.0803352239955, 37.51812884834838], [127.0810827671198, 37.51777555458108], [127.08148104379109, 37.517967623947456], [127.08228245381699, 37.518273016220874], [127.08311759096318, 37.51851436372277], [127.08397841052721, 37.51868934151322], [127.0848566201964, 37.51879626398404], [127.08574375999, 37.5188341011104], [127.08663128382348, 37.51880248838218], [127.08751064190594, 37.518701730318924], [127.08837336317346, 37.51853279753446], [127.08921113696114, 37.518297317379336], [127.09001589312331, 37.51799755825182], [127.09077987982761, 37.51763640772908], [127.09149573827044, 37.51721734473001], [127.09215657359215, 37.51674440597904], [127.09233954185001, 37.516584999022676], [127.09241201793131, 37.51670843991233], [127.09286543795376, 37.51731696744612], [127.0933915644175, 37.51788716218312], [127.09398533118878, 37.51841353191768], [127.09464102024936, 37.518891006461445], [127.09497505965989, 37.519090117308046], [127.09491367676557, 37.51928180064592], [127.09477953481249, 37.51998132184521], [127.09473211957706, 37.52068794717745], [127.09477189013735, 37.52139487157174], [127.09489846593222, 37.52209528688754], [127.09511063033244, 37.52278244748352], [127.09540634226644, 37.523449735191676], [127.09578275579291, 37.52409072307066], [127.09623624743459, 37.52469923732362], [127.09676245101332, 37.525269416783395], [127.09735629965259, 37.5257957693912], [127.09801207454552, 37.52627322512335], [127.0987234600193, 37.526697184855365], [127.09948360436616, 37.527063564691126], [127.1002851858552, 37.52736883532891], [127.10112048328784, 37.52761005608361], [127.101981450416, 37.52778490323655], [127.10285979350408, 37.527891692438374], [127.10374705128488, 37.52792939494857], [127.10463467653628, 37.52789764755445], [127.10551411848967, 37.52779675607346], [127.10637690527288, 37.527627692405375], [127.10721472558987, 37.52739208516228], [127.10801950884711, 37.52709220396734], [127.10878350295188, 37.52673093757419], [127.10949934903034, 37.526311766018424], [127.11016015234323, 37.52583872707049], [127.1107595487149, 37.5253163773145], [127.11114885836865, 37.524901896859866], [127.11194170182908, 37.524998231894834], [127.1128289305275, 37.52503586602683], [127.11371651823696, 37.52500405014559], [127.11459591455082, 37.524903090728664], [127.11472772993788, 37.52487725007939], [127.11414702393746, 37.52529299761751], [127.11354765122276, 37.52581536470072], [127.11301544343515, 37.52638200390315], [127.1125555267045, 37.52698745911107], [127.11217233140657, 37.527625900322846], [127.11186954945279, 37.528291179761844], [127.11165009867645, 37.528976891053695], [127.11151609466017, 37.52967643089884], [127.11146883027905, 37.530383062647715], [127.1115087631596, 37.53108998116677], [127.11163551117858, 37.53179037837107], [127.1118478560488, 37.532477508792695], [127.11214375496093, 37.53314475455328], [127.11252036017288, 37.53378568911448], [127.11297404636089, 37.53439413919208], [127.11350044547234, 37.53496424423622], [127.11409448874646, 37.53549051290414], [127.11458821236813, 37.535849808583514], [127.11456708371189, 37.535896231814974], [127.11434763469363, 37.53658194724975], [127.11421364161518, 37.53728148931932], [127.1141663972473, 37.537988121352605], [127.11420635902472, 37.538695038213206], [127.11433314454679, 37.53939543183198], [127.11454553516592, 37.54008255677533], [127.11484148763299, 37.54074979521736], [127.11521815369062, 37.54139072068996], [127.11567190742952, 37.541999159996124], [127.11619838014667, 37.54256925268942], [127.11679250237255, 37.54309550754572], [127.11744855266383, 37.543572855482054], [127.11788200957905, 37.543831010234], [127.11819146815134, 37.54405616876415], [127.11890313699634, 37.54448000722984], [127.11966356097457, 37.54484625761358], [127.1204654156594, 37.54515139186027], [127.12086047270714, 37.54526537583945], [127.12054861794421, 37.545537130279904], [127.1200163213858, 37.54610379866234], [127.11955633849836, 37.546709278758726], [127.11917310029636, 37.547347740328156], [127.1188702991066, 37.54801303539827], [127.11865085294981, 37.54869875744425], [127.11851687736656, 37.54939830306299], [127.11846966496064, 37.55010493554917], [127.11850967286043, 37.55081184976179], [127.11863651822256, 37.55151223765696], [127.11884898182451, 37.55219935385584], [127.11914501971533, 37.55286658061633], [127.11952178281588, 37.55350749158237], [127.11997564428292, 37.554115913696165], [127.12050223437633, 37.5546859866764], [127.12109648249617, 37.555212219488276], [127.12175266598648, 37.555689543260705], [127.12246446523679, 37.55611336013912], [127.12322502455122, 37.55647958760257], [127.12402701819887, 37.55678469781639], [127.12486272100777, 37.557025751640545], [127.12572408282163, 37.55720042696432], [127.1266028060996, 37.557307041093864], [127.12749042590887, 37.55734456697564], [127.12837839153703, 37.55731264309919], [127.12925814893406, 37.55721157698303], [127.12928381883992, 37.557206543635814], [127.12927934112487, 37.557273699658836], [127.1293194544239, 37.557980609918516], [127.12944641263786, 37.558680985957686], [127.12965899545797, 37.55936808251102], [127.12995515778539, 37.560035282025], [127.13033204934268, 37.56067615840529], [127.13078604204924, 37.561284538926614], [127.13131276490053, 37.56185456370769], [127.13190714601733, 37.5623807421775], [127.13256346146191, 37.56285800598797], [127.13327539035184, 37.56328175786181], [127.13403607574162, 37.563647915904006], [127.13483819068472, 37.56395295294857], [127.13567400883967, 37.56419393056024], [127.1365354789381, 37.564368527362625], [127.13741430239492, 37.56447506141845], [127.13830201331147, 37.56451250644585], [127.1391900600969, 37.56448050171363], [127.14006988791891, 37.56437935551962], [127.14093302118579, 37.564210042218825], [127.1417711452623, 37.563974192829725], [127.14257618662812, 37.56367407930981], [127.14334039070458, 37.563312592652366], [127.1440563965964, 37.56289321501632], [127.14471730802714, 37.56241998615858], [127.14531675978274, 37.56189746449367], [127.14584897902262, 37.56133068315667], [127.14630884086719, 37.56072510149416], [127.14669191772714, 37.56008655245207], [127.14699452189979, 37.55942118636784], [127.14699811431717, 37.559409948454956], [127.1471639946954, 37.55958940669539], [127.14775847006781, 37.560115506043516], [127.14841486758473, 37.560592682333926], [127.14912686557186, 37.56101633913236], [127.14988760641675, 37.56138239545977], [127.15068976263771, 37.561687325130215], [127.15152560749465, 37.56192819074314], [127.1523870894612, 37.56210267200145], [127.1532659098376, 37.56220908808148], [127.15415360275459, 37.5622464138384], [127.15504161679478, 37.56221428969053], [127.15592139744162, 37.56211302508663], [127.15678446955845, 37.5619435955229], [127.15762251909987, 37.5617076331382], [127.15842747326457, 37.561407410978916], [127.15871588203325, 37.56127093114012], [127.15923267747931, 37.56172816250913], [127.15988916274114, 37.56220527530628], [127.160601241515, 37.56262886318632], [127.16136205540933, 37.56299484583404], [127.16216427623772, 37.563299697773274], [127.16300017663706, 37.56354048235246], [127.16386170454513, 37.56371488005538], [127.16474056081898, 37.56382121086355], [127.16562827924318, 37.56385845045397], [127.16651630815437, 37.56382624007542], [127.16739609289264, 37.563724890007755], [127.16825915828213, 37.56355537657084], [127.16909719034246, 37.56331933271196], [127.1699021164413, 37.56301903226262], [127.16992998094591, 37.563005842993306], [127.16995070615462, 37.56302090187055], [127.17066285008104, 37.56344442931546], [127.17142372194748, 37.56381034734699], [127.17222599300833, 37.56411513111153], [127.17306193541583, 37.56435584461438], [127.17392349670254, 37.564530169024245], [127.17480237740351, 37.564636425029], [127.17569011106765, 37.56467358902655], [127.17657814588462, 37.56464130299425], [127.17745792713764, 37.56453987794109], [127.17832097968459, 37.56437029090963], [127.17915898966913, 37.56413417555646], [127.17996388467208, 37.56383380640202], [127.18072791152703, 37.56347207690287], [127.18144371104863, 37.56305247155762], [127.18210438895133, 37.562579032316805], [127.18270358227369, 37.56205631962126], [127.18323552066758, 37.56148936844564], [127.18369508196166, 37.560883639771575], [127.18407784146423, 37.56024496795982], [127.18438011453179, 37.55957950452885], [127.184598991995, 37.558893658883306], [127.18473236810293, 37.55819403656373], [127.18477896071974, 37.557487375613476], [127.18473832358194, 37.556780481676306], [127.18461085050211, 37.556080162449945], [127.1843977714819, 37.55539316212726], [127.18410114077558, 37.55472609645616], [127.18372381702238, 37.55408538904331], [127.18326943564243, 37.55347720951432], [127.18274237376473, 37.55290741412524], [127.18214770802739, 37.55238148939609], [127.18149116565843, 37.551904499308094], [127.1807790693088, 37.55148103657164], [127.18001827617019, 37.55111517843307], [127.17921611196263, 37.55081044744435], [127.17838030042768, 37.550569777572015], [127.17751888900334, 37.5503954859707], [127.17664017139546, 37.550289250691684], [127.17575260778756, 37.5502520945406], [127.17486474345483, 37.55028437523857], [127.1739851265624, 37.550385781981575], [127.17312222593613, 37.550555338430684], [127.17228434959408, 37.55079141210462], [127.17147956481972, 37.55109173008464], [127.17145170503731, 37.55110491976858], [127.17143098280673, 37.55108986113858], [127.17071895154274, 37.5506663379761], [127.16995821631298, 37.55030041523773], [127.16915610228077, 37.549995616097334], [127.16832033270518, 37.549754875177435], [127.1674589546209, 37.549580510316495], [127.16658026141324, 37.54947420027083], [127.16569271303109, 37.5494369685656], [127.16480485460323, 37.549469173648994], [127.16392523423794, 37.54957050544464], [127.16306232079434, 37.54973998833485], [127.16222442241359, 37.54997599054624], [127.1614196065908, 37.5502762398478], [127.16113124522771, 37.550412726776294], [127.16061451572278, 37.54995550316564], [127.15995813265714, 37.549478393913994], [127.1592461821019, 37.549054801841926], [127.15848551984675, 37.548688805441046], [127.15768347035325, 37.54838392859439], [127.15684775625998, 37.5481431066725], [127.15598642406812, 37.54796865829345], [127.15510776672173, 37.54786226301739], [127.15422024382488, 37.547824945189646], [127.15333240026118, 37.547857064087204], [127.15245278399587, 37.54795831046304], [127.15209614053423, 37.54802832367153], [127.15203112718366, 37.54791782214471], [127.15157704132429, 37.54730952146992], [127.15157518806986, 37.54730751639485], [127.15171634569217, 37.546865775668515], [127.15185000659325, 37.54616619047154], [127.15189690120988, 37.54545954254416], [127.15185658036837, 37.54475263740649], [127.15172943483401, 37.544052282866005], [127.1515166914535, 37.54336522345755], [127.1512204012489, 37.54269807549991], [127.15084341958104, 37.54205726339387], [127.15038937857712, 37.54144895777484], [127.14986265209019, 37.54087901611444], [127.14926831353102, 37.54035292634228], [127.14871653305454, 37.53995170219453], [127.14891636488467, 37.53932635964448], [127.14905003790419, 37.53862677678712], [127.14909695365068, 37.537920129178346], [127.14905666274603, 37.53721322233531], [127.14892955566633, 37.536512864082106], [127.14872692511746, 37.53585831578339], [127.14912011456893, 37.535844105212185], [127.14999959270193, 37.53574288276019], [127.15086237340391, 37.5355734942682], [127.15101933005579, 37.53552929468383], [127.15107768807394, 37.53551783699309], [127.15191545881827, 37.5352819126675], [127.15272015060758, 37.53498172676765], [127.15348401223274, 37.534620170983494], [127.15419968609905, 37.534200728139034], [127.15486027912961, 37.53372743861845], [127.15545942917814, 37.533204861419506], [127.15599136631026, 37.53263803021102], [127.15645096836327, 37.53203240481881], [127.15683381024903, 37.53139381860873], [127.15713620652635, 37.530728422275054], [127.15735524683491, 37.530042624576765], [127.15748882385118, 37.529343030593495], [127.15753565350028, 37.52863637809688], [127.15749528723222, 37.52792947265067], [127.1573681162477, 37.52722912206504], [127.15715536763639, 37.526542070836605], [127.15685909246865, 37.52587493520537], [127.15648214595859, 37.52523413945355], [127.15602815989304, 37.52462585405929], [127.15550150759455, 37.52405593629978], [127.15490726175824, 37.523529873874985], [127.15425114557047, 37.52305273209337], [127.15353947758076, 37.52262910512707], [127.15277911085903, 37.522263071804616], [127.15197736702261, 37.52195815636526], [127.15114196576887, 37.52171729455174], [127.15028095058904, 37.52154280536665], [127.14940261137721, 37.5214363687633], [127.14851540467691, 37.52139900948496], [127.14799327212378, 37.521417881521906], [127.14816388296231, 37.5210425276278], [127.148382976251, 37.52035674571601], [127.14851661898435, 37.519657161067656], [127.14856352645322, 37.51895051136487], [127.1485232493569, 37.518243602144935], [127.14839617803621, 37.517543241254906], [127.14818353862012, 37.51685617329125], [127.14788738112671, 37.516189014655694], [127.14751055963652, 37.51554818985263], [127.14705670473221, 37.51493986964054], [127.1465301884734, 37.51436991163253], [127.14593608224557, 37.51384380391658], [127.14528010789125, 37.51336661223775], [127.14456858259507, 37.512942931249036], [127.14380835805379, 37.512576840299396], [127.14300675451692, 37.51227186418313], [127.14217149033196, 37.512030939227266], [127.1413106076716, 37.51185638504235], [127.14043239515514, 37.511749882207354], [127.13954530810739, 37.51171245610309], [127.13865788721893, 37.51174446704857], [127.1383459942551, 37.51178034635493], [127.13827477218933, 37.51170323034813], [127.13768074523479, 37.51117708128227], [127.1370248470157, 37.510699843936294], [127.13631339398427, 37.510276113403016], [127.13555323714216, 37.50990996950855], [127.13497381425505, 37.50968946694346], [127.13503430446558, 37.509373073858036], [127.13508133177764, 37.50866642890886], [127.13504118661095, 37.50795951455315], [127.13492373453947, 37.50731142929518], [127.13539952015093, 37.50689647767709], [127.13593141993151, 37.50632973410634], [127.13639102040429, 37.505724184078765], [127.1367738964931, 37.505085660234144], [127.13680550815576, 37.505016123272014], [127.13680902456363, 37.5050157187671], [127.13767147999019, 37.50484642407049], [127.1385089485233, 37.5046105920569], [127.13931336296143, 37.504310494514975], [127.14007697476788, 37.503949022282434], [127.14079242875448, 37.503529657377335], [127.14145283396181, 37.50305643943198], [127.14205183005149, 37.5025339267537], [127.14258364857031, 37.501967152388936], [127.14304316849554, 37.501361575615256], [127.14342596552707, 37.500723029329656], [127.14351169906955, 37.50053438581326], [127.14373335181931, 37.50054373172256], [127.14462063823316, 37.50051168189248], [127.14549970720823, 37.5004104902549], [127.14636209046866, 37.50024113160211], [127.14655464159382, 37.500186890284844], [127.14705928679452, 37.50055405225895], [127.1477707092716, 37.500977718606585], [127.14853083620342, 37.50134378427435], [127.149332346024, 37.50164872298816], [127.15016751822324, 37.50188959726194], [127.15102830775845, 37.50206408671654], [127.15190642260478, 37.50217051045023], [127.1527934036947, 37.502207843245074], [127.15368070647335, 37.502175725451735], [127.15455978328124, 37.50207446645751], [127.15542216576709, 37.50190504170387], [127.1562595465334, 37.501669083282394], [127.15706385922516, 37.50136886419986], [127.15782735628714, 37.501007276465], [127.1585426836379, 37.50058780320864], [127.15920295153931, 37.500114485106735], [127.1598018009771, 37.499591881431215], [127.16033346491206, 37.49902502610467], [127.16079282381173, 37.49841937918398], [127.16117545492814, 37.49778077424117], [127.16147767484775, 37.497115362149884], [127.16169657490573, 37.49642955181989], [127.16183004912592, 37.49572994845171], [127.16187681441964, 37.49502328990676], [127.16183642285267, 37.49431638180667], [127.16170926586523, 37.49361603198707], [127.16149657040815, 37.49292898493728], [127.16120038703606, 37.49226185685739], [127.16082357007565, 37.49162107195745], [127.1603697500631, 37.49101280061185], [127.15984329871947, 37.4904428999634], [127.15924928680296, 37.489916857548316], [127.15859343524627, 37.489439738483505], [127.15788206005037, 37.489016136723535], [127.15712201146604, 37.488650130855376], [127.15632060804845, 37.48834524485503], [127.15548556621864, 37.48810441418279], [127.15462492600933, 37.487929957542285], [127.15374697370677, 37.487823554574156], [127.15286016213213, 37.48778622969841], [127.15197302932586, 37.48781834225997], [127.15109411641545, 37.487919583072646], [127.15023188545375, 37.488088977393645], [127.15003936806703, 37.4881432249864], [127.14953479119121, 37.487776075319886], [127.1488234832828, 37.487352419233204], [127.14806349615037, 37.48698635529418], [127.14726214775813, 37.48668140803788], [127.14642715399805, 37.48644051351427], [127.14556655444058, 37.48626599104153], [127.14468863498112, 37.4861595208939], [127.14380184812498, 37.48612212813784], [127.1429147316748, 37.486154172771606], [127.14203582660075, 37.48625534626259], [127.14117359488014, 37.486424674515874], [127.14033633809456, 37.486660527245206], [127.13953211756487, 37.4869606336568], [127.13876867679015, 37.48732210429538], [127.1380533669343, 37.48774145884305], [127.13739307607602, 37.48821465960433], [127.1367941629016, 37.4887371503561], [127.13626239547776, 37.48930390018973], [127.13580289569434, 37.48990945192443], [127.13542008991159, 37.490547974627205], [127.13533434768695, 37.49073661254353], [127.13511272508723, 37.49072725101735], [127.13422555098842, 37.49075923007491], [127.13334658072418, 37.490860338498976], [127.1324842768988, 37.49102960282081], [127.13164694178741, 37.49126539336952], [127.13145036028467, 37.49133872903811], [127.131400930689, 37.49128518615181], [127.13080711279763, 37.49075900181464], [127.13015143613869, 37.49028172583524], [127.12983494543892, 37.49009314994997], [127.12989467587497, 37.49002950043879], [127.13035422390432, 37.489423971953755], [127.13073706685505, 37.488785465743014], [127.13103951927056, 37.48812013173014], [127.13125867024424, 37.48743437807406], [127.13139241138104, 37.486734809430864], [127.13143945701988, 37.48602816332908], [127.13139935652518, 37.485321245272175], [127.13127249853319, 37.484620863193356], [127.13125768945199, 37.48457295518274], [127.13193132919896, 37.48417807282301], [127.13259161851401, 37.48370490225726], [127.13319052031572, 37.48318243230651], [127.13372226705778, 37.48261569560514], [127.13418173840732, 37.48201015106743], [127.13456451053018, 37.4813716312796], [127.13486689865157, 37.480706286295685], [127.13508599248365, 37.480020524379945], [127.13521968418111, 37.47932095026768], [127.13526668855815, 37.478614301539814], [127.1352265553758, 37.47790738372486], [127.13509967358415, 37.47720700475352], [127.13488726748255, 37.47651990939746], [127.1345913848384, 37.47585271432359], [127.13421487708223, 37.475211844388646], [127.13410930083765, 37.47507021576953], [127.13427103627697, 37.47489781636008], [127.13473045544539, 37.47429226862391], [127.13511318300466, 37.473653745991605], [127.13541553460864, 37.47298839854434], [127.13563460032046, 37.47230263456992], [127.13576827256482, 37.47160305882331], [127.13581526634242, 37.47089640890109], [127.13577513151542, 37.47018949034317], [127.13564825704881, 37.46948911108742], [127.1354534674239, 37.46885895437051], [127.13619827643805, 37.46914254472234], [127.1370330447786, 37.469383511063235], [127.13789343071817, 37.46955809507815], [127.13877114612275, 37.469664614954624], [127.1396577357758, 37.46970204454841], [127.14054465889629, 37.469670023277374], [127.14142337148488, 37.4695688595984], [127.14228540870131, 37.46939952803398], [127.14312246647616, 37.469163659777045], [127.14392648156728, 37.46886352696477], [127.14468970928705, 37.4685020207737], [127.14540479814875, 37.468082623548], [127.14606486071096, 37.46760937523011], [127.14666353993611, 37.467086834418666], [127.14719507042263, 37.46652003442978], [127.14765433392095, 37.46591443478653], [127.14803690859888, 37.465275868604955], [127.14833911158297, 37.464610486385], [127.14854007475678, 37.463980956875545], [127.14906942520975, 37.46404515568962], [127.14995595427911, 37.46408250773978], [127.15084280722014, 37.46405040878261], [127.15172144071019, 37.46394916802376], [127.15258339067167, 37.46377976072852], [127.15342035387651, 37.4635438188196], [127.1542242679945, 37.46324361514377], [127.15498738931166, 37.46288204156027], [127.15570236736713, 37.462462581062375], [127.15636231578783, 37.46198927420188], [127.1569608786365, 37.461466680141086], [127.1574922916332, 37.46089983270865], [127.1579514376607, 37.46029419188424], [127.15833389601862, 37.45965559118003], [127.15856692077736, 37.459142309861186], [127.15911358355432, 37.45920856493309], [127.1600000611251, 37.459245841404176], [127.16088685321964, 37.45921366673859], [127.16176541710189, 37.4591123508716], [127.16262728936553, 37.4589428697924], [127.16346416753171, 37.45870685613461], [127.16426799009021, 37.45840658343636], [127.16503101420996, 37.45804494422185], [127.1657458903673, 37.45762542211652], [127.1664057331716, 37.45715205826548], [127.16700418770375, 37.45662941237979], [127.16753549072791, 37.45606251878699], [127.16799452618665, 37.45545683791095], [127.16837687444506, 37.4548182036492], [127.168678854811, 37.45415276715629], [127.16889756092313, 37.45346693757573], [127.16903088866884, 37.45276732029237], [127.16907755636531, 37.4520606533008], [127.16903711701313, 37.451353742303425], [127.16890996250748, 37.45065339516353], [127.1686973197701, 37.44996635634467], [127.168401238843, 37.44929924196799], [127.16802457306169, 37.44865847611222], [127.16757095150257, 37.44805022896923], [127.1670447439724, 37.44748035744986], [127.16645101887907, 37.44695434881116], [127.16579549439174, 37.446477267846156], [127.16561692121843, 37.446370890038295], [127.16572172827073, 37.44582100613826], [127.16576842227398, 37.44511433975165], [127.16572801731057, 37.444407426959], [127.16560090494366, 37.44370707564107], [127.16538831168845, 37.443020030301895], [127.16509228710974, 37.44235290712572], [127.16471568400002, 37.44171213027631], [127.16426213083183, 37.44110387005166], [127.16373599675308, 37.44053398348898], [127.1631423494644, 37.44000795799043], [127.16248690638588, 37.43953085851169], [127.16177597958482, 37.43910727882046], [127.16101641499499, 37.43874129729292], [127.16021552651286, 37.438436437672316], [127.15938102560395, 37.438195635166394], [127.15852094709594, 37.438021208208774], [127.15764357187075, 37.43791483615529], [127.1567573471976, 37.43787754312889], [127.15587080547076, 37.43790968816827], [127.15581791351292, 37.437915786979794], [127.15559422954863, 37.437535078203865], [127.15514077542768, 37.43692678303965], [127.15461473983063, 37.436356855961634], [127.15402118951037, 37.43583078476245], [127.15336584095392, 37.435353634838116], [127.1526550053192, 37.43493000044227], [127.15189552766302, 37.43456396047788], [127.15109472104567, 37.43425903925088], [127.1502602961452, 37.43401817256213], [127.14940028705827, 37.43384367946305], [127.1485685179089, 37.43374276570305], [127.14839519336805, 37.43351020619621], [127.14786923286466, 37.43294024914998], [127.14727575681611, 37.432414144151764], [127.1466204809948, 37.43193695692322], [127.14590971585878, 37.431513282077326], [127.14515030578673, 37.43114719890665], [127.14434956318881, 37.430842232133145], [127.14351519812728, 37.430601317996114], [127.14265524412326, 37.430426776003806], [127.14177798086119, 37.43032028661919], [127.14089185453335, 37.43028287509444], [127.14000539658794, 37.43031490160858], [127.13912714166004, 37.4304160578032], [127.1382655454721, 37.43058536974922], [127.13787313907936, 37.43069598449816], [127.13773006339943, 37.430232938446345], [127.1374343343232, 37.42956574608743], [127.13705803090902, 37.42892488128111], [127.13660477874424, 37.42831651517385], [127.13607894407961, 37.427746505823634], [127.13548559173428, 37.427220341816046], [127.13483043629031, 37.42674308944129], [127.13411978704775, 37.42631934393988], [127.13336048727038, 37.4259531852848], [127.1325598483074, 37.42564813892482], [127.13172557922438, 37.42540714186543], [127.13086571261927, 37.425232514413075], [127.12998852733595, 37.425125937853274], [127.1291024688166, 37.425088438277164], [127.12821606785721, 37.425120376711114], [127.12733785854454, 37.42522144564429], [127.12647629616204, 37.42539067198732], [127.12563967585112, 37.425626426433695], [127.12483605280794, 37.425926439134145], [127.12407316478111, 37.42628782153373], [127.12335835761358, 37.426707094162055], [127.12269851454376, 37.42718022011029], [127.12209998994489, 37.42770264387361], [127.12156854813946, 37.42826933518644], [127.12110930787799, 37.428874837429795], [127.12072669301673, 37.42951332014576], [127.12042438987041, 37.430178635155066], [127.12020531165253, 37.430864375738146], [127.12007157034773, 37.43156393831134], [127.12002445629004, 37.43227058600473], [127.12006442564646, 37.43297751353032], [127.1201910959306, 37.43367791271633], [127.12040324959214, 37.43436503807623], [127.12069884565238, 37.43503227178156], [127.12079815031025, 37.4352014568649], [127.12030437070727, 37.43572791917284], [127.11984507421423, 37.436333415433374], [127.11946241013274, 37.436971892982726], [127.11916006525205, 37.43763720369162], [127.11894095318816, 37.43832294088215], [127.11880718625244, 37.4390225010035], [127.11876005502654, 37.43972914720948], [127.11880001584372, 37.440436074226575], [127.11892668630065, 37.441136473887894], [127.11913884884639, 37.44182360070236], [127.11943446241742, 37.44249083682744], [127.11981068201058, 37.44313175581928], [127.12026388600825, 37.443740184545774], [127.12029242802953, 37.44377112892925], [127.11972288419054, 37.444268118883315], [127.11919130632336, 37.44483479717524], [127.11873194459663, 37.44544028782045], [127.11834922403712, 37.44607876047335], [127.11804683197856, 37.44674406705207], [127.11782768249213, 37.44742980091876], [127.1176938882505, 37.4481293585548], [127.11764674009923, 37.44883600313812], [127.11768669453578, 37.44954292941091], [127.11781336921933, 37.45024332921346], [127.1180255465593, 37.45093045705334], [127.11832118535072, 37.45159769507801], [127.11869744034853, 37.452238616825205], [127.11915068959487, 37.452847049136054], [127.1196765692398, 37.45341713163417], [127.12027001552177, 37.45394337319651], [127.12092531350567, 37.45442070487122], [127.12163615211004, 37.45484452873118], [127.12239568489417, 37.45521076219158], [127.12319659601881, 37.45551587736316], [127.12403117074514, 37.455756935060826], [127.12489136979035, 37.45593161313881], [127.12576890682249, 37.45603822887839], [127.12665532834473, 37.456075755211536], [127.12754209519701, 37.45604383062379], [127.1284206648865, 37.45594276264013], [127.12928257395038, 37.455773524860675], [127.13011951955424, 37.45553774757425], [127.13092343953674, 37.45523770204105], [127.13168659012631, 37.454876278596295], [127.13240162057869, 37.45445695878643], [127.13306164401436, 37.4539837818077], [127.13366030377139, 37.45346130557116], [127.13419183463438, 37.452894562770595], [127.13465111834842, 37.452289012378074], [127.13503373288476, 37.45165048703528], [127.13533599498412, 37.45098513684888], [127.13555499556952, 37.450299370132576], [127.13568862769054, 37.449599791667374], [127.13573560673173, 37.448893139075786], [127.13569548269452, 37.4481862179234], [127.13556864443736, 37.447485836173115], [127.13535631583686, 37.44679873862366], [127.13506054391081, 37.4461315419635], [127.13468417902065, 37.4454906710653], [127.13423084734731, 37.44488229713382], [127.13420229913896, 37.44485135608925], [127.13477175224224, 37.444354295922395], [127.13530320975873, 37.44378754686449], [127.13562296493927, 37.44336589770885], [127.13580428238802, 37.44347398634227], [127.13656377051288, 37.443840129210336], [127.13736461914826, 37.44414514861777], [127.13819911415686, 37.444386106302574], [127.13905921702383, 37.444560681083026], [127.13989109248145, 37.444661662132155], [127.14006441604322, 37.44489423366736], [127.14059040000001, 37.445464224417584], [127.14118393129623, 37.445990362112845], [127.14183929417591, 37.446467578801744], [127.14255017693075, 37.446891277664896], [127.1433097326931, 37.447257377321876], [127.1441106454011, 37.44756235117283], [127.14494520029972, 37.4478032613946], [127.14580535829651, 37.44797778726276], [127.14668283345475, 37.448084247525614], [127.14756917287377, 37.44812161661367], [127.14845583818496, 37.448089534527995], [127.14850873788261, 37.4480834390609], [127.1487324168175, 37.44846416054368], [127.14918588775046, 37.449072479195685], [127.14971197023668, 37.44964242945086], [127.14974410295441, 37.44967090673654], [127.14913648245488, 37.449692899006656], [127.14825801255944, 37.44979412162082], [127.14739621384616, 37.449963498536285], [127.14655938373068, 37.450199398997896], [127.14575557942871, 37.45049955175164], [127.14499254043405, 37.45086106689517], [127.14427761404392, 37.451280463681066], [127.14361768464593, 37.4517537040059], [127.14301910744639, 37.452276231264364], [127.14248764727664, 37.452843014194904], [127.1420284230668, 37.453448595296685], [127.14164585852173, 37.45408714335259], [127.141343639475, 37.454752509554005], [127.14114264139602, 37.45538202762482], [127.14061335901306, 37.45531779356039], [127.13972693859354, 37.45528037192811], [127.13884018518034, 37.45531238802543], [127.13796163625109, 37.45541353359427], [127.13709975035665, 37.45558283480807], [127.13626282575129, 37.455818661640286], [127.13545892055947, 37.45611874354568], [127.13469577524549, 37.45648019130401], [127.13398073812922, 37.456899524816656], [127.13332069466355, 37.45737270658963], [127.13272200115217, 37.45789518058161], [127.13219042354571, 37.45846191604427], [127.13173108190448, 37.45906745593426], [127.13134840106369, 37.45970596943182], [127.13104606797654, 37.46037130806167], [127.13082699614837, 37.461057064876975], [127.130693297506, 37.46175663613775], [127.13064626197632, 37.46246328489011], [127.1306863449739, 37.46317020583546], [127.13081316292136, 37.46387059086463], [127.13100790094109, 37.46450075548668], [127.13026315770992, 37.46421713254676], [127.12942846880483, 37.46397611859283], [127.12856816692886, 37.463801473225445], [127.12769053511376, 37.46369487790194], [127.12680402309769, 37.4636573588936], [127.12591716603943, 37.4636892774137], [127.125748090839, 37.46370872205537], [127.1257044944283, 37.463710290881096], [127.1248258302836, 37.46381133802595], [127.12396381903667, 37.4639805425143], [127.1231267601475, 37.46421627525062], [127.12232271303225, 37.46451626659548], [127.12155941952034, 37.46487762820053], [127.12084422935735, 37.465296880796764], [127.12018402946845, 37.46576998766952], [127.11958517766247, 37.466292393498996], [127.11905344141331, 37.46685906819371], [127.11859394230817, 37.467464555296004], [127.11821110669806, 37.468103024495086], [127.11790862302637, 37.468768327742985], [127.11768940624859, 37.46945405843438], [127.11755556968775, 37.470153613081635], [127.1175084045996, 37.47086025489169], [127.11754836764725, 37.47156717863354], [127.11767507640964, 37.472267576171795], [127.11788731297062, 37.4729547020356], [127.11818303555722, 37.47362193839111], [127.11855939811946, 37.474262858791654], [127.11875036260682, 37.4745191328399], [127.11871587807687, 37.47455587874192], [127.11825632860211, 37.4751613634675], [127.11787345030216, 37.475799830508095], [127.1175709320321, 37.47646513183667], [127.1173516890813, 37.47715086086665], [127.1172178350257, 37.4778504141265], [127.11717066129033, 37.47855705483665], [127.11721062462256, 37.47926397777668], [127.11733734259954, 37.479964374818984], [127.11735214189339, 37.48001228455801], [127.1166784637266, 37.48040708385532], [127.11601810402992, 37.480880165360475], [127.11541910192142, 37.48140254791015], [127.11488722632218, 37.48196920163758], [127.11442760016162, 37.48257467028763], [127.11404465101478, 37.483213123727786], [127.11374206841933, 37.48387841406239], [127.1135227682846, 37.48456413481102], [127.1133888647378, 37.48526368258225], [127.11334467438662, 37.48592505221669], [127.112702737949, 37.48622880589318], [127.11198729423695, 37.48664800195311], [127.11147793313815, 37.487012841232605], [127.1115173918938, 37.48642251732524], [127.1114774789997, 37.48571559359517], [127.11135080653791, 37.48501519120186], [127.11113859679341, 37.48432805514376], [127.11084289564445, 37.48366080248078], [127.11046655277586, 37.48301985862518], [127.11001319416117, 37.48241139548418], [127.10948718708164, 37.48184127204934], [127.10889359802133, 37.48131497800355], [127.1082381438453, 37.48083758088767], [127.10752713673247, 37.4804136773341], [127.10676742339378, 37.48004734883574], [127.10596631916053, 37.47974212247467], [127.10513153757697, 37.47950093698752], [127.10427111617338, 37.47932611449299], [127.1033933391321, 37.47921933815279], [127.10250665758886, 37.479181635980055], [127.10161960833345, 37.47921337095059], [127.10074073168929, 37.479314237511716], [127.09987848935964, 37.47948326452212], [127.09904118302714, 37.47971882459452], [127.09823687448804, 37.480018649751635], [127.09747330808644, 37.48037985324513], [127.09675783619299, 37.480798957328545], [127.09609734844342, 37.481271926717575], [127.09549820541619, 37.48179420741688], [127.0949661773877, 37.482360770540666], [127.09468638803415, 37.48272916234389], [127.09428948256574, 37.483151819846135], [127.09382968358915, 37.483757207237176], [127.09344655364802, 37.48439559273192], [127.09319741379001, 37.48494299629656], [127.09325731644572, 37.484630498750604], [127.09330471963774, 37.48392386964488], [127.0932649795214, 37.483216940470115], [127.09313848126227, 37.482516519268714], [127.09292644546791, 37.48182935122128], [127.09263091634182, 37.48116205369675], [127.09225474191304, 37.48052105254024], [127.09180154653409, 37.47991252021157], [127.09127569591556, 37.47934231636919], [127.0906822550363, 37.478815931470734], [127.09002693933603, 37.47833843393221], [127.08931605966187, 37.477914421353155], [127.08855646149917, 37.47754797627622], [127.08775545907176, 37.47724262690585], [127.08692076494505, 37.477001313162695], [127.08606041580836, 37.47682635839995], [127.08518269514923, 37.476719447052275], [127.08429605356115, 37.47668160843207], [127.08340902744966, 37.476713206828165], [127.08253015691548, 37.476813938002174], [127.08166790360275, 37.476982832115624], [127.0808305692994, 37.47721826306015], [127.08002621607018, 37.47751796410121], [127.07926258868842, 37.47787904968503], [127.07854704011068, 37.47829804320013], [127.07788646070952, 37.47877091042667], [127.07728721194448, 37.479293098352926], [127.07675506510837, 37.47985957898661], [127.07629514573917, 37.48046489774014], [127.07591188423228, 37.48110322592545], [127.07560897313054, 37.48176841685444], [127.07538933150443, 37.48245406500561], [127.07525507676785, 37.48315356768853], [127.07520750420409, 37.483860188612965], [127.07524207082568, 37.48447773295717], [127.07453078794731, 37.484333031056465], [127.07365299683306, 37.48422603375541], [127.07276627322899, 37.48418810815152], [127.07265914563514, 37.48419191377009], [127.07246138927954, 37.484016445621265], [127.071806145406, 37.483538847873675], [127.07109532076845, 37.48311472636764], [127.07033576032377, 37.482748164694364], [127.06953477793378, 37.48244269218053], [127.06870008597188, 37.48220124993198], [127.06783972110723, 37.482026162538574], [127.06696196697914, 37.4819191157113], [127.06607527450336, 37.48188114006624], [127.06593294644087, 37.48188618823904], [127.06536919364231, 37.48147520874238], [127.06465842520724, 37.48105104871175], [127.06389891740915, 37.48068444585729], [127.0630979836035, 37.48037892990213], [127.06226333569649, 37.48013744237035], [127.06140300993354, 37.47996230828767], [127.06052528957792, 37.479855213814396], [127.05963862522061, 37.479817190025216], [127.05875155348625, 37.47984860299086], [127.05787261491434, 37.47994915025737], [127.05701027180328, 37.48011786375608], [127.05617282680436, 37.48035311911692], [127.05536834304658, 37.48065265129525], [127.05460456655831, 37.48101357636277], [127.05388885172977, 37.48143241925328], [127.05322809053227, 37.48190514719721], [127.053222207679, 37.48191027067609], [127.05320511787646, 37.481895100273455], [127.05255001604301, 37.48141739646356], [127.05183932139903, 37.48099315978034], [127.05107987765125, 37.480626474924016], [127.0502789975395, 37.480320872407134], [127.04944439245374, 37.48007929458692], [127.0485840982279, 37.479904067358106], [127.04770639782207, 37.47979687777743], [127.0468197416355, 37.479758757834794], [127.04593266621428, 37.479790074526264], [127.04505371213337, 37.47989052632432], [127.04419134184013, 37.48005914607901], [127.0433538582471, 37.480294310322456], [127.04297575667968, 37.480435039411816], [127.04291961002988, 37.48033923375029], [127.04246681775123, 37.47973051475978], [127.04194134551193, 37.47916009376271], [127.04134825465128, 37.4786334633089], [127.04069325724294, 37.47815569417949], [127.0399826610734, 37.47773138658937], [127.03922330890231, 37.477364625921545], [127.03910102874565, 37.47731794926466], [127.03931901650861, 37.477310266521606], [127.04019794756266, 37.47720985719182], [127.04106029371509, 37.47704126634556], [127.04189774791591, 37.47680611803733], [127.04270224309833, 37.47650667746654], [127.04346602994315, 37.47614582913964], [127.04418175156988, 37.47572704906271], [127.04484251443375, 37.47525437123327], [127.04544195474297, 37.47473234875547], [127.0459742997567, 37.474166009954345], [127.04643442337184, 37.47356080991334], [127.04681789546459, 37.47292257790297], [127.04712102451185, 37.47225746120863], [127.04734089308398, 37.47157186589961], [127.0474753858695, 37.47087239511088], [127.04752320996418, 37.4701657854329], [127.04748390723275, 37.46945884202293], [127.0473578586273, 37.468758373063096], [127.04714628042454, 37.46807112419652], [127.04685121242174, 37.467403713573], [127.04647549820847, 37.46676256812914], [127.04602275770746, 37.46615386171635], [127.04549735225166, 37.46558345567125], [127.04490434253644, 37.46505684240004], [127.04424943985337, 37.46457909251884], [127.04353895107657, 37.46415480605763], [127.04277971793152, 37.463788068196486], [127.04197905113146, 37.463482409958715], [127.04114466001398, 37.46324077423834], [127.04028457835442, 37.463065487487725], [127.03940708706791, 37.46295823733672], [127.038520634542, 37.462920056358264], [127.03763375536349, 37.462951312135864], [127.03675498821936, 37.46305170372808], [127.03589279375849, 37.46322026456422], [127.03505547320142, 37.46345537174307], [127.0342510884791, 37.4637547616458], [127.03348738466583, 37.46411555171308], [127.03277171545118, 37.46453426817775], [127.03211097236586, 37.46500687948685], [127.03151151844146, 37.46552883509258], [127.03097912694216, 37.46609510923973], [127.03051892575736, 37.466700249329534], [127.0301353479919, 37.46733842839533], [127.02983208922981, 37.46800350118634], [127.02961207188558, 37.46868906332046], [127.02947741698793, 37.46938851293765], [127.02942942367098, 37.47009511426102], [127.02946855657306, 37.470802062454375], [127.02959444126859, 37.471502549151786], [127.02980586777981, 37.472189828028455], [127.03010080213886, 37.472857279781365], [127.03047640589202, 37.473498475893294], [127.0309290633615, 37.47410724056569], [127.03145441640518, 37.47467771022307], [127.03204740634187, 37.47520439001462], [127.0327023226401, 37.47568220676791], [127.0334128579025, 37.476106557883035], [127.03417216861718, 37.476473355695425], [127.03429444428363, 37.476520037430156], [127.03407645840059, 37.476527710916066], [127.03319752763741, 37.47662807471888], [127.03233516918755, 37.47679660810318], [127.03149768584926, 37.4770316884322], [127.03069314111967, 37.47733105234581], [127.02992928161268, 37.47769181753523], [127.02921346251624, 37.478110510473186], [127.0285525768036, 37.47858309983369], [127.02795298887946, 37.479105035280774], [127.02786878082547, 37.47919457952673], [127.02750334269287, 37.47945588860708], [127.0269037404888, 37.47997781855496], [127.02637121077575, 37.48054406961883], [127.0259108827743, 37.48114918942277], [127.02552719081092, 37.48178735119608], [127.02522383157024, 37.48245240985505], [127.02501944082448, 37.483089022495875], [127.02497442652468, 37.48294268528053], [127.02467949922672, 37.48227522191018], [127.02430390208137, 37.481634008360054], [127.02385125388676, 37.481025219137855], [127.0233259150896, 37.480454716377814], [127.02273294574594, 37.47992799341747], [127.02207805676085, 37.47945012192891], [127.02136755487847, 37.479025703112654], [127.02060828195215, 37.47865882342257], [127.01980754907927, 37.47835301524682], [127.01897306623425, 37.47811122292225], [127.01811286807589, 37.47793577440808], [127.01723523664072, 37.477828358890754], [127.01634862166486, 37.4777900105344], [127.0154615592981, 37.477821098533184], [127.0145825899897, 37.47792132356028], [127.01372017633307, 37.47808972064807], [127.01288262165718, 37.47832466847146], [127.01207799014495, 37.478623904945636], [127.01131402924456, 37.478984548988514], [127.01059809511878, 37.47940312823905], [127.00993708184689, 37.479875612465875], [127.00933735506027, 37.48039745234541], [127.00880469064886, 37.4809636232376], [127.00834421912887, 37.481568673538895], [127.00796037620746, 37.48220677714841], [127.00765686002177, 37.48287178954323], [127.00743659546536, 37.483557306924155], [127.00730170594828, 37.4842567278635], [127.00727707938408, 37.48461764539149], [127.00686183235285, 37.48463216542526], [127.0059827723813, 37.48473232570953], [127.00561675732966, 37.484803760546484], [127.00593982924941, 37.48426673751256], [127.0062433663864, 37.483601729834405], [127.0064636419551, 37.48291621476188], [127.00659853672359, 37.482216794659394], [127.00664675391656, 37.48151020563157], [127.0066078316138, 37.48080325263914], [127.00648214710546, 37.48010274395877], [127.00627091316417, 37.47941542561818], [127.00597616627479, 37.47874791643805], [127.00560074693797, 37.47810664430574], [127.00514827224046, 37.47749778429389], [127.00462310095956, 37.476927199219084], [127.00403029153956, 37.47640038321203], [127.00337555334715, 37.47592240884114], [127.00266519167614, 37.475497878297816], [127.00190604703137, 37.475130879111674], [127.00110542927659, 37.4748249448214], [127.00027104727931, 37.47458302097781], [126.99941093472856, 37.474407436805976], [126.99853337283766, 37.47429988279795], [126.997646810674, 37.47426139445067], [126.99675978387933, 37.47429234230542], [126.9958808325606, 37.47439242838403], [126.99501841913793, 37.47456068905596], [126.9941808469376, 37.474795504308894], [126.99337618031043, 37.47509461333385], [126.99261216704176, 37.47545513627539], [126.99189616379725, 37.475873601938105], [126.99123506532031, 37.47634598118412], [126.99069422118914, 37.47681642118547], [126.99070047293915, 37.47672508376886], [126.9906617028886, 37.47601812606856], [126.99053617492953, 37.47531760100654], [126.99032510032686, 37.474630254769224], [126.9900305140311, 37.473962706446834], [126.98965525499678, 37.473321384304484], [126.9892029387677, 37.47271246389711], [126.98867792259607, 37.472141808623554], [126.98808526343363, 37.47161491329102], [126.9878417536299, 37.47143707479059], [126.98814197163945, 37.47147389942958], [126.98902849519371, 37.4715124588341], [126.98991549163827, 37.471481568787006], [126.99079441626618, 37.47138152684251], [126.99165680219093, 37.471213296712115], [126.9924943419779, 37.47097849897386], [126.99329896773368, 37.470679395448705], [126.99406292887835, 37.47031886739521], [126.99477886684903, 37.469900387733546], [126.99543988601302, 37.46942798756703], [126.99603962010565, 37.468906217325255], [126.99657229355188, 37.46834010290413], [126.99703277708095, 37.46773509722676], [126.99741663709825, 37.46709702769291], [126.99772017834057, 37.46643204002482], [126.99794047940505, 37.46574653905118], [126.99807542081207, 37.46504712700076], [126.99812370533486, 37.464340539900896], [126.99808487040272, 37.463633582694186], [126.9979592924623, 37.462933063698365], [126.99774818325812, 37.462245729041165], [126.99745357807235, 37.461578197701115], [126.99707831603978, 37.46093689777969], [126.99662601273158, 37.46032800461795], [126.99610102527413, 37.459757381352496], [126.99550841034159, 37.45923052248252], [126.9948538754282, 37.45875250098993], [126.99414372387108, 37.45832791952042], [126.99338479415289, 37.45796086609459], [126.99258439406923, 37.457654874773716], [126.99175023039327, 37.45741289165803], [126.99089033471355, 37.45723724654351], [126.9900129861571, 37.45712963050893], [126.98912663173897, 37.45709107964833], [126.98823980510235, 37.45712196510464], [126.98736104442862, 37.457221989500034], [126.98649881030364, 37.45739018979744], [126.98566140432838, 37.457624946565275], [126.984856889254, 37.457923999557046], [126.98409301140698, 37.45828446945615], [126.98337712614912, 37.458702885577274], [126.9827161270874, 37.45917521925894], [126.98211637971394, 37.45969692262651], [126.9815836601142, 37.460262972354016], [126.98112309933256, 37.46086791800451], [126.9807391339324, 37.461505934485], [126.98043546322678, 37.46217087811208], [126.98021501359372, 37.462856345749515], [126.98007991022226, 37.463555736449656], [126.98003145656337, 37.46426231500558], [126.98007012168755, 37.46496927680309], [126.98019553567383, 37.46566981334799], [126.98040649307823, 37.466357177838184], [126.98070096445228, 37.467024750148674], [126.98107611580346, 37.467666100603466], [126.981528335814, 37.46827505191959], [126.98205327055864, 37.46884573872558], [126.98264586538892, 37.4693726640804], [126.98271627258733, 37.469424090648296], [126.98239623635669, 37.46938481902195], [126.98150974191019, 37.46934621005645], [126.98062276799284, 37.46937703717744], [126.97974385420284, 37.4694770035685], [126.97888146259895, 37.469645146750885], [126.97804389629717, 37.46987984784286], [126.97723921959103, 37.4701788471341], [126.97647518036213, 37.47053926582519], [126.97575913552505, 37.470957633724154], [126.97509798022247, 37.471429922634194], [126.9744980814503, 37.47195158511223], [126.97396521675144, 37.472517598226545], [126.97350451856738, 37.47312251189332], [126.97312042478477, 37.47376050132819], [126.97281663595334, 37.474425423108755], [126.9725960795895, 37.47511087430984], [126.97246088191099, 37.475810254142594], [126.97241234727831, 37.47651682750537], [126.97245094554312, 37.47722378983439], [126.97255811083386, 37.47782264786332], [126.97244853804146, 37.477800253517536], [126.97237638407444, 37.47779139410759], [126.97241911528822, 37.477169325328674], [126.97238051734527, 37.47646236298525], [126.97225515956696, 37.47576181984067], [126.97204425157982, 37.47507444225648], [126.97174982673064, 37.4744068496257], [126.97137472242028, 37.473765470640934], [126.97092255270381, 37.47315648140522], [126.97039767342399, 37.47258574598071], [126.96980514021601, 37.472058759946776], [126.96915065978969, 37.47158059750967], [126.96844053495978, 37.47115586267193], [126.9676816039535, 37.47078864493031], [126.96688117458034, 37.4704824799275], [126.96604695389652, 37.47024031543515], [126.96518697404002, 37.47006448299457], [126.96430951494837, 37.46995667548713], [126.96342302470043, 37.46991793084937], [126.96253603824628, 37.469948622088886], [126.96165709530463, 37.47004845369693], [126.9607946582145, 37.47021646449175], [126.95995703052903, 37.47045103686573], [126.9591522771318, 37.47074991234738], [126.95838814664158, 37.47111021332899], [126.95767199685034, 37.47152847075175], [126.95701072390976, 37.47200065748249], [126.95641069594704, 37.47252222706208], [126.95587769174742, 37.473088157453574], [126.95541684509422, 37.473692999370115], [126.95504833468746, 37.47430479852168], [126.9545627259006, 37.47420546832481], [126.95368523470833, 37.47409758173394], [126.95279870205138, 37.47405875707082], [126.95191166328793, 37.47408936811311], [126.95186035895233, 37.47409519046602], [126.95245451133643, 37.47357878950858], [126.95298754468561, 37.47301287483759], [126.9534484065536, 37.472408042448286], [126.95383265969878, 37.47177011807289], [126.95413660506888, 37.47110524603731], [126.95435731736681, 37.47041983005862], [126.95449267315101, 37.46972047154922], [126.95454137120326, 37.469013906023235], [126.95450294497041, 37.4683069382179], [126.95437776696404, 37.46760637655545], [126.95416704507882, 37.46691896757682], [126.95387281086921, 37.46625133097838], [126.9534978999004, 37.46560989587712], [126.95304592436618, 37.46500083891738], [126.95252123824022, 37.4644300248143], [126.95192889529889, 37.46390294990552], [126.95127460042129, 37.463424689253586], [126.95056465463693, 37.46299984780712], [126.94980589445073, 37.462632516089585], [126.94900562602906, 37.462326230841086], [126.94817155488006, 37.462083940990915], [126.9473117117035, 37.46190797928708], [126.94643437512227, 37.461800039855106], [126.94554799203688, 37.461761161901116], [126.94466109636653, 37.4617917197157], [126.94378222695647, 37.46189141907398], [126.94291984543811, 37.46205930006688], [126.94208225482949, 37.46229374633581], [126.94127751965674, 37.462592500622726], [126.94051338836253, 37.462952686486275], [126.93979721874548, 37.463370835975525], [126.93913590714692, 37.46384292299622], [126.93853582206471, 37.4643644020491], [126.93800274283237, 37.46493025196879], [126.93754180395393, 37.46553502424349], [126.93741370258239, 37.46574761935813], [126.9371780629292, 37.46565740753387], [126.9363439941456, 37.4654150343445], [126.93548414174032, 37.4652389865905]], [[127.05773488863953, 37.50310199211132], [127.05754082819266, 37.502472226920766], [127.05789129699413, 37.502306649869666], [127.05860719010221, 37.50188778534036], [127.05926809502685, 37.501415029816], [127.05962606800642, 37.50110330631899], [127.06021510561591, 37.50127370036119], [127.0610756724921, 37.50144884399539], [127.06195364608342, 37.50155593559351], [127.06284056868536, 37.50159394350088], [127.06372789630737, 37.50156250156149], [127.0642932211838, 37.50149782263402], [127.06465004648526, 37.50181441266284], [127.0640610428443, 37.50174258317872], [127.06317411777515, 37.501704584420914], [127.06228678828022, 37.50173602218768], [127.06140759737887, 37.501836593786436], [127.0605450097971, 37.502005330914635], [127.05970733053836, 37.50224060897512], [127.0589026249858, 37.50254016270533], [127.05813864130239, 37.50290110797009], [127.05774064929052, 37.50313396603058], [127.05773488863953, 37.50310199211132]], [[126.99324130586439, 37.49592623806385], [126.99253081410563, 37.495501647057274], [126.99177151847017, 37.49513458287477], [126.99097073027569, 37.49482857968006], [126.99013616003032, 37.494586583686655], [126.9892758432348, 37.49441092481362], [126.98839806306782, 37.49430329427156], [126.98751127069687, 37.49426472829373], [126.98662400397843, 37.49429559816841], [126.98574480532757, 37.49439560666788], [126.98488213954371, 37.494563790908416], [126.9840443123809, 37.4947985316136], [126.98323939064292, 37.49509756869237], [126.98247512456963, 37.49545802298232], [126.9817588732593, 37.495876423949554], [126.98157769569292, 37.496005819339295], [126.98146926308537, 37.49599251709125], [126.98114114508219, 37.4958973468742], [126.98028083512627, 37.4957216225775], [126.9794030533381, 37.495613925203784], [126.97851625090088, 37.495575291629464], [126.977628965768, 37.49560609379328], [126.97674974053162, 37.495706035119156], [126.97588704024683, 37.49587415336975], [126.9750491709994, 37.496108829903754], [126.97424419999768, 37.49640780524778], [126.97347987795528, 37.49676820083363], [126.97276356450864, 37.4971865466926], [126.97210215738596, 37.497658814840925], [126.97150202600778, 37.4981804580364], [126.97096895015697, 37.498746453533926], [126.97050806430923, 37.499351351420266], [126.97012380815966, 37.49998932706394], [126.9698198838234, 37.500654237176164], [126.96959922012414, 37.50133967894486], [126.96946394431598, 37.50203905167261], [126.96941536151466, 37.50274562032662], [126.969453942039, 37.50345258038876], [126.96951524677833, 37.50379512789169], [126.96927155136002, 37.503617159218784], [126.96856112469838, 37.50319242507284], [126.96780187081653, 37.50282520759681], [126.96700110063159, 37.502519042429824], [126.96616652447958, 37.50227687734421], [126.96530617791889, 37.50210104388633], [126.96442834441515, 37.50199323494679], [126.96354147564938, 37.50195448847557], [126.96265411021307, 37.50198517749784], [126.96177479147086, 37.50208500652629], [126.96091198537724, 37.502253014404346], [126.96007399903563, 37.50248758355301], [126.95926890078056, 37.502786455532544], [126.95850444254951, 37.50314675276983], [126.95778798528883, 37.503565006243115], [126.95712642811024, 37.504037188858305], [126.95673684833135, 37.50437568074964], [126.95674205441311, 37.50435951925818], [126.95687745316664, 37.50366016233243], [126.95692615476175, 37.502953599870786], [126.95691771180721, 37.50279841301274], [126.95728181351859, 37.502696505942026], [126.95808691855761, 37.50239764755582], [126.95885137107955, 37.502037352931026], [126.95956780778447, 37.50161909273973], [126.96022932823216, 37.50114689597213], [126.96082956132646, 37.500625311099846], [126.96136272668367, 37.500059362234865], [126.96182369029336, 37.499454500707465], [126.96220801393629, 37.4988165525311], [126.96251199788396, 37.49815166226136], [126.96273271647075, 37.49746623379112], [126.96286804619781, 37.49676686865321], [126.96291668610127, 37.496060302425356], [126.96287817019127, 37.49535333985122], [126.96275287184628, 37.49465278930213], [126.96254200012284, 37.49396539721124], [126.96224758802094, 37.493297783111444], [126.96187247282104, 37.492656375902115], [126.96142026868533, 37.49204735195793], [126.96089533178991, 37.491476575674994], [126.9603027183264, 37.49094954302571], [126.95964813577876, 37.49047132866465], [126.95893788794592, 37.49004653709368], [126.95817881423993, 37.48967925835521], [126.95737822384432, 37.489373028678465], [126.95654382536534, 37.48913079645712], [126.95568365265216, 37.488954893883935], [126.95480598749796, 37.4888470145149], [126.95391927996427, 37.4888081969779], [126.95303206709153, 37.488838814982024], [126.95215289077663, 37.48893857372332], [126.95129021560369, 37.489106512721456], [126.95045234741626, 37.48934101506011], [126.94964735341168, 37.489639822942245], [126.94888298452373, 37.49000005941136], [126.94816660083838, 37.490418256030225], [126.94750510075824, 37.49089038625174], [126.94690485459684, 37.49141190416157], [126.94637164324, 37.49197778822109], [126.94591060246591, 37.49258258959045], [126.9455261734592, 37.49322048456802], [126.9452220599974, 37.493885330642655], [126.94500119272334, 37.4945707256198], [126.94486570084979, 37.49527006925383], [126.94481689157189, 37.495976626793315], [126.94482530888078, 37.49613181448916], [126.94446122271043, 37.49623368339749], [126.94365613102225, 37.496532449322316], [126.94289166317898, 37.496892645811634], [126.94217518021864, 37.49731080481332], [126.94151358149918, 37.49778290014263], [126.94124188060141, 37.49801891348843], [126.94117565325861, 37.49800536287501], [126.94029790458497, 37.49789737520087], [126.93941109899357, 37.49785844802467], [126.93852377446841, 37.49788895611057], [126.93764447398037, 37.49798860571238], [126.93707577478689, 37.49809922839508], [126.93694686566442, 37.497678537739255], [126.93665266806684, 37.49701086198744], [126.9362777546313, 37.49636937552189], [126.93582573757902, 37.49576025548136], [126.93530097128685, 37.49518936718802], [126.93470851030584, 37.4946622076933], [126.93467797697919, 37.49463989028094], [126.93512955514225, 37.49416078379561], [126.93559069218018, 37.493556025447646], [126.93597520703293, 37.492918163538164], [126.93627939812818, 37.49225334179272], [126.93650033780312, 37.49156796344527], [126.93663590042787, 37.49086862954706], [126.93668478279413, 37.490162075376375], [126.93664651657609, 37.48945510556215], [126.93663151342176, 37.48937104879181], [126.93711954455095, 37.48885320682038], [126.93727983153676, 37.48864297429826], [126.9375187096648, 37.488758616113046], [126.93831921075098, 37.48906497969839], [126.93915354801585, 37.48930734016184], [126.94001368447205, 37.48948336280258], [126.94089133439543, 37.489591351943375], [126.94177804320351, 37.48963026727939], [126.94266526896752, 37.489599733908896], [126.94354446476943, 37.489500045948475], [126.94440716110783, 37.48933216369826], [126.94524504755461, 37.489097704383944], [126.94605005287326, 37.48879892656557], [126.94681442282354, 37.48843870836379], [126.94753079490053, 37.48802051971398], [126.94819226928583, 37.487548388916636], [126.94823417258392, 37.48751197905473], [126.94843412269454, 37.48760875178761], [126.94923465708017, 37.487915041728215], [126.95006901783755, 37.4881573253289], [126.95092916775238, 37.488333268629596], [126.95180682097053, 37.4884411767177], [126.95269352287765, 37.48848001006961], [126.95358073161137, 37.488449394573664], [126.95445990041794, 37.488349625138056], [126.95532256005636, 37.48818166284808], [126.95616040045255, 37.48794712570079], [126.95696535081427, 37.4876482730063], [126.95772965743143, 37.487287983606684], [126.95844595841002, 37.48686972812326], [126.95910735461742, 37.48639753550034], [126.95970747615405, 37.48587595416914], [126.96024054371033, 37.48531000820698], [126.96070142421708, 37.484705148915786], [126.96106994087229, 37.48409333324573], [126.9615556224341, 37.484192637097784], [126.96162778118946, 37.484201503144334], [126.96158495584066, 37.484823566556756], [126.96162345536507, 37.48553053067339], [126.96174872895233, 37.48623108329961], [126.9619595725135, 37.486918477479215], [126.96225395769952, 37.487586092801884], [126.96262905135093, 37.488227499177775], [126.96308124270867, 37.48883651878544], [126.96360617812613, 37.48940728559561], [126.96419880295088, 37.489934301896405], [126.96485341017437, 37.490412491274505], [126.96556369538223, 37.49083724754066], [126.9663228174765, 37.491204479126814], [126.96712346458455, 37.491510648526095], [126.96795792451918, 37.49175280639415], [126.96881815910956, 37.49192861998253], [126.96969588168486, 37.49203639562862], [126.97058263696178, 37.49207509508518], [126.97146988256338, 37.49204434553106], [126.97234907138062, 37.491944443166496], [126.97321173397975, 37.491776350357995], [126.97404956025859, 37.49154168636048], [126.97485447956161, 37.49124271170658], [126.97507677830622, 37.49113788208017], [126.97515732144403, 37.4912254319743], [126.97575004233603, 37.491752390894476], [126.9764047396976, 37.49223051679902], [126.9771151082452, 37.49265520410993], [126.97787430607704, 37.49302236192337], [126.97867502059009, 37.49332845344314], [126.97950953894699, 37.4935705300753], [126.9803698224133, 37.49374625985417], [126.9812475838468, 37.49385394992483], [126.98213436758945, 37.49389256286474], [126.98302163098981, 37.49386172668664], [126.98390082676724, 37.49376173842562], [126.98476348542108, 37.49359356127602], [126.9856012968875, 37.49335881530571], [126.98640619065412, 37.49305976183723], [126.98717041355768, 37.49269928164747], [126.98717216923261, 37.49269825590577], [126.98722991484327, 37.49274958095198], [126.98788469476199, 37.4932276437637], [126.98859513849926, 37.49365226252406], [126.98935440342815, 37.49401934698951], [126.99015517629834, 37.49432536107055], [126.99098974370949, 37.494567356919376], [126.99185006645402, 37.494743003348724], [126.99272785701078, 37.49485060830697], [126.99361465944071, 37.49488913519184], [126.99450193091222, 37.49485821284546], [126.99538112406692, 37.4947581391334], [126.99624376942958, 37.49458987807361], [126.99708155706479, 37.494355050542595], [126.99788641669025, 37.494055918648925], [126.99865059547221, 37.493695363925205], [126.99892533081541, 37.49353481206249], [126.99902788714495, 37.49386856559661], [126.99932262989792, 37.494536090387975], [126.99969807597402, 37.4951773808951], [127.00015061121793, 37.495786260410895], [127.00067587866855, 37.49635686425402], [127.00126882047256, 37.496883696281195], [127.00129248503607, 37.4969009681172], [127.00086623336753, 37.497059397350114], [127.00054743418166, 37.49720981526953], [127.00042622708428, 37.497151233602814], [126.9996253814647, 37.49684528876881], [126.99879076022367, 37.49660335363511], [126.99793039935237, 37.49642775753499], [126.99705258245334, 37.496320191074844], [126.99616576104724, 37.49628168987129], [126.99527847326993, 37.49631262458925], [126.99439926173908, 37.49641269737702], [126.99399447733607, 37.496491643714215], [126.99389615198851, 37.4964042677834], [126.99324130586439, 37.49592623806385]], [[126.90042384197446, 37.50969652175444], [126.90047308002927, 37.508989987837076], [126.90046912237895, 37.508916225452744], [126.90049401468954, 37.508559031299164], [126.90045608278963, 37.50785205479418], [126.90033134922663, 37.50715144427476], [126.90012101762115, 37.506463946754884], [126.89982711577562, 37.505796182785666], [126.89945247606143, 37.50515458271228], [126.89900070806708, 37.504545324768685], [126.89847616377445, 37.50397427560589], [126.89788389560043, 37.50344693382491], [126.89722960770976, 37.50296837705736], [126.89651960106954, 37.50254321310198], [126.89576071277449, 37.50217553558602], [126.89496025022716, 37.50186888457723], [126.89491100039422, 37.50185456003682], [126.89486965560779, 37.5018387209299], [126.89403532682334, 37.50159604824142], [126.89317516428314, 37.501419690914425], [126.8922974496841, 37.50131134688122], [126.89141063356422, 37.50127205924114], [126.89098469507165, 37.5012865305043], [126.89069919833146, 37.500637618093975], [126.8903246622979, 37.49999598942271], [126.88988957551577, 37.499409058236], [126.8905950591083, 37.49975092221663], [126.89139548090237, 37.50005760256066], [126.8922297838349, 37.50030029373289], [126.89308993125096, 37.50047665784536], [126.89396763732195, 37.50058499592979], [126.89485444692478, 37.500624264318226], [126.89574181715915, 37.50059408470617], [126.89662119971406, 37.50049474780076], [126.897484123287, 37.50032721051884], [126.89832227525822, 37.50009308676169], [126.89912758183024, 37.49979463185597], [126.8998922858572, 37.49943472081112], [126.90060902161228, 37.49901682060343], [126.90087786450894, 37.498825155192776], [126.90077114764745, 37.499374236078324], [126.90072191995014, 37.50008077134556], [126.90075985142506, 37.500787748680175], [126.90088457922161, 37.501488359442675], [126.90109490451051, 37.502175856120104], [126.90138880393823, 37.502843617317815], [126.90176344902856, 37.503485211543435], [126.90221523334802, 37.50409445916824], [126.90273980717603, 37.50466549196818], [126.90333211934865, 37.50519280967032], [126.9039864658744, 37.50567133295852], [126.90469654485527, 37.506096452426966], [126.90545551718454, 37.506464073008324], [126.90625607243632, 37.50677065344744], [126.90709049931151, 37.50701324043892], [126.90795075995999, 37.50718949709865], [126.90882856746127, 37.50729772549374], [126.90971546571426, 37.50733688301335], [126.91060291096387, 37.50730659242148], [126.91148235417599, 37.507207145494974], [126.91234532346354, 37.50703950021105], [126.91318350576647, 37.506805271511986], [126.91376904616662, 37.50658819560516], [126.91378369936427, 37.5068604047791], [126.91390855840065, 37.5075610021913], [126.91411901973032, 37.50824847613274], [126.91441305868969, 37.508916205426964], [126.91478784545858, 37.50955775888817], [126.91518566345528, 37.510094019118895], [126.91476376158646, 37.51021192246706], [126.91396063160636, 37.51050965699314], [126.91379811940153, 37.51052803688926], [126.91323190939859, 37.51011408160745], [126.91252174356953, 37.509689013004376], [126.91176270353553, 37.50932143745563], [126.91096209815879, 37.50901489404711], [126.91012763619183, 37.50877233419173], [126.90926735209634, 37.50859609323512], [126.9083895287383, 37.50848786798949], [126.90750261770188, 37.508448700411016], [126.90661515798557, 37.508478967577204], [126.90573569386078, 37.508578378060356], [126.90487269267979, 37.50874597473176], [126.90403446342167, 37.50898014396985], [126.90322907675645, 37.50927863118398], [126.90246428739442, 37.509638562504655], [126.90174745946588, 37.510056472432765], [126.90108549564678, 37.51052833718204], [126.90048477071191, 37.511049613395194], [126.8999510701537, 37.511615281862134], [126.89957474274986, 37.51210827343627], [126.89955036165598, 37.51209646340494], [126.89976198856824, 37.51174583679931], [126.90006657815863, 37.51108111382374], [126.90028790574918, 37.510395808692714], [126.90042384197446, 37.50969652175444]], [[126.90391692112259, 37.49221599114386], [126.90475496263481, 37.49198182046969], [126.90556015666397, 37.49168332033275], [126.90595368997717, 37.49149805365052], [126.9060911682932, 37.491683459829595], [126.90661568633182, 37.49225447612186], [126.90720792917381, 37.49278177488731], [126.9076721825501, 37.493121311776136], [126.90719961027143, 37.49321311545222], [126.90636156234739, 37.49344730336768], [126.90555635240096, 37.493745808742936], [126.904791733442, 37.49410575753328], [126.90407506796078, 37.494523684070934], [126.90380624870694, 37.49471535710044], [126.90391293628959, 37.494166272792604], [126.9039621293012, 37.49345973519781], [126.90392417039124, 37.49275275778889], [126.90383155165976, 37.49223257283226], [126.90391692112259, 37.49221599114386]], [[126.94632853205998, 37.47615186515543], [126.94637983820252, 37.47614604522124], [126.94634386067571, 37.4761773098264], [126.94629377200458, 37.47615306287612], [126.94632853205998, 37.47615186515543]], [[127.02266807075256, 37.49012546432332], [127.02326778406187, 37.489603557528376], [127.0238004020961, 37.4890373219236], [127.0242607961213, 37.488432211599395], [127.02464453340839, 37.48779405496331], [127.02494791987972, 37.48712899857605], [127.02515232260804, 37.48649238657353], [127.02519733931061, 37.48663872365028], [127.02549228796411, 37.4873061853847], [127.02586792318168, 37.48794739480611], [127.02632062898394, 37.48855617598757], [127.02684604676462, 37.48912666519426], [127.0272232345457, 37.48946164452173], [127.02657473364499, 37.48953564445263], [127.02571221215808, 37.489704128013464], [127.02487456404918, 37.489939159754], [127.02406985440057, 37.49023847678206], [127.02330583141296, 37.49059919724049], [127.02274400584156, 37.49092771118344], [127.02252401680515, 37.49055217356525], [127.02236684469442, 37.4903408020746], [127.02266807075256, 37.49012546432332]], [[127.03893412823686, 37.49055183099765], [127.03922767218698, 37.490946440308946], [127.03975320528926, 37.49151687264999], [127.04034638578203, 37.49204351056539], [127.04100150129801, 37.49252128128538], [127.04171224252039, 37.49294558265286], [127.04247176395235, 37.493312327481846], [127.04327274986879, 37.49361798295506], [127.04410748481365, 37.49385960468017], [127.04436666428991, 37.49391239670758], [127.04425104795465, 37.494165980989024], [127.04403108284708, 37.49485156730616], [127.04389651268404, 37.4955510308427], [127.04384863578704, 37.49625763568721], [127.04386814141664, 37.49660869050801], [127.04339245126347, 37.49609244215015], [127.0427992174943, 37.49556581953729], [127.04214406403034, 37.49508805878085], [127.0414333001607, 37.4946637600145], [127.04067377025943, 37.49429700853572], [127.03987278789607, 37.493991335497995], [127.03903806544518, 37.493749683936976], [127.03817763987028, 37.49357438045677], [127.03729979539553, 37.49346711284776], [127.03641298380627, 37.493428913850565], [127.03640472327884, 37.49342920471252], [127.03629814870722, 37.49324734939785], [127.03584533361023, 37.49263860619736], [127.03531982264192, 37.49206815672681], [127.03494258544417, 37.491733203065465], [127.0355910975996, 37.491659157300326], [127.03645362018868, 37.49149060167172], [127.03729125026209, 37.49125548776499], [127.03809591905767, 37.49095608044838], [127.03885987558272, 37.490595263908304], [127.03893412823686, 37.49055183099765]], [[127.0773478245193, 37.504482774525485], [127.07654079388955, 37.50424946188852], [127.07568015770948, 37.50407443058265], [127.07480213406184, 37.503967440749975], [127.07391517645526, 37.503929522457916], [127.07302782433547, 37.50396104076192], [127.07214862093949, 37.50406169219443], [127.07128603111364, 37.50423050768465], [127.07044835988327, 37.50446586188131], [127.07029839302204, 37.504521702936906], [127.07015531892257, 37.50436653870864], [127.06969794371254, 37.50396079752322], [127.07028697043499, 37.50403259901535], [127.07117392716017, 37.50407054454599], [127.07206128122036, 37.50403904018189], [127.07294048446136, 37.503938389398144], [127.07380306731179, 37.503769561774476], [127.07464072044071, 37.50353418364771], [127.075445374865, 37.50323452243254], [127.07620927973218, 37.50287346476231], [127.07692507702636, 37.50245448866082], [127.07758587247605, 37.501981630014896], [127.07818530197848, 37.50145944367118], [127.07871759290025, 37.500892959533616], [127.07887184608937, 37.500689987037354], [127.07950012990212, 37.500716822036416], [127.07912328256414, 37.501212697756344], [127.07873993731413, 37.50185103237601], [127.07843696565452, 37.50251622786267], [127.07821728724105, 37.50320187865131], [127.07808301984429, 37.50390138202624], [127.07803687174663, 37.50458701063138], [127.07778801486941, 37.5045364038392], [127.0773478245193, 37.504482774525485]], [[127.08800012561719, 37.49629983017265], [127.0883029870393, 37.49563460880233], [127.08852255058993, 37.494948937696705], [127.0886567038995, 37.49424942071907], [127.08870415733702, 37.49354279490276], [127.08866445634015, 37.49283586555825], [127.08853798569893, 37.49213544072986], [127.08832596575617, 37.491448265633245], [127.08803044056397, 37.490780957705304], [127.08786463434683, 37.49049842543973], [127.0884867086485, 37.49026663310415], [127.08925041884882, 37.48990548914554], [127.08996601958104, 37.4894864319325], [127.09062661846829, 37.48901349813277], [127.09122585330225, 37.48849124331638], [127.09175795332543, 37.48792469804623], [127.09221779479886, 37.48731931939384], [127.09260095032059, 37.486680938349124], [127.092850100408, 37.486133536262855], [127.09279019479989, 37.48644603350581], [127.09274278494976, 37.48715266206554], [127.09278252188513, 37.48785959092836], [127.09290902536478, 37.488560011910906], [127.09312107945198, 37.489247179317715], [127.09341664413402, 37.48991447491583], [127.09379287488466, 37.49055547168873], [127.09424614998437, 37.49116399575491], [127.09477210533865, 37.491734185853794], [127.09536567646045, 37.49226054982525], [127.09540307077843, 37.492287789409176], [127.09566852053703, 37.492523179965296], [127.09632399551501, 37.49300064600052], [127.0970350573645, 37.493424616397384], [127.09779485749573, 37.49379100715816], [127.09859607749473, 37.49409628887687], [127.09943099964696, 37.49433752076259], [127.1002915813217, 37.49451237899008], [127.10116953249907, 37.49461917910382], [127.1020563956901, 37.4946568922585], [127.10294362747682, 37.494625155138856], [127.10382268088391, 37.49452427346329], [127.10468508778497, 37.49435521903668], [127.10552254054593, 37.49411962038146], [127.10632697211607, 37.49381974703734], [127.10709063379208, 37.49345848768136], [127.10780616990343, 37.49303932228026], [127.10846668869705, 37.4925662885441], [127.10866036619255, 37.49239743671234], [127.10868914400858, 37.49290744201991], [127.1082266105503, 37.49307987811783], [127.10746295815161, 37.49344114489307], [127.10674741628715, 37.493860308154225], [127.1060868752669, 37.49433333204765], [127.10548769618319, 37.49485566205364], [127.10495564966074, 37.49542226881194], [127.10449586027454, 37.496027696520386], [127.1041127571715, 37.49666611544141], [127.10381003137226, 37.497331378012504], [127.10370003548489, 37.49767510552809], [127.10339753936877, 37.497406927955694], [127.10274198074421, 37.496929501043546], [127.10203085326971, 37.49650556487128], [127.1012710048153, 37.49613920124524], [127.1004697520131, 37.49583393758522], [127.09963480983734, 37.495592712986394], [127.09877421736378, 37.49541784994355], [127.09789626042077, 37.495311032008345], [127.09700939187488, 37.49527328759405], [127.09612215031497, 37.4953049800829], [127.09524307791449, 37.49540580433111], [127.09438063825986, 37.49557478960469], [127.09354313493215, 37.49581030891831], [127.09273863162291, 37.49611009468733], [127.0919748745503, 37.49647126054298], [127.09125921791987, 37.49689032910163], [127.09059855314528, 37.49736326542154], [127.09005533845155, 37.4978366332235], [127.08975172192352, 37.49774888773683], [127.08889112846715, 37.497573952749946], [127.08801316107241, 37.4974670613372], [127.0872401064894, 37.497434097096686], [127.08761688117107, 37.496938194731534], [127.08800012561719, 37.49629983017265]], [[127.1314917831915, 37.543062401931756], [127.13237923690819, 37.543099890267996], [127.13326703172997, 37.54306792864307], [127.13368045824109, 37.543020408195275], [127.13416554865098, 37.54337323822944], [127.13396558274353, 37.54399855468783], [127.13383175891285, 37.54469811904568], [127.13381478686362, 37.544952943667845], [127.1332991064824, 37.54457786896935], [127.13258735448011, 37.54415411683497], [127.13182687357708, 37.54378794933549], [127.13102498649097, 37.54348289200118], [127.13062992306364, 37.54336894196188], [127.13094173235787, 37.543097160552875], [127.13102728771976, 37.543006055572235], [127.1314917831915, 37.543062401931756]], [[127.12558333791057, 37.524433043898945], [127.12482309104698, 37.52406683133416], [127.1240214433406, 37.52376172671536], [127.12318611356491, 37.5235206676061], [127.12232514452437, 37.523345974907805], [127.12144682566985, 37.52323933053232], [127.12055961334939, 37.52320176122238], [127.11967204945893, 37.52323362867512], [127.11879267927299, 37.523334626063125], [127.11866086796739, 37.523360471278735], [127.11924153403936, 37.5229447011899], [127.11984084416481, 37.522422304611716], [127.12037297220786, 37.521855633833795], [127.12083279416358, 37.52125014713714], [127.12113092128453, 37.520753277844285], [127.12165028113485, 37.520381371832514], [127.12224955391453, 37.519858962601255], [127.12274229145979, 37.51933419325803], [127.12297563811305, 37.51973127752254], [127.12342932544044, 37.520339688882906], [127.12395570668953, 37.520909748577544], [127.12454971327013, 37.521435965700704], [127.1252056248516, 37.52191327153349], [127.12591712444214, 37.52233706839535], [127.12667735923266, 37.52270327395926], [127.12747900661908, 37.52300836060263], [127.12831434476651, 37.52324938941345], [127.12894682241601, 37.52337768735525], [127.12870686644798, 37.52363326451089], [127.1282470930775, 37.52423878188335], [127.12786404533507, 37.52487727510523], [127.1275614137121, 37.525542595898465], [127.1274785810228, 37.52580161272229], [127.1269508160124, 37.52533413453035], [127.12629486346593, 37.524856838444954], [127.12558333791057, 37.524433043898945]]], [[[126.92090143861826, 37.544895260554505], [126.92024664342142, 37.544416830367695], [126.91953611451883, 37.54399180334856], [126.91877669403137, 37.54362427180457], [126.91797569448264, 37.54331777439695], [126.91714082841817, 37.54307526209488], [126.91628013418764, 37.54289906978558], [126.91540189860301, 37.54279089381251], [126.91451457721415, 37.54275177565734], [126.91362671296727, 37.54278209192186], [126.91274685402551, 37.542881550706014], [126.91188347153965, 37.543049194416646], [126.91104487815755, 37.543283408980116], [126.91023914805307, 37.543581939370256], [126.90947403924184, 37.54394191130297], [126.90875691892916, 37.54435985888929], [126.90809469260617, 37.54483175798152], [126.90749373757593, 37.545353064892886], [126.9069598415478, 37.54591876011884], [126.90649814689185, 37.54652339664052], [126.90611310108955, 37.54716115234658], [126.90580841385956, 37.54782588606993], [126.90558702137292, 37.548511196701], [126.90545105790439, 37.549210484809244], [126.90540183519585, 37.549917016180686], [126.9054398297337, 37.550623986659986], [126.90556467806597, 37.55132458767327], [126.90577518020828, 37.552012071800725], [126.90606931110908, 37.552679817767526], [126.90644424006746, 37.553321394226685], [126.90689635791966, 37.55393062171908], [126.90742131173563, 37.5545016322129], [126.90801404669332, 37.555028925648244], [126.90866885472984, 37.555507422940934], [126.9093794295017, 37.5559325149338], [126.91013892712533, 37.55630010682249], [126.9109400321128, 37.55660665762675], [126.91177502786664, 37.55684921432539], [126.91263587105323, 37.55702544032507], [126.91351426913637, 37.55713363798761], [126.91440176032144, 37.55717276499785], [126.9148418298401, 37.557157740338724], [126.91486395042206, 37.55756834709747], [126.91498889783773, 37.558268938166556], [126.91519950547148, 37.558956405580815], [126.91549374725619, 37.559624128225764], [126.91586879142311, 37.560265674978496], [126.91632102769891, 37.56087486666538], [126.91684610201257, 37.56144583559904], [126.91743895838104, 37.561973082119394], [126.91809388757135, 37.56245152759379], [126.91880458207227, 37.56287656336387], [126.91956419684601, 37.563244095166674], [126.92036541527527, 37.56355058260065], [126.92120051966877, 37.563793073254985], [126.9220614656455, 37.56396923117266], [126.92293995967812, 37.56407735937153], [126.92382753904681, 37.56411641620579], [126.92471565343001, 37.56408602540967], [126.92559574734273, 37.563986479725976], [126.92645934262498, 37.56381873808438], [126.92729812018253, 37.563584416356726], [126.92810400018877, 37.56328577177891], [126.92886921997258, 37.562925681189725], [126.92958640883873, 37.56250761329735], [126.93024865909828, 37.562035595241554], [126.93084959262285, 37.56151417377481], [126.93137759158067, 37.56095455141626], [126.93172605534826, 37.56116289652119], [126.93248571738701, 37.56153034566797], [126.93328697162359, 37.56183674577941], [126.9341221000211, 37.56207914528619], [126.9349830579666, 37.56225520910971], [126.93586155181711, 37.5623632411746], [126.93674911885441, 37.562402200761625], [126.93763720887574, 37.5623717125423], [126.93851726663102, 37.562272070198375], [126.93938081430903, 37.562104233591064], [126.93972088301766, 37.56200918847612], [126.94011318356117, 37.56229564048741], [126.94082400339026, 37.56272054471656], [126.94158372657854, 37.563087935712076], [126.94238503546266, 37.56339427442902], [126.94322021147862, 37.56363660988962], [126.94408120955423, 37.56381260763239], [126.94495973565935, 37.56392057221881], [126.94584732676472, 37.56395946357994], [126.94673543243553, 37.563928907044875], [126.94761549727079, 37.563829196953755], [126.94847904339125, 37.56366129382079], [126.94931775217705, 37.56342681507418], [126.95012354446528, 37.56312801946294], [126.9504982939635, 37.562951579385626], [126.95112956079798, 37.5633288398405], [126.95188934156535, 37.56369616492912], [126.95269070000677, 37.56400243405026], [126.95352591708016, 37.56424469689675], [126.95438694731712, 37.564420619706794], [126.95526549637738, 37.56452850776405], [126.95557526409746, 37.56454205432762], [126.9555808896163, 37.564549624605895], [126.95610629120094, 37.565120421154546], [126.95669945553863, 37.56564747261514], [126.9573546704268, 37.56612570223318], [126.95758547584346, 37.56626361124514], [126.95759241467252, 37.56639104555026], [126.95771742136843, 37.567089609123904], [126.957153730787, 37.567109055991764], [126.95627363914319, 37.56720883692955], [126.95541006875895, 37.56737679679355], [126.95457133409093, 37.56761131846797], [126.95376551067397, 37.567910143971424], [126.9530003574237, 37.56827039618], [126.95228324197559, 37.568688606507386], [126.95162106977709, 37.569160748277135], [126.95102021761376, 37.56968227546648], [126.95048647220882, 37.570248166450114], [126.95002497448657, 37.57085297232407], [126.94964017003703, 37.571490869345716], [126.94933576625968, 37.57215571498616], [126.9491146966007, 37.57284110705665], [126.94897909223052, 37.57354044534066], [126.9489302614368, 37.5742469951389], [126.94896867693501, 37.574953952116275], [126.94906131149925, 37.57547189934311], [126.9485014479211, 37.57553532817115], [126.94763776440779, 37.575703230043196], [126.94679891234557, 37.575937695231914], [126.94599296839864, 37.57623646629981], [126.94522769264213, 37.576596666647085], [126.94451045389017, 37.577014828186975], [126.94384815877665, 37.577486924713014], [126.94324718527001, 37.578008410638404], [126.94271332126145, 37.57857426473555], [126.94225170881698, 37.579179038456125], [126.94186679463125, 37.57981690836762], [126.94156228716064, 37.580481732202706], [126.94134112085021, 37.58116710798318], [126.94120542780173, 37.581866435649886], [126.94119856672339, 37.58196554911877], [126.94065117196287, 37.582118503811195], [126.93984513703984, 37.58241723185992], [126.9390797685261, 37.582777391226635], [126.9383624361282, 37.58319551421927], [126.93770004738109, 37.58366757500264], [126.93709898115432, 37.58418902833441], [126.93656502623143, 37.584754853301085], [126.93610332555366, 37.585359601635204], [126.93571832666524, 37.585997450149065], [126.93541373883816, 37.58666225678182], [126.9351924972917, 37.58734761972133], [126.93505673485244, 37.58804693903251], [126.93500776133169, 37.588753480199706], [126.93504605082096, 37.58946043897178], [126.93517123703235, 37.590161006885786], [126.93538211673119, 37.59084843683872], [126.93567666123283, 37.591516108075375], [126.93605203585503, 37.59215758996633], [126.93650462714298, 37.59276670396104], [126.93703007760693, 37.59333758311878], [126.93762332764062, 37.59386472864267], [126.93827866421836, 37.59434306287145], [126.93898977590325, 37.59476797821713], [126.93974981363695, 37.595135381575716], [126.94055145672519, 37.595441733782145], [126.94138698338315, 37.595684083727775], [126.94224834515889, 37.59586009681085], [126.94312724451633, 37.595968077444475], [126.94401521482791, 37.596006985404735], [126.94490370200296, 37.595976445860614], [126.94578414696255, 37.59587675298866], [126.94664806816277, 37.59570886713742], [126.94748714336798, 37.595474405569114], [126.94829328988332, 37.59517562686794], [126.94905874246996, 37.594815409165975], [126.94977612819049, 37.594397222397106], [126.95043853746081, 37.59392509484734], [126.95103959062267, 37.59340357432489], [126.9515734993946, 37.592837684325275], [126.9520351226089, 37.59223287561519], [126.9524200156983, 37.59159497370253], [126.95272447345648, 37.590930122700215], [126.95294556566273, 37.590244726125526], [126.95308116522949, 37.58954538520607], [126.9530880113817, 37.58944627105465], [126.95363543526281, 37.58929325909641], [126.95444149073658, 37.58899443737214], [126.95520685050431, 37.58863417869121], [126.95592414252341, 37.58821595338214], [126.95658645811298, 37.587743790101996], [126.95718741851762, 37.587222237002905], [126.95772123634973, 37.586656317893905], [126.95818277131774, 37.58605148382167], [126.95856757970444, 37.585413560538036], [126.95887195711926, 37.58474869236137], [126.95909297411507, 37.5840632829739], [126.95922850432818, 37.58336393372626], [126.95927724487386, 37.58265738004431], [126.95923872880353, 37.58195042655141], [126.95914601616475, 37.58143248726624], [126.95970591555492, 37.58136900828841], [126.96056963866012, 37.58120101857527], [126.96140850799684, 37.58096645585748], [126.96221444285506, 37.580667579693625], [126.96297968003653, 37.580307269154545], [126.9636968486803, 37.57988899506811], [126.96435904129474, 37.579416786561005], [126.9649598803096, 37.578895192220706], [126.96519306450114, 37.57864791574869], [126.96550035196276, 37.57917270183771], [126.96595310728621, 37.57978170550203], [126.9664786942085, 37.58035245585012], [126.96707205180606, 37.58087945532558], [126.96772746601424, 37.581357627673945], [126.96843862464583, 37.58178236686678], [126.969198678188, 37.58214958149748], [126.97000030579247, 37.58245573421964], [126.97083578582225, 37.58269787584722], [126.9716970702738, 37.58287367378617], [126.97257586235574, 37.58298143452323], [126.97346369647424, 37.58302011995391], [126.97435201985152, 37.582989357392], [126.9752322749879, 37.58288944316341], [126.97609598216985, 37.582721339749945], [126.97693482122565, 37.582486666510306], [126.97774071173761, 37.58218768406823], [126.97850589093561, 37.58182727251864], [126.97895918392287, 37.58156281352018], [126.97954675131503, 37.58199137435366], [126.98025798392614, 37.58241604284049], [126.98101810283089, 37.582783181808864], [126.98181978655049, 37.58308925464136], [126.98265531290659, 37.58333131292165], [126.98351663344869, 37.5835070248589], [126.98439545103717, 37.583614697768674], [126.98528329983223, 37.583653294392924], [126.98617162691441, 37.58362244290133], [126.9870518747485, 37.58352244047692], [126.98791556369147, 37.58335425045151], [126.9887543737477, 37.583119493018536], [126.98956022477942, 37.58282042961307], [126.99032535439761, 37.58245994111021], [126.99104239277938, 37.58204150005256], [126.99170443368999, 37.581569137175336], [126.99230510102286, 37.581047402552926], [126.99283861021613, 37.58048132174212], [126.99329982395369, 37.579876347346165], [126.99336125447897, 37.5797744041856], [126.99326230871755, 37.579990800193485], [126.99304161672836, 37.58067627643421], [126.9929064075446, 37.58137566719506], [126.99285798565035, 37.58208223726914], [126.99289681982452, 37.58278918212361], [126.99302253853226, 37.58348969342642], [126.99323393340845, 37.58417702461668], [126.99352897080362, 37.58484455588754], [126.99390481128462, 37.585485857955135], [126.99435783690532, 37.58609475399883], [126.99488368598787, 37.586665379175486], [126.9954772950814, 37.587192237133436], [126.99613294769668, 37.58767025298074], [126.99684432934768, 37.588094822196055], [126.99713252181056, 37.588233954842664], [126.99711742120013, 37.58845446240794], [126.99715629829618, 37.589161405414224], [126.99728206701006, 37.589861911791196], [126.99749351849573, 37.5905492350251], [126.997788618559, 37.59121675538541], [126.99816452716357, 37.59185804369299], [126.99861762570744, 37.59246692325941], [126.99914355181042, 37.593037529399886], [126.99973724127985, 37.59356436594583], [127.00039297685201, 37.594042358211226], [127.00110444324152, 37.59446690190164], [127.00186478796816, 37.59483390749333], [127.00266668737588, 37.59513983965355], [127.00350241720663, 37.59538175132113], [127.00436392704792, 37.595557312117776], [127.00524291793485, 37.59566483081545], [127.00613092235656, 37.59570327164227], [127.00701938589322, 37.5956722642694], [127.00789974969406, 37.59557210738232], [127.00834094971754, 37.595486123382926], [127.00852447890053, 37.59579911043978], [127.00895238065745, 37.59637395580948], [127.00854729812994, 37.59656485990216], [127.00783021629529, 37.59698340598076], [127.00716813863554, 37.59745585783047], [127.00656744103082, 37.59797766644365], [127.00603390872152, 37.59854380748546], [127.00557268058584, 37.599148829643816], [127.00518819962387, 37.59978690709261], [127.0048841701261, 37.60045189556416], [127.00466352194034, 37.60113739149245], [127.00452838218362, 37.601836793658485], [127.00448005467409, 37.60254336674511], [127.0045190072843, 37.60325030618992], [127.00464486734121, 37.603950803712245], [127.0048564251205, 37.60463811288307], [127.00515164540556, 37.60530561410672], [127.00517890394858, 37.60535209854806], [127.00477682331562, 37.60546465762438], [127.00397078674925, 37.605763822467225], [127.00320548203634, 37.60612439677043], [127.00248827827309, 37.6065429088483], [127.00182608176064, 37.60701532912045], [127.0012252695231, 37.607537108883655], [127.00069162790436, 37.608103224081255], [127.0002302968352, 37.6087082236505], [126.99984572030705, 37.60934628198322], [126.99954160353114, 37.61001125499629], [126.99932087719631, 37.610696739273045], [126.999185669173, 37.6113961337071], [126.99913728393774, 37.61210270305613], [126.99917618992015, 37.61280964279411], [126.99930201489741, 37.613510144637765], [126.9995135494843, 37.6141974621167], [126.99980875868887, 37.61486497555531], [127.00018480142582, 37.615506255840494], [127.00063805780309, 37.6161151263604], [127.00116416392176, 37.61668572251658], [127.00175805385612, 37.617212548235756], [127.00241400841207, 37.61769052893535], [127.00312571019487, 37.61811506043151], [127.00388630445627, 37.618482053317166], [127.00468704212089, 37.618787429694805], [127.00467952550039, 37.61881077585666], [127.0045443520517, 37.619510175722866], [127.004496011378, 37.62021674662235], [127.0045349714808, 37.62092368401386], [127.004660859617, 37.621624179636406], [127.00487246579395, 37.62231148707914], [127.0051677543309, 37.62297898676269], [127.00554388337896, 37.62362024970606], [127.00599723221514, 37.62422909946394], [127.00652343605003, 37.62479967163746], [127.00711742801674, 37.62532647038397], [127.00777348793817, 37.62580442138029], [127.0084852974041, 37.62622892072839], [127.00924600062864, 37.62659587933061], [127.01004827050077, 37.62690176230591], [127.01088437919168, 37.62714362306622], [127.01174627263678, 37.62731913172309], [127.01262564817321, 37.62742659755044], [127.01351403458175, 37.62746498528562], [127.0144028737599, 37.6274339251114], [127.01528360323549, 37.627333716222275], [127.01552699975656, 37.62728628676839], [127.01621381502915, 37.627617541920756], [127.01701612491271, 37.62792337773996], [127.01737210510787, 37.628026327683635], [127.01749304779811, 37.62841889417585], [127.01778847310715, 37.62908636253628], [127.01816474122892, 37.629727585550505], [127.01861823010059, 37.630336387157165], [127.0191445735834, 37.63090690342058], [127.01973870346464, 37.631433639036075], [127.0203948982379, 37.63191152028825], [127.02110683819296, 37.63233594395055], [127.02186766628587, 37.63270282165417], [127.02267005420163, 37.63300861929735], [127.02350627297318, 37.63325039111406], [127.02436826747446, 37.63342580807286], [127.02524773406805, 37.633533180331256], [127.0261362006568, 37.63357147352835], [127.02702510836511, 37.63354031875803], [127.0279058940602, 37.633440016126535], [127.02877007291448, 37.63327153185953], [127.0296093202105, 37.633036488986974], [127.03041555159747, 37.63273715169582], [127.03118100102228, 37.63237640350162], [127.03189829558278, 37.631957719450575], [127.0325605265789, 37.6314851326205], [127.03316131607677, 37.63096319524449], [127.03369487834244, 37.63039693483358], [127.03415607555421, 37.62979180572166], [127.03454046725659, 37.62915363650136], [127.03484435308101, 37.62848857385809], [127.03506480832348, 37.62780302334464], [127.0351997120386, 37.62710358766777], [127.03524776738244, 37.62639700308212], [127.03520851401144, 37.62569007450457], [127.03508233242135, 37.624989609974605], [127.03487044018821, 37.6243023550918], [127.03457488015104, 37.62363492806194], [127.03419850065353, 37.62299375597676], [127.03374492803862, 37.622385012940484], [127.03321853166327, 37.62181456063793], [127.03262438177279, 37.6212878919158], [127.03196820064268, 37.620810077918854], [127.031354832689, 37.62044445059766], [127.03186928971255, 37.62038583549273], [127.03273330848603, 37.620217320751294], [127.03357239639637, 37.61998224810332], [127.03437847062914, 37.61968288202234], [127.03514376664616, 37.61932210630102], [127.03586091302367, 37.618903396250346], [127.03652300248964, 37.61843078519812], [127.0371236584737, 37.61790882561036], [127.03765709652801, 37.617342545211436], [127.03811818002696, 37.616737398527306], [127.03850246960982, 37.61609921431929], [127.03880626589086, 37.615434139416664], [127.03902664502736, 37.61474857948978], [127.03916148680572, 37.61404913733567], [127.03920949497709, 37.61334254927099], [127.03917020965062, 37.61263562024586], [127.03904401162823, 37.61193515830389], [127.03883211864257, 37.61124790901966], [127.03853657353825, 37.61058049054504], [127.03816022451376, 37.60993932988951], [127.03770669761724, 37.60933060104739], [127.03718036176416, 37.60876016556712], [127.03658628661618, 37.608233516133765], [127.0359301937284, 37.607755723706745], [127.03521840143651, 37.607331388720745], [127.03445776401557, 37.606964596818216], [127.03365560569549, 37.60665887953825], [127.03330297151258, 37.606556923591214], [127.03350722016587, 37.60621772915183], [127.03377856907643, 37.605623705911334], [127.03427921491014, 37.60616636305371], [127.03487325738078, 37.60669302406731], [127.03552933418243, 37.60717082234923], [127.03624112673995, 37.607595155472936], [127.0370017794282, 37.607961935942605], [127.03780396562156, 37.608267630594085], [127.03863995829639, 37.60850929465438], [127.03950170450543, 37.60868460013104], [127.04038090300438, 37.60879185825638], [127.04044689906982, 37.60879469525715], [127.04072523217344, 37.60942321886859], [127.04110160074889, 37.61006437152789], [127.0415551598456, 37.61067308745874], [127.0420815426455, 37.61124350355058], [127.04267568055431, 37.61177012546374], [127.04333185198577, 37.61224788057831], [127.04404373745254, 37.61267216688336], [127.0448044804339, 37.61303889733392], [127.04560675343362, 37.61334453924756], [127.04644282859113, 37.61358614835933], [127.04730465216382, 37.61376139720618], [127.04818392216147, 37.61386859756611], [127.04841238245274, 37.61387840260284], [127.04843959808093, 37.61392475282729], [127.04889324040414, 37.61453344069689], [127.04941970650061, 37.615103824222935], [127.05001392697336, 37.61563040937916], [127.05067017944037, 37.61610812389947], [127.05138214363309, 37.616532366163774], [127.05214296227179, 37.61689904955122], [127.05294530713086, 37.61720464183271], [127.0537814496567, 37.6174461992214], [127.0546433354572, 37.617621394752604], [127.05552266194206, 37.61772854071806], [127.05641095836434, 37.61776660493795], [127.05667464843962, 37.61775729358391], [127.05602894702652, 37.6181344717344], [127.05536698256938, 37.61860719306747], [127.0547664475128, 37.619129246242], [127.0542331255366, 37.61969560456839], [127.0537721534986, 37.620300814641965], [127.05338797193788, 37.62093904882629], [127.0530842822668, 37.621604161343136], [127.05286401106544, 37.622289747430266], [127.0527292818248, 37.62298920499842], [127.05268139441338, 37.6236957981945], [127.0527208124685, 37.62440272225987], [127.0528471588368, 37.62510316905917], [127.05305921911166, 37.62579039264912], [127.05335495323737, 37.626457774255435], [127.05373151507119, 37.62709888603209], [127.05385354043607, 37.6272625685206], [127.05315514794155, 37.62767044598895], [127.052493080271, 37.6281431497784], [127.05189244786763, 37.628665186862385], [127.05135903534857, 37.62923153070661], [127.05089798044366, 37.62983672804626], [127.05051372449032, 37.630474951367866], [127.05020996961784, 37.63114005499822], [127.04998964303499, 37.631825634260984], [127.04985486876697, 37.632525087132905], [127.04980694711698, 37.6332316778064], [127.04984634205317, 37.6339386015473], [127.049972676646, 37.63463905022352], [127.05018473660348, 37.63532627787373], [127.0504804818741, 37.63599366568458], [127.05085706620893, 37.63663478575016], [127.05131086449792, 37.637243462999166], [127.05183750762014, 37.63781383469247], [127.0524319244744, 37.63834040691693], [127.05308839078747, 37.63881810753019], [127.05380058423087, 37.63924233504529], [127.0545616453161, 37.639609002982716], [127.05536424348112, 37.63991457926148], [127.05620064773103, 37.64015612024838], [127.05706280115083, 37.640331299136214], [127.05750521743464, 37.640385183417386], [127.05698243089756, 37.640839533738784], [127.05644896881302, 37.641405899119434], [127.05598787876474, 37.6420111148854], [127.05560360242973, 37.64264935334603], [127.05529984213493, 37.643314468682426], [127.05507952514273, 37.64400005610563], [127.0549447753875, 37.6446995135137], [127.05489689293793, 37.64540610505525], [127.05493634138625, 37.6461130259875], [127.05506274328896, 37.64681346820512], [127.05527488370717, 37.64750068580855], [127.05557072181554, 37.64816806008075], [127.05573837120063, 37.64845339152392], [127.05554436437048, 37.64854485993763], [127.05482704060374, 37.648963686407846], [127.05416479308649, 37.6494363967356], [127.05356399933848, 37.64995843942605], [127.05303044553104, 37.65052478789166], [127.05256927075563, 37.65112998882379], [127.05218491750539, 37.651768214675016], [127.0518810888484, 37.652433319748255], [127.05166071270611, 37.6531188993537], [127.05152591358332, 37.653818351465084], [127.05147799202518, 37.65452494028228], [127.05151741200153, 37.65523186108897], [127.05164379634427, 37.65593230578117], [127.05185593028479, 37.65661952843564], [127.05215177306124, 37.65728691028668], [127.05252847748763, 37.65792802348525], [127.05298241729895, 37.658536693025546], [127.0534258799534, 37.6590168238359], [127.0533643932359, 37.65903965917133], [127.05259877463409, 37.659400548597574], [127.05188132944673, 37.65981935561152], [127.05121896630259, 37.66029204779499], [127.0506180638345, 37.66081407382828], [127.05008440926079, 37.66138040728463], [127.04962314264327, 37.66198559500039], [127.04923870736005, 37.66262380955581], [127.04893480726979, 37.663288905363], [127.04871437098268, 37.663974477821775], [127.04857952358387, 37.664673924975006], [127.04853156608449, 37.66538051107058], [127.04857096280189, 37.66608743141862], [127.04869733679328, 37.66678787791968], [127.04890947339108, 37.667475104633134], [127.04920533180925, 37.66814249275418], [127.04958206471227, 37.66878361437328], [127.05003604556201, 37.66939229440335], [127.05056290348136, 37.66996267007753], [127.05115756530185, 37.67048924744325], [127.05181430439158, 37.67096695430753], [127.05252679579499, 37.67139118912212], [127.05328817715301, 37.67175786533605], [127.05409111481752, 37.67206345078761], [127.05492787452171, 37.67230500175433], [127.0557903959244, 37.672480191332156], [127.05667037030821, 37.67258733186927], [127.05755932068014, 37.67262539123764], [127.05844868350044, 37.67259400278466], [127.05932989124885, 37.67249346886897], [127.0601944550294, 37.67232475794565], [127.06103404641478, 37.67208949522973], [127.06184057773855, 37.671789947027584], [127.06260628005839, 37.67142899888819], [127.06332377803687, 37.671010127785344], [127.06398616101649, 37.67053736860011], [127.06458704960211, 37.67001527522705], [127.06512065710898, 37.66944887668072], [127.06558184528394, 37.6688436286262], [127.06596617376351, 37.66820536080198], [127.06626994279331, 37.66754022084304], [127.0664902287998, 37.66685461504631], [127.06662491247302, 37.66615514665007], [127.06667269909369, 37.66544855222279], [127.06663313091128, 37.66474163677453], [127.06650659145784, 37.66404120821645], [127.06629430175958, 37.66335401179963], [127.06599830848616, 37.66268666516458], [127.06562146415541, 37.66204559462656], [127.06516739958765, 37.661436973309634], [127.06472384663422, 37.66095688627627], [127.06478533151791, 37.66093404501505], [127.06555090773, 37.660573076312794], [127.06626828424089, 37.66015418577552], [127.06693055156353, 37.659681408471094], [127.06753133141704, 37.659159298468275], [127.06806483816406, 37.65859288494134], [127.06852593452167, 37.657987623699235], [127.06891018101025, 37.65734934460704], [127.06921387866447, 37.656684195407855], [127.06943410459733, 37.65599858248722], [127.0695687400764, 37.655299109151706], [127.06961649084538, 37.654592512017054], [127.06957689949766, 37.65388559611923], [127.06945034978709, 37.65318516937356], [127.06923806283727, 37.652497977013624], [127.06894208529009, 37.6518306366409], [127.06877437773801, 37.65154532376505], [127.06896837639687, 37.65145383358762], [127.06968564567772, 37.6510349209605], [127.0703478099631, 37.65056212310755], [127.07094849196491, 37.65003999429508], [127.07148190698835, 37.649473563878196], [127.07194291863391, 37.64886828782811], [127.07232708823754, 37.64822999615217], [127.07263071757394, 37.64756483671432], [127.07285088441338, 37.64687921599829], [127.07298547059177, 37.64617973738544], [127.07303318232655, 37.64547313754206], [127.07299356258606, 37.64476622152994], [127.07286699539638, 37.6440657972654], [127.07265470204831, 37.64337860995798], [127.07238566444242, 37.642772008739016], [127.07300539194974, 37.64247968095182], [127.07372255201012, 37.64206074247625], [127.07438461071007, 37.641587920603016], [127.0749851917789, 37.641065769829474], [127.07551851149411, 37.640499319721904], [127.07597943437412, 37.63989402644082], [127.07636352260958, 37.6392557201591], [127.0766670787585, 37.63859054888093], [127.07688718129538, 37.63790491920374], [127.07702171267454, 37.637205434594826], [127.07706937964034, 37.63649883177791], [127.07702972559115, 37.635791915843164], [127.07690313488239, 37.63509149470594], [127.07669082903016, 37.63440431354559], [127.07639485485608, 37.63373698985565], [127.07601806469069, 37.63309594973059], [127.07558971255521, 37.632521716558145], [127.07560816494326, 37.63251811111717], [127.0764472594828, 37.63228273407756], [127.07725329794974, 37.63198307547382], [127.07801851615245, 37.63162202191763], [127.07873554341954, 37.63120305139722], [127.07939747362963, 37.63073019975001], [127.07999793174996, 37.630208021759735], [127.08053113524252, 37.62964154725438], [127.08099194974517, 37.62903623262897], [127.08137593849207, 37.628397908261476], [127.0816794049989, 37.62773272232978], [127.08189942860272, 37.62704708157201], [127.08192667843419, 37.62690532687993], [127.08198378923684, 37.62691692006127], [127.082863266286, 37.62702386301355], [127.08375168918522, 37.62706172210131], [127.08464049947989, 37.62703013260238], [127.08552113497664, 37.62692939881287], [127.08638511229665, 37.62676049111378], [127.0872241086667, 37.626525036615725], [127.0880300421566, 37.62622530347219], [127.08879514958701, 37.62586417901292], [127.0895120613546, 37.625445141909125], [127.09017387245144, 37.62497222863944], [127.09077420899314, 37.624449994580914], [127.09089404049027, 37.62432264618913], [127.09171117761915, 37.624357413091374], [127.0925999528892, 37.62432576341272], [127.09348054625434, 37.6242249699226], [127.09434447474204, 37.624056003577365], [127.09518341605006, 37.62382049205281], [127.09598928877918, 37.62352070405185], [127.09675433033603, 37.62315952743279], [127.09747117175247, 37.62274044136931], [127.09813290869907, 37.622267482811544], [127.09873316800622, 37.62174520757269], [127.09926616905231, 37.6211786464169], [127.09972677942629, 37.62057325657311], [127.10011056432937, 37.61993486914292], [127.10041382924112, 37.61926963291069], [127.10063365544048, 37.618583955097925], [127.1007679280422, 37.617884439633976], [127.10081535628113, 37.617177823538285], [127.1007754858527, 37.61647091202748], [127.1006487031936, 37.61577051297308], [127.1004362316656, 37.615083371340624], [127.10014011968275, 37.614416104242125], [127.0997632208994, 37.61377513722643], [127.09930916665397, 37.61316664242072], [127.09878233093556, 37.61259647911775], [127.09818778821432, 37.61207013738014], [127.09753126454227, 37.611592685203554], [127.09681908239794, 37.61116871974607], [127.09605809980494, 37.610802323092145], [127.09525564431183, 37.610497022975935], [127.09441944246711, 37.610255758840395], [127.09355754546739, 37.61008085355829], [127.09267825169245, 37.60997399108587], [127.09179002687004, 37.60993620026385], [127.09090142263692, 37.60996784492068], [127.09002099427593, 37.61006862037327], [127.08915721841852, 37.61023755635844], [127.08831841150152, 37.61047302636715], [127.0875126497595, 37.610772763291855], [127.08681060555799, 37.61110418139043], [127.08685010108802, 37.61051733036861], [127.08681036587322, 37.60981041413994], [127.08668372505736, 37.60911000012844], [127.0864714006358, 37.608422833444514], [127.08617543960573, 37.60775553144225], [127.08589284759373, 37.607274717971684], [127.08634165821016, 37.606884238297184], [127.08687464564002, 37.606317731612876], [127.08733526324686, 37.605712388663655], [127.08753208249004, 37.6053850450917], [127.08802164914856, 37.60562082718036], [127.08882402241356, 37.60592617625681], [127.0896601574751, 37.60616747982644], [127.09052200001169, 37.60634241337078], [127.09140124784918, 37.60644929170658], [127.09228943099836, 37.60648708523348], [127.0931779933159, 37.60645542986129], [127.09405837499918, 37.60635463052091], [127.09492209511633, 37.606185658224874], [127.0957608333738, 37.60595014070602], [127.09656651032964, 37.60565034672464], [127.0973313652773, 37.60528916419615], [127.09804803104697, 37.60487007235063], [127.09870960500139, 37.604397108193304], [127.09930971554101, 37.60387482759066], [127.0998425834768, 37.60330826135788], [127.10030307767906, 37.60270286677218], [127.10068676446687, 37.602064474980274], [127.10098995026335, 37.601399234808], [127.10120971710779, 37.60071355351441], [127.1013439506846, 37.60001403506202], [127.10139136060245, 37.59930741649884], [127.101351492731, 37.59860050306517], [127.1012247334802, 37.59790010265104], [127.10101230598423, 37.597212960235275], [127.10071625823113, 37.59654569293767], [127.100339443255, 37.59590472630939], [127.0998854915856, 37.595296232474304], [127.09935877622316, 37.594726070716355], [127.09876437047794, 37.59419973108391], [127.09810799908261, 37.593722281552964], [127.09739598304924, 37.593298319256704], [127.0966351788023, 37.59293192624984], [127.09583291217368, 37.59262663023189], [127.09525071095305, 37.592458615556176], [127.09547294676761, 37.592166440465725], [127.09585661975612, 37.5915280631622], [127.09615980483606, 37.59086283421155], [127.09637958405231, 37.5901771607647], [127.0965138429688, 37.58947764670871], [127.09656129094881, 37.588771029049354], [127.09652147349415, 37.588064113018476], [127.09639477652787, 37.58736370653142], [127.09618242258333, 37.586676554625875], [127.09588645893923, 37.58600927451341], [127.09557387365126, 37.58547741842639], [127.09601891170843, 37.585004156655074], [127.09647932261751, 37.58439877463721], [127.09686294656396, 37.58376039294157], [127.0971660905744, 37.5830951602964], [127.09738583708861, 37.582409483888], [127.09752007198465, 37.581709967631745], [127.09756750485624, 37.58100334855449], [127.09752768134975, 37.58029643190163], [127.0974009874456, 37.57959602559448], [127.09718864564671, 37.578908874669004], [127.09689270311394, 37.57824159632743], [127.09651601186651, 37.57760061622784], [127.09606220124157, 37.57699210662448], [127.09553564288017, 37.57642192695384], [127.09533805659494, 37.57624691057373], [127.09550093909507, 37.57588945650471], [127.09572067906925, 37.5752037823248], [127.09585491597313, 37.57450426712351], [127.09590235938028, 37.57379764791751], [127.09586255483464, 37.57309072995354], [127.09573588813325, 37.57239032116564], [127.09552358151615, 37.571703166613815], [127.0952276818047, 37.57103588353545], [127.09485104060525, 37.57039489763444], [127.09439728677239, 37.56978638122119], [127.09387079139998, 37.56921619379799], [127.09327662567928, 37.56868982566136], [127.09291370815643, 37.56842571701617], [127.09302735476894, 37.56817630710642], [127.09324709406584, 37.567490636635036], [127.09338133957131, 37.566791123386714], [127.09342880077502, 37.5660845043594], [127.09338902304862, 37.56537758479819], [127.09326239192988, 37.564677172652694], [127.0930501293154, 37.56399001301544], [127.09275428160207, 37.563322723173044], [127.09237769989477, 37.562681728894844], [127.09192401247478, 37.562073202572186], [127.09139758979617, 37.56150300380313], [127.09080350235001, 37.56097662299371], [127.09014747180392, 37.560499128517705], [127.08943581588846, 37.56007511794228], [127.08867538756189, 37.55970867378805], [127.08827207916127, 37.559555097858365], [127.08844535435729, 37.55917483767482], [127.08848236810952, 37.55905935057596], [127.08877192021633, 37.55909457485591], [127.08965953964976, 37.55913238515085], [127.09054754004633, 37.55910074602239], [127.0914273670207, 37.55899996224468], [127.09229054498866, 37.558831004679774], [127.09312875888286, 37.55859550091773], [127.09393393431559, 37.55829571958523], [127.09469831541378, 37.55793454847449], [127.09541453957361, 37.55751546670405], [127.09607570841223, 37.557042511180526], [127.09667545423203, 37.556520237685575], [127.09720800135561, 37.55595367696429], [127.09766822174107, 37.55534828623926], [127.09805168434158, 37.5547098966186], [127.09835469773552, 37.55404465690603], [127.09857434561789, 37.55335897435522], [127.0987085148136, 37.55265945294016], [127.09875591554581, 37.551952829737004], [127.09871971102199, 37.55131012437157], [127.09933322119663, 37.55160573227478], [127.10013506393051, 37.55191100417479], [127.10097063398487, 37.55215222656014], [127.10183188248392, 37.55232707569592], [127.10271051297964, 37.55243386721323], [127.1035980614341, 37.552471572349035], [127.10448597782286, 37.552439827865186], [127.10536570857059, 37.55233893955125], [127.10622877902092, 37.5521698792767], [127.10706687514332, 37.551934275621335], [127.10787192368576, 37.55163439817431], [127.10863616999877, 37.5512731356538], [127.10935225277808, 37.55085396805887], [127.11001327500402, 37.55038093312266], [127.11061287039236, 37.549858587391476], [127.11114526471569, 37.54929196230578], [127.11160533140476, 37.54868651570759], [127.11198864089371, 37.54804807924252], [127.11229150323605, 37.54738280216478], [127.11251100358173, 37.54669709208714], [127.11264503017645, 37.5459975532479], [127.11269229461632, 37.54529092289017], [127.11265234416562, 37.54458400636703], [127.11252556602285, 37.54388361159784], [127.11231318349762, 37.54319648350697], [127.1120172441384, 37.54252923907654], [127.11164059992969, 37.54188830363822], [127.11118687975151, 37.54127984901653], [127.11066045437063, 37.54070973411916], [127.11006639430154, 37.54018344854478], [127.10941042094612, 37.5397060597506], [127.1086988514825, 37.539282164286824], [127.10793853803524, 37.5389158435665], [127.10713680171166, 37.538610624594995], [127.10630136213884, 37.5383694460362], [127.10544026317827, 37.53819462994083], [127.10456179553125, 37.53808785940806], [127.10367441697754, 37.538050162394505], [127.10306409975874, 37.538071983683075], [127.10310696738604, 37.538000590632485], [127.10340986700373, 37.53733533542012], [127.10362941826608, 37.53664964097999], [127.10376350892695, 37.53595011140004], [127.103810849964, 37.53524348383461], [127.10377098790252, 37.53453656361037], [127.10364430908868, 37.53383615868278], [127.1034320358745, 37.53314901407466], [127.10313621475511, 37.53248174692783], [127.10275969657577, 37.5318407827933], [127.1023061090028, 37.531232293772554], [127.1017798215259, 37.53066213910511], [127.10118590333204, 37.53013580877314], [127.10053007445741, 37.529658370665274], [127.09981865068973, 37.529234421806976], [127.09905848275162, 37.52886804412569], [127.09825689035029, 37.52856276517542], [127.09742159172826, 37.528321524197686], [127.0965606293911, 37.52814664384415], [127.09568229272584, 37.528039807832535], [127.09479503825219, 37.52800204474975], [127.09390740827179, 37.52803371815754], [127.09302794869483, 37.52813452309588], [127.0921651268326, 37.52830348901696], [127.09132724994335, 37.52853898912224], [127.09052238531301, 37.52883875601268], [127.08975828263675, 37.529199903502125], [127.08904229944636, 37.52961895438478], [127.08838133029907, 37.530091873890164], [127.08831773380777, 37.5301472660608], [127.08803019705391, 37.53008883961126], [127.08715185039914, 37.52998194012781], [127.08626457782991, 37.5299441128581], [127.08537692182192, 37.52997572198155], [127.08449742853578, 37.53007646315675], [127.08363456560691, 37.53024536644952], [127.08279664068851, 37.53048080566408], [127.08199172152831, 37.53078051398746], [127.08122755834592, 37.53114160579731], [127.08051150925492, 37.53156060442385], [127.07985046944636, 37.53203347559981], [127.07925080481317, 37.532555666277354], [127.07871829065402, 37.53312214843952], [127.0782580560463, 37.533727467485704], [127.07787453442455, 37.53436579472671], [127.07757142084081, 37.53503098348488], [127.07737674575749, 37.5356382969618], [127.07682150381105, 37.535233910059446], [127.07611016294159, 37.5348098192663], [127.07535005610424, 37.534443289679714], [127.07504086130382, 37.53432546911132], [127.07504285627728, 37.534322148996424], [127.07534598932794, 37.5336569667684], [127.07556578594833, 37.53297132556148], [127.07570013152764, 37.53227182895231], [127.07574773458735, 37.53156521377913], [127.07570813912854, 37.53085828525081], [127.07558172892963, 37.53015785140439], [127.0753697237561, 37.52947065754271], [127.0750741675225, 37.5288033212834], [127.07469790852454, 37.52816226884437], [127.0742445719341, 37.52755367317864], [127.07371852482613, 37.526983394553625], [127.07312483407509, 37.526456924145876], [127.0724692175294, 37.525979331193355], [127.0717579889347, 37.52555521421274], [127.0709979971367, 37.52518865675026], [127.07019656014899, 37.52488318809072], [127.06936139471969, 37.52464174930175], [127.06850054207378, 37.524466664938934], [127.06762229054354, 37.52435962068337], [127.06673509583011, 37.52432164712602], [127.06584749966034, 37.524353109854104], [127.06496804761899, 37.524453705934945], [127.06410520694445, 37.52462246683059], [127.06326728507536, 37.524857767715574], [127.06246234972939, 37.52515734310815], [127.06169815128104, 37.52551830866526], [127.0609820481822, 37.525937188932375], [127.06032093614246, 37.52640995078151], [127.05972118174854, 37.52693204221744], [127.05918856116165, 37.5274984361788], [127.05872820448212, 37.528103678914576], [127.0583445463181, 37.52874194247077], [127.05804128303471, 37.52940708078361], [127.05782133709742, 37.53009268884014], [127.05768682885511, 37.53079216433771], [127.05763905603747, 37.53149877124933], [127.05767848116704, 37.53220570468364], [127.05780472701106, 37.53290615641507], [127.05801658012017, 37.53359338045349], [127.0583120024235, 37.53426075802155], [127.0586881507723, 37.53490186131391], [127.05914140424674, 37.53551051542326], [127.05966739896607, 37.53608085783625], [127.06026107006909, 37.53660739492496], [127.0609167004624, 37.53708505488894], [127.06107022198782, 37.53717661095141], [127.06081141655729, 37.53760714129529], [127.06058563950108, 37.53810231227073], [127.05988543035153, 37.53783539695069], [127.05905015486573, 37.537593885067935], [127.05818917849807, 37.53741872513502], [127.05731079077147, 37.537311603560106], [127.0564234486975, 37.537273551678076], [127.05553569542066, 37.53730493582984], [127.05465607803717, 37.53740545383891], [127.05379306537594, 37.5375741379188], [127.05295496653002, 37.53780936398353], [127.0521498509197, 37.53810886727168], [127.05138547065367, 37.53846976413466], [127.05118312465376, 37.53858807788418], [127.05111566765116, 37.538528239591045], [127.05046008778791, 37.53805052564914], [127.04974887121874, 37.53762627704808], [127.04898886667523, 37.53725957860092], [127.04818739229488, 37.5369539609493], [127.04735216518668, 37.53671236659458], [127.0464912271699, 37.53653712158935], [127.04561286739872, 37.536429913160504], [127.04472554261595, 37.53639177347877], [127.04383779579983, 37.53642306972996], [127.04295817398433, 37.53652350058345], [127.04209514604084, 37.5366920990915], [127.04125702120918, 37.5369272419916], [127.04045186915927, 37.53722666532277], [127.03968744234992, 37.53758748620597], [127.03897110142974, 37.53800623057966], [127.03830974439614, 37.538478866624686], [127.0377097401931, 37.539000843557616], [127.0371768673855, 37.53956713542039], [127.03671625850109, 37.54017228944597], [127.0363323505757, 37.54081047853564], [127.03602884237903, 37.54147555734388], [127.03580865873488, 37.542161121432], [127.03567392228175, 37.54286056892209], [127.03566376612103, 37.54301010947914], [127.03558284563074, 37.54300022621696], [127.03469544891865, 37.54296201072394], [127.03380762077342, 37.542993230986895], [127.03292790901139, 37.543093586406535], [127.03206478336915, 37.54326211076105], [127.03122655402623, 37.5434971815017], [127.03042129165786, 37.54379653536216], [127.02965674978398, 37.544157290132226], [127.02894029016016, 37.54457597238701], [127.02827881192579, 37.54504855090563], [127.02767868519098, 37.54557047545885], [127.0271456896998, 37.54613672059332], [127.02668495916079, 37.5467418339924], [127.02630093178088, 37.5473799889491], [127.02599730747991, 37.548045040447136], [127.02579721404116, 37.54866771811394], [127.02552603599699, 37.54850589285968], [127.02486767609781, 37.54818809916358], [127.02483397449365, 37.547579107471144], [127.02470801418139, 37.546878624143964], [127.02449643112747, 37.54619134370233], [127.02445767732505, 37.546103710397816], [127.02485366235577, 37.54568304872326], [127.02506508623375, 37.54540537883718], [127.02555761919703, 37.544977051273406], [127.02609061827232, 37.54441081322185], [127.02655133904183, 37.543805701838146], [127.02693534563299, 37.54316754554167], [127.027238941379, 37.54250249089128], [127.02745920436098, 37.5418169433612], [127.02759401547556, 37.54111750562839], [127.02764207876038, 37.54041091396676], [127.02760293378492, 37.53970397336145], [127.02747695999064, 37.53900349196848], [127.0272653729425, 37.53831621555107], [127.02697021253142, 37.53764876252417], [127.0265943232448, 37.53700756023211], [127.02614132669835, 37.536398783072634], [127.02561558669674, 37.53582829306201], [127.02502216716158, 37.5353015834131], [127.02436678333416, 37.53482372566786], [127.02365574672339, 37.53439932089253], [127.02289590433028, 37.53403245540392], [127.0220945727332, 37.53372666145178], [127.02125946766829, 37.53348488323456], [127.02039862978134, 37.53330944857444], [127.01952034726385, 37.53320204652361], [127.01863307611573, 37.533163711116096], [127.01774535879942, 37.53319481142124], [127.01699336228465, 37.53328050547757], [127.01726827061186, 37.53291946525431], [127.01765229915115, 37.532281338131426], [127.0179559318957, 37.53161630638741], [127.01817624656871, 37.53093077527598], [127.0183111235674, 37.530231347316295], [127.0183592662934, 37.529524758688495], [127.0183202135497, 37.528817814349004], [127.01819434388828, 37.52811732249034], [127.01798287187022, 37.527430028977115], [127.01768783627784, 37.526762552389584], [127.01731208039604, 37.526121320299616], [127.01685922455562, 37.52551250739251], [127.01633363120621, 37.52494197602945], [127.01574036285764, 37.52441521982204], [127.01508513329587, 37.52393731076106], [127.01437425254518, 37.52351285040727], [127.01361456610681, 37.52314592561298], [127.01281338905856, 37.52284006919917], [127.01197843564975, 37.52259822596579], [127.01111774506722, 37.52242272436103], [127.01023960408544, 37.52231525408151], [127.0093524673428, 37.52227684981798], [127.0084648760087, 37.52230788130238], [127.00758537562118, 37.52240804975197], [127.00672243388287, 37.522576390744], [127.00588435920339, 37.52281128349402], [127.00507922076889, 37.52311046644827], [127.0043147709055, 37.523471059041015], [127.00359837048168, 37.5238895894079], [127.00293691806527, 37.524362027789685], [127.00233678351549, 37.52488382530583], [127.00180374664902, 37.525449957725826], [127.00134294156983, 37.52605497381825], [127.0009588071994, 37.52669304781322], [127.00065504448439, 37.52735803547448], [127.00043458069636, 37.52804353324235], [127.00029954116847, 37.5287429398791], [127.00027513617334, 37.529099870282934], [127.00007104590657, 37.5289509727902], [126.99936020399119, 37.52852642268982], [126.99860054161913, 37.52815940179015], [126.99779937363745, 37.527853443837174], [126.99696441420892, 37.52761149460806], [126.99610370257882, 37.527435883571044], [126.99522552572448, 37.52732830147581], [126.99433833862966, 37.527289784089106], [126.99345068294818, 37.52732070223145], [126.99257110483714, 37.52742075821084], [126.99170807274666, 37.52758898868689], [126.99086989595527, 37.527823773938835], [126.99007561078935, 37.52811878054484], [126.98997459373957, 37.5280801946014], [126.98913965770595, 37.527838190226205], [126.9882789624821, 37.52766252228336], [126.98740079488772, 37.52755488207017], [126.98651360981759, 37.52751630591268], [126.98562594890609, 37.52754716519698], [126.98474635836055, 37.52764716279742], [126.98388330675068, 37.52781533593548], [126.98304510354257, 37.52805006544217], [126.98223981915831, 37.52834909133499], [126.98147520732756, 37.528709534560065], [126.98075863047637, 37.5291279246911], [126.98009698886929, 37.52960023331918], [126.97985814514045, 37.52980778525522], [126.9793349565918, 37.52934292008632], [126.97867991890803, 37.52886481084095], [126.9785727484287, 37.52880077348067], [126.97860104692685, 37.52879026668168], [126.9793656731969, 37.52842984218019], [126.98008225100455, 37.52801146046019], [126.98074387855166, 37.52753915168348], [126.98134418371225, 37.52701746540145], [126.9818773854108, 37.52645142670351], [126.98233834928968, 37.52584648778569], [126.98272263713028, 37.52520847540704], [126.98272826620904, 37.52519615946458], [126.98332817667897, 37.525554604240604], [126.98408773681162, 37.525921722792965], [126.9848888271382, 37.526227773298736], [126.98572373119916, 37.52646980755827], [126.98658440654211, 37.526645494013486], [126.98746256224702, 37.52675314022645], [126.98834973885478, 37.52679170919698], [126.98923738992643, 37.52676082936148], [126.99011696444394, 37.52666079817594], [126.99097998925548, 37.526492579248746], [126.99181815076763, 37.526257793050924], [126.99262337509414, 37.52595870129346], [126.9933879058861, 37.525598185123066], [126.99410437909134, 37.52517971734712], [126.99476589392044, 37.52470732895633], [126.99536607933436, 37.5241855702688], [126.99589915541213, 37.52361946707112], [126.99635998900713, 37.52301447218012], [126.99674414315652, 37.52237641289346], [126.99704791976852, 37.52171143483624], [126.9972683951786, 37.52102594274582], [126.99740344823397, 37.52032653876642], [126.99745178063897, 37.51961995884827], [126.99741292936842, 37.51891300786499], [126.99728727103297, 37.51821249407434], [126.99707601815797, 37.517525163553344], [126.9967812074151, 37.51685763523985], [126.99640567992414, 37.516216337205044], [126.99595305381712, 37.51560744477031], [126.99542768933246, 37.51503682106358], [126.99483464677739, 37.514509960586494], [126.99417963776526, 37.514031936334455], [126.99346897019848, 37.513607350977864], [126.99270948752745, 37.513240292572824], [126.99190850286992, 37.51293429522689], [126.99107372862473, 37.51269230509677], [126.9902132022555, 37.51251665204471], [126.98933520895729, 37.51240902722495], [126.98844820194796, 37.51237046681556], [126.98756072114892, 37.51240134205111], [126.98668131103476, 37.51250135565245], [126.98581843843935, 37.51266954468685], [126.98498041110652, 37.51290428983212], [126.98417529776611, 37.51320333095488], [126.98341085050185, 37.513563788854285], [126.98269443015606, 37.513982192962246], [126.98203293548674, 37.51445451473483], [126.9814327367582, 37.514976206414], [126.98089961440313, 37.515542244788286], [126.98043870334654, 37.51614717953195], [126.98005444352805, 37.51678518565878], [126.98004881465951, 37.51679750149276], [126.9794489896923, 37.51643904017148], [126.97868954821742, 37.51607189208888], [126.977888591798, 37.51576580001353], [126.97705383256178, 37.51552371101386], [126.97619330782841, 37.515347955903664], [126.97531530277757, 37.515240226819316], [126.97511889787201, 37.515231666073504], [126.97463391617428, 37.51517215623884], [126.97374688535517, 37.51513348525269], [126.9728593670821, 37.51516424971652], [126.97197990619, 37.51526415341711], [126.97111697000113, 37.51543223447942], [126.97027886687079, 37.51566687462037], [126.9694736662576, 37.51596581471726], [126.96870912108459, 37.51632617654172], [126.96799259313542, 37.51674449045062], [126.96733098220304, 37.5172167287685], [126.96673065966995, 37.51773834454107], [126.96619740715977, 37.51830431528803], [126.96573636084963, 37.51890919133526], [126.9653519619807, 37.51954714826228], [126.96504791404375, 37.52021204296133], [126.96482714705424, 37.52089747276936], [126.96469178926287, 37.521596837104745], [126.96464314657713, 37.52230340101593], [126.96464686932934, 37.52237168401505], [126.96389560767494, 37.52239766469154], [126.96373174249727, 37.52241626509134], [126.96348500164662, 37.52242479667021], [126.96260544376649, 37.52252462968891], [126.96174240356612, 37.52269264124172], [126.96090419040134, 37.5229272137146], [126.96009887478922, 37.52322608863628], [126.95933421075898, 37.523586388405896], [126.95861756123777, 37.52400464397795], [126.9579558271882, 37.52447682823887], [126.95735538117744, 37.52499839475513], [126.95682200601743, 37.52556432152111], [126.95636083906587, 37.526169159286646], [126.95597632272535, 37.52680708400042], [126.95567216161783, 37.52747195286537], [126.95545128684867, 37.528157363467834], [126.95531582770698, 37.52885671541175], [126.95526709107679, 37.52956327386547], [126.9553055487614, 37.53027023440998], [126.95543083284564, 37.53097078856435], [126.95564173914488, 37.5316581893576], [126.95593623871096, 37.53232581631527], [126.9563114972875, 37.53296723923476], [126.9564845946476, 37.533200269228836], [126.95635722554674, 37.533260270952205], [126.95564046639677, 37.533678506919564], [126.95497862756187, 37.53415067290903], [126.95437808261796, 37.534672222663374], [126.95384461532953, 37.53523813433878], [126.95350561658536, 37.53568265391336], [126.95347211936166, 37.535637557078736], [126.95294694214554, 37.53506674774907], [126.95235404410138, 37.53453967682695], [126.95169913545513, 37.53406141933409], [126.95098852314655, 37.5336365801862], [126.95022905009715, 37.533269249882224], [126.94942802933458, 37.53296296514651], [126.94859317360712, 37.53272067490146], [126.94773252116386, 37.53254471189734], [126.9468543584139, 37.532436770271], [126.94596714020598, 37.53239788924898], [126.94507940849354, 37.53242844315118], [126.94419971016478, 37.532528137790656], [126.9433365148258, 37.53269601330446], [126.94249813332458, 37.532930453387934], [126.94169263779733, 37.53322920084418], [126.94092778400378, 37.53358937929952], [126.94021093669646, 37.53400752087658], [126.93954899874072, 37.534479599559624], [126.93894834466552, 37.53500106993216], [126.9384147592849, 37.535566910914916], [126.93795338197972, 37.53617167408448], [126.9375686571774, 37.536809536108684], [126.93726429150675, 37.537474354795194], [126.93704321804312, 37.538159728214545], [126.93690756798921, 37.53885905632984], [126.93685865006832, 37.53956560454002], [126.93689693783065, 37.540272568525786], [126.93702206499886, 37.540973139774074], [126.93723282890113, 37.54166057115015], [126.93752720196258, 37.54232824188578], [126.93790235114722, 37.54296972135735], [126.93835466516728, 37.54357883103893], [126.9388797892002, 37.54414970403273], [126.9394726667814, 37.54467684160291], [126.94012758847127, 37.54515516616645], [126.94083824682883, 37.54558007023021], [126.94159779716293, 37.545947460800505], [126.94239892347584, 37.54625379883704], [126.9427802140586, 37.546364460218605], [126.94290199009404, 37.54676151545859], [126.94319643337984, 37.5474291720526], [126.94357165638384, 37.548070633554445], [126.94402404710735, 37.54867972161089], [126.9445492499889, 37.549250569532106], [126.9449253656459, 37.54958491839429], [126.94418627680352, 37.549668656671116], [126.94332288330911, 37.549836530016506], [126.94298287455506, 37.54993158618252], [126.94259062712042, 37.549645143540054], [126.94187992037914, 37.549220249925185], [126.94112033563057, 37.54885286109465], [126.9403191869781, 37.54854651433571], [126.93948418840108, 37.54830415916735], [126.93862337952352, 37.548128128964336], [126.93774504825979, 37.54802011850996], [126.93685765108, 37.54798116769302], [126.93596973165941, 37.54801165150492], [126.93508983869201, 37.54811127643334], [126.93422644365624, 37.54827908328629], [126.93338785932127, 37.54851345642019], [126.9325821597746, 37.548812139282845], [126.93181710273892, 37.54917225612274], [126.93110005492242, 37.54959033965609], [126.93043792111995, 37.55006236442655], [126.92983707774556, 37.55058378553731], [126.92930914153136, 37.55114340249286], [126.92896073087981, 37.55093505033987], [126.92820119332544, 37.55056757888], [126.92740008042111, 37.55026114483307], [126.92656510580275, 37.550018698558226], [126.92570430886428, 37.549842574307], [126.92482597740556, 37.549734467767806], [126.92393856789874, 37.549695419754045], [126.92349854366067, 37.549710478718616], [126.9234763774383, 37.54929987265775], [126.92335136431963, 37.54859928897282], [126.92314070950587, 37.5479118345165], [126.92284644391569, 37.54724412942339], [126.92247140342606, 37.54660260346969], [126.92201920148675, 37.545993434173674], [126.92149419425927, 37.54542248733066], [126.92090143861826, 37.544895260554505]], [[127.01787530906576, 37.61391287929068], [127.01707456853369, 37.61360759214284], [127.01708208074568, 37.61358424514028], [127.01721712557588, 37.612884829318745], [127.01726534041954, 37.61217825146072], [127.01722626339507, 37.61147131641926], [127.0171002732984, 37.61077083229713], [127.01688858586013, 37.61008354488371], [127.01659324194624, 37.6094160726992], [127.01656597481512, 37.60936959086653], [127.01696805921028, 37.609256991719924], [127.0177740825452, 37.6089577381803], [127.01853934714715, 37.60859706928518], [127.01870986145983, 37.60849753652842], [127.01870998023021, 37.608497641859714], [127.01936596838928, 37.60897552925517], [127.02007768515278, 37.60939995922989], [127.02083827562696, 37.609766843355054], [127.02164041378664, 37.61007264746773], [127.02199304822139, 37.61017463820828], [127.02178873647735, 37.610513812061484], [127.02148480959363, 37.6111788428122], [127.02126428065354, 37.61186436936849], [127.02112927562756, 37.6125637902157], [127.02108109703808, 37.61327036985603], [127.02112021132494, 37.61397730366308], [127.0211404428341, 37.61408974944946], [127.02057460976891, 37.614065333174366], [127.01968593186345, 37.614096441024415], [127.01880536428246, 37.614196684116145], [127.01856201253307, 37.61424412074665], [127.01787530906576, 37.61391287929068]], [[127.02533313324051, 37.595719918409415], [127.02563696160266, 37.5950548753456], [127.02585739922645, 37.59436933805616], [127.02599232533214, 37.5936699091204], [127.02603610969358, 37.59302695588259], [127.0266200108259, 37.59319584741109], [127.02748155166032, 37.59337123972776], [127.02807464148577, 37.5934436707004], [127.02828171326983, 37.59379662261287], [127.0287350700366, 37.594405388123036], [127.02926124104374, 37.5949758615397], [127.02985515973732, 37.5955025479719], [127.03051110664323, 37.59598037417902], [127.03122276443786, 37.59640473746596], [127.03198327879477, 37.59677155004675], [127.03278532442157, 37.59707727844816], [127.03362117564964, 37.597318977572314], [127.033983115497, 37.59739263523363], [127.03380292619096, 37.59758395658851], [127.033341927767, 37.59818908893104], [127.03295768802029, 37.598827258590774], [127.0326863578598, 37.59942128074906], [127.03218576835036, 37.59887861661042], [127.03159180652146, 37.59835194191642], [127.0309358319823, 37.59787412172077], [127.0302241619295, 37.59744975672592], [127.02946364946163, 37.59708293286354], [127.0286616176062, 37.59677718198072], [127.02782578883793, 37.5965354478596], [127.02696421076598, 37.596360057896604], [127.02608517870323, 37.596252700712675], [127.02519715586067, 37.59621440990948], [127.0250318575363, 37.59622020478605], [127.02533313324051, 37.595719918409415]], [[126.9838353620621, 37.553048659412404], [126.98307552951303, 37.55268153888159], [126.98227416493499, 37.552375475390015], [126.98158987475193, 37.552177148707756], [126.98147238712231, 37.55152167263672], [126.9812611893249, 37.550834318075744], [126.98096639233391, 37.55016675411377], [126.98059083714081, 37.54952540916522], [126.98013814214815, 37.54891645900299], [126.97988942170576, 37.54864633717085], [126.97996507157427, 37.54854709517179], [126.98034949834118, 37.54790909398781], [126.98065352628356, 37.54724416282809], [126.98087422931775, 37.546558705979656], [126.98100948410074, 37.54585932524853], [126.98105799039664, 37.5451527563622], [126.98101928350846, 37.544445804089065], [126.98089373865966, 37.543745276700115], [126.98068256728601, 37.543057920403996], [126.98038780527784, 37.54239035438719], [126.98019392770898, 37.54205922704255], [126.98020118084335, 37.54203669937249], [126.98033643323689, 37.54133731886349], [126.98037300102527, 37.540804685911226], [126.98060169464416, 37.54064145976865], [126.98088362087748, 37.54039650221782], [126.98139217838357, 37.54070031544936], [126.98215188163148, 37.54106744658883], [126.98295312519288, 37.54137351059063], [126.98378819113142, 37.5416155591247], [126.98464903543446, 37.54179126049502], [126.98552736555332, 37.54189892211965], [126.98641472034748, 37.54193750684978], [126.98730255166012, 37.5419066429698], [126.98818230673552, 37.541806627782044], [126.98904551068121, 37.54163842474085], [126.98988384817685, 37.54140365416441], [126.9906782756044, 37.54110865055062], [126.99077931052166, 37.54114723593873], [126.9916143998877, 37.54138922930309], [126.99247526062089, 37.541564873740654], [126.99305401114492, 37.54163577599568], [126.99308248152767, 37.54172839587046], [126.99337735455947, 37.54239593108349], [126.9937529847126, 37.543037236676724], [126.99420575606324, 37.54364613579675], [126.99473130937972, 37.54421676357208], [126.99532458405808, 37.54474362362749], [126.99597986682907, 37.54522164105228], [126.9966908467689, 37.54564621131142], [126.99745067608423, 37.54601324462685], [126.99810357404469, 37.546262522908684], [126.99803825931944, 37.54646553348421], [126.99790316225332, 37.547164934799845], [126.99785481335935, 37.54787151151361], [126.99789368070941, 37.54857845902838], [126.99801939244492, 37.54927896898625], [126.99823074026374, 37.54996629483937], [126.99852569096569, 37.550633816832615], [126.99890140594891, 37.551275105771985], [126.99935426847291, 37.551883984964], [126.99987991842801, 37.552454589728754], [127.00047329427937, 37.55298142391223], [127.00070078709783, 37.55314734067594], [127.00011000568196, 37.55349231457813], [126.99944826779844, 37.553964729013785], [126.99884786947773, 37.5544865043022], [126.99849769835711, 37.55485823795656], [126.99820485608544, 37.554746444508396], [126.99736959634018, 37.554504497066674], [126.99650857523211, 37.55432888753341], [126.99563008271612, 37.55422130664334], [126.99474257681284, 37.55418279015132], [126.99433954333557, 37.554196824355586], [126.99415674340905, 37.55418888964146], [126.99326876857558, 37.554219803951064], [126.99238887375958, 37.55431985580917], [126.99152553045813, 37.55448808191539], [126.99068705094398, 37.55472286259142], [126.99053788681542, 37.55477824353225], [126.9900541819654, 37.55454458070821], [126.9892527684347, 37.55423856432189], [126.98841754401445, 37.553996553782504], [126.98755655050009, 37.55382087914779], [126.98667807758125, 37.553713231779064], [126.98579058309014, 37.5536746480709], [126.98490261163788, 37.55370549948204], [126.9848697333134, 37.553709235813066], [126.98454634609624, 37.553473302278064], [126.9838353620621, 37.553048659412404]], [[126.96308767232804, 37.546353425357154], [126.96311019581708, 37.546479271352936], [126.96332121473245, 37.54716665751385], [126.96361584232386, 37.547834264572245], [126.9639912431031, 37.54847566251647], [126.96444380335791, 37.54908467360467], [126.96469246910306, 37.549354827537044], [126.9646167982736, 37.549454059576], [126.96444745242904, 37.54973498375501], [126.96423187761697, 37.54944488834047], [126.9637065222028, 37.54887412681137], [126.96311343958699, 37.54834710970781], [126.96245834177219, 37.54786891153265], [126.9617475375188, 37.54744413662991], [126.96098787159536, 37.54707687487954], [126.96024941591068, 37.54679464750793], [126.96036203848264, 37.54644518043395], [126.96040518514407, 37.5464504780838], [126.96129257862538, 37.546489251891046], [126.96218047201558, 37.546458577421234], [126.96306031196033, 37.54635875015111], [126.96308767232804, 37.546353425357154]], [[127.01024935800245, 37.537181675490544], [127.01014597867258, 37.5369477642767], [127.00998480782924, 37.536672705170474], [127.01014575570755, 37.53666707793174], [127.01089779362526, 37.53658142782428], [127.01087219012541, 37.53661504653277], [127.01037962935945, 37.53704331324525], [127.01024935800245, 37.537181675490544]], [[127.07699518009622, 37.58772176840998], [127.07610722872029, 37.58768386105919], [127.07521888367339, 37.587715389316706], [127.07433869774486, 37.587816049619505], [127.0734751452336, 37.58798487281227], [127.07263654042721, 37.58822023347107], [127.071830957615, 37.588519865540334], [127.07106615340258, 37.58888088413322], [127.0703494920728, 37.5892998132866], [127.0696878747098, 37.589772619403995], [127.06908767276694, 37.59029475006611], [127.06881022386445, 37.590589597568396], [127.06806356525162, 37.59022975688351], [127.06726144611648, 37.58992426741298], [127.06722550920979, 37.58991388644166], [127.06723828404394, 37.589724747243494], [127.06719874360027, 37.589017823131115], [127.06707232018121, 37.58831738695644], [127.06686023368655, 37.587630184044606], [127.06656452882079, 37.58696283209986], [127.06618805531694, 37.586321757490275], [127.06573444041808, 37.585713133381134], [127.0652080538834, 37.585142820312214], [127.06461396585922, 37.58461630978997], [127.06395789802153, 37.584138671436726], [127.06324616846237, 37.5837145042043], [127.06248563085082, 37.58334789212079], [127.06168360845446, 37.58304236499503], [127.06084782365545, 37.58280086445579], [127.05998632363873, 37.58262571565167], [127.05910740296532, 37.58251860488303], [127.05821952377408, 37.58248056338026], [127.05747120409526, 37.58250701100745], [127.05763756690533, 37.58198881953569], [127.05777217247014, 37.581289350745294], [127.05781998054952, 37.58058274993012], [127.05778053317596, 37.57987582216196], [127.05765421270776, 37.57917537547135], [127.05744223805246, 37.578488155285314], [127.05714665283686, 37.577820779475104], [127.05677030564145, 37.57717967463922], [127.05631682249276, 37.57657101423464], [127.05579057188154, 37.576000659151205], [127.05519662264554, 37.57547410130048], [127.05454069512493, 37.574996410760946], [127.0538703426051, 37.57459677097777], [127.0540448428232, 37.574444986546546], [127.05446266100716, 37.57400101294234], [127.05517970256754, 37.57386092794007], [127.05601819958969, 37.57362569005731], [127.05682368363303, 37.57332616453452], [127.0575883958485, 37.5729652366994], [127.05830497043934, 37.57254638332708], [127.05896650564394, 37.572073639124426], [127.05956663023254, 37.57155155783827], [127.06009956487664, 37.570985168363364], [127.06056017779927, 37.57037992627413], [127.06094403417099, 37.5697416612487], [127.06124743877622, 37.56907652089258], [127.06140421452446, 37.56858801807465], [127.0617811966103, 37.5686646712384], [127.0626599586881, 37.568771761349645], [127.06354767778178, 37.568809768533114], [127.06443580222201, 37.56877832663954], [127.06531577642743, 37.568677738542156], [127.06617912339416, 37.56850897321724], [127.06701752642502, 37.56827365640228], [127.06782290930835, 37.56797405492265], [127.0685875141705, 37.5676130548378], [127.06930397624988, 37.567194133618806], [127.06996539486963, 37.56672132662594], [127.07056539992386, 37.56619918821063], [127.07109821323633, 37.56563274781754], [127.07155870419935, 37.56502746151113], [127.07194243915863, 37.56438915939493], [127.07224572406837, 37.56372398943111], [127.07246564000793, 37.56303835820295], [127.07260007122059, 37.562338869191635], [127.0726368648463, 37.561793299394495], [127.07296946259113, 37.5620881044934], [127.07362539642288, 37.56256569371101], [127.0743369853766, 37.562989799009216], [127.07509737578603, 37.5633563350884], [127.07584491093077, 37.56364107578289], [127.07571365617422, 37.563928982380965], [127.0754937672474, 37.56461461972196], [127.07535935876487, 37.56531411189913], [127.0753117275, 37.56602072272429], [127.07535133461651, 37.56672764726752], [127.07547780113309, 37.5674280773878], [127.07568991147866, 37.56811526730182], [127.07598562510806, 37.568782598559444], [127.07636209606903, 37.56942364379975], [127.0768157003363, 37.570032228672986], [127.0773420706513, 37.57060249133101], [127.07793613853524, 37.57112893891255], [127.07829901575876, 37.57139309324132], [127.07818531517756, 37.57164248851154], [127.0779654255083, 37.57232812956048], [127.07783102556006, 37.5730276236942], [127.07778341202506, 37.5737342347056], [127.07782304589719, 37.57444115766287], [127.07794954793837, 37.575141584440104], [127.07816170223629, 37.57582876928595], [127.07845746782314, 37.57649609379886], [127.07883399824698, 37.57713713068261], [127.07928766891023, 37.57774570566757], [127.07981411191513, 37.57831595700056], [127.08001166704074, 37.57849099911876], [127.07984870491173, 37.578848431180134], [127.0796288086436, 37.57953407445485], [127.07949441064169, 37.58023356964444], [127.07944680758034, 37.580940180531684], [127.07948646035352, 37.58164710218587], [127.07961298954193, 37.582347526493535], [127.07982517897267, 37.583034707726945], [127.08012098734025, 37.58370202751913], [127.08043345499266, 37.58423392398647], [127.07998832345098, 37.58470712649428], [127.07952777767643, 37.585312443345245], [127.0791439981327, 37.58595076759851], [127.07884068235977, 37.58661595260659], [127.07862075333526, 37.587301592907245], [127.07849520774651, 37.58795489564325], [127.0778741887951, 37.58782874641921], [127.07699518009622, 37.58772176840998]], [[127.0832856842922, 37.545914272270124], [127.08298999380881, 37.545246956864375], [127.08261358551496, 37.5446059305241], [127.08216008602115, 37.54399736595023], [127.08163386397138, 37.54342712311008], [127.08146973093623, 37.54328163149968], [127.08192071952263, 37.543499045328936], [127.08272240360927, 37.543804434953216], [127.08355782615241, 37.54404578001875], [127.08441893969872, 37.54422075560858], [127.0852974491015, 37.544327676135275], [127.08618489149048, 37.54436551159248], [127.08707271786388, 37.54433389748609], [127.08795237551402, 37.54423313834904], [127.08881539048909, 37.54406420480575], [127.08965344929287, 37.54382872421454], [127.0904584790324, 37.54352896497843], [127.09122272523868, 37.54316781467632], [127.09193882660747, 37.54274875222584], [127.09259988593878, 37.542275814346965], [127.09266348966823, 37.542220420025906], [127.0929510766392, 37.54227883536888], [127.0938295760542, 37.54238569239068], [127.09471700033762, 37.542423463627465], [127.09532735507656, 37.542401685716456], [127.09528447749902, 37.54247307583197], [127.09498148467515, 37.54313830908313], [127.09476183479103, 37.54382398612035], [127.09462764534759, 37.54452350397507], [127.09458021100696, 37.54523012621057], [127.09461637751446, 37.54587283328302], [127.09400293297188, 37.54557720096699], [127.09320118323984, 37.54527188763867], [127.09236571532773, 37.54503061058638], [127.0915045733702, 37.54485569280862], [127.09062604848253, 37.54474881838302], [127.08973859899545, 37.54471101626594], [127.08885076908666, 37.54474265039479], [127.08797110658968, 37.54484341618752], [127.08710808076798, 37.545012343473225], [127.086270000842, 37.54524780582547], [127.08546493605115, 37.54554753620894], [127.08470063801654, 37.54590864878936], [127.08398446615, 37.54632766669744], [127.08350969213303, 37.54666725104209], [127.08349780737554, 37.54660145072497], [127.0832856842922, 37.545914272270124]], [[127.05614900541427, 37.602148352772986], [127.05555484766877, 37.60162179771541], [127.05489869002064, 37.601144109800636], [127.05418685142754, 37.60071988845719], [127.05342618660886, 37.60035321823355], [127.05262402005707, 37.600047629497716], [127.05178807554202, 37.59980606447099], [127.05092640178577, 37.599630848922295], [127.05004729502124, 37.59952366979402], [127.04998130672281, 37.59952083820822], [127.04970293155623, 37.598892335107145], [127.04932654417672, 37.59825120855215], [127.04887299582442, 37.59764252128663], [127.04834665561984, 37.59707213445866], [127.04775259326505, 37.59654554028495], [127.04709653019069, 37.596067809193094], [127.04638478444436, 37.59564354102756], [127.04562420985225, 37.59527682078782], [127.04482213003885, 37.59497117932346], [127.04398626793964, 37.59472955936353], [127.04362433078488, 37.59465593236536], [127.04380448796117, 37.59446459570931], [127.04426537878892, 37.5938594214108], [127.04464949635914, 37.59322121359871], [127.04495314294135, 37.59255611932877], [127.04517339613282, 37.59187054445712], [127.0453081369307, 37.591171091924004], [127.04535607005612, 37.590464498145465], [127.0453167363383, 37.58975756812623], [127.04519051704234, 37.58905710991918], [127.04497863010292, 37.58836986906285], [127.04468311830371, 37.58770246362801], [127.04445934335905, 37.58732118408052], [127.04478592484233, 37.58744564642388], [127.04562170836678, 37.58768726050394], [127.04648323186856, 37.58786251415956], [127.04736219625013, 37.58796971912281], [127.04825013425547, 37.58800784264558], [127.04913849210487, 37.58797651745725], [127.0493893997951, 37.587947878451736], [127.04927676637872, 37.588298555304874], [127.04914206812947, 37.58899801298307], [127.04909417186452, 37.589704608712765], [127.04909903040927, 37.58979185080807], [127.04909473085473, 37.589855279798726], [127.04913410036255, 37.59056220877928], [127.04926035905903, 37.59126266284671], [127.04947229337809, 37.59194989598822], [127.04976786447347, 37.592617289338314], [127.05014422776952, 37.593258414938745], [127.05059776028158, 37.59386709766609], [127.0511240954458, 37.594437474729844], [127.05171816512522, 37.59496405216657], [127.0523742483896, 37.59544175778524], [127.05308602659994, 37.595865990052225], [127.05384664426822, 37.59623266244369], [127.05464877510519, 37.596538242837084], [127.0546933609628, 37.596551126448404], [127.05473213203754, 37.59724632110943], [127.05485845392774, 37.59794676880399], [127.05507045816944, 37.59863399156635], [127.0553661052435, 37.59930137063054], [127.05574254984283, 37.599942478175514], [127.05619616819993, 37.600551139251365], [127.05672259292406, 37.60112149127571], [127.05731675501558, 37.60164804052597], [127.0579729326537, 37.60212571508229], [127.05842569502164, 37.60239551286007], [127.05844012446717, 37.602653996278676], [127.05856648979676, 37.60335443964149], [127.05863157300651, 37.603565360703016], [127.05826389357533, 37.603490622834585], [127.0573847303698, 37.60338349807635], [127.05715630081178, 37.603373710589175], [127.05712908353236, 37.603327362282194], [127.05667544090856, 37.60271870492273], [127.05614900541427, 37.602148352772986]], [[127.05516804160033, 37.555929097059455], [127.05436634242551, 37.55562352086796], [127.05353088721161, 37.55538196951278], [127.05266971997243, 37.555206768632274], [127.05266345225091, 37.555206004166536], [127.05264156654428, 37.55481319977456], [127.05251533419398, 37.55411274519339], [127.0523034755199, 37.553425513623274], [127.05222419484659, 37.55324642357477], [127.05274789868555, 37.5529402617858], [127.0534092940942, 37.552467546266534], [127.05400929854723, 37.551945490737644], [127.05437183988856, 37.551560135713295], [127.05459603710104, 37.551605747116184], [127.05547458826756, 37.55171288967444], [127.05636210087923, 37.55175094968404], [127.05725002525742, 37.551719560486625], [127.05812980774945, 37.5516190244475], [127.05899297319958, 37.55145031004098], [127.05983120666023, 37.55121504251362], [127.06063643355398, 37.55091548821538], [127.0614008975103, 37.55055453275064], [127.06211723512493, 37.55013565316002], [127.06277854691966, 37.54966288440222], [127.06337846381696, 37.54914078045979], [127.06391120848865, 37.548574370444825], [127.06437165098691, 37.547969110128804], [127.06475535812262, 37.54733082936457], [127.06499934759921, 37.54679570930507], [127.06563712717856, 37.547038764290974], [127.06559903098265, 37.54723693744265], [127.06555132077044, 37.5479435459914], [127.06559082775294, 37.54865047533975], [127.06571717391104, 37.54935091730099], [127.065929144831, 37.55003812597847], [127.06622470130881, 37.55070548274214], [127.06660099890459, 37.5513465599863], [127.06705441526194, 37.55195518305376], [127.06758058493175, 37.5525254897294], [127.06817444136777, 37.55305198672881], [127.06883026569126, 37.55352960263698], [127.06954174175586, 37.55395373678576], [127.07030201698315, 37.554320303597954], [127.07090229071319, 37.55454900944981], [127.07074771922632, 37.55488804803298], [127.07052781225688, 37.5555736770581], [127.07039337446453, 37.556273164466624], [127.07035656759354, 37.55681873399033], [127.07002400343546, 37.556523921475836], [127.06936814537355, 37.556046312230684], [127.0686566505241, 37.55562217706878], [127.0678963702963, 37.55525559971039], [127.06709462548001, 37.55495010963093], [127.0662591357859, 37.55470864810335], [127.06539794555917, 37.554533539901435], [127.06451934638015, 37.554426470935226], [127.06363179729468, 37.55438847203316], [127.06274384343867, 37.55441990902624], [127.06186403383805, 37.55452047922956], [127.06100083917107, 37.55468921435453], [127.06016257028209, 37.554924489824195], [127.05935729822778, 37.55522404040209], [127.05859277662266, 37.55558498198487], [127.05787636702884, 37.55600383934966], [127.05721496810621, 37.55647657959007], [127.056800565314, 37.55683714904047], [127.05663969376842, 37.55671996738547], [127.05592826546402, 37.55629575598549], [127.05516804160033, 37.555929097059455]]], [[[126.83313112745518, 37.56133380239921], [126.83242094182069, 37.560908255459566], [126.8316617869723, 37.56054016703463], [126.83086097288198, 37.56023308114598], [126.83002621031451, 37.55998995442668], [126.8291655366268, 37.559813127677046], [126.82828723843521, 37.559704303345995], [126.82739977189328, 37.559664529154375], [126.82651168134409, 37.5596941880171], [126.8256315171274, 37.55979299436041], [126.82476775332974, 37.55995999686998], [126.82392870626548, 37.56019358764322], [126.82312245447089, 37.56049151765796], [126.82235676097801, 37.560850918409315], [126.82163899861457, 37.56126832950724], [126.82097607904635, 37.56173973196982], [126.82037438624407, 37.56226058689312], [126.81983971501404, 37.56282587912642], [126.81937721518432, 37.56343016553383], [126.81899134198406, 37.56406762737857], [126.81868581309493, 37.564732126327065], [126.81846357278961, 37.56541726353484], [126.81832676350552, 37.56611644124609], [126.81827670512956, 37.56682292631481], [126.81831388219706, 37.56752991503654], [126.81843793913151, 37.56823059866651], [126.8186476835744, 37.568918228993816], [126.81894109777686, 37.56958618333971], [126.81931535794702, 37.570228028353874], [126.81976686136971, 37.57083758199353], [126.82029126104052, 37.57140897308778], [126.82088350748285, 37.57193669791225], [126.82153789734706, 37.57241567322824], [126.82224812832516, 37.572841285273945], [126.82300735985208, 37.573209434234755], [126.82380827900911, 37.573516573762724], [126.82464317099384, 37.573759745163436], [126.8255039934759, 37.57393660591955], [126.82638245412086, 37.57404545227528], [126.82727009053217, 37.57408523566332], [126.82815835183882, 37.57405557281544], [126.82903868113887, 37.57395674945848], [126.82990259800178, 37.5737897175606], [126.83074178023091, 37.57355608615379], [126.83154814409573, 37.57325810582175], [126.83231392225738, 37.57289864700297], [126.83303173863439, 37.57248117231905], [126.83369467948523, 37.57200970319547], [126.8342963600213, 37.571488781097926], [126.83483098590771, 37.57092342375854], [126.83529340905889, 37.57031907681526], [126.83567917719243, 37.569681561331215], [126.83598457666433, 37.569017017701285], [126.8362066681753, 37.56833184648704], [126.83634331500599, 37.56763264675115], [126.83639320351256, 37.56692615248597], [126.83635585568764, 37.56621916774942], [126.83623163366983, 37.56551850113309], [126.83602173616174, 37.56483090019407], [126.83572818679438, 37.564162986481755], [126.835353814554, 37.563521191784915], [126.8349022264625, 37.56291169621266], [126.83437777277813, 37.562340368704405], [126.8337855050532, 37.56181271054093], [126.83313112745518, 37.56133380239921]]], [[[126.99567249432249, 37.42094489146533], [126.99496269282497, 37.42052031478305], [126.99420413864694, 37.4201532670403], [126.99340413596934, 37.41984728224483], [126.99257038774084, 37.41960530643511], [126.99171092155247, 37.41942966933761], [126.99083401239898, 37.41932206195457], [126.98994810306804, 37.419283520297164], [126.98906172292104, 37.41931441541986], [126.98818340584384, 37.419414449851715], [126.98732160815473, 37.419582660458616], [126.98648462725566, 37.41981742770917], [126.98568052180771, 37.42011649125512], [126.98491703419543, 37.42047697167723], [126.98420151602475, 37.42089539818774], [126.98354085736884, 37.42136774202385], [126.9829414204422, 37.421889455211776], [126.98240897834015, 37.42245551432972], [126.9819486594335, 37.42306046884898], [126.98156489795416, 37.423698493589974], [126.98126139124854, 37.42436344478867], [126.98104106411188, 37.42504891923505], [126.98090604054946, 37.425748315915186], [126.98085762323937, 37.42645489956417], [126.98089628089753, 37.42716186551852], [126.98102164367026, 37.4278624052441], [126.9812325066024, 37.42854977190849], [126.98152684115117, 37.42921734536634], [126.98190181463809, 37.4298586959314], [126.98235381745536, 37.4304676463206], [126.98287849776709, 37.431038331172545], [126.98347080337368, 37.43156525356629], [126.98412503033816, 37.43204333799479], [126.98483487790703, 37.43246797928165], [126.98559350919713, 37.43283508696835], [126.98639361706415, 37.43314112474359], [126.98722749451703, 37.43338314453288], [126.9877324106737, 37.433486329802655], [126.98773784291174, 37.43358550096611], [126.98786327954052, 37.43428603323028], [126.98807422251045, 37.43497338754385], [126.98836864250828, 37.43564094387994], [126.98874370603286, 37.43628227271681], [126.9891958026093, 37.43689119698019], [126.98972057949847, 37.4374618515599], [126.99031298357035, 37.437988739826224], [126.99096730993912, 37.43846678660051], [126.99167725689323, 37.43889138706878], [126.99243598659154, 37.439258451165585], [126.99323619094108, 37.4395644429993], [126.9940701620206, 37.439806414938], [126.99492986637036, 37.43998203602607], [126.99580702243031, 37.44008961445697], [126.99669318037826, 37.44012811388469], [126.99757980359583, 37.44009716341611], [126.99845835097433, 37.4399970611877], [126.99914176994636, 37.43986363802618], [126.99951629988222, 37.440270805582315], [126.99990674665304, 37.44061798727936], [126.99960442395847, 37.44112074047711], [126.99930100417824, 37.44178573669216], [126.99908078826833, 37.44247124357758], [126.99894589916559, 37.44317065980646], [126.9988976382557, 37.443877249924846], [126.99893647275063, 37.44458420920601], [126.99904184165956, 37.44517208836407], [126.99862063163371, 37.44529024075379], [126.99781629980606, 37.44558938393212], [126.99705260929834, 37.445949939721814], [126.99633691366996, 37.44636843661036], [126.99567610470329, 37.44684084515825], [126.9950765460612, 37.4473626167695], [126.99454401201261, 37.447928727460415], [126.99408363181581, 37.44853372620635], [126.99369984029546, 37.449171787402236], [126.99339633509007, 37.449836766933245], [126.99317604098354, 37.450522261316536], [126.99304108166632, 37.451221669346054], [126.99299275920112, 37.451928255647175], [126.99303154139355, 37.452635215530314], [126.99315705719366, 37.453335740519044], [126.99336810017516, 37.454023083921975], [126.99366264006349, 37.45469062581673], [126.99403784220439, 37.45533193681998], [126.99449009478901, 37.45594084002853], [126.9950150435766, 37.45651147053425], [126.99560763378177, 37.45703833193848], [126.99626215872595, 37.45751634932063], [126.99697231478446, 37.45794091814913], [126.9977312621013, 37.45830794866266], [126.99853169048613, 37.45861390529259], [126.99936588985834, 37.45885584074569], [127.00022582455746, 37.459031424417525], [127.00110321080287, 37.45913896486179], [127.00198959655314, 37.45917742609846], [127.00287644299372, 37.45914643760237], [127.00375520686389, 37.45904629787659], [127.00461742282707, 37.45887797157488], [127.00545478508735, 37.4586430802019], [127.00625922746302, 37.45834388648066], [127.00702300114204, 37.45798327253852], [127.00773874936881, 37.45756471212272], [127.00839957833962, 37.45709223711414], [127.00899912362281, 37.456570398662784], [127.0095316114629, 37.456004223320974], [127.00999191437731, 37.45539916459786], [127.01037560051137, 37.45476105040339], [127.01067897627645, 37.45409602688911], [127.010899121863, 37.4534104992281], [127.01103391928807, 37.45271106990528], [127.01108207271042, 37.452004475113554], [127.01104312082062, 37.451297519868774], [127.01093764982193, 37.450709651289294], [127.01135887144994, 37.450591455188125], [127.01216320416255, 37.45029222009262], [127.01292686761532, 37.449931566723144], [127.01364250611513, 37.449512969206616], [127.01430322691587, 37.449040459780996], [127.01490266662826, 37.44851858992751], [127.015435052514, 37.44795238650059], [127.01589525807269, 37.44734730327952], [127.0162788523873, 37.44670916840974], [127.01658214275332, 37.44604412824151], [127.01680221018326, 37.445358588107844], [127.01693693744626, 37.44465915061339], [127.01698502937609, 37.44395255202931], [127.01694602525451, 37.44324559740765], [127.01682030315501, 37.4425450950403], [127.01660907620757, 37.441857790894], [127.01631438082524, 37.44119030365284], [127.0159390570084, 37.440549060993234], [127.01548672092022, 37.439940237704626], [127.01496173000002, 37.43936969625083], [127.01457121954198, 37.43902256376771], [127.01487343393276, 37.438519771340246], [127.01517670284387, 37.437854733713266], [127.01539675825936, 37.4371691951693], [127.01553148306316, 37.4364697582976], [127.01557958211167, 37.43576315936338], [127.0155405946172, 37.43505620342205], [127.01541489849204, 37.43435569877832], [127.01520370661518, 37.43366839142103], [127.01490905506104, 37.43300090006537], [127.01453378340726, 37.43235965242766], [127.01408150731412, 37.43175082334552], [127.01355658364275, 37.43118027533887], [127.01296406845037, 37.430653502182764], [127.01230966826861, 37.430175576034515], [127.01159968513562, 37.42975109862269], [127.01084095591143, 37.42938415696697], [127.01004078646083, 37.429078284053574], [127.00920688133672, 37.42883642484379], [127.00834726963917, 37.428660907941705], [127.00747022776251, 37.42855342319267], [127.00658419977108, 37.4285150054276], [127.0056977161677, 37.4285460245087], [127.00481931183367, 37.4286461817722], [127.00413600478343, 37.42877963882107], [127.0037615062065, 37.4283724853449], [127.0031690821134, 37.42784566349098], [127.00251476905487, 37.427367683512436], [127.00180486823105, 37.426943147656345], [127.00104621571026, 37.42657614350516], [127.00024611661959, 37.4262702046468], [126.99941227483525, 37.42602827667738], [126.9989073920471, 37.42592514141763], [126.99890194550552, 37.425825970535634], [126.99877641908571, 37.42512544833647], [126.99856540463901, 37.424438111465484], [126.9982709365308, 37.423770578923055], [126.99789585257217, 37.42312927882306], [126.9974437666163, 37.42252038650924], [126.99691903369408, 37.421949765111194], [126.99632670802683, 37.42142290911138], [126.99567249432249, 37.42094489146533]]], [[[127.04661757828809, 37.24687704953781], [127.04590911237858, 37.246452775175236], [127.04515204614331, 37.24608605348482], [127.04435366943875, 37.24578041534091], [127.0435216695638, 37.24553880345007], [127.04266405728472, 37.24536354404007], [127.04178908975807, 37.24525632448126], [127.04090519109101, 37.24521817705438], [127.0400208713014, 37.24524946902071], [127.03914464445405, 37.2453498990898], [127.03828494675864, 37.245518500318376], [127.03745005541391, 37.245753649412826], [127.03664800897681, 37.24605308234598], [127.03588653001982, 37.2464139161384], [127.03517295081879, 37.24683267659519], [127.03451414278466, 37.24730533173255], [127.03391645031662, 37.24782733057304], [127.03338562971305, 37.248393646937494], [127.03292679372781, 37.24899882781322], [127.03254436230624, 37.249637045834014], [127.0322420199763, 37.250302155367926], [127.03202268030687, 37.25098775167401], [127.03188845777744, 37.25168723255933], [127.03184064733324, 37.25239386194355], [127.03187971182548, 37.25310083471921], [127.03200527746114, 37.25380134228422], [127.03221613730989, 37.25448863811479], [127.03237924043553, 37.254858772662445], [127.03166781390284, 37.2547715413396], [127.03078381004043, 37.254733317692654], [127.02989937562327, 37.25476453322516], [127.02902302581894, 37.25486488738225], [127.02816319801985, 37.25503341395126], [127.0273281706763, 37.255268490357246], [127.02652598365344, 37.25556785327285], [127.02576436087622, 37.2559286203928], [127.02505063600412, 37.25634731816434], [127.02439168184975, 37.25681991520747], [127.02379384421839, 37.25734186110455], [127.02326288080558, 37.257908130186614], [127.02280390573986, 37.25851326989684], [127.02242134030568, 37.259151453265986], [127.02211887032158, 37.259816534996446], [127.02189941058602, 37.2605021106157], [127.02176507673533, 37.26120157813069], [127.02171716478765, 37.26190820159041], [127.02175613857268, 37.26261517594516], [127.02188162517227, 37.263315692578075], [127.02209241841855, 37.26400300487857], [127.02238649042047, 37.264670493225445], [127.02276101101005, 37.265311728753964], [127.02321237492532, 37.26592053529182], [127.02373623647033, 37.26649104886694], [127.02432755132085, 37.26701777421262], [127.02498062507532, 37.267495637724984], [127.02568916808393, 37.26792003636104], [127.02644635602893, 37.268286882005356], [127.02724489567171, 37.268592640876314], [127.02807709513338, 37.26883436759134], [127.02893493802944, 37.269009733561795], [127.0298101607431, 37.26911704944253], [127.03069433209, 37.26915528141968], [127.03157893460384, 37.26912406117834], [127.03245544665731, 37.269023689454386], [127.03331542462277, 37.26885513313554], [127.03415058427913, 37.268620015940016], [127.03495288067653, 37.2683206027627], [127.03571458568686, 37.26795977784039], [127.03642836249037, 37.26754101694716], [127.03708733627887, 37.26706835388871], [127.03768516049249, 37.26654634161968], [127.03821607795133, 37.2659800083596], [127.03867497629282, 37.26537480913166], [127.03905743718103, 37.264736573192295], [127.03935977881504, 37.264071447859415], [127.03957909132879, 37.26338583928112], [127.0397132647436, 37.26268635071706], [127.03976100920683, 37.26197971892714], [127.03972186732507, 37.261272749281225], [127.03959621847639, 37.260572250215176], [127.03938527506372, 37.259884967664526], [127.03922212697906, 37.259514842776476], [127.03993360725633, 37.259602028998245], [127.04081767333672, 37.25964018471384], [127.04170216113847, 37.25960888800162], [127.04257855014019, 37.259508440334436], [127.04343839790069, 37.25933980933183], [127.04427342145426, 37.259104619431625], [127.04507557716335, 37.258805136229086], [127.04583713825616, 37.25844424463555], [127.04655076930037, 37.25802542106712], [127.04720959689278, 37.25755269993298], [127.04780727588258, 37.25703063474677], [127.04833805048935, 37.25646425423729], [127.04879680972687, 37.25585901388228], [127.04917913659915, 37.25522074333371], [127.04948135059603, 37.25455559024215], [127.04970054308036, 37.25386996102242], [127.04983460522891, 37.25317045913229], [127.0498822482598, 37.25246382145937], [127.04984301575546, 37.25175685342959], [127.04971728796545, 37.25105636346271], [127.04950627805158, 37.250369097406164], [127.04921202031484, 37.24970167357868], [127.04883735052078, 37.24906051904873], [127.04838587851673, 37.24845180776096], [127.04786195340643, 37.2478814011055], [127.04727062162051, 37.24735479150167], [127.04661757828809, 37.24687704953781]]], [[[127.05740310722642, 37.28289754569391], [127.05669424469387, 37.28247333585545], [127.05593676657334, 37.28210668266188], [127.05513796668504, 37.281801116327095], [127.0543055363999, 37.28155957886545], [127.05344749062527, 37.281384395787605], [127.0525720906882, 37.28127725372871], [127.05168776485586, 37.28123918422334], [127.05080302725545, 37.28127055378279], [127.04992639597134, 37.28137106037009], [127.04906631110434, 37.28153973630595], [127.04823105357845, 37.281774957578435], [127.0474286654744, 37.28207445946651], [127.04666687265312, 37.28243535832799], [127.04595301041198, 37.28285417934274], [127.04529395288742, 37.28332688994513], [127.0446960468819, 37.283848938624864], [127.04416505075167, 37.28441529872399], [127.04370607894319, 37.285020516809695], [127.04332355271272, 37.28565876515822], [127.04302115750485, 37.286323897846145], [127.04280180740163, 37.287009509909915], [127.04266761698736, 37.28770899900491], [127.04261988090234, 37.28841562897149], [127.04265906128607, 37.28912259469617], [127.04278478323373, 37.289823087644], [127.04299583831344, 37.290510361431096], [127.04329019611441, 37.291177796805705], [127.04366502371758, 37.29181896541174], [127.04411671290474, 37.29242769171997], [127.04464091484718, 37.29299811252956], [127.04523258194152, 37.29352473346598], [127.04588601639225, 37.29400248192981], [127.04659492507365, 37.29442675598524], [127.04735248014346, 37.29479346871603], [127.04815138482427, 37.29509908762031], [127.04898394371808, 37.29534066866351], [127.04984213697519, 37.29551588466014], [127.05071769760085, 37.29562304771001], [127.05160219115274, 37.29566112547189], [127.05248709705829, 37.29562975111715], [127.05336389076523, 37.295529226867096], [127.05422412593099, 37.29536052107973], [127.0550595158556, 37.29512525891421], [127.05586201337037, 37.29482570666304], [127.05662388840977, 37.294464749903845], [127.05733780251681, 37.29404586568171], [127.05799687956191, 37.29357308899134], [127.05859477199242, 37.293050973882735], [127.05912572197379, 37.29248454956662], [127.05958461683302, 37.291879271943685], [127.05996703827095, 37.29124097102567], [127.06026930487015, 37.2905757947562], [127.06048850749089, 37.289890149773655], [127.0606225372166, 37.289190639687675], [127.06067010558206, 37.288484001464596], [127.06063075689319, 37.2877770405352], [127.06050487252273, 37.28707656525012], [127.06029366714426, 37.28638932131452], [127.05999917694454, 37.285721926832956], [127.05962423993066, 37.28508080859], [127.05917246852539, 37.284472140179496], [127.05864821471704, 37.283901782577274], [127.05805652810216, 37.28337522772884], [127.05740310722642, 37.28289754569391]]], [[[127.0501212535113, 37.29650982214239], [127.049412305379, 37.29608556909808], [127.04865472728086, 37.295718869479984], [127.04785581399987, 37.295413253948475], [127.04702325799848, 37.295171664991095], [127.04616507539399, 37.2949964286138], [127.0452895288301, 37.29488923196447], [127.04440504798467, 37.294851107102865], [127.04352014847629, 37.294882421073], [127.0426433499469, 37.29498287237279], [127.04178309410614, 37.295151493855236], [127.04094766352289, 37.295386662032634], [127.04014510194276, 37.29568611269526], [127.03938313689576, 37.296046962694376], [127.03866910533652, 37.29646573768063], [127.03800988303088, 37.29693840553199], [127.0374118183674, 37.297460415150304], [127.03688067122975, 37.29802674025436], [127.03642155751842, 37.29863192774886], [127.03603889985644, 37.29927015020531], [127.03573638495459, 37.29993526195024], [127.03551692804842, 37.30062085822242], [127.03538264475192, 37.3013203368299], [127.03533483060126, 37.30202696171457], [127.03537394848931, 37.302733927812326], [127.03549962411472, 37.30343442658501], [127.03571064949358, 37.30412171159287], [127.0360049945029, 37.30478916347626], [127.03637982634842, 37.30543035372011], [127.0368315367728, 37.306039106586695], [127.0373557767441, 37.30660955861921], [127.03794749829395, 37.307136215142094], [127.03860100310322, 37.30761400321277], [127.0393099973692, 37.30803832051352], [127.0400676524256, 37.308405079711015], [127.04086667053194, 37.30871074785532], [127.04169935519747, 37.308952380437], [127.04255768536032, 37.30912764977362], [127.04343339270626, 37.309234867450726], [127.04431804137865, 37.30927300060044], [127.04520310930938, 37.30924168186026], [127.04608007038415, 37.309141212915556], [127.04694047664682, 37.30897256159145], [127.04777603974787, 37.308737352522414], [127.04857871084904, 37.30843785148962], [127.04934075821154, 37.30807694357752], [127.05005484171743, 37.307658105361014], [127.05071408360453, 37.307185371392045], [127.05131213473182, 37.306663295309605], [127.05184323573582, 37.30609690594913], [127.05230227248889, 37.305491658875226], [127.05268482532549, 37.304853383805984], [127.05298721156323, 37.30418822843674], [127.053206520911, 37.303502599205245], [127.05334064342549, 37.30280309956999], [127.0533882897492, 37.30209646639722], [127.05334900343878, 37.301389505069515], [127.053223165268, 37.30068902394173], [127.05301198946724, 37.300001768775545], [127.05271751194016, 37.299334357783785], [127.05234257057356, 37.2986932179101], [127.05189077783368, 37.298084522956486], [127.05136648591572, 37.29751413415423], [127.0507747447844, 37.29698754374895], [127.0501212535113, 37.29650982214239]]], [[[127.06311843355058, 37.24026185970686], [127.06240993568643, 37.23983768339707], [127.06165285427122, 37.239471066704034], [127.06085447930657, 37.23916553949159], [127.06002249807389, 37.23892404339864], [127.05916492115948, 37.238748903538706], [127.05829000537925, 37.238641806131646], [127.05740617434232, 37.23860378228279], [127.0565219374158, 37.23863519806423], [127.05564580786742, 37.238735750994], [127.05478622097102, 37.238904472946444], [127.05395145285978, 37.23913973946602], [127.05314954090532, 37.23943928539527], [127.0523882063868, 37.23980022666693], [127.05167478019077, 37.24021908805131], [127.05101613225638, 37.24069183659264], [127.05041860544266, 37.24121392041383], [127.04988795445415, 37.24178031251701], [127.04942929041252, 37.242385559159615], [127.04904703160825, 37.243023832341386], [127.04874486090766, 37.24368898589844], [127.04852569022711, 37.24437461466499], [127.04839163241873, 37.245074116134624], [127.04834398084115, 37.24578075402773], [127.04838319681494, 37.24648772315403], [127.04850890508736, 37.24718821494565], [127.04871989735318, 37.247875483029894], [127.04901414380178, 37.2485429082104], [127.04938881258208, 37.24918406222991], [127.04984029700177, 37.24979276970056], [127.05036425020116, 37.25036316760414], [127.05095562697035, 37.25088976178801], [127.05160873230871, 37.251367479911835], [127.05231727625988, 37.251791720333514], [127.05307443449509, 37.252158396462214], [127.05387291406053, 37.25246397615004], [127.05470502365505, 37.25270551574145], [127.05556274775944, 37.25288068845135], [127.05643782390143, 37.2529878067974], [127.05732182230929, 37.25302583886968], [127.05820622718386, 37.25299441828003], [127.0590825188033, 37.252893847695205], [127.05994225566546, 37.252725095919345], [127.06077715587413, 37.252489788554065], [127.06157917698114, 37.252190192326516], [127.06227567482057, 37.25185997249773], [127.0622902712744, 37.2521222230079], [127.06241611727506, 37.25282270026112], [127.06262725130571, 37.25350994382731], [127.06292164219039, 37.25417733474539], [127.0632964566867, 37.25481844508738], [127.06374808669845, 37.255427099885424], [127.06427218396298, 37.25599743662797], [127.0648637018819, 37.25652396175102], [127.06551694409399, 37.257001603579035], [127.06622561932332, 37.257425761204544], [127.0669829019754, 37.25779234883414], [127.06778149789666, 37.258097835172386], [127.068613714664, 37.2583392774631], [127.06947153572465, 37.258514349858686], [127.07001373297868, 37.258580651268566], [127.06998336394985, 37.258739324173426], [127.06993590406425, 37.259445970356836], [127.06997532768004, 37.26015293203219], [127.07010125754618, 37.2608534007021], [127.07031248322438, 37.26154063021532], [127.07060697265666, 37.262208001745606], [127.07098189165184, 37.26284908755114], [127.07143363110737, 37.26345771289991], [127.0719578417064, 37.26402801556351], [127.0725494757587, 37.26455450230575], [127.07320283578395, 37.26503210182039], [127.07391162937084, 37.26545621360721], [127.074669029784, 37.26582275231413], [127.07546774173477, 37.2661281871168], [127.07630007168132, 37.26636957575539], [127.07715800197977, 37.266544592899194], [127.07803326816963, 37.26665155256489], [127.07891743864671, 37.26668942437172], [127.0798019959529, 37.26665784347612], [127.08067841889688, 37.26655711408995], [127.0815382647108, 37.26638820654794], [127.08237325044868, 37.266152747953164], [127.08317533283864, 37.265853006490396], [127.0839367858173, 37.26549186955967], [127.08465027499638, 37.26507281594111], [127.08530892834209, 37.264599882260235], [127.08590640238523, 37.26407762407815], [127.08643694332287, 37.26351107198233], [127.08689544242286, 37.26290568310265], [127.08727748519814, 37.262267288520704], [127.0875793938779, 37.2616020370804], [127.08779826276844, 37.26091633614229], [127.08793198616534, 37.260216789853025], [127.08797927855105, 37.25951013552589], [127.08793968688607, 37.2588031787451], [127.08781359487948, 37.25810272781992], [127.08760221920052, 37.257415528219724], [127.08730759767164, 37.25674819762121], [127.08693256956042, 37.25610716219318], [127.08648074816264, 37.2554985947317], [127.08595648594418, 37.25492835524056], [127.08536483257896, 37.25440193452831], [127.08471148628949, 37.25392440136368], [127.08400273895921, 37.253500353697085], [127.0832454155459, 37.25313387441651], [127.08244680837915, 37.2528284920626], [127.081614606974, 37.25258714687956], [127.08075682403454, 37.25241216252818], [127.08021466104444, 37.25234591046093], [127.08024500594323, 37.252187234611895], [127.08029236436428, 37.25148058280633], [127.08025284803797, 37.25077362296266], [127.08012683994686, 37.25007316342011], [127.07991555595132, 37.2493859497315], [127.07962103299035, 37.24871859970974], [127.07924610938193, 37.24807753971119], [127.07879439741545, 37.24746894276904], [127.07827024850299, 37.246898669171465], [127.07767871122772, 37.24637221005583], [127.0770254826948, 37.24589463456106], [127.07631685365439, 37.24547054104547], [127.07555964792601, 37.24510401283877], [127.07476115670708, 37.244798578952796], [127.07392906839706, 37.24455718012803], [127.07307139461217, 37.24438214054167], [127.07219639309993, 37.24427514544852], [127.07131248829408, 37.244237224969226], [127.07042819027136, 37.24426874418113], [127.06955201288734, 37.24436939960697], [127.06869239187624, 37.24453822213478], [127.06785760369975, 37.24477358634123], [127.06705568592315, 37.245073226128795], [127.06635927142315, 37.245403474983874], [127.06634466192618, 37.24514122459627], [127.06621879158273, 37.244440750459695], [127.06600764935109, 37.24375351219886], [127.0657132708051, 37.243086127864075], [127.06533849287221, 37.24244502414286], [127.06488692643944, 37.241836374490134], [127.06436292151817, 37.241266039702275], [127.06377152530594, 37.24073951150637], [127.06311843355058, 37.24026185970686]]], [[[127.07509287809313, 37.29219598802982], [127.07438382848987, 37.29177188362677], [127.07362617065006, 37.29140534308743], [127.07282720012276, 37.2910998955409], [127.07199460992017, 37.290858481857924], [127.07113641648783, 37.29068342635767], [127.07026088257301, 37.29057641444731], [127.06937643773153, 37.290538476408884], [127.06849159723546, 37.29056997748855], [127.06761488015916, 37.290670614383735], [127.06675472742899, 37.29083941816124], [127.06591942062235, 37.29107476357898], [127.0651170022948, 37.2913743847213], [127.06435519859885, 37.291735396798416], [127.06364134493755, 37.292154323900654], [127.06298231536599, 37.29262713244127], [127.06238445641898, 37.29314926996721], [127.06185352600141, 37.29371570896515], [127.06139463792876, 37.294320995242444], [127.06101221265297, 37.29495930041846], [127.06070993464834, 37.29562447802213], [127.06049071687015, 37.29631012265676], [127.0603566726301, 37.29700963166339], [127.06030909516241, 37.29771626868976], [127.0603484450803, 37.29842322855344], [127.06047434584713, 37.299123702774914], [127.06068558730959, 37.299810945149595], [127.06098013726209, 37.30047833672724], [127.06135516093484, 37.30111944957255], [127.06180704822086, 37.30172810869243], [127.06233144838261, 37.302298451532366], [127.06292331190656, 37.30282498446807], [127.06357693910385, 37.303302635747215], [127.06428603499077, 37.30372680436969], [127.06504376992015, 37.30409340443459], [127.0658428453805, 37.30439890452524], [127.06667556432706, 37.30464036175169], [127.06753390536674, 37.30481545012141], [127.06840960007983, 37.30492248296405], [127.06929421273108, 37.3049604291932], [127.0701792215996, 37.304928923247864], [127.07105610114058, 37.3048282686177], [127.07191640418425, 37.30465943491735], [127.0727518433767, 37.304424048538905], [127.07355437107488, 37.30412437697205], [127.07431625692325, 37.303763306944376], [127.07503016236164, 37.30334431659259], [127.07568921134522, 37.30287144193406], [127.0762870565932, 37.30234923796272], [127.07681794072715, 37.30178273474534], [127.07727675171019, 37.3011773889425], [127.07765907205294, 37.30053903122236], [127.07796122131359, 37.29987381007522], [127.07818029148447, 37.29918813257112], [127.07831417492625, 37.29848860263221], [127.07836158458416, 37.29778195741513], [127.07832206629384, 37.29707500241711], [127.07819600306232, 37.29637454593063], [127.0779846112864, 37.29568733347878], [127.07768992894808, 37.29501998286185], [127.0773147959047, 37.29437892044106], [127.07686282646628, 37.293770319271715], [127.07633837452742, 37.29320003968134], [127.07574649159142, 37.29267357286354], [127.07509287809313, 37.29219598802982]]], [[[127.08609963619129, 37.30787556436715], [127.08539037778615, 37.307451525756235], [127.08463250928736, 37.30708505536286], [127.08383332827093, 37.306779681640435], [127.08300052977417, 37.30653834474869], [127.08214213224653, 37.30636336826734], [127.0812664003986, 37.3062564368429], [127.08038176569036, 37.30621857998267], [127.0794967452204, 37.306250162151585], [127.0786198597945, 37.30635087926676], [127.07775955195883, 37.30651976162322], [127.07692410478339, 37.30675518322291], [127.07612156217463, 37.30705487741733], [127.07535965148169, 37.30741595871398], [127.074645709138, 37.307834950537305], [127.07398661005318, 37.308307818678], [127.07338870143232, 37.30883001010965], [127.07285774165989, 37.30939649680026], [127.07239884483563, 37.31000182409823], [127.07201643149754, 37.310640163228086], [127.071714186007, 37.3113053673918], [127.07149502100822, 37.31199103093679], [127.07136104930684, 37.31269055102166], [127.07131356344057, 37.31339719118707], [127.07135302314242, 37.3141041462198], [127.0714790508203, 37.31480460768621], [127.07169043510021, 37.3154918295038], [127.07198514240228, 37.316159192919486], [127.07236033644223, 37.31680027026839], [127.07281240547272, 37.317408886898434], [127.0733369970059, 37.317979180663514], [127.07392905968482, 37.31850565841128], [127.07458289190178, 37.31898324892027], [127.0752921966974, 37.31940735177513], [127.07605014241113, 37.31977388170799], [127.07684942849964, 37.320079307977394], [127.07768235588772, 37.32032068840426], [127.07854090117276, 37.320495697735815], [127.07941679396585, 37.32060265006317], [127.08030159662209, 37.320640515075716], [127.08118678558867, 37.320608927995245], [127.0820638335846, 37.32050819309335], [127.08292429181621, 37.320339280758574], [127.08375987143393, 37.32010381814103], [127.08456252344155, 37.31980407346548], [127.08532451628585, 37.31944293416442], [127.08603851037633, 37.31902387904244], [127.08669762881479, 37.31855094474142], [127.0872955236524, 37.31802868683025], [127.08782643703435, 37.31746213589571], [127.08828525664369, 37.31685674905826], [127.08866756490973, 37.31621835738143], [127.08896968150893, 37.315553109682604], [127.0891886987503, 37.31486741328739], [127.08932250950652, 37.314167872299606], [127.08936982742479, 37.313461223981875], [127.08933019922634, 37.312754273860705], [127.08920400897841, 37.31205383018102], [127.08899247430257, 37.311366638341745], [127.08869763455823, 37.31069931594393], [127.08832233111941, 37.31005828907613], [127.0878701799376, 37.3094497304505], [127.08734553665761, 37.308879499984066], [127.08675345462504, 37.30835308839662], [127.08609963619129, 37.30787556436715]]], [[[127.06058628806875, 37.442655814413854], [127.05987591211385, 37.442231625335275], [127.05911681862786, 37.44186499198202], [127.0583163169788, 37.44155944437206], [127.05748211491421, 37.441317924335195], [127.05662224438974, 37.44114275721084], [127.05574498428878, 37.44103562947797], [127.05485878077441, 37.440997572531685], [127.05397216603782, 37.44102895276196], [127.05309367622208, 37.441129468029665], [127.05223176930816, 37.4412981505737], [127.05139474375052, 37.4415333763212], [127.05059065864212, 37.44183288051168], [127.04982725617477, 37.442193779485194], [127.04911188713851, 37.44261259842548], [127.04845144017553, 37.443085304792234], [127.04785227546748, 37.44360734712154], [127.04732016349453, 37.44417369882218], [127.04686022945492, 37.444778906547455], [127.04647690388086, 37.445417142678295], [127.04617387992727, 37.44608226141316], [127.04595407774626, 37.446767857926304], [127.04581961629289, 37.44746733002538], [127.04577179283623, 37.44817394171594], [127.04581107037632, 37.448880888060955], [127.04593707309185, 37.44958136071141], [127.04614858986544, 37.45026861347718], [127.04644358585692, 37.450936027306184], [127.0468192220159, 37.45157717404625], [127.04727188234966, 37.45218587837428], [127.04779720868576, 37.45275627729618], [127.04839014259797, 37.45328287664282], [127.04904497409242, 37.45376060401713], [127.04975539658716, 37.45418485768087], [127.05051456765548, 37.45455155090889], [127.05131517494793, 37.454857151382264], [127.05214950665716, 37.455098715239714], [127.0530095258453, 37.45527391545776], [127.05388694791596, 37.4553810642857], [127.05477332048163, 37.45541912951775], [127.05566010485454, 37.45538774444554], [127.05653875837264, 37.45528721139423], [127.0574008167639, 37.455118498808375], [127.05823797575279, 37.454883231915275], [127.05904217111856, 37.454583677056675], [127.05980565643235, 37.45422271983966], [127.06052107772027, 37.453803837318766], [127.06118154433221, 37.4533310644776], [127.06178069533141, 37.4528089553347], [127.06231276076453, 37.45224253904892], [127.06277261722181, 37.45163727144887], [127.06315583715246, 37.450998982454614], [127.06345873146144, 37.450333819899186], [127.06367838497876, 37.44964819029236], [127.06381268446243, 37.448948697098196], [127.06386033886783, 37.44824207712185], [127.0638208916914, 37.44753513561881], [127.06369472527355, 37.44683468075194], [127.06348305702258, 37.446147458028015], [127.06318792759988, 37.44548008534457], [127.06281218118349, 37.444838989272625], [127.06235943800334, 37.44423034318809], [127.06183405941555, 37.44366000784683], [127.06124110585436, 37.443133474974594], [127.06058628806875, 37.442655814413854]]], [[[127.10200157157726, 37.194601594008674], [127.10129327833485, 37.19417764827049], [127.10053646051803, 37.19381127889688], [127.09973840558901, 37.193506013372264], [127.09890679774762, 37.19326479081796], [127.09804964398597, 37.19308993371583], [127.0971751970477, 37.19298312556531], [127.09629187603089, 37.19294539468852], [127.09540818539583, 37.19297710433846], [127.094532633155, 37.19307794920501], [127.09367364902864, 37.19324695835267], [127.09283950335151, 37.19348250456124], [127.09203822750752, 37.1937823199804], [127.09127753665598, 37.19414351794772], [127.09056475549053, 37.19456262076104], [127.08990674774354, 37.19503559313865], [127.08930985011298, 37.19555788104645], [127.08877981124725, 37.19612445551934], [127.08832173637498, 37.19672986105629], [127.08794003811346, 37.19736826812443], [127.08763839393012, 37.19803352926786], [127.08741971066894, 37.19871923828202], [127.08728609648499, 37.19941879188496], [127.0872388404604, 37.20012545329251], [127.08727840010137, 37.20083241708556], [127.08740439683966, 37.201532874745595], [127.08761561958576, 37.20222008022702], [127.08791003630276, 37.20288741493512], [127.08828481349323, 37.20352845148327], [127.08873634341447, 37.204137015614776], [127.0892602787626, 37.204707245692155], [127.08985157449453, 37.20523364917991], [127.09050453638571, 37.20571115557555], [127.091212875858, 37.20613516527779], [127.09196977054987, 37.20650159391991], [127.0927679300447, 37.20680691173981], [127.09359966612435, 37.20704817760652], [127.09445696686853, 37.20722306737371], [127.09533157388516, 37.20732989628663], [127.09621506192448, 37.20736763522527], [127.09709892010756, 37.20733592062684], [127.09797463398316, 37.20723505799159], [127.0988337676195, 37.2070660189379], [127.09966804493627, 37.206830431835215], [127.10046942949069, 37.20653056610542], [127.1012302019458, 37.20616931034432], [127.1019430344719, 37.20575014447508], [127.10260106136296, 37.2052771062026], [127.10319794518526, 37.204754752093315], [127.10372793782106, 37.204188113656365], [127.10418593581831, 37.203582648850926], [127.10456752951403, 37.20294418948748], [127.10486904545911, 37.20227888503165], [127.10508758173775, 37.20159314335245], [127.10522103584334, 37.2008935689871], [127.10526812484545, 37.20018689951772], [127.10522839765648, 37.19947994067315], [127.10510223928338, 37.19877950078181], [127.10489086702731, 37.19809232520641], [127.10459631867067, 37.19742503139241], [127.10422143276976, 37.19678404515491], [127.10376982124502, 37.19617553881717], [127.10324583453617, 37.19560537179572], [127.10265451966016, 37.19507903420282], [127.10200157157726, 37.194601594008674]]], [[[127.11517572037015, 37.25672909311055], [127.11452216446439, 37.25625172343666], [127.1138132267494, 37.2558278532959], [127.11305573401363, 37.255461563867016], [127.11225698021468, 37.255156381862946], [127.11142465627735, 37.25491524559942], [127.11056677608372, 37.25474047672641], [127.10969159936636, 37.254633757893245], [127.10880755224403, 37.25459611656195], [127.10792314616245, 37.25462791512354], [127.10704689601694, 37.25472884741261], [127.10618723824224, 37.25489794165291], [127.10535244965466, 37.255133569806425], [127.10455056782469, 37.25543346323554], [127.1037893137438, 37.25579473452864], [127.10307601752733, 37.25621390527962], [127.10241754786678, 37.256686939554754], [127.10182024590897, 37.257209282726016], [127.101289864198, 37.25777590529819], [127.10083151126751, 37.25838135130887], [127.10044960241706, 37.25901979083699], [127.10014781714779, 37.259685076115254], [127.09992906366878, 37.26037080070753], [127.09979545081838, 37.26107036118225], [127.09974826767328, 37.261777020689024], [127.09978797104526, 37.26248397382664], [127.09991418098919, 37.26318441217824], [127.10012568436892, 37.263871589882925], [127.10042044645098, 37.264538888611895], [127.10079563041687, 37.26517988132312], [127.10124762461021, 37.26578839417998], [127.10177207725854, 37.26635856603655], [127.10236393833792, 37.26688490491582], [127.1030175081788, 37.26736234093529], [127.10372649234641, 37.26778627516936], [127.10448406226709, 37.26815262397623], [127.1052829210171, 37.268457858361124], [127.10611537363845, 37.26869903799529], [127.10697340130379, 37.2688738395621], [127.10784873861328, 37.26898057915577], [127.1087329532767, 37.269018228516515], [127.10961752740982, 37.26898642494469], [127.11049393965921, 37.268885474798324], [127.11135374736054, 37.26871635053983], [127.11218866793592, 37.26848068136084], [127.11299065874265, 37.268180737475575], [127.11375199460133, 37.267819408234615], [127.11446534225395, 37.26740017427098], [127.11512383103236, 37.266927073947656], [127.11572111905507, 37.2664046644308], [127.11625145431343, 37.265837977765315], [127.11670973005897, 37.265232472376645], [127.11709153395834, 37.26459398046772], [127.1173931905436, 37.26392865181881], [127.11761179655089, 37.26324289453276], [127.11774524880919, 37.26254331329751], [127.1177922644132, 37.26183664576129], [127.11775239298969, 37.261129697633905], [127.1176260209419, 37.26042927713962], [127.11741436763552, 37.259742129453116], [127.11711947356568, 37.25907487174961], [127.11674418062302, 37.258433929494544], [127.11629210465188, 37.25782547458555], [127.11576760056738, 37.257255365941596], [127.11517572037015, 37.25672909311055]]], [[[127.12953275200499, 37.26349683561459], [127.12870028040028, 37.26325582033166], [127.12784226478163, 37.26308117613954], [127.12696696618414, 37.26297458448755], [127.12608281189893, 37.262937071613685], [127.12519831440257, 37.2629689986728], [127.12432198946985, 37.26307005826295], [127.12346227425532, 37.26323927738296], [127.1226274461283, 37.263475026793095], [127.12182554304032, 37.26377503668891], [127.12106428618823, 37.264136418538065], [127.12035100571502, 37.26455569287037], [127.11969257016182, 37.26502882275515], [127.11909532034853, 37.265551252644016], [127.11856500831881, 37.2661179522068], [127.11810674193713, 37.26672346473966], [127.11772493567142, 37.26736195968069], [127.11742326803679, 37.26802728872856], [127.11735438326977, 37.268243362536], [127.11668657593574, 37.2682674171959], [127.11643449951347, 37.268296467196926], [127.115997797284, 37.268277901826586], [127.11511323370334, 37.26830975313722], [127.11423683399725, 37.26841073756271], [127.11337703603951, 37.26857988282531], [127.11254211799528, 37.26881556039611], [127.11174011868094, 37.26911550116226], [127.11097876021891, 37.26947681725688], [127.11026537372953, 37.26989602984298], [127.1096068287739, 37.27036910258454], [127.10900946722441, 37.27089148048359], [127.10847904219996, 37.271458133710915], [127.10802066265238, 37.272063606009226], [127.107638744139, 37.27270206720451], [127.10733696625552, 37.27336736932095], [127.1071182371416, 37.27405310576022], [127.10698466540273, 37.274752672976575], [127.10693753972146, 37.27545933405443], [127.10697731635786, 37.27616628357708], [127.10710361466273, 37.276866713162086], [127.10731522065045, 37.27755387703244], [127.10761009860045, 37.27822115699197], [127.10798541057923, 37.2788621261788], [127.10834370188839, 37.27934431877994], [127.10791016322725, 37.279466658614844], [127.10710803243937, 37.27976656670705], [127.1063465443753, 37.28012785161636], [127.1056330314026, 37.28054703480631], [127.10497436429957, 37.281020080224245], [127.10437688611445, 37.28154243313572], [127.10384635108899, 37.28210906395249], [127.10338786923441, 37.282714516633575], [127.10300585709344, 37.283352961194325], [127.10270399516394, 37.284018249819546], [127.1024851923957, 37.284703976041314], [127.10235155810439, 37.28540353641264], [127.10230438157606, 37.286110194084266], [127.10234411956172, 37.28681714367258], [127.10247039178572, 37.28751757679469], [127.10268198451494, 37.28820474763971], [127.10297686215783, 37.28887203794435], [127.10335218678513, 37.28951302074708], [127.10380434538753, 37.290121522305945], [127.10432898461039, 37.29069168158306], [127.10492105263357, 37.29121800672166], [127.1055748477947, 37.29169542797074], [127.10569649866012, 37.291768141798826], [127.10482319339486, 37.291799500175415], [127.1039465079407, 37.29190040636683], [127.1030864199107, 37.29206947453839], [127.10269259903995, 37.2921805674808], [127.1018936050895, 37.29233761698843], [127.10105838882458, 37.29257321088678], [127.10025609165872, 37.292873070913615], [127.09949443858007, 37.29323430997988], [127.09878076354397, 37.29365344999081], [127.09812193888845, 37.29412645530993], [127.0975243091782, 37.29464877158934], [127.09699363011376, 37.29521536959412], [127.0965350130933, 37.29582079359977], [127.09615287596138, 37.29645921389844], [127.0958509004201, 37.297124482909176], [127.09563199651417, 37.297810194353495], [127.09549827453432, 37.29850974492734], [127.09545102461244, 37.299216397876265], [127.09549070420779, 37.29992334786257], [127.09561693360872, 37.300623786499905], [127.09582849949616, 37.30131096792447], [127.09612336653882, 37.30197827377123], [127.09649869691114, 37.30261927692899], [127.09695087755, 37.30322780345967], [127.09747555488987, 37.30379799208466], [127.09806767674463, 37.30432435066425], [127.0987215409343, 37.30480180912495], [127.09943085018931, 37.30522576832373], [127.10018877280447, 37.305592144377044], [127.10098800845762, 37.305897408026446], [127.10182085855855, 37.306138618660206], [127.10267930044874, 37.30631345266211], [127.10355506473545, 37.3064202258132], [127.10407963279167, 37.30644257180038], [127.10335581633879, 37.30678583394145], [127.10264203377311, 37.307204995656924], [127.10198311410818, 37.30767802083952], [127.10138540282388, 37.30820035495057], [127.10085465640687, 37.308766968583875], [127.10039598690476, 37.30937240586481], [127.10001381266865, 37.310010836957986], [127.09971181575926, 37.31067611417872], [127.09949290642855, 37.31136183116964], [127.09935919502115, 37.31206138457327], [127.0993119715687, 37.312768037607846], [127.0993516932773, 37.3134749849347], [127.09947798003127, 37.314175418192825], [127.0996896179607, 37.31486259156989], [127.09998457104174, 37.31552988677796], [127.10036000062125, 37.3161708768078], [127.10081229268152, 37.3167793878473], [127.10133709258437, 37.31734955876648], [127.10192934696353, 37.31787589759566], [127.1025833523625, 37.31835333445105], [127.10289752504875, 37.31854106920526], [127.10258156881137, 37.318690879992786], [127.10244454219915, 37.31877133378419], [127.10229593304103, 37.31857141030247], [127.10177111744548, 37.318001243661946], [127.10117886320135, 37.317474904052666], [127.1005248743173, 37.31699745946003], [127.09981544886314, 37.31657350697933], [127.0990574183238, 37.31620712858004], [127.098258081834, 37.315901851829665], [127.09742513592671, 37.31566061595428], [127.0965666004692, 37.31548574356124], [127.09569074149881, 37.315378918295124], [127.09480599169827, 37.31534116864155], [127.09392086927336, 37.3153728580338], [127.09304389601078, 37.31547368135716], [127.09218351530193, 37.315642667884696], [127.09134801091828, 37.315878190616004], [127.09054542731727, 37.31617798192942], [127.08978349224309, 37.31653915539792], [127.08906954236477, 37.31695823355894], [127.08841045266536, 37.31743118137228], [127.0878125702609, 37.31795344504459], [127.08728165328483, 37.318519995848426], [127.08682281542637, 37.31912537851483], [127.08644047665739, 37.31976376373499], [127.0861383206229, 37.32042900426678], [127.08591925910733, 37.32111469410691], [127.08578540392132, 37.32181423016026], [127.08573804648195, 37.32252087581296], [127.08577764528668, 37.323227825798234], [127.08590382140477, 37.323928271730175], [127.08611536203327, 37.32461546767505], [127.08641023208698, 37.3252827951281], [127.08678559371415, 37.32592382676993], [127.0872378335532, 37.32653238838788], [127.08776259747064, 37.327102618365], [127.08835483244832, 37.32762902416269], [127.089008835218, 37.32810653525198], [127.0897183071762, 37.328530551982155], [127.090476415051, 37.328896989914696], [127.09127585673555, 37.32920231919423], [127.09210893165444, 37.32944359857601], [127.09296761498253, 37.32961850378081], [127.09384363499981, 37.329725349903036], [127.09472855283471, 37.32976310765565], [127.09561384382394, 37.32973141329409], [127.09649097970298, 37.329630572124046], [127.09735151083115, 37.32946155555829], [127.09818714765647, 37.3292259917516], [127.09898984063186, 37.3289261499041], [127.09975185780986, 37.32856491838484], [127.0998889051437, 37.32848446796539], [127.10003752717977, 37.32868439421192], [127.10056240316985, 37.32925456786881], [127.10115474479076, 37.32978091002911], [127.10180884774604, 37.33025835077653], [127.10251841246618, 37.330682291137826], [127.10261194916615, 37.330727488247696], [127.10197370275729, 37.330750376290325], [127.10109656080196, 37.330851258054], [127.10023602193458, 37.33102030177465], [127.09940037144851, 37.33125587990167], [127.0985976552073, 37.33155572428064], [127.0978356022319, 37.331916947974165], [127.09712155032659, 37.33233607303669], [127.0964623754572, 37.33280906397696], [127.09586442556055, 37.33333136658686], [127.09533345942097, 37.3338979517645], [127.09487459120247, 37.33450336391021], [127.09449224117076, 37.33514177343158], [127.09419009308114, 37.335807032852564], [127.0939710586434, 37.336492735988], [127.09383724940945, 37.33719227961454], [127.0937899563558, 37.33789892704515], [127.09382963736174, 37.33860587299551], [127.09395591270668, 37.339306309118115], [127.09416756863361, 37.33999348957306], [127.09446256894827, 37.340660796004144], [127.09483807454538, 37.34130180129376], [127.09529047067743, 37.3419103314823], [127.09581540170596, 37.34248052525481], [127.09640781300325, 37.34300689042074], [127.09706199960247, 37.34348435684184], [127.0977716611289, 37.34390832529706], [127.09852996248357, 37.3442747118124], [127.09932959969488, 37.344579987027416], [127.1001628703026, 37.34482121021789], [127.10102174759506, 37.34499605764574], [127.10189795798233, 37.34510284496194], [127.10223841247476, 37.34511734645941], [127.10186230303846, 37.34544586034799], [127.10133129558488, 37.3460124710497], [127.10087240069583, 37.3466179050701], [127.10049003889509, 37.34725633260632], [127.10018789405255, 37.34792160600896], [127.09996887784834, 37.348607318958194], [127.09983510166023, 37.349306868136104], [127.09978785614813, 37.350013516801965], [127.09982759873492, 37.35072045965929], [127.09995394910838, 37.351420888389995], [127.1001656927902, 37.35210805722493], [127.100460792742, 37.35277534791928], [127.10083640889972, 37.35341633350647], [127.10128892545158, 37.35402484021611], [127.10181398559962, 37.35459500695883], [127.10240653347256, 37.35512134180387], [127.10306086278779, 37.35559877490454], [127.10377067179549, 37.35602270736032], [127.1045291239754, 37.35638905554354], [127.10532891390221, 37.35669429046271], [127.10616233764361, 37.3569354717816], [127.10702136701164, 37.357110276165315], [127.10789772695031, 37.35721701967951], [127.10807152151841, 37.35722441261722], [127.10809584458781, 37.35722737511314], [127.10898109318204, 37.357265027977846], [127.10986670216573, 37.35723322892507], [127.11074414020872, 37.357132284269596], [127.11160495475754, 37.35696316642185], [127.11244085352843, 37.35672750451318], [127.11324378444979, 37.35642756868969], [127.11400601328167, 37.356066248226725], [127.1147201981611, 37.355647023675495], [127.1153794603538, 37.355173933311235], [127.11597745052876, 37.35465153420729], [127.1165084099162, 37.3540848583113], [127.11696722575984, 37.35347936394798], [127.11734948052987, 37.35284088321678], [127.11765149442283, 37.35217556579269], [127.11787036074195, 37.35148981967246], [127.11800397381859, 37.35079024943792], [127.11805104920876, 37.35008359263226], [127.11801113597402, 37.34937665486226], [127.11788462093085, 37.348676244252154], [127.11767272483225, 37.34798910588052], [127.11737749052091, 37.34732185683147], [127.11700176317252, 37.34668092248514], [127.11654916282173, 37.3460724746606], [127.11602404943883, 37.345502372205935], [127.11543148089552, 37.344976104606395], [127.11537742162514, 37.34493666531067], [127.11592334411884, 37.34445968602014], [127.11645423146886, 37.34389300899144], [127.1169129850117, 37.343287513450875], [127.11729518781681, 37.34264903150897], [127.11759716058053, 37.34198371285208], [127.11781599700122, 37.34129796548857], [127.11794959169704, 37.34059839401213], [127.11799666039994, 37.33989173597779], [127.11795675223458, 37.339184797004094], [127.11783025396744, 37.338484385226955], [127.11761838618872, 37.33779724573628], [127.11732319146739, 37.3371299956271], [127.11694751459684, 37.33648906028999], [127.11649497512485, 37.335880611553875], [127.11596993243477, 37.33531050827589], [127.11537744371715, 37.33478423994957], [127.11472321523758, 37.33430687387314], [127.11401354737175, 37.333883006385236], [127.11325527393726, 37.33351671863638], [127.11245569640596, 37.333211537320956], [127.11162251362967, 37.332970400745964], [127.11076374775446, 37.33279563056264], [127.10988766703422, 37.33268890943165], [127.10900270628487, 37.33265126483633], [127.10896050450059, 37.33265278057267], [127.10857922808309, 37.33237453279231], [127.10786961314815, 37.33195062861357], [127.10777607175112, 37.331905435642796], [127.10841432645597, 37.33188251635005], [127.1092914711157, 37.33178158036577], [127.11015199898245, 37.33161247073795], [127.11098762053601, 37.3313768165183], [127.11179028637687, 37.33107688777829], [127.11255226481974, 37.330715573724284], [127.11326621641447, 37.33029635484495], [127.1139252646742, 37.32982326936005], [127.11452306232835, 37.32930087429502], [127.11505385246083, 37.328734201557786], [127.11551252394447, 37.328128709441756], [127.1158946606381, 37.327490230024026], [127.11619658387346, 37.326824912966295], [127.1164153878244, 37.32613916626125], [127.11654896742013, 37.325439594496046], [127.11659603853624, 37.3247329352284], [127.11655615027236, 37.32402599408881], [127.11642968920145, 37.3233255792341], [127.11621787555382, 37.32263843578409], [127.11592275137552, 37.32197118087224], [127.11554716077926, 37.32133023993577], [127.11509472248088, 37.32072178485797], [127.11456979488864, 37.320151674557586], [127.11397743408418, 37.31962539859631], [127.11332334510112, 37.31914802434638], [127.11300914372359, 37.3189603171309], [127.11332508064474, 37.31881047839601], [127.11403891477765, 37.318391253350654], [127.11469785361007, 37.3179181619974], [127.11529555092554, 37.31739576141777], [127.11582625077418, 37.31682908357237], [127.11628484289803, 37.31622358680343], [127.11666691191958, 37.31558510323244], [127.1169687798214, 37.31491978256076], [127.11718754130926, 37.31423403281558], [127.1173210917201, 37.31353445861308], [127.11736814720915, 37.312827797534325], [127.11732825702518, 37.31212085522713], [127.1172018077582, 37.311420439859575], [127.11699001952343, 37.31073329655648], [127.1166949341209, 37.31006604245006], [127.11631939528876, 37.30942510297002], [127.11586702124326, 37.30881664998587], [127.11534216977316, 37.308246542396574], [127.1147498962265, 37.30772026973807], [127.11409590479637, 37.307242899351245], [127.11338649357592, 37.30681902761716], [127.11262849391201, 37.30645273572817], [127.11182920464151, 37.30614755041933], [127.11099632184226, 37.305906410036805], [127.11013786477385, 37.30573163626907], [127.10926209871911, 37.30562491181176], [127.10917353994726, 37.30562114332872], [127.10989258194529, 37.305352381193046], [127.11065430862105, 37.304991076364296], [127.11136802610815, 37.30457186579341], [127.11202686017509, 37.30409878761925], [127.11262446561422, 37.30357639879597], [127.11315508736016, 37.303009731170455], [127.11361361590636, 37.30240424298607], [127.1139956364866, 37.30176576628131], [127.11429747154878, 37.301100450691116], [127.11451621611344, 37.30041470419356], [127.11464976567892, 37.299715131373425], [127.114696836407, 37.299008469798466], [127.11465697739793, 37.29830152512136], [127.11453057493989, 37.29760110553323], [127.1143188486958, 37.29691395619982], [127.11402383986733, 37.29624669431177], [127.11364839145398, 37.295605745374125], [127.1131961208004, 37.294997281347996], [127.11267138469907, 37.29442716123911], [127.11207923738667, 37.29390087470454], [127.11142538184068, 37.29342348921927], [127.11130372275764, 37.29335078125308], [127.1121770436973, 37.29331937515539], [127.11305373518465, 37.293218408055786], [127.11391381465705, 37.29304926743452], [127.1147489969168, 37.29281358264133], [127.11555123679891, 37.29251362404139], [127.11631280672356, 37.29215228112779], [127.11702637117735, 37.29173303466604], [127.1176850574036, 37.29125992314031], [127.11828252161916, 37.29073750382554], [127.11881301011913, 37.290170808861774], [127.11927141468024, 37.28956529675518], [127.11965332173011, 37.28892679977406], [127.11995505480944, 37.2882614677481], [127.12017370992014, 37.28757570881311], [127.12030718342088, 37.286876127673175], [127.12035419220472, 37.28616946197574], [127.12031428596701, 37.285462517412824], [127.12018785144915, 37.28476210217419], [127.1199761086212, 37.28407496138349], [127.11968109884288, 37.283407712149014], [127.11930566512137, 37.28276677985401], [127.11913632858975, 37.28253895611848], [127.11925946477028, 37.28252476559741], [127.12011940882812, 37.28235557882078], [127.12095445363846, 37.28211984904918], [127.12175655536144, 37.281819847081046], [127.12251798774905, 37.281458462827025], [127.12323141661362, 37.281039177450616], [127.12388997050519, 37.28056602981049], [127.12448730691582, 37.280043577529035], [127.1250176733719, 37.279476853063436], [127.12547596282573, 37.27887131520349], [127.12585776281342, 37.27823279646503], [127.1261593979064, 37.27756744688678], [127.12622826627886, 37.27735136820452], [127.12689615130748, 37.277327260179916], [127.1277726383787, 37.277226182662446], [127.12863250352851, 37.27705693345546], [127.12946746362564, 37.27682114295495], [127.13026947564704, 37.276521082544434], [127.13103081420961, 37.27615964269752], [127.13168884349068, 37.275772815457756], [127.13235479287172, 37.276094609716935], [127.1331538493952, 37.27639965668973], [127.13398647982868, 37.27664064097504], [127.13484466362988, 37.27681524113849], [127.1350646170145, 37.27684200742541], [127.13512391477165, 37.277034325780185], [127.13541903680378, 37.27770153784682], [127.13579458279798, 37.27834242018499], [127.13624693760985, 37.2789508000194], [127.13677174599174, 37.2795208174839], [127.1373639544911, 37.28004698208727], [127.13801786008933, 37.28052422562475], [127.13872716511472, 37.280947951024174], [127.1394850378999, 37.28131407665503], [127.14028417860062, 37.28161907567232], [127.14111688953999, 37.281860010014924], [127.14197514939951, 37.28203455872967], [127.14285069054026, 37.282141040347405], [127.1437350787064, 37.28217842909451], [127.14461979434088, 37.28214636478309], [127.14549631472624, 37.2820451562842], [127.14635619615623, 37.281875778550365], [127.14719115534297, 37.281639863216284], [127.1479931492728, 37.281339682868534], [127.14875445273782, 37.280978129136635], [127.14946773279418, 37.2805586848169], [127.1501261194274, 37.28008539029914], [127.15072327174289, 37.279562804620454], [127.15125343904245, 37.2789959615225], [127.15171151619876, 37.27839032093715], [127.1520930927947, 37.277751716368876], [127.15239449555503, 37.277086298682065], [127.15261282366372, 37.276400476835796], [127.15262467082694, 37.27633822927009], [127.1526782234011, 37.27634048918955], [127.15356286742829, 37.276308357638776], [127.1544393086092, 37.27620708241454], [127.15529910400123, 37.27603763911238], [127.15613397114618, 37.275801659998805], [127.15693586791785, 37.27550141827492], [127.15769707004513, 37.27513980616143], [127.15841024556119, 37.274720307017], [127.15906852545939, 37.274246961759395], [127.15966556987395, 37.27372432991419], [127.16019562914663, 37.27315744566741], [127.1606535991911, 37.2725517693469], [127.16103507062223, 37.27191313480086], [127.16133637117775, 37.27124769318186], [127.16155460102595, 37.27056185367901], [127.16168766062124, 37.269862221770055], [127.16173427084198, 37.2691555355889], [127.1616939852203, 37.26844860102253], [127.16157928780777, 37.267815030276346], [127.16206658229568, 37.26771895580988], [127.16290133663749, 37.26748292807821], [127.16370311841266, 37.26718263952234], [127.16446420445867, 37.266820982814046], [127.16517726392766, 37.266401441741344], [127.16583542893156, 37.26592805762565], [127.16643236071181, 37.265405390366524], [127.16696231069541, 37.26483847449071], [127.16742017584897, 37.264232770630294], [127.16780154779755, 37.263594112898225], [127.16810275523692, 37.262928652669956], [127.16832089923172, 37.26224279931332], [127.16845388106259, 37.26154315843899], [127.1685004223561, 37.2608364682668], [127.16846007730727, 37.260129534721756], [127.16833323688009, 37.259429165884875], [127.16812112494947, 37.258742106430624], [127.16782578642503, 37.25807497268201], [127.16745006747462, 37.257434188908555], [127.16699758804147, 37.2568259254798], [127.16647270692194, 37.25625603946937], [127.16588047974304, 37.255730018280175], [127.16522661024572, 37.25525292683281], [127.16451739534455, 37.25482935882403], [127.16375966449282, 37.25446339252371], [127.16296071393703, 37.25415855153421], [127.16212823649312, 37.253917770888926], [127.16127024751852, 37.25374336881521], [127.16039500779118, 37.253637024432436], [127.15951094403538, 37.253599761599126], [127.15862656785656, 37.25363193906405], [127.1577503938626, 37.25373324701548], [127.15689085775635, 37.253902710062135], [127.15605623518472, 37.254138696616614], [127.15525456212252, 37.2544389345919], [127.15449355755447, 37.254800533260045], [127.15378054919731, 37.25522001106341], [127.15312240297486, 37.255693329112034], [127.152525456924, 37.25621593004529], [127.15199546016603, 37.256782781885256], [127.15153751753196, 37.25738842646075], [127.1511560403742, 37.25802703193706], [127.15085470404016, 37.25869244894694], [127.15063641241848, 37.259378269783376], [127.15050326990178, 37.260077890085476], [127.15045656103855, 37.26078457242393], [127.15049673807341, 37.26149151117482], [127.15061133338651, 37.262125092814024], [127.15012406082064, 37.26222112033127], [127.14928932552812, 37.262457058275444], [127.14848753754845, 37.26275724942015], [127.14772641697193, 37.26311880348839], [127.14701329263148, 37.263538239352144], [127.14635503156705, 37.264011518525514], [127.14575797292065, 37.26453408402249], [127.14522786689749, 37.265100904206754], [127.14476981938043, 37.26570652121237], [127.14447897668262, 37.26619325804079], [127.14416030182562, 37.265764680657625], [127.14363553209708, 37.265194694831095], [127.14304339516931, 37.26466856066192], [127.14238959391652, 37.264191344158505], [127.14168042459798, 37.263767640221566], [127.14092271622984, 37.26340152842941], [127.14012376484354, 37.26309653378469], [127.13929126326408, 37.262855592799525], [127.13843322708188, 37.262681025244255], [127.1375579175296, 37.26257451183068], [127.13667376200368, 37.262537078043884], [127.1357892729925, 37.262569084277644], [127.13491296618929, 37.262670222368115], [127.13405327857436, 37.26283951855869], [127.1332184872517, 37.26307534286793], [127.1324166298191, 37.26337542477051], [127.13165542703449, 37.26373687504096], [127.13099750284088, 37.26412370344674], [127.13033166429337, 37.26380190150293], [127.12953275200499, 37.26349683561459]]], [[[127.11154197356122, 37.35971952440383], [127.11070850156086, 37.359478380829735], [127.1098494364605, 37.359303603090886], [127.10897304939301, 37.35919687392021], [127.10808777812161, 37.359159220878155], [127.1072021458687, 37.3591910064681], [127.10632467932574, 37.35929192464983], [127.10546382663003, 37.359461003784006], [127.10462787609438, 37.359696615979686], [127.10382487646964, 37.359996492755215], [127.10306255950412, 37.360357746862164], [127.10234826554318, 37.360776900063065], [127.1016888728833, 37.3612499165967], [127.10109073155881, 37.36177224200952], [127.10055960219842, 37.36233884698099], [127.10010060053943, 37.362944275721674], [127.09971814813478, 37.363582698480094], [127.09941592972808, 37.36424796765333], [127.09919685770937, 37.364933676962686], [127.09906304399564, 37.365633223125556], [127.09901577961001, 37.36633986943056], [127.09905552215915, 37.36704681060398], [127.09918189133312, 37.367747238343945], [127.09939367247445, 37.36843440689075], [127.0996888281858, 37.36910169800213], [127.09995392102823, 37.36955399005753], [127.10017176662892, 37.370046482318514], [127.1005474650717, 37.370687467438394], [127.10100008172982, 37.37129597406581], [127.10152525884227, 37.37186614111158], [127.10211793941197, 37.372392476641515], [127.10277241587868, 37.372869910801704], [127.10348238507518, 37.37329384468081], [127.10424100893808, 37.373660194636905], [127.10504098038764, 37.373965431660885], [127.10587459374213, 37.374206615395714], [127.10673381898597, 37.374381422482905], [127.1068826324553, 37.37439954529267], [127.10685982237361, 37.37442387807082], [127.10640079661385, 37.375029329892286], [127.10601833513458, 37.37566777167287], [127.1057161227682, 37.37633305562655], [127.1054970718481, 37.37701877533232], [127.10536329408967, 37.37771832740736], [127.10531608017128, 37.378424975083064], [127.1053558872151, 37.37913191307228], [127.10548233429147, 37.37983233310339], [127.10569420599394, 37.380519489490474], [127.10598946405399, 37.38118676410786], [127.1063652668873, 37.38182773014292], [127.10681799688602, 37.38243621401264], [127.10734329519782, 37.38300635484655], [127.10793610365826, 37.38353266096238], [127.10859071347504, 37.3840100627891], [127.10930082019604, 37.3844339617264], [127.11005958443248, 37.384800274468574], [127.1108596977517, 37.3851054723647], [127.11169345310435, 37.38534661543451], [127.11255281910596, 37.38552138071108], [127.11342951745526, 37.385628084636494], [127.11431510274086, 37.38566569929354], [127.11445551259452, 37.385660654001825], [127.11445805715225, 37.38570574238761], [127.11458459947531, 37.38640615244676], [127.11479657235101, 37.387093292334036], [127.11509193653673, 37.38776054408213], [127.1153390087768, 37.38818180725267], [127.11464935731267, 37.38791878754532], [127.11381556389848, 37.387677665207754], [127.11295617031767, 37.387502909016355], [127.11207945086343, 37.38739620149628], [127.11119384649668, 37.38735856999927], [127.1103078836443, 37.38739037682134], [127.10943009217827, 37.387491315718016], [127.10856892336186, 37.387660414850934], [127.10773266854946, 37.38789604613715], [127.10692937941977, 37.38819594091193], [127.10616679050723, 37.388557211754346], [127.10545224477487, 37.38897638026671], [127.10479262294304, 37.38944941054137], [127.10419427725307, 37.38997174799342], [127.10366297030244, 37.3905383631873], [127.10320381953998, 37.391143800236094], [127.10282124795637, 37.39178222930907], [127.10251894144537, 37.39244750274316], [127.10229981324828, 37.39313321421911], [127.10216597582628, 37.393832760433824], [127.10211872043409, 37.394539404675484], [127.10215850459525, 37.39524634169022], [127.10228494760236, 37.395946763215925], [127.10249683409016, 37.39663392355233], [127.1027921256496, 37.39730120453559], [127.1031679803754, 37.39794217929156], [127.10362078016156, 37.39855067415294], [127.10414616548476, 37.39912082814297], [127.1047390773435, 37.399647149452235], [127.10500203791538, 37.399838897773336], [127.1050256713138, 37.399859876495086], [127.10568040359152, 37.40033729382256], [127.10639064697706, 37.400761209852966], [127.10714956076521, 37.401127541115414], [127.10794983508231, 37.40143275878004], [127.10878376132754, 37.401673922675634], [127.10964330646934, 37.40184870963423], [127.1105201904796, 37.40195543588869], [127.11140596615716, 37.4019930733064], [127.11229210056847, 37.40196125930247], [127.11317005731779, 37.401860300335855], [127.11403137885115, 37.40169116895544], [127.11486776799754, 37.401455494423736], [127.11546539409089, 37.40123237293207], [127.11590012803461, 37.401398139864185], [127.1167340798688, 37.401639247828385], [127.11759364358842, 37.40181397709276], [127.11768310533466, 37.401824859714445], [127.11820521271423, 37.40197579988995], [127.11906478378035, 37.402150518489755], [127.11994168527568, 37.402257174959736], [127.1208274698303, 37.4022947418399], [127.1217136044251, 37.402262857225125], [127.1225915526626, 37.402161828255], [127.12276789691559, 37.40212718664527], [127.12323774424225, 37.40240750829151], [127.12399675751475, 37.40277373186167], [127.12479711860013, 37.403078835885296], [127.1256311180605, 37.40331988128609], [127.12649072215794, 37.40349454603798], [127.12736765029568, 37.403601147551534], [127.1282534548469, 37.403638658896355], [127.12913960259955, 37.40360671870259], [127.13001755702945, 37.40350563464547], [127.13087886060514, 37.403336380479466], [127.13171521632914, 37.40310058665043], [127.13251856772602, 37.402800524576804], [127.13328117650417, 37.40243908475173], [127.13399569714049, 37.40201974887786], [127.13465524766727, 37.401546556304424], [127.13525347597789, 37.40102406509079], [127.1357846210115, 37.40045730807322], [127.1362435682274, 37.399851744358905], [127.1366258988347, 37.39921320671612], [127.13692793230462, 37.39854784536853], [127.13714676175726, 37.39786206873609], [127.13728028188487, 37.39716248169433], [127.13732720914449, 37.39645582194775], [127.13728709402999, 37.39574889513054], [127.13716032530753, 37.39504850926026], [127.13694812617794, 37.39436140917573], [127.1366525424065, 37.3936942115906], [127.13627642253752, 37.39305334138753], [127.13597649090872, 37.39265056797328], [127.13597500985017, 37.392645771945624], [127.1356794413344, 37.391978571815606], [127.13530333822612, 37.39133769842059], [127.13485032418093, 37.39072932299083], [127.13432476315425, 37.390159303675304], [127.13373171732874, 37.389633129156834], [127.13307689833424, 37.389155865828165], [127.13236661223112, 37.38873210903662], [127.13160769878735, 37.38836593886512], [127.13148716841626, 37.388319991819316], [127.1317902975752, 37.38781371677603], [127.13209232710369, 37.387148366480545], [127.13231116652867, 37.386462597532386], [127.13244471044477, 37.38576301473316], [127.13249167507864, 37.38505635574663], [127.13245161056274, 37.384349426199904], [127.13232490517457, 37.38364903413713], [127.13211278150388, 37.38296192445711], [127.13181728458818, 37.38229471396638], [127.13144126213457, 37.38165382767233], [127.13098833702136, 37.38104543692981], [127.1304628723473, 37.3804754000357], [127.12986992936716, 37.379949205842486], [127.12921521872049, 37.37947192093278], [127.12850504542473, 37.37904814086201], [127.12774624816214, 37.3786819459376], [127.12694613344559, 37.378376861958934], [127.12611240529581, 37.37813582629488], [127.12525309110603, 37.37796115962445], [127.12437646440529, 37.37785454361139], [127.12349096526198, 37.377817004727], [127.12335057054936, 37.377822060837076], [127.12334802089127, 37.37777697255467], [127.12322141078573, 37.377076570481485], [127.12300938830909, 37.37638944426293], [127.12271399752397, 37.375722210865305], [127.12233808511532, 37.375081295517184], [127.12188527290188, 37.37447286985374], [127.12135992289541, 37.37390279250856], [127.12076709524699, 37.37337655272412], [127.12011249948634, 37.37289921752234], [127.11940243952529, 37.3724753829432], [127.11864375295575, 37.37210912981913], [127.1178437452257, 37.37180398450998], [127.11701011932672, 37.37156288497513], [127.11615090166845, 37.371388152508466], [127.11600209180898, 37.37137004137225], [127.11602489801975, 37.37134570679651], [127.11648382405069, 37.37074021668482], [127.11686617174614, 37.37010173989091], [127.11716826040904, 37.369436426052346], [127.1173871826241, 37.3687506831317], [127.1175208321861, 37.36805111568036], [127.11756792430174, 37.36734446121487], [127.1175280078735, 37.36663752531959], [127.11740146975073, 37.36593711610068], [127.1171895309107, 37.365249978623176], [127.11689423460959, 37.364582729962294], [127.11662905696829, 37.36413047502095], [127.11641112029129, 37.36363801206938], [127.11603532106695, 37.36299707601307], [127.11558263173016, 37.36238862566472], [127.11505741310927, 37.3618185198962], [127.11446472409008, 37.36129224822418], [127.11381027286768, 37.36081487797818], [127.11310036196275, 37.360391005536044], [127.11234182753257, 37.360024712095154], [127.11154197356122, 37.35971952440383]]], [[[127.11392626915132, 37.60108610265998], [127.11321409271706, 37.60066223542672], [127.11245313534111, 37.60029594398811], [127.11165072432834, 37.59999075506576], [127.11081458579845, 37.59974960703265], [127.10995277033828, 37.59957482164432], [127.1090735755426, 37.59946808170339], [127.10818546618678, 37.59943041487151], [127.1072969927966, 37.59946218378398], [127.10641670939627, 37.59956308256196], [127.10555309122287, 37.599732139755346], [127.10471445319645, 37.59996772768843], [127.10390886992717, 37.600267578118505], [127.10314409802642, 37.600628804057294], [127.10242750146797, 37.60104792754602], [127.10176598071469, 37.60152091311763], [127.10116590629248, 37.60204320662514], [127.10063305744926, 37.60260977906361], [127.1001725664901, 37.60321517496504], [127.09978886932407, 37.60385356490162], [127.09948566270076, 37.60451880159307], [127.09926586854954, 37.60520447907892], [127.09913160576754, 37.60590399438708], [127.09908416973035, 37.60661061110576], [127.09912401972674, 37.60731752424712], [127.09925077444103, 37.608017925778476], [127.09946321553085, 37.60870507019015], [127.099759299269, 37.6093723394684], [127.10013617614139, 37.610013306847264], [127.10059021821498, 37.61062179872487], [127.10111705401526, 37.61119195414678], [127.10171161057988, 37.61171828128273], [127.10236816228502, 37.61219571035132], [127.10308038597532, 37.612619642481896], [127.10384142186733, 37.612985994041324], [127.10464393963879, 37.61329123599761], [127.1054802090674, 37.613532427939695], [127.10634217453591, 37.613707246424646], [127.1072215326848, 37.61381400737797], [127.10810981246115, 37.61385168233051], [127.10899845679, 37.61381990833489], [127.10987890507812, 37.6137189914653], [127.11074267575181, 37.613549903867096], [127.1115814480305, 37.61331427438442], [127.1123871421449, 37.61301437285672], [127.11315199722378, 37.61265308823591], [127.11386864609699, 37.61223390073588], [127.11453018629118, 37.61176084828363], [127.11513024653335, 37.61123848759629], [127.11566304812048, 37.61067185026052], [127.1161234605636, 37.61006639423828], [127.1165070509709, 37.60942795126776], [127.1168101266955, 37.60876267066733], [127.11702977083839, 37.60807696008486], [127.11716387026719, 37.60737742376431], [127.11721113588385, 37.60667079892497], [127.1171711149488, 37.605963890866754], [127.11704419534674, 37.60526350742702], [127.11683160175667, 37.604576393420146], [127.1165353837662, 37.60390916569149], [127.1161583960487, 37.60326824941026], [127.11570427079694, 37.60265981621466], [127.11517738268194, 37.602089724804046], [127.11458280667641, 37.601563464548754], [127.11392626915132, 37.60108610265998]]], [[[127.41098000337803, 37.31003566597769], [127.41026889316905, 37.30961357037491], [127.40950941866072, 37.309249176949216], [127.40870889286802, 37.30894599416008], [127.40787502375483, 37.30870694107867], [127.40701584006099, 37.30853431930429], [127.40613961405319, 37.30842979082222], [127.40525478194087, 37.30839436201542], [127.4043698627202, 37.30842837398338], [127.40349337622442, 37.30853149926103], [127.40263376116631, 37.30870274496886], [127.40179929395832, 37.30894046236456], [127.4009980090887, 37.30924236270403], [127.40023762181755, 37.309605539260055], [127.3995254539343, 37.310026495287325], [127.39886836328913, 37.310501177665635], [127.39827267777582, 37.311025015898466], [127.39774413440014, 37.31159296609264], [127.39728782402065, 37.31219955949717], [127.39690814229421, 37.31283895513491], [127.39660874729971, 37.31350499602173], [127.39639252424976, 37.31419126843304], [127.39626155763251, 37.314891163647864], [127.39621711105474, 37.31559794157679], [127.39625961498295, 37.31630479566186], [127.39638866250496, 37.317004918423486], [127.39660301315548, 37.3176915670237], [127.39690060477264, 37.318358128213674], [127.3972785732752, 37.31899818204026], [127.39773328017247, 37.31960556369675], [127.39826034754522, 37.32017442292179], [127.39885470016307, 37.32069928037295], [127.39951061433402, 37.321175080431125], [127.40022177301712, 37.32159723992556], [127.40098132666793, 37.321961692309074], [127.40178195923001, 37.32226492685652], [127.4026159586364, 37.322504022507665], [127.40347529114021, 37.32267667602727], [127.40435167875602, 37.3227812242101], [127.4052366790639, 37.32281665991613], [127.40612176660404, 37.322782641780705], [127.40699841507475, 37.32267949750594], [127.40785817953864, 37.322508220701366], [127.40869277784172, 37.322270461304335], [127.40949417045778, 37.321968509673034], [127.41025463798609, 37.32160527450581], [127.41096685555304, 37.32118425480035], [127.41162396339904, 37.32070950612397], [127.41221963296937, 37.32018560152102], [127.41274812787093, 37.31961758743519], [127.41320435910794, 37.31901093507282], [127.41358393406503, 37.3183714876768], [127.41388319876631, 37.31770540422025], [127.41409927300631, 37.31701910006369], [127.41423007801552, 37.31631918514813], [127.41427435639775, 37.315612400319964], [127.41423168415008, 37.31490555240236], [127.41410247465313, 37.314205448637836], [127.41388797459685, 37.31351883113437], [127.4135902518846, 37.312852311945704], [127.41321217563559, 37.31221230941095], [127.41275738848117, 37.311604986365666], [127.41223027142472, 37.31103619081883], [127.411635901606, 37.31051139966572], [127.41098000337803, 37.31003566597769]]], [[[127.35199481633406, 37.344969192802715], [127.35128370850062, 37.34454674520665], [127.35052416887221, 37.34418197520286], [127.34972351109404, 37.343878394874785], [127.34888944440273, 37.343638927119116], [127.34802999944131, 37.3434658775254], [127.34715345099161, 37.34336091219555], [127.34626823836605, 37.3433250417161], [127.34538288422168, 37.343358611436706], [127.34450591257561, 37.34346129814818], [127.34364576680726, 37.343632113191894], [127.34281072843369, 37.34386941197069], [127.34200883743699, 37.3441709097702], [127.34124781490753, 37.34453370373872], [127.34053498874567, 37.344954300814976], [127.33987722313448, 37.34542865133587], [127.33928085246198, 37.34595218800171], [127.33875162032716, 37.346519869825116], [127.33829462421748, 37.34712623064176], [127.33791426639068, 37.347765431717065], [127.33761421143515, 37.34843131794368], [127.33739735091892, 37.34911747708976], [127.33726577547031, 37.34981730152864], [127.33722075456173, 37.35052405185602], [127.3372627241945, 37.35123092178315], [127.33739128260672, 37.351931103681075], [127.33760519404903, 37.35261785414507], [127.33790240059587, 37.35328455894771], [127.33828004188122, 37.35392479675451], [127.33873448257269, 37.35453240098811], [127.33926134732184, 37.35510151924412], [127.33985556285623, 37.3556266696853], [127.34051140681015, 37.356102793869994], [127.34122256282417, 37.356525305504434], [127.34198218138371, 37.35689013464801], [127.34278294581033, 37.35719376694455], [127.34361714276889, 37.357433277500256], [127.34447673661029, 37.35760635908082], [127.34535344683131, 37.35771134435507], [127.34623882790281, 37.35774722197001], [127.34712435069439, 37.35771364630179], [127.34800148470794, 37.357610940788156], [127.34886178032437, 37.35744009481029], [127.34969695026803, 37.357202754154144], [127.35049894950066, 37.35690120514341], [127.35126005277242, 37.35653835259779], [127.35197292908012, 37.35611769182965], [127.35263071231357, 37.35564327494973], [127.35322706740756, 37.35511967180788], [127.35375625136176, 37.35455192594609], [127.3542131685403, 37.353945505989664], [127.35459341971868, 37.35330625294591], [127.35489334440695, 37.35264032391927], [127.3551100560432, 37.35195413278633], [127.3552414697205, 37.35125428840308], [127.35528632218318, 37.350547530940204], [127.35524418390317, 37.349840666960674], [127.35511546312351, 37.3491405038649], [127.35490140183309, 37.34845378433504], [127.35460406371618, 37.347787121409766], [127.35422631419492, 37.3471469348142], [127.35377179276111, 37.346539389157684], [127.35324487786615, 37.345970334593574], [127.35265064470947, 37.3454452505114], [127.35199481633406, 37.344969192802715]]], [[[127.30628542233363, 37.36830292738633], [127.30562968957246, 37.367826614715234], [127.30491862764198, 37.367403890150264], [127.3041590837666, 37.367038823836964], [127.30335837163506, 37.36673493071049], [127.30252420100922, 37.36649513667767], [127.3016646035338, 37.366321750467776], [127.30078785545909, 37.36621644142186], [127.29990239801865, 37.36618022343397], [127.29901675622504, 37.36621344519774], [127.29813945686237, 37.36631578685253], [127.29727894646228, 37.36648626306051], [127.29644351004889, 37.36672323248579], [127.29564119143271, 37.36702441358434], [127.29487971581712, 37.36738690655343], [127.29416641546068, 37.367807221230066], [127.29350815910819, 37.36828131067076], [127.29291128586905, 37.36880461009074], [127.29238154417801, 37.36937208078844], [127.29192403642635, 37.36997825863429], [127.29154316979663, 37.37061730665774], [127.29124261377542, 37.371283071227666], [127.29102526475566, 37.371969141286364], [127.29089321807047, 37.37266891006776], [127.29084774773187, 37.3733756387063], [127.29088929407169, 37.37408252112476], [127.29101745940771, 37.37478274957639], [127.29123101178011, 37.3754695802104], [127.29152789672577, 37.37613639802916], [127.29190525698088, 37.37677678061132], [127.29235945992471, 37.377384559986304], [127.29288613250364, 37.37795388206353], [127.29348020330112, 37.37847926304284], [127.29413595135, 37.378955642261886], [127.29484706121863, 37.3793784309697], [127.29560668384038, 37.37974355655581], [127.29640750250033, 37.38004750180725], [127.29724180334277, 37.38028733881399], [127.29810154971887, 37.38046075719537], [127.29897845965613, 37.38056608637395], [127.29986408570072, 37.38060231168207], [127.30074989636074, 37.380569084144696], [127.30162735836258, 37.38046672384439], [127.30248801892452, 37.38029621683551], [127.30332358725177, 37.38005920563762], [127.3041260144645, 37.379757973400025], [127.30488757118594, 37.379395421890706], [127.30560092204077, 37.37897504352236], [127.30625919634346, 37.37850088768604], [127.3068560542949, 37.37797752171815], [127.30738574804776, 37.37740998687758], [127.30784317705304, 37.37680374975893], [127.3082239371544, 37.37616464961054], [127.30852436295896, 37.37549884206667], [127.30874156307807, 37.374812739836486], [127.30887344790071, 37.37411295092242], [127.30891874963515, 37.373406214963666], [127.30887703442895, 37.37269933831881], [127.30874870645374, 37.371999128512684], [127.30853500391952, 37.371312328679586], [127.30823798705998, 37.370645552633434], [127.30786051820837, 37.370005221190304], [127.30740623415866, 37.36939750035554], [127.30687951108135, 37.36882824197006], [127.30628542233363, 37.36830292738633]]], [[[127.25963054757922, 37.39388892967643], [127.25897488929661, 37.39341236062663], [127.2582638498738, 37.39298935745034], [127.25750427632188, 37.39262399297464], [127.25670348261794, 37.392319785004155], [127.25586917931099, 37.392079662475524], [127.25500939932397, 37.39190593727902], [127.25413242066436, 37.39180028201762], [127.25324668678476, 37.3917637139168], [127.25236072535732, 37.391796585039366], [127.25148306624102, 37.391898578898974], [127.2506221594278, 37.39206871350503], [127.24978629375472, 37.39230535080958], [127.248983517161, 37.39260621246562], [127.24822155925519, 37.39296840174585], [127.24750775693514, 37.39338843141148], [127.24684898377465, 37.393862257263976], [127.24625158385545, 37.394385317057605], [127.24572131068035, 37.39495257439971], [127.24526327175565, 37.39555856721705], [127.24488187937682, 37.39619746032298], [127.2445808080922, 37.39686310158068], [127.24436295925646, 37.397549081122555], [127.24423043301678, 37.39824879305702], [127.24418450800515, 37.3989554990687], [127.2442256289348, 37.39966239330097], [127.24435340222387, 37.400362667895855], [127.2445665996924, 37.4010495785604], [127.24486317030006, 37.401716509528136], [127.24524025981547, 37.4023570372895], [127.24569423823074, 37.40296499247673], [127.24622073466, 37.40353451930652], [127.24681467938831, 37.40406013200679], [127.24747035266738, 37.404536767682934], [127.24818143978993, 37.40495983511308], [127.24894109191176, 37.405325259000875], [127.24974199203639, 37.40562951925853], [127.25057642552515, 37.405869684940065], [127.25143635445224, 37.40604344249684], [127.25231349508653, 37.40614911808229], [127.2531993977508, 37.40618569368989], [127.2540855282866, 37.40615281696837], [127.25496335033623, 37.40605080461925], [127.2558244076463, 37.40588063934363], [127.25666040559626, 37.405643960368096], [127.25746329116353, 37.40534304764105], [127.25822533055177, 37.40498079985243], [127.25893918373184, 37.404560706489434], [127.25959797517537, 37.4040868141985], [127.26019536009808, 37.403563687778515], [127.26072558557347, 37.402996366182556], [127.26118354592823, 37.40239031395313], [127.26156483188636, 37.401751368560014], [127.26186577298915, 37.401085684149436], [127.26208347288485, 37.40039967224728], [127.26221583714988, 37.399699939988786], [127.26226159337683, 37.39899322647031], [127.26222030333884, 37.398286337836986], [127.26209236711641, 37.397586081731625], [127.26187901915104, 37.396899201736645], [127.26158231626651, 37.396232312439885], [127.26120511777755, 37.39559183574952], [127.26075105787986, 37.39498393907069], [127.26022451059056, 37.394414475938255], [127.25963054757922, 37.39388892967643]]], [[[127.20918170898265, 37.403161003836644], [127.20847085958037, 37.40273770270214], [127.20771143171865, 37.40237201955757], [127.20691073797525, 37.40206747527493], [127.20607648793941, 37.40182700202773], [127.2052167140233, 37.40165291508146], [127.20433969417714, 37.401546890520386], [127.20345387225049, 37.40150994912375], [127.20256777676285, 37.40154244654661], [127.20168993886259, 37.40164406989879], [127.20082881026097, 37.40181384075535], [127.19999268192774, 37.40205012456911], [127.19918960432776, 37.40235064639543], [127.198427309964, 37.40271251277824], [127.1977131389698, 37.40313223958737], [127.19705396846456, 37.40360578554049], [127.19645614635175, 37.40412859108749], [127.19592543019549, 37.40469562228483], [127.19546693176396, 37.405301419238256], [127.19508506777422, 37.40594014864904], [127.19478351731348, 37.406605659958814], [127.19456518634894, 37.40729154455385], [127.1944321796697, 37.407991197459495], [127.19438578053439, 37.408697880931676], [127.19442643822285, 37.40940478933363], [127.19455376361618, 37.41010511467363], [127.19476653285038, 37.4107921121726], [127.19506269901245, 37.411459165230156], [127.19543941177004, 37.412099849162864], [127.19589304474803, 37.41270799310047], [127.19641923039214, 37.41327773944294], [127.1970129019853, 37.413803600304675], [127.19766834241467, 37.41428051040109], [127.19837923922006, 37.41470387586687], [127.1991387453944, 37.41506961853437], [127.19993954535046, 37.41537421524413], [127.20077392541725, 37.415614731807935], [127.20163384818566, 37.41578885129563], [127.2025110299851, 37.41589489637243], [127.20339702074227, 37.41593184547066], [127.2042832854496, 37.415899342639314], [127.20516128645569, 37.415797700976384], [127.20602256578121, 37.4156278996105], [127.20685882666419, 37.415391574261314], [127.20766201354597, 37.415091001469634], [127.2084243897239, 37.4147290766501], [127.20913861192061, 37.414309286178565], [127.20979780104899, 37.413835673783886], [127.21039560848989, 37.41331280156947], [127.21092627724305, 37.41274570604087], [127.21138469736194, 37.41213984956452], [127.21176645513904, 37.41150106772662], [127.21206787556879, 37.410835513100245], [127.21228605768107, 37.41014959596377], [127.212418902407, 37.409449922542414], [127.21246513271183, 37.408743231368646], [127.21242430580368, 37.40803632837519], [127.2122968173045, 37.40733602134592], [127.21208389734642, 37.40664905435625], [127.21178759863459, 37.40598204283412], [127.21141077659523, 37.40534140986678], [127.21095706180303, 37.4047333243659], [127.21043082495645, 37.404163641685834], [127.20983713474013, 37.40363784726565], [127.20918170898265, 37.403161003836644]]], [[[127.13444719077847, 37.40624793671711], [127.1337367363744, 37.405824188482384], [127.13297764452422, 37.405458027208425], [127.13217722457587, 37.40515297836983], [127.13134318348726, 37.40491197899652], [127.13048355166258, 37.40473734941767], [127.12960660568677, 37.40463077093959], [127.12872078869981, 37.40459326967209], [127.12783462917396, 37.404625206657876], [127.12695665887341, 37.4047262744], [127.12609533078208, 37.4048954998203], [127.12525893778722, 37.40513125362081], [127.1244555328978, 37.40543126595803], [127.12369285176298, 37.40579264827994], [127.12297823823441, 37.40621192111626], [127.12231857368636, 37.40668504755548], [127.12172021077303, 37.40720747208732], [127.12118891225957, 37.40777416443809], [127.12072979551577, 37.40837966797811], [127.12034728320718, 37.40901815223639], [127.1200450606593, 37.409683469018226], [127.11982604030749, 37.41036921158659], [127.11969233357696, 37.411068776338325], [127.11964523046635, 37.411775426382356], [127.11968518703482, 37.41248235640801], [127.11981182091661, 37.413182758219484], [127.12002391490965, 37.41386988630523], [127.12031942860767, 37.41453712281086], [127.12069551796664, 37.41517804128945], [127.12114856262087, 37.41578646861455], [127.12167420068843, 37.416356544458836], [127.12226737073277, 37.4168827777646], [127.1229223604784, 37.417360099660726], [127.12363286181258, 37.417783912315606], [127.12439203154369, 37.41815013325362], [127.12519255733089, 37.41845523470727], [127.12602672814893, 37.41869627762466], [127.12688650860821, 37.41887094000331], [127.12776361641181, 37.41897753927637], [127.12864960220084, 37.419015048534916], [127.12953593101604, 37.41898310642916], [127.13041406458754, 37.418882020652795], [127.131275543657, 37.41871276497702], [127.13211206953515, 37.41847696986252], [127.13291558410646, 37.41817690674045], [127.13367834750666, 37.417815466114455], [127.13439301272275, 37.41739612969544], [127.13505269639411, 37.416922936838354], [127.13565104513167, 37.41640044560587], [127.13618229671503, 37.415833688834944], [127.13664133557789, 37.4152281256309], [127.13702374204765, 37.41458958875758], [127.1373258348661, 37.413924228431625], [127.13754470658331, 37.41323845306348], [127.13767825148604, 37.41253886751676], [127.1377251857946, 37.41183220948168], [127.13768505993677, 37.411125284575995], [127.13755826278405, 37.410424900798766], [127.13734601781286, 37.40973780296849], [127.13705037123154, 37.409070607776854], [127.13667417219071, 37.40842974008312], [127.1362210452711, 37.407821371062084], [127.13569535551599, 37.40725135880049], [127.13510216634833, 37.40672519191261], [127.13444719077847, 37.40624793671711]]], [[[127.22917534234632, 37.53420222909229], [127.22846314216719, 37.53377905223114], [127.22770229335357, 37.5334134999982], [127.22690012215865, 37.533109092001126], [127.22606435238893, 37.53286875909807], [127.22520303107896, 37.53269481520089], [127.22432445106644, 37.53258893501496], [127.22343707121038, 37.53255213792886], [127.22254943501795, 37.53258477820847], [127.22167008845982, 37.532686541589406], [127.2208074977617, 37.5328564483005], [127.2199699679609, 37.53309286248936], [127.2191655630081, 37.53339350795953], [127.2184020281807, 37.533755490068415], [127.21768671555242, 37.53417532357596], [127.21702651323433, 37.53464896617689], [127.21642777906705, 37.53517185739507], [127.21589627940158, 37.53573896246635], [127.21543713355808, 37.53634482078912], [127.21505476449757, 37.53698359847714], [127.21475285618288, 37.53764914450999], [127.21453431804098, 37.538335049941615], [127.21450785307202, 37.53847420860509], [127.21406933232339, 37.537887573189685], [127.21354214406311, 37.53731791324669], [127.21294738401114, 37.53679214184638], [127.21229078030056, 37.53631532149367], [127.21157865617039, 37.53589204326502], [127.21081786907743, 37.535526382630884], [127.2100157446818, 37.535221860242416], [127.20918000634043, 37.534981408058734], [127.20831870078604, 37.53480734113967], [127.20744012070512, 37.5347013353745], [127.20655272495758, 37.53466441136029], [127.20566505720363, 37.53469692458435], [127.2047856637174, 37.534798562004966], [127.2039230111759, 37.53496834506317], [127.20308540521106, 37.53520463909659], [127.20228091050575, 37.53550516906526], [127.20151727320032, 37.53586704143836], [127.20080184635394, 37.53628677203227], [127.20014151917599, 37.536760319532625], [127.19954265070784, 37.53728312437914], [127.1990110085924, 37.53785015263961], [127.19855171352006, 37.5384559444525], [127.19816918988778, 37.53909466657263], [127.19786712314585, 37.53976016851534], [127.19764842424605, 37.54044604175999], [127.19751520153531, 37.54114568144329], [127.19746874036811, 37.54185234994972], [127.19750949063788, 37.54255924178697], [127.19763706235017, 37.54325954912221], [127.19785022928413, 37.543946527348325], [127.19814694071093, 37.544613560048155], [127.1985243410594, 37.545254222731295], [127.19897879734265, 37.54586234472842], [127.19950593408505, 37.54643206864664], [127.19980165966177, 37.546693534529915], [127.19949830177643, 37.54683726010986], [127.19878275844336, 37.547256977188226], [127.19812232133773, 37.54773051204193], [127.19752335055927, 37.54825330523284], [127.19699161473602, 37.54882032294141], [127.19653223546112, 37.549426105408145], [127.19614963794285, 37.5500648194782], [127.19584750834372, 37.55073031474487], [127.19562875822183, 37.551416182752114], [127.19549549641837, 37.55211581868739], [127.19544900866566, 37.55282248497147], [127.19548974511437, 37.55352937613362], [127.19561731590453, 37.554229684347604], [127.19583049482549, 37.55491666499778], [127.19612723103428, 37.555583701643634], [127.1965046687222, 37.55622436975655], [127.19686733885922, 37.55670962339274], [127.19678095346532, 37.55666810087518], [127.19597866084463, 37.55636348349147], [127.19514273268031, 37.556122931990565], [127.19428121753211, 37.55594876238771], [127.19340241010342, 37.55584265156002], [127.1925147714416, 37.555805621115425], [127.19162684754383, 37.55583802756534], [127.19074718714832, 37.55593955889563], [127.18988425949978, 37.55610923756849], [127.18904637287662, 37.556345429926495], [127.18824159466176, 37.55664586190871], [127.18747767372324, 37.55700764092806], [127.18676196584926, 37.557427283700235], [127.18610136295364, 37.55790074975716], [127.18550222673147, 37.55842348032345], [127.18497032740302, 37.558990442183145], [127.18451078813537, 37.55959617611511], [127.18412803567709, 37.56023484943258], [127.18382575768274, 37.560900312122], [127.18360686713972, 37.56158615604181], [127.18347347424215, 37.56228577661218], [127.18342686598561, 37.56299243640265], [127.18346749368246, 37.56369933000569], [127.18359496852133, 37.564399649572216], [127.18380806521725, 37.5650866503778], [127.18410473372067, 37.56575371578823], [127.18448211887669, 37.56639442099821], [127.18493658784742, 37.56700259492879], [127.18546376503744, 37.56757237968664], [127.18605857418723, 37.56809828701122], [127.18671528723164, 37.56857525116517], [127.18742757945391, 37.568998677757165], [127.18818859040417, 37.56936448802546], [127.18899098999559, 37.56966915815456], [127.1898270491409, 37.56990975324457], [127.19068871424686, 37.57008395560515], [127.1915676848473, 37.57019008710033], [127.19245549362421, 37.570227125327925], [127.19334358804305, 37.570194713477456], [127.19422341281249, 37.570093163770544], [127.19508649237112, 37.56992345445124], [127.19592451260266, 37.56968722035469], [127.1967294009897, 37.5693867371458], [127.19749340443033, 37.569024899380274], [127.19820916396588, 37.568605192599996], [127.19886978569717, 37.56813165973286], [127.1994689072053, 37.56760886212168], [127.20000075883539, 37.56704183555895], [127.20046021925343, 37.56643604175231], [127.20084286474103, 37.565797315689444], [127.20114501175436, 37.56513180941093], [127.20136375233962, 37.5644459327334], [127.20149698206548, 37.56374629149554], [127.20154342020692, 37.563039623922066], [127.20150262198904, 37.56233273571959], [127.2013749827762, 37.56163243452969], [127.20116173417023, 37.56094546437054], [127.20086493205841, 37.56027844069865], [127.20048743673023, 37.559637786715356], [127.20012472897838, 37.559152544277126], [127.20021111910327, 37.559194064351104], [127.20101345942123, 37.559498653033614], [127.20184944437973, 37.55973916307547], [127.20271102110019, 37.55991327760614], [127.20358988996814, 37.56001931933626], [127.20447758464617, 37.56005626672891], [127.20536555369968, 37.56002376384904], [127.206245243046, 37.559922123795666], [127.20710817842944, 37.559752325683405], [127.20794604712385, 37.559516005202944], [127.20875077807293, 37.559215438851474], [127.20951461969263, 37.55885352198553], [127.21023021458429, 37.55843374090878], [127.21089067043593, 37.55796013926451], [127.21148962642732, 37.55743727905761], [127.21202131449877, 37.55687019668297], [127.21248061489217, 37.55626435438522], [127.21286310543066, 37.5556255876184], [127.21316510406281, 37.55496004881437], [127.21338370426362, 37.554274148102294], [127.21351680295321, 37.55357449155154], [127.21356312066767, 37.552867817533546], [127.21352221379077, 37.5521609318163], [127.21339447873198, 37.55146064201676], [127.21318114801466, 37.55077369204292], [127.21288427831523, 37.55010669715644], [127.2125067305724, 37.54946608028112], [127.21205214236092, 37.54885801016974], [127.21152489279898, 37.548288342023994], [127.21122911981632, 37.54802690537386], [127.21153246021356, 37.54788314961105], [127.21224793857787, 37.54746335504195], [127.21290828447837, 37.54698974077676], [127.21350713815418, 37.54646686894157], [127.21403873253091, 37.545899776042866], [127.21449794875267, 37.54529392442621], [127.21488036545274, 37.544655149635034], [127.21518230129016, 37.54398960417807], [127.21540085034371, 37.543303698248245], [127.2154273154194, 37.54316453949879], [127.21586587748037, 37.54375116951656], [127.21639312846982, 37.54432081872178], [127.21698797229612, 37.54484657243928], [127.2176446805569, 37.545323366411694], [127.21835692857876, 37.54574660788756], [127.21911785633532, 37.5461122198892], [127.21992013453972, 37.546416680512046], [127.22075603527307, 37.546657056875596], [127.22161750646805, 37.54683103339782], [127.22249624952696, 37.54693693411957], [127.22338379932494, 37.54697373886312], [127.22427160582406, 37.54694109306827], [127.22515111650893, 37.54683931121139], [127.22601385884646, 37.54666937377365], [127.22685152197194, 37.54643291778826], [127.22765603681113, 37.54613222105788], [127.22841965386372, 37.545770180195035], [127.22913501789618, 37.545350282697626], [127.22979523882195, 37.54487657333003], [127.23039395808533, 37.54435361513422], [127.2309254099081, 37.54378644544823], [127.23138447680866, 37.543180527356775], [127.23176673885968, 37.54254169704297], [127.23206851621067, 37.54187610754963], [127.23228690446763, 37.541190169492964], [127.23241980259121, 37.54049048930086], [127.2324659330482, 37.53978380557127], [127.23242485402432, 37.53907692416463], [127.23229696358517, 37.538376652655366], [127.23208349574844, 37.53768973477442], [127.23178650850885, 37.53702278547366], [127.2314088639347, 37.536382227237375], [127.23095420053082, 37.53577422825326], [127.2304268981372, 37.5352046430379], [127.22983203570323, 37.53467895608705], [127.22917534234632, 37.53420222909229]]], [[[127.22864361694128, 37.57399258482797], [127.2279310424128, 37.57356940614577], [127.22716979279114, 37.57320385137424], [127.22636719818732, 37.57289944014425], [127.2255309864825, 37.572659103343966], [127.2246692089636, 37.57248515492188], [127.22379016285761, 37.572379269626225], [127.2229023115077, 37.572342466894405], [127.22201420295703, 37.57237510104644], [127.22113438772035, 37.572476857877085], [127.2202713365325, 37.57264675767861], [127.21943335886122, 37.57288316466581], [127.21862852296651, 37.573183802712414], [127.21786457827294, 37.57354577724839], [127.21714888079904, 37.573965603107816], [127.2164883223607, 37.574439238060414], [127.21588926422756, 37.574962121705084], [127.21535747587102, 37.575529219352006], [127.21489807939278, 37.5761350704724], [127.2145155001698, 37.57677384125068], [127.21421342419193, 37.57743938073404], [127.21399476250438, 37.57812528004043], [127.21386162310053, 37.57882493405539], [127.21381529053744, 37.57953160502492], [127.21385621347471, 37.5802384874322], [127.21395573215703, 37.58078386224939], [127.21329770412446, 37.58046779960998], [127.21249508882312, 37.580163294352474], [127.21165884125747, 37.57992285943301], [127.21079701306004, 37.57974880974425], [127.20991790194572, 37.57964282100891], [127.2090299718833, 37.5796059136597], [127.2081417716732, 37.57963844302341], [127.20726185271204, 37.579740095903205], [127.2063986867322, 37.57990989359178], [127.20556058430556, 37.58014620128675], [127.20475561489211, 37.580446743817674], [127.20399152920062, 37.58080862753406], [127.20327568460594, 37.58122836814447], [127.20261497433924, 37.58170192423967], [127.20201576113094, 37.58222473617811], [127.2014838159446, 37.58279176996093], [127.20102426239124, 37.58339756567483], [127.20064152735979, 37.5840362900384], [127.2003392983401, 37.584701792546525], [127.20012048785112, 37.585387664674], [127.1999872053193, 37.58608730156895], [127.19994073668063, 37.586793965643004], [127.19998153190592, 37.58750085144662], [127.20010920057315, 37.58820115120478], [127.20032251553297, 37.58888812038273], [127.20061942463576, 37.589555142649616], [127.2009970704107, 37.59019579361438], [127.20145181751063, 37.59080390271926], [127.20197928766159, 37.59137361269406], [127.20257440178202, 37.591899435997384], [127.20323142886849, 37.59237630770007], [127.20394404117798, 37.59279963430042], [127.20470537517559, 37.593165337999146], [127.20550809766065, 37.593469896006745], [127.20634447643322, 37.59371037450304], [127.20720645481855, 37.59388445692074], [127.20808572933015, 37.59399046627939], [127.20897382971991, 37.5940273813537], [127.20986220064182, 37.59399484652005], [127.21074228413899, 37.593893175185464], [127.2116056021559, 37.59372334676645], [127.21244383827802, 37.593486997246366], [127.21324891790753, 37.59318640340294], [127.21401308610012, 37.59282446085861], [127.21472898231043, 37.592404656165506], [127.2153897113238, 37.59193103319555], [127.21598890968932, 37.5914081541602], [127.21652080701385, 37.5908410556369], [127.21698028152566, 37.59023520002681], [127.21736290937338, 37.58959642291317], [127.21766500718616, 37.58893087682821], [127.21788366748721, 37.58824497197179], [127.21801678662177, 37.58754531445355], [127.21806308493312, 37.58683864265436], [127.21802211899602, 37.5861317623207], [127.21792256375811, 37.58558639127711], [127.21858065642522, 37.585902428122566], [127.21938335824697, 37.586206892054946], [127.22021970117147, 37.586447272379246], [127.22108162886909, 37.586621253474405], [127.22196083834156, 37.58672715933654], [127.22284885996763, 37.58676396973793], [127.22373713916056, 37.586731330063785], [127.2246171188478, 37.586629554731594], [127.2254803219749, 37.586459624160035], [127.22631843323514, 37.58622317531687], [127.22712337923471, 37.58592248593679], [127.22788740631783, 37.58556045256258], [127.2286031552998, 37.5851405626213], [127.22926373238525, 37.58466686080581], [127.22986277558795, 37.58414391008677], [127.23039451601029, 37.5835767477316], [127.23085383339269, 37.58297083675577], [127.23123630539773, 37.582332013275106], [127.23153825015595, 37.58166643026771], [127.23175676166476, 37.58098049828828], [127.23188973770215, 37.580280823706815], [127.23193589998908, 37.57957414506773], [127.2318948064096, 37.578867268182556], [127.2317668551743, 37.57816700058211], [127.23155328089105, 37.577480085959316], [127.23125614258399, 37.576813139234055], [127.2308783037801, 37.57617258286489], [127.23042340485794, 37.57556458502056], [127.22989582792796, 37.574995000205426], [127.229300654585, 37.57446931291005], [127.22864361694128, 37.57399258482797]]], [[[127.14372384887996, 37.58211720339143], [127.14301168182014, 37.58169351465094], [127.14225076916547, 37.581327414389314], [127.14144843778857, 37.58102242748836], [127.1406124130414, 37.58078149037706], [127.13975074441488, 37.58060692278137], [127.13887172809046, 37.58050040540823], [127.13798382712596, 37.58046296377761], [127.13709559004228, 37.580494958357775], [127.13621556859033, 37.58059608109814], [127.13535223548757, 37.58076535839317], [127.1345139029121, 37.58100116044861], [127.13370864253595, 37.581301216960526], [127.13294420786465, 37.58166263895652], [127.13222795962785, 37.582081946589916], [127.1315667949374, 37.58255510262008], [127.13096708089317, 37.583077551257965], [127.13043459327524, 37.583644262003816], [127.12997446091194, 37.584249778056545], [127.12959111626039, 37.58488826882988], [127.12928825267605, 37.58555358607085], [127.12906878878479, 37.58623932304154], [127.12893484030246, 37.58693887619522], [127.1288876995765, 37.58764550875383], [127.12892782304965, 37.58835241557523], [127.12905482676997, 37.58905278868601], [127.12926748999395, 37.58973988284879], [127.12956376685176, 37.59040708053257], [127.12994080596589, 37.591047955659995], [127.13039497783704, 37.59165633551706], [127.13092190973707, 37.592226360227954], [127.13151652777468, 37.59275253922133], [127.13217310573084, 37.59322980414298], [127.13288532019483, 37.593653557703874], [127.13364631146976, 37.59401971799172], [127.13444874966166, 37.59432475781794], [127.13528490531378, 37.594565738719666], [127.13614672390453, 37.59474033928807], [127.1370259034895, 37.59484687754915], [127.13791397473678, 37.594884327180154], [127.13792950703605, 37.594883767776246], [127.13757961793709, 37.594982173147756], [127.13677421859502, 37.59528224914138], [127.13600965502204, 37.595643689464055], [127.13529328918862, 37.596063014093104], [127.1346320193389, 37.596536185624764], [127.13403221358564, 37.59705864812119], [127.13349964859252, 37.59762537094965], [127.13303945393382, 37.598230897193126], [127.13265606266764, 37.59886939616753], [127.13235316859969, 37.59953471954119], [127.1321336906509, 37.60022046051732], [127.1319997446741, 37.60092001551069], [127.13195262299436, 37.6016266477255], [127.13199278187275, 37.602333552022834], [127.13211983701797, 37.60303392045336], [127.1323325671928, 37.603721007824454], [127.13262892588412, 37.60438819667015], [127.13300606092736, 37.60502906099777], [127.13346034190026, 37.605637428196836], [127.13378360444956, 37.605987039402756], [127.13370804806206, 37.606015183335465], [127.13294335954414, 37.60637660248206], [127.13222687323244, 37.60679590710371], [127.13156548853067, 37.60726905998965], [127.13096557465728, 37.607791505381954], [127.13043290931698, 37.608358212812995], [127.12997262305053, 37.608963725514464], [127.12958914979863, 37.609602212933105], [127.12928618415715, 37.61026752684894], [127.12906664573708, 37.61095326055662], [127.12893265097469, 37.61165281054126], [127.12888549266599, 37.61235944005558], [127.12892562742604, 37.613066343986866], [127.12905267119723, 37.61376671438944], [127.12926540285324, 37.614453806051785], [127.12956177586784, 37.615121001466534], [127.12993893793984, 37.61576187457769], [127.13039325838776, 37.61637025268997], [127.13092036305403, 37.6169402759436], [127.1315151763844, 37.617466453780445], [127.13217197027944, 37.61794371785657], [127.13288441924848, 37.61836747089024], [127.13364566133548, 37.618733630973374], [127.13444836422956, 37.61903867091864], [127.13528479592283, 37.61927965226131], [127.13614689923301, 37.61945425358778], [127.13702636947102, 37.6195607929163], [127.13791473450294, 37.61959824391362], [127.13880343643174, 37.6195662457908], [127.13968391410903, 37.619465106782194], [127.1405476856782, 37.619295801174125], [127.14138643035079, 37.61905995991187], [127.14219206862458, 37.618759854875876], [127.14295684016795, 37.61839837697917], [127.14367337861741, 37.61797900829798], [127.14433478256558, 37.61750578850487], [127.1449346820544, 37.616983275928945], [127.14546729993198, 37.61641650361967], [127.1459275074815, 37.61581093083861], [127.14631087378731, 37.61517239044781], [127.14661370836345, 37.614507032702974], [127.14683309663563, 37.61382126599375], [127.14696692793777, 37.613121695103246], [127.14701391575545, 37.612415057582176], [127.14697361002553, 37.611708158850924], [127.1468464013759, 37.61100780665533], [127.14663351726911, 37.610320745507266], [127.14640140942478, 37.609798494057024], [127.14644311890535, 37.60978676234216], [127.14724863679568, 37.60948662170119], [127.14801328880097, 37.60912510986105], [127.14872970970988, 37.60870570922471], [127.14939099924787, 37.608232459772246], [127.14999078855936, 37.607709920118126], [127.15052330155385, 37.607143123572236], [127.15098341052474, 37.60653752962915], [127.15136668550572, 37.6058989713543], [127.15166943688999, 37.60523359917517], [127.15188875090391, 37.60454782162003], [127.15202251759574, 37.603848243576046], [127.15206945107244, 37.60314160266241], [127.15202910179305, 37.60243470433189], [127.15190186080376, 37.6017343563262], [127.15168895587725, 37.60104730311668], [127.1513924395976, 37.60038016096148], [127.15101516950837, 37.599739354204196], [127.15056078051889, 37.59913105342717], [127.1500336498369, 37.59856111605362], [127.14943885476784, 37.598035029969964], [127.14878212378895, 37.59755786070994], [127.14807754378657, 37.59713881937043], [127.14804280768264, 37.597101259711], [127.14744803824956, 37.59657516359359], [127.14679133282885, 37.596097983267136], [127.14607901564469, 37.59567431327243], [127.1453179460172, 37.59530823284979], [127.14451545232968, 37.59500326668961], [127.14367926149596, 37.59476235102085], [127.14281742460501, 37.59458780536277], [127.141938239457, 37.594481310210995], [127.14105017073402, 37.59444389087147], [127.14103463854622, 37.5944444506867], [127.14138452065536, 37.59434603502742], [127.14218989161935, 37.59404592737885], [127.14295440921529, 37.59368444668569], [127.14367070952677, 37.59326507505032], [127.14433189344079, 37.59279185217292], [127.14493159311863, 37.59226933641146], [127.1454640333324, 37.591702560845214], [127.14592408707547, 37.59109698476626], [127.14630732491202, 37.59045844106765], [127.14661005759139, 37.58979308003626], [127.1468293715184, 37.589107310092835], [127.14696315674021, 37.58840773605124], [127.14701012718339, 37.587701095492235], [127.14696983294905, 37.58699419386541], [127.14684266455141, 37.58629383894455], [127.14662984906246, 37.58560677526801], [127.14633343820343, 37.58493961919523], [127.14595628850147, 37.58429879520446], [127.14550203370567, 37.58369047404455], [127.14497504973093, 37.58312051333564], [127.1443804124698, 37.5825944011895], [127.14372384887996, 37.58211720339143]]], [[[127.20033908512023, 37.598628645068835], [127.1996264380152, 37.59820529697033], [127.19886507791328, 37.59783956070859], [127.19806233599049, 37.5975349576609], [127.197225941547, 37.597294420561035], [127.1963639476291, 37.59712026528469], [127.19548465354646, 37.59701416857047], [127.19459652502842, 37.59697715189004], [127.19370811278462, 37.59700957162219], [127.19282797025141, 37.597111115625175], [127.19196457131197, 37.59728080623966], [127.19112622877913, 37.597517009693945], [127.1903210144227, 37.597817451821285], [127.18955668130792, 37.59817923993808], [127.18884058919026, 37.59859889067369], [127.1881796336827, 37.59907236348479], [127.18758017987584, 37.59959509953242], [127.1870480010491, 37.60016206554924], [127.18658822306286, 37.600767802275435], [127.18620527496721, 37.60140647699856], [127.18590284630413, 37.60207193969255], [127.18568385151599, 37.602757782216635], [127.18555040180534, 37.60345740000506], [127.18550378471977, 37.60416405565443], [127.18554445166168, 37.60487094379717], [127.18567201344673, 37.60557125663648], [127.18588524395734, 37.606258249512244], [127.18618209185968, 37.60692530586583], [127.18655970027487, 37.607566000978146], [127.187014434218, 37.608174163866316], [127.18754191554406, 37.60874393674203], [127.18813706506582, 37.609269831457766], [127.18879415144052, 37.60974678239613], [127.1895068463554, 37.61017019529165], [127.19026828548081, 37.610535991513146], [127.19107113460386, 37.610840647379135], [127.19190766030474, 37.61108122812606], [127.19276980449305, 37.6112554162009], [127.19364926208428, 37.611361533604615], [127.1945375610656, 37.61139855807048], [127.19542614417648, 37.61136613292047], [127.19630645141429, 37.61126457050456], [127.19717000256635, 37.61109484918971], [127.19800847897041, 37.61085860392736], [127.19881380371199, 37.61055811049096], [127.19957821948383, 37.61019626353589], [127.20029436335405, 37.60977654869386], [127.2009553377208, 37.60930300897183], [127.20155477676875, 37.60878020578008], [127.20208690778563, 37.60821317496626], [127.2025466067484, 37.60760737828033], [127.2029294476438, 37.60696865073891], [127.20323174504946, 37.60630314439785], [127.20345058956721, 37.60561726907526], [127.20358387576927, 37.604917630597335], [127.20363032239159, 37.60421096716254], [127.2035894845826, 37.60350408443766], [127.20346175809294, 37.602803790011265], [127.2032483753697, 37.60211682783588], [127.20295139359618, 37.60144981329035], [127.20257367479584, 37.6008091694871], [127.20211885819562, 37.600201065437204], [127.201591325117, 37.59963135666789], [127.20099615673605, 37.599105528863106], [127.20033908512023, 37.598628645068835]]], [[[127.16699304029541, 37.60321709115022], [127.16628054005753, 37.602793542709286], [127.16551929819659, 37.60242759216525], [127.16471664475256, 37.60212276295798], [127.16388030817565, 37.60188198999806], [127.16301834095651, 37.60170759143109], [127.16213904214875, 37.601601246336934], [127.16125087752764, 37.60156397857748], [127.16036239815037, 37.60159614694771], [127.15948215809892, 37.601697441724745], [127.15861863219416, 37.60186688764767], [127.1577801344697, 37.60210285329977], [127.1569747381875, 37.60240306680308], [127.15621019816194, 37.602764637674674], [127.15549387613811, 37.603184084635394], [127.15483266993981, 37.603657369103935], [127.15423294706862, 37.604179934055175], [127.1537004833921, 37.60474674786982], [127.1532404075109, 37.60535235275453], [127.15285715134135, 37.605990917267576], [127.15255440739026, 37.60665629244561], [127.15233509313465, 37.6073420709922], [127.15220132285275, 37.60804164895944], [127.1521543871789, 37.608748289329256], [127.15219474058392, 37.6094551868831], [127.15232199690385, 37.61015553373544], [127.15253493296434, 37.61084258490029], [127.1528315002693, 37.611509723259246], [127.15320884464455, 37.612150523304855], [127.15366333365095, 37.61275881304472], [127.15419059150544, 37.613328733469636], [127.15478554117621, 37.61385479501153], [127.15544245324845, 37.6143319304464], [127.15615500109121, 37.61475554373163], [127.15691632179414, 37.61512155430553], [127.1577190822875, 37.61542643642127], [127.15855555000721, 37.615667253135065], [127.15941766742284, 37.61584168461989], [127.16029712970885, 37.615948050530804], [127.16118546480759, 37.61598532620599], [127.16207411511051, 37.615953152546254], [127.16295451996706, 37.61585183947774], [127.16381819822297, 37.615682362964314], [127.16465682998988, 37.61544635559825], [127.16546233685469, 37.615146090860584], [127.1662269597533, 37.614784461203115], [127.16694333375597, 37.614364950164116], [127.16760455904128, 37.61389159878739], [127.1682042673742, 37.61336896666932], [127.16873668344587, 37.61280208801036], [127.16919668048504, 37.61219642309578], [127.16957982960527, 37.611557805674245], [127.1698824424136, 37.610892386742336], [127.17010160647267, 37.61020657527793], [127.17023521327633, 37.609506976493925], [127.17028197847256, 37.60880032820839], [127.1702414541419, 37.608093435944035], [127.17011403301687, 37.607393107383174], [127.16990094460525, 37.60670608680882], [127.16960424325782, 37.60603899016382], [127.1692267883, 37.60539824135259], [127.16877221642049, 37.6047900103986], [127.16824490658719, 37.604220154051944], [127.16764993782941, 37.60369415941825], [127.16699304029541, 37.60321709115022]]]]}}]}