{
"type": "FeatureCollection",
"name": "isochrone_namwirye_60min",
"crs": { "type": "name", "properties": { "name": "urn:ogc:def:crs:OGC:1.3:CRS84" } },
"features": [
{ "type": "Feature", "properties": { "station": "namwirye", "threshold": "60min" }, "geometry": { "type": "MultiPolygon", "coordinates": [ [ [ [ 126.935484141740318, 37.465238986590499 ], [ 126.934606784425355, 37.465130959225426 ], [ 126.933720369300815, 37.46509199230163 ], [ 126.932833430594258, 37.465122460965809 ], [ 126.931954507564839, 37.465222071851066 ], [ 126.931092062359639, 37.465389865899724 ], [ 126.930254398609208, 37.465624227589963 ], [ 126.929449581543025, 37.465922900477871 ], [ 126.928685360391313, 37.466283008905648 ], [ 126.92796909381687, 37.466701085667914 ], [ 126.927307679093573, 37.467173105370698 ], [ 126.926707485711205, 37.467694523163097 ], [ 126.926174294045239, 37.468260318469902 ], [ 126.925713239681471, 37.468865043305513 ], [ 126.925328763932413, 37.469502874705192 ], [ 126.925024571022419, 37.47016767077006 ], [ 126.924803592355971, 37.470853029787591 ], [ 126.924667958215196, 37.471552351859003 ], [ 126.924618977161956, 37.472258902441403 ], [ 126.924657123346194, 37.472965877193062 ], [ 126.924782031845979, 37.47366646749812 ], [ 126.924992502087918, 37.474353926039612 ], [ 126.925154101310127, 37.474720927844693 ], [ 126.925104364163204, 37.474786156880221 ], [ 126.924719852275246, 37.475423985365786 ], [ 126.924415629306608, 37.476088778953937 ], [ 126.924194626951717, 37.476774135956127 ], [ 126.924058975721437, 37.477473456493151 ], [ 126.924009984342888, 37.478180006036929 ], [ 126.924033415726115, 37.478614307411448 ], [ 126.923949894352319, 37.478663045031425 ], [ 126.923288348239026, 37.479135040193896 ], [ 126.922688030445073, 37.479656435486135 ], [ 126.922154722543723, 37.480222210550053 ], [ 126.921693561240289, 37.480826917595479 ], [ 126.921308988877428, 37.481464733829448 ], [ 126.921004710610589, 37.482129517499644 ], [ 126.920783658667091, 37.482814867013296 ], [ 126.920707307269481, 37.483208353095506 ], [ 126.920676879400432, 37.483175234558189 ], [ 126.920084615930662, 37.482648002300984 ], [ 126.919430364401904, 37.482169567150841 ], [ 126.918720425429086, 37.481744535736119 ], [ 126.917961635453878, 37.481377000408628 ], [ 126.917161300931227, 37.48107049986799 ], [ 126.916327128006813, 37.480827985115212 ], [ 126.915467148360904, 37.480651791062492 ], [ 126.914589641930121, 37.480543614071102 ], [ 126.913703057249535, 37.48050449563312 ], [ 126.912815930177899, 37.48053481235327 ], [ 126.91193680178651, 37.480634272326853 ], [ 126.911074136197783, 37.480801917948625 ], [ 126.910236239162145, 37.481036135125471 ], [ 126.909431178153184, 37.481334668804692 ], [ 126.909037706922405, 37.48151994791769 ], [ 126.90890023956419, 37.481334544946414 ], [ 126.908375779225807, 37.480763538249093 ], [ 126.907783621830561, 37.480236245010339 ], [ 126.907129470475141, 37.479757742395066 ], [ 126.906419624810965, 37.479332637681324 ], [ 126.905660920382275, 37.478965023926783 ], [ 126.904860662821392, 37.478658440586081 ], [ 126.904026557533925, 37.478415839457305 ], [ 126.903166635549681, 37.478239556284009 ], [ 126.902289176250903, 37.478131288285176 ], [ 126.901402627719307, 37.478092077828727 ], [ 126.90051552546602, 37.478122302404884 ], [ 126.899636410323467, 37.478221670995659 ], [ 126.898773746286466, 37.47838922687518 ], [ 126.897935839090223, 37.478623356813962 ], [ 126.8971307563056, 37.478921806598848 ], [ 126.896366249718383, 37.47928170271981 ], [ 126.895649680736781, 37.47969958001562 ], [ 126.894987949543577, 37.480171415013153 ], [ 126.894387428673056, 37.480692664640557 ], [ 126.893853901651596, 37.481258309942774 ], [ 126.893392507292063, 37.481862904379739 ], [ 126.893007690179218, 37.482500626243748 ], [ 126.892703157823519, 37.483165334692345 ], [ 126.892481844897645, 37.483850628858391 ], [ 126.892345884902653, 37.484549909469521 ], [ 126.892296589539129, 37.485256442383942 ], [ 126.892334435985205, 37.485963423431961 ], [ 126.892426967719118, 37.486483617187901 ], [ 126.892341602371914, 37.486500190624149 ], [ 126.89150358479705, 37.486734273653155 ], [ 126.890698389546813, 37.487032678207903 ], [ 126.889933769488934, 37.487392531213935 ], [ 126.889217087123441, 37.487810367925285 ], [ 126.888555243724127, 37.488282165259875 ], [ 126.887954612905176, 37.488803380508806 ], [ 126.88742097925126, 37.489368995048387 ], [ 126.886959482601881, 37.489973562635214 ], [ 126.886574568526783, 37.490611261820575 ], [ 126.886269945470332, 37.491275951980832 ], [ 126.886048548979048, 37.491961232425496 ], [ 126.885912513359372, 37.492660504014729 ], [ 126.885863151040908, 37.49336703269411 ], [ 126.88590093984746, 37.494074014335084 ], [ 126.88602551830175, 37.494774640257525 ], [ 126.886235689012338, 37.495462162803378 ], [ 126.88652943011428, 37.496129960329675 ], [ 126.886903914656401, 37.496771600995004 ], [ 126.887338962899989, 37.497358543098045 ], [ 126.886633516779156, 37.497016659863377 ], [ 126.885833147197047, 37.496709947554592 ], [ 126.884998905381778, 37.496467211594272 ], [ 126.88413882367756, 37.496290789023256 ], [ 126.883261183003768, 37.496182378401762 ], [ 126.882374433187337, 37.496143023470033 ], [ 126.881487111675938, 37.496173103108553 ], [ 126.880607761411227, 37.49627232769415 ], [ 126.879744848649793, 37.496439741886959 ], [ 126.878906681519382, 37.49667373382136 ], [ 126.878838172708328, 37.496699111036847 ], [ 126.878866736863316, 37.496290841848676 ], [ 126.878829013577814, 37.495583858805396 ], [ 126.878704501224817, 37.494883225978988 ], [ 126.878494401293551, 37.49419569059949 ], [ 126.878200739355023, 37.493527873583922 ], [ 126.877826345470268, 37.492886205789524 ], [ 126.877374826860958, 37.492276866103609 ], [ 126.876850533108353, 37.491705721965324 ], [ 126.876258514218023, 37.491178272891126 ], [ 126.875604471955882, 37.490699597546524 ], [ 126.874894704925737, 37.490274304872543 ], [ 126.874136047917062, 37.489906489736121 ], [ 126.873335806107562, 37.489599693530209 ], [ 126.87250168475282, 37.489356870101481 ], [ 126.871641715038336, 37.489180357332785 ], [ 126.87076417680629, 37.489071854652508 ], [ 126.869877518898278, 37.48903240668686 ], [ 126.868990277877813, 37.48906239321164 ], [ 126.868110995912133, 37.489161525499675 ], [ 126.867248138600615, 37.489328849099245 ], [ 126.866410013537177, 37.489562753016457 ], [ 126.865604690387954, 37.489860985213703 ], [ 126.864839923250386, 37.490220674275598 ], [ 126.864123076038652, 37.490638357034484 ], [ 126.863461051611722, 37.491110011890562 ], [ 126.862860225324681, 37.491631097507039 ], [ 126.862326383642284, 37.492196596508833 ], [ 126.861864668405204, 37.492801063765747 ], [ 126.861479527286363, 37.493438678796025 ], [ 126.86117467091492, 37.494103301787426 ], [ 126.860953037083078, 37.494788532697456 ], [ 126.860816762382072, 37.495487772864635 ], [ 126.860767161543578, 37.49619428853849 ], [ 126.86080471468857, 37.496901275717128 ], [ 126.860929062609813, 37.497601925668505 ], [ 126.861139010137038, 37.49828949050444 ], [ 126.86143253755607, 37.498957348175921 ], [ 126.861806819975399, 37.499599066263336 ], [ 126.862258254456862, 37.500208463946656 ], [ 126.862782494652208, 37.5007796715579 ], [ 126.863374492614057, 37.501307187141386 ], [ 126.864028547380727, 37.501785929475695 ], [ 126.864738359867957, 37.502211287045427 ], [ 126.865497093539275, 37.50257916248971 ], [ 126.866297440270884, 37.502886012098053 ], [ 126.86713169077521, 37.503128879971477 ], [ 126.867991808903511, 37.50330542651924 ], [ 126.868869509110169, 37.503413951014778 ], [ 126.869756336329004, 37.503453407993554 ], [ 126.870643747489964, 37.503423417333401 ], [ 126.871523193887384, 37.503324267920391 ], [ 126.872386203602943, 37.503156914864377 ], [ 126.873224463185878, 37.502922970291252 ], [ 126.873292979567424, 37.50289759642672 ], [ 126.873264382053776, 37.503305863515195 ], [ 126.873302055695021, 37.504012846975748 ], [ 126.873426531433367, 37.504713484098694 ], [ 126.873636612868125, 37.505401027118637 ], [ 126.873930278995772, 37.506068854195966 ], [ 126.874304703588834, 37.506710533204981 ], [ 126.874756282339618, 37.507319883701342 ], [ 126.875280667509813, 37.507891036470966 ], [ 126.875872809755009, 37.508418490085866 ], [ 126.876527006722853, 37.508897163921084 ], [ 126.876745981050405, 37.509028337422222 ], [ 126.876287146625799, 37.509355237171377 ], [ 126.875686260517242, 37.509876385906928 ], [ 126.875152382858346, 37.51044194083385 ], [ 126.874690655838123, 37.511046456283722 ], [ 126.87430552724507, 37.51168411131092 ], [ 126.874000707590071, 37.512348765718073 ], [ 126.873779134314219, 37.51303401916001 ], [ 126.873642943428052, 37.513733272757925 ], [ 126.873593448858614, 37.514439792631492 ], [ 126.873631129705771, 37.515146774737751 ], [ 126.873755625534557, 37.51584741039273 ], [ 126.87396573975208, 37.516534951845088 ], [ 126.87425945104026, 37.517202777270043 ], [ 126.87434750708006, 37.517353663062522 ], [ 126.873675573586723, 37.51742941880682 ], [ 126.872812401809824, 37.51759677941957 ], [ 126.871973976201801, 37.517830718990957 ], [ 126.871168369320827, 37.518128985140883 ], [ 126.870403337995015, 37.518488706127947 ], [ 126.869686248681617, 37.518906418478046 ], [ 126.869024006570626, 37.519378100307435 ], [ 126.868589492392857, 37.519754845082524 ], [ 126.867956566349747, 37.519512253347422 ], [ 126.86712213147274, 37.519269390281913 ], [ 126.866261832805009, 37.519092836220942 ], [ 126.865383953353842, 37.518984290989756 ], [ 126.864496945243616, 37.518944799623846 ], [ 126.863609348406982, 37.518974742316466 ], [ 126.86272970843423, 37.519073830762451 ], [ 126.861866494368826, 37.519241110932242 ], [ 126.861656680307121, 37.519299631286671 ], [ 126.861282739989562, 37.519075582625256 ], [ 126.860523861559372, 37.518707679784477 ], [ 126.859723371008855, 37.518400790532809 ], [ 126.858888975987881, 37.518157869611748 ], [ 126.85802871031575, 37.517981255841825 ], [ 126.857150856682509, 37.517872649622952 ], [ 126.856263866964255, 37.51783309657749 ], [ 126.855376280916744, 37.517862977492278 ], [ 126.85449664402644, 37.517962004656617 ], [ 126.853633425307038, 37.518129224630677 ], [ 126.852794935829365, 37.518363027418339 ], [ 126.851989248765477, 37.518661161955968 ], [ 126.851224121714253, 37.519020757768978 ], [ 126.850506922053171, 37.519438352588246 ], [ 126.849844556033105, 37.519909925661594 ], [ 126.849243402297219, 37.520430936440775 ], [ 126.848709250462704, 37.520996368272506 ], [ 126.848247245356859, 37.521600776674639 ], [ 126.847861837444583, 37.522238341733456 ], [ 126.847556739925594, 37.522902924119236 ], [ 126.847334892916209, 37.523588124181785 ], [ 126.84719843506312, 37.524287343557845 ], [ 126.847148682864784, 37.524993848698195 ], [ 126.847186117903149, 37.525700835703269 ], [ 126.847310382112013, 37.526401495843359 ], [ 126.847520281131025, 37.52708908113263 ], [ 126.847813795716903, 37.527756969325303 ], [ 126.848188101105265, 37.528398727707788 ], [ 126.848639594140039, 37.529008175071695 ], [ 126.849163927911917, 37.52957944127013 ], [ 126.849756053574694, 37.530107023782435 ], [ 126.850410268938532, 37.530585840741701 ], [ 126.851120273373581, 37.531011279912796 ], [ 126.851879228495193, 37.531379243147825 ], [ 126.852679824046405, 37.531686185889519 ], [ 126.85351434834223, 37.531929151340798 ], [ 126.854374762595427, 37.532105798969866 ], [ 126.855252778406083, 37.532214427075608 ], [ 126.856139937665631, 37.532253989194615 ], [ 126.857027694103024, 37.532224104191272 ], [ 126.85790749568379, 37.532125059933463 ], [ 126.858770867065232, 37.531957810517873 ], [ 126.858980718907404, 37.53189929576358 ], [ 126.859354715694991, 37.532123351756731 ], [ 126.860113723235116, 37.53249126247826 ], [ 126.860914365168867, 37.532798149756928 ], [ 126.861748929363813, 37.533041057330003 ], [ 126.862609376647853, 37.533217645223466 ], [ 126.863487418302469, 37.533326212311849 ], [ 126.864374595969863, 37.533365712719764 ], [ 126.865262363201396, 37.533335765906436 ], [ 126.866142167858612, 37.533236660335426 ], [ 126.867005534569302, 37.533069350694355 ], [ 126.867844146441158, 37.532835448691245 ], [ 126.868649925242622, 37.532537207516491 ], [ 126.869415109275238, 37.532177500120945 ], [ 126.870132328184908, 37.531759791519853 ], [ 126.87079467398901, 37.531288105390772 ], [ 126.871229244924379, 37.530911353741445 ], [ 126.871862277607036, 37.531153928439601 ], [ 126.872696860171544, 37.531396758864041 ], [ 126.873557315573322, 37.531573267097386 ], [ 126.874435355015265, 37.531681752781914 ], [ 126.875322520160765, 37.531721170826799 ], [ 126.876210264681887, 37.531691141485062 ], [ 126.877090036659169, 37.531591954015695 ], [ 126.877953361035566, 37.531424563895598 ], [ 126.878791921327149, 37.531190583608385 ], [ 126.879597639799954, 37.530892267098807 ], [ 126.880082980464167, 37.530664047118144 ], [ 126.880691098828393, 37.531108834970794 ], [ 126.881401282772956, 37.531534093636452 ], [ 126.88216039468972, 37.531901863609328 ], [ 126.882961122809078, 37.532208602194146 ], [ 126.883795754166982, 37.53245135456099 ], [ 126.884656248943173, 37.532627782231486 ], [ 126.885534317960733, 37.532736185624309 ], [ 126.886421502597813, 37.532775520441739 ], [ 126.887309256338455, 37.532745407738936 ], [ 126.887336317134498, 37.532742354398344 ], [ 126.887093800206159, 37.532915120377353 ], [ 126.886492797221649, 37.533436321014264 ], [ 126.885958830051223, 37.534001921777431 ], [ 126.885497041747712, 37.53460647655767 ], [ 126.885111880691952, 37.535244164030992 ], [ 126.884807057710148, 37.535908843687864 ], [ 126.8845855102782, 37.536594114939987 ], [ 126.884449374160866, 37.537293378736919 ], [ 126.884444591206915, 37.537361769752685 ], [ 126.88393351695143, 37.537298673937507 ], [ 126.883046280327761, 37.537259319993673 ], [ 126.882158471783285, 37.537289400134448 ], [ 126.881278638945105, 37.537388624731989 ], [ 126.880415252712453, 37.537556038446738 ], [ 126.879576625768465, 37.537790029418368 ], [ 126.878770832608808, 37.538088344772561 ], [ 126.878005631854563, 37.538448112294816 ], [ 126.877288391594107, 37.538865868063738 ], [ 126.8766260184711, 37.539337589778192 ], [ 126.876061002871751, 37.53982742883624 ], [ 126.875927549078867, 37.539810944029668 ], [ 126.875040287763639, 37.539771529718529 ], [ 126.87415244705376, 37.539801549356348 ], [ 126.873272574885775, 37.539900713897566 ], [ 126.87240914253718, 37.540068068580574 ], [ 126.87157046313456, 37.540302002113179 ], [ 126.870764611678112, 37.540600262173939 ], [ 126.869999347349534, 37.540959977080682 ], [ 126.869282038848652, 37.541377683418496 ], [ 126.868619593475486, 37.541849359362324 ], [ 126.868018390638824, 37.542370463374084 ], [ 126.867484220430754, 37.542935977903284 ], [ 126.867022227858072, 37.54354045767181 ], [ 126.866957477347057, 37.54364759475655 ], [ 126.866449976286916, 37.543584868056072 ], [ 126.865562676285975, 37.543545382192249 ], [ 126.864674788024104, 37.543575330105462 ], [ 126.863794859895208, 37.543674423440343 ], [ 126.862931363715063, 37.543841708120603 ], [ 126.862092613224121, 37.544075573527792 ], [ 126.861286684106318, 37.544373767996227 ], [ 126.860521336290248, 37.544733420475133 ], [ 126.859803939278763, 37.545151068150751 ], [ 126.859141401223212, 37.545622689762887 ], [ 126.858540102424087, 37.546143744296771 ], [ 126.858005833896726, 37.546709214678593 ], [ 126.857543741594014, 37.547313656055692 ], [ 126.857158276822759, 37.547951248197322 ], [ 126.856853153332935, 37.54861585151334 ], [ 126.856631311493942, 37.549301066152154 ], [ 126.856494889905846, 37.550000293610125 ], [ 126.856445204721098, 37.550706800259967 ], [ 126.856482736879485, 37.551413782187154 ], [ 126.856530146918615, 37.551680827987319 ], [ 126.856456921361016, 37.55170791476889 ], [ 126.855691475283578, 37.552067534586719 ], [ 126.854973980853742, 37.552485151498075 ], [ 126.85431134716039, 37.55295674453923 ], [ 126.853709955424378, 37.553477772970737 ], [ 126.853175597555804, 37.554043219970538 ], [ 126.852927136745734, 37.554368150746392 ], [ 126.852597150854123, 37.554405273633598 ], [ 126.851733506686898, 37.554572474734179 ], [ 126.850894601621704, 37.554806258725336 ], [ 126.850088512829444, 37.555104374725175 ], [ 126.849323001774792, 37.555463952438529 ], [ 126.848605439531056, 37.555881529771661 ], [ 126.847942735839467, 37.556353086142011 ], [ 126.847341272594392, 37.556874081163393 ], [ 126.84680684239396, 37.557439498335604 ], [ 126.8463445927473, 37.558043893318903 ], [ 126.84595897647624, 37.558681446330013 ], [ 126.845653708789655, 37.559346018156283 ], [ 126.84543173144597, 37.560031209250113 ], [ 126.845295184350817, 37.560730421335357 ], [ 126.845245384866274, 37.561436920933481 ], [ 126.845282815034054, 37.562143904198535 ], [ 126.845407116839311, 37.562844562436844 ], [ 126.84561709556391, 37.563532147680618 ], [ 126.845910731201002, 37.564200037684024 ], [ 126.846285197824059, 37.564841799715339 ], [ 126.8467368907272, 37.565451252530139 ], [ 126.846830888487148, 37.565553619818076 ], [ 126.846865132427453, 37.565599823281445 ], [ 126.847389704791837, 37.566171096114026 ], [ 126.847982103543728, 37.566698686866388 ], [ 126.848636623863996, 37.567177513590998 ], [ 126.849346962185678, 37.56760296395737 ], [ 126.850106276907596, 37.567970939708559 ], [ 126.850907254307785, 37.568277896165569 ], [ 126.85174217902123, 37.568520876398154 ], [ 126.852603008401132, 37.568697539731275 ], [ 126.853481450045891, 37.568806184311882 ], [ 126.854369041741805, 37.568845763517373 ], [ 126.855257233048732, 37.568815896047411 ], [ 126.856137467739771, 37.568716869600976 ], [ 126.857001266296791, 37.568549638103505 ], [ 126.85784030766429, 37.568315812510498 ], [ 126.858646509470503, 37.568017645276854 ], [ 126.859412105939583, 37.567658008641892 ], [ 126.860129722742528, 37.567240366940219 ], [ 126.860792448062497, 37.566768743206104 ], [ 126.861393899189309, 37.566247680394206 ], [ 126.861928283999887, 37.565682197591549 ], [ 126.862313105819254, 37.565178906414616 ], [ 126.862378501653154, 37.565171545236161 ], [ 126.863242245861599, 37.56500426746819 ], [ 126.864081228432326, 37.56477039683466 ], [ 126.864887367560399, 37.564472186224428 ], [ 126.865652898074501, 37.564112508294699 ], [ 126.866370446281437, 37.56369482777783 ], [ 126.86703310102574, 37.56322316808189 ], [ 126.86763448027753, 37.562702072507783 ], [ 126.868168792606525, 37.562136560457887 ], [ 126.868630892949753, 37.561532079059241 ], [ 126.869016332135985, 37.560894450668755 ], [ 126.869321399691074, 37.560229816767254 ], [ 126.869543159513569, 37.559544578784063 ], [ 126.869679478079092, 37.558845336423062 ], [ 126.869729044905128, 37.558138824085262 ], [ 126.86969138508158, 37.557431846000732 ], [ 126.869643924650759, 37.55716480528379 ], [ 126.869717150920934, 37.557137710353494 ], [ 126.870482583114978, 37.55677799976916 ], [ 126.871200033853469, 37.556360288499278 ], [ 126.871862592920351, 37.555888600247926 ], [ 126.872463879207743, 37.555367478590796 ], [ 126.872998102181043, 37.554801943181161 ], [ 126.873413489206868, 37.554258450622974 ], [ 126.874014643542054, 37.554332706300201 ], [ 126.874902076716012, 37.554372129769931 ], [ 126.875790090129385, 37.554342106120203 ], [ 126.876670129270352, 37.554242924555247 ], [ 126.877533716506292, 37.554075540495319 ], [ 126.878372532819313, 37.553841566365982 ], [ 126.879178498007647, 37.553543256053175 ], [ 126.8799438485769, 37.553183483174536 ], [ 126.880661212568796, 37.552765713376871 ], [ 126.881323680603657, 37.552293970927977 ], [ 126.881924872451236, 37.551772799925416 ], [ 126.882049080491171, 37.551641278566194 ], [ 126.882927423600151, 37.551680239430823 ], [ 126.883815402683908, 37.551650155093604 ], [ 126.884695400321547, 37.551550913289219 ], [ 126.885558939280614, 37.551383470018429 ], [ 126.88639770100886, 37.551149438277434 ], [ 126.887203605830862, 37.550851072507271 ], [ 126.887968890834443, 37.550491246859885 ], [ 126.888686184693583, 37.550073427490425 ], [ 126.889348578704869, 37.549601639144115 ], [ 126.889949693351738, 37.549080426360518 ], [ 126.890483739754274, 37.548514809670195 ], [ 126.890945575412104, 37.547910237207141 ], [ 126.891330753704267, 37.547272532204275 ], [ 126.891635566669834, 37.546607836879083 ], [ 126.891857080659278, 37.545922553251188 ], [ 126.891993164515455, 37.545223281462725 ], [ 126.891997941179852, 37.545154890175837 ], [ 126.892509076254683, 37.545217951532798 ], [ 126.893396413097193, 37.545257235191542 ], [ 126.894284312827565, 37.545227071383913 ], [ 126.895164222030047, 37.545127750664925 ], [ 126.896027664324933, 37.544960229795869 ], [ 126.896866322092066, 37.544726122520636 ], [ 126.897672116658441, 37.544427684008056 ], [ 126.89843728617501, 37.544067789110805 ], [ 126.899154460429187, 37.543649904651055 ], [ 126.899816731870644, 37.543178056000826 ], [ 126.900417722164349, 37.54265678828029 ], [ 126.900951643628886, 37.542091122548825 ], [ 126.90110139566265, 37.541895022206127 ], [ 126.901672113925471, 37.54196539232224 ], [ 126.902559417985373, 37.542004606851933 ], [ 126.903447276365767, 37.541974373760638 ], [ 126.904327136049531, 37.541874984271125 ], [ 126.905190521134557, 37.541707395807435 ], [ 126.906029114552325, 37.541473222764843 ], [ 126.906834838250504, 37.541174720945897 ], [ 126.907599931063388, 37.540814765813188 ], [ 126.908317023518123, 37.540396824769104 ], [ 126.908979208853054, 37.53992492373068 ], [ 126.909580109563407, 37.539403608322587 ], [ 126.910113938831302, 37.538837900063257 ], [ 126.910575556249071, 37.538233247967938 ], [ 126.910960517298648, 37.537595476035619 ], [ 126.911265116112006, 37.536930727127441 ], [ 126.911486421102424, 37.536245403777968 ], [ 126.911622303125355, 37.535546106510772 ], [ 126.911671455900915, 37.534839570253141 ], [ 126.911633408504272, 37.534132599463085 ], [ 126.911611433205195, 37.534009314147312 ], [ 126.911658179545725, 37.534043480979634 ], [ 126.912368569450521, 37.534468554941938 ], [ 126.913127865675662, 37.534836127218163 ], [ 126.913928754673748, 37.535142657017673 ], [ 126.914763521928791, 37.535385191522266 ], [ 126.915624126309567, 37.535561394352925 ], [ 126.91650227758187, 37.535669568095152 ], [ 126.917389516330331, 37.535708670664498 ], [ 126.918277295517271, 37.535678325354503 ], [ 126.919157062889155, 37.535578824469482 ], [ 126.920020343433976, 37.535411126506986 ], [ 126.920858821091358, 37.535176846917466 ], [ 126.921664418925261, 37.534878242530084 ], [ 126.922429376983771, 37.534518189795612 ], [ 126.923146327093349, 37.534100157056599 ], [ 126.923808363864879, 37.533628171113222 ], [ 126.924409111225771, 37.533106778407628 ], [ 126.924942783836443, 37.532541001202439 ], [ 126.925404242799033, 37.531936289176457 ], [ 126.925721009573209, 37.531411238921343 ], [ 126.925912233115611, 37.531619215282177 ], [ 126.92650492049772, 37.532146417509551 ], [ 126.927159649861707, 37.532624813427759 ], [ 126.927870115620095, 37.533049794856808 ], [ 126.928629474938248, 37.533417268058216 ], [ 126.929430413659873, 37.533723693195917 ], [ 126.930265216789024, 37.533966118460221 ], [ 126.931125842848175, 37.534142208524898 ], [ 126.932004001393693, 37.534250267062184 ], [ 126.932891232939951, 37.534289253097981 ], [ 126.93377899051859, 37.534258791048991 ], [ 126.934658722084478, 37.534159174344616 ], [ 126.935521952971015, 37.533991362598663 ], [ 126.936360367596876, 37.53375697235812 ], [ 126.937165889634173, 37.533458261518433 ], [ 126.937930759862141, 37.533098107556064 ], [ 126.938647610954547, 37.53267997978886 ], [ 126.939309538477303, 37.532207905932353 ], [ 126.939910167411512, 37.531686433275397 ], [ 126.940443713559517, 37.531120584850513 ], [ 126.940905039242793, 37.530515811022028 ], [ 126.941289702755029, 37.529877936960297 ], [ 126.941594001095424, 37.529213106508749 ], [ 126.941815005572067, 37.528527722985771 ], [ 126.941950589935203, 37.527828387492846 ], [ 126.941999450771576, 37.527121835323683 ], [ 126.941961119967274, 37.52641487108783 ], [ 126.941835969121882, 37.525714303173658 ], [ 126.941625205875681, 37.525026878182402 ], [ 126.941330862188252, 37.524359215964338 ], [ 126.940955774685435, 37.523717745882465 ], [ 126.940503557266553, 37.523108644916931 ], [ 126.939978566239375, 37.522537778205191 ], [ 126.93938585831981, 37.522010642589798 ], [ 126.938731141904, 37.521532313716044 ], [ 126.938020722081717, 37.521107397187443 ], [ 126.937261439922338, 37.520739984248394 ], [ 126.937135458677901, 37.520691788595542 ], [ 126.937192974818572, 37.520616383692186 ], [ 126.9373402098296, 37.520372221652721 ], [ 126.937395439341671, 37.520393350367513 ], [ 126.938230120975419, 37.520635718876704 ], [ 126.938957545240029, 37.520784528790251 ], [ 126.939447987757234, 37.520926932585525 ], [ 126.940308486849986, 37.521102955080039 ], [ 126.941186506900337, 37.521210944444455 ], [ 126.942073589757598, 37.521249860371448 ], [ 126.942961189886901, 37.521219327953503 ], [ 126.943840756761034, 37.521119641298142 ], [ 126.944703817301303, 37.520951760693251 ], [ 126.945542057568673, 37.520717303349201 ], [ 126.946347402916231, 37.520418527807777 ], [ 126.94711209582654, 37.520058312168565 ], [ 126.947828770682605, 37.519640126343219 ], [ 126.948490524748905, 37.519167998606136 ], [ 126.948695593678394, 37.518989889766125 ], [ 126.948795019954147, 37.519037990072974 ], [ 126.949595889900621, 37.519344278621126 ], [ 126.950430600437869, 37.519586561169483 ], [ 126.951291110980122, 37.519762503767474 ], [ 126.952169132196872, 37.519870411508734 ], [ 126.953056205926018, 37.519909244872629 ], [ 126.953943786720643, 37.519878629747353 ], [ 126.954823324239996, 37.519778861037615 ], [ 126.95568634568852, 37.519610899822055 ], [ 126.956524537504293, 37.519376364087918 ], [ 126.957329825507784, 37.519077513132359 ], [ 126.958094452734798, 37.518717225781636 ], [ 126.958811054201817, 37.518298972638256 ], [ 126.95947272788122, 37.517826782625086 ], [ 126.960073101200848, 37.517305204149274 ], [ 126.960606392426598, 37.516739261261769 ], [ 126.961067466336402, 37.516134405235903 ], [ 126.961083076336749, 37.516108500571768 ], [ 126.961673223428889, 37.516229113309137 ], [ 126.962551219204414, 37.51633694372655 ], [ 126.963438257462229, 37.516375698852436 ], [ 126.964325793097288, 37.516345005328986 ], [ 126.965205276204316, 37.516245158816531 ], [ 126.96606823451242, 37.516077121143518 ], [ 126.966906355068616, 37.515842511033945 ], [ 126.967711564380593, 37.515543588501686 ], [ 126.968476106243045, 37.515183233062523 ], [ 126.969192616495647, 37.514764915974936 ], [ 126.969854193990329, 37.514292666777614 ], [ 126.970454467082277, 37.513771034447657 ], [ 126.970987655003611, 37.5132050435545 ], [ 126.971448623527934, 37.51260014583346 ], [ 126.971832934390264, 37.511962167646722 ], [ 126.972136887986892, 37.511297253838912 ], [ 126.972357558946328, 37.510611808529511 ], [ 126.972492824230201, 37.509912433413206 ], [ 126.972541383497102, 37.509205864163498 ], [ 126.972502771535474, 37.508498905552649 ], [ 126.972453669915623, 37.508224623241119 ], [ 126.972809889559954, 37.508484733394603 ], [ 126.973520390396303, 37.508909442171749 ], [ 126.974279733997605, 37.509276623194367 ], [ 126.975080606356286, 37.509582739442145 ], [ 126.975915293113886, 37.509824842082452 ], [ 126.976775753912989, 37.510000598898586 ], [ 126.97765369990195, 37.51010831677479 ], [ 126.978134879287865, 37.510129280313116 ], [ 126.978478965491774, 37.510199556679396 ], [ 126.979356916405479, 37.510307261928048 ], [ 126.980243893529448, 37.510345890406526 ], [ 126.981131352347958, 37.510315069977771 ], [ 126.982010743696378, 37.510215097525112 ], [ 126.982873596188639, 37.510046936090774 ], [ 126.983711597892281, 37.509812205591359 ], [ 126.984516676461084, 37.509513167200787 ], [ 126.98528107695067, 37.509152701551045 ], [ 126.985997436563963, 37.508734280962258 ], [ 126.986178637599863, 37.50860487924384 ], [ 126.986525729872227, 37.508647438338755 ], [ 126.987412691689187, 37.508686012876559 ], [ 126.988300128528536, 37.508655138409438 ], [ 126.989179491437625, 37.508555112341575 ], [ 126.989584346001067, 37.508476183181536 ], [ 126.989682681951891, 37.50856356260261 ], [ 126.990337614610823, 37.509041611673311 ], [ 126.991048221230159, 37.509466215750642 ], [ 126.991807657613535, 37.509833284732039 ], [ 126.99260860885839, 37.510139282676612 ], [ 126.993443359845145, 37.510381261891624 ], [ 126.994303869596664, 37.510556891349836 ], [ 126.995181848788945, 37.510664479162799 ], [ 126.996068839664517, 37.510702988893428 ], [ 126.996956297574926, 37.510672049549044 ], [ 126.996958448934393, 37.510671804690034 ], [ 126.997521675368887, 37.511172179453879 ], [ 126.998176681124647, 37.511650185376702 ], [ 126.998887357253167, 37.512074742606963 ], [ 126.999646858887914, 37.51244176149325 ], [ 127.000447870497027, 37.512747706577287 ], [ 127.001282676378864, 37.512989630675619 ], [ 127.002143235026821, 37.513165203291997 ], [ 127.002540807916972, 37.513213894204334 ], [ 127.002564674217041, 37.513647660429633 ], [ 127.002690374778183, 37.514348169445867 ], [ 127.00290167063612, 37.515035490599807 ], [ 127.003196529087063, 37.515703004181937 ], [ 127.00357211241402, 37.516344281079803 ], [ 127.004024805141285, 37.51695314471668 ], [ 127.004550248791986, 37.517523730563404 ], [ 127.00514338381636, 37.518050542649249 ], [ 127.00579849828884, 37.518528506526351 ], [ 127.006509282905711, 37.518953018176347 ], [ 127.007268891754705, 37.519319988386691 ], [ 127.008070008270423, 37.519625882167851 ], [ 127.008904915739734, 37.519867752830528 ], [ 127.009765571676667, 37.520043270393288 ], [ 127.010643685347688, 37.520150744045971 ], [ 127.011530797698569, 37.520189138451578 ], [ 127.01154568914545, 37.520188617474957 ], [ 127.011837007675467, 37.52058034135036 ], [ 127.012362536330386, 37.521150892690677 ], [ 127.012955755147203, 37.521677665809072 ], [ 127.013610951392593, 37.522155586632792 ], [ 127.014321814974593, 37.52258005155803 ], [ 127.01508149921959, 37.522946971822179 ], [ 127.015882686835155, 37.523252812916851 ], [ 127.016717660422614, 37.523494628660302 ], [ 127.017578376858438, 37.523670089600245 ], [ 127.018456544825625, 37.523777505472147 ], [ 127.019343704746476, 37.523815841495868 ], [ 127.02023131034268, 37.523784728352908 ], [ 127.020306262964496, 37.523776184060551 ], [ 127.020147940192146, 37.524039315071533 ], [ 127.01984435829354, 37.524704353651138 ], [ 127.019624077787711, 37.525389888829118 ], [ 127.019489222243365, 37.526089319006452 ], [ 127.01944109273316, 37.526795908594636 ], [ 127.019480155213856, 37.527502852871237 ], [ 127.019606035944932, 37.528203343508423 ], [ 127.019817524993684, 37.528890634143458 ], [ 127.020112587796575, 37.529558105359641 ], [ 127.020488384668909, 37.530199328451495 ], [ 127.020941298078199, 37.530808127359499 ], [ 127.021466967421688, 37.531378638176975 ], [ 127.02206033097508, 37.531905365654985 ], [ 127.02271567461041, 37.532383236159951 ], [ 127.023426686815341, 37.532807646572323 ], [ 127.024186519483692, 37.533174508654291 ], [ 127.024987853892299, 37.533480288457682 ], [ 127.025822971227385, 37.533722040391076 ], [ 127.026683826979436, 37.533897435616872 ], [ 127.027562128488313, 37.534004784503693 ], [ 127.02844941488874, 37.534043052916864 ], [ 127.02933713868309, 37.534011872189474 ], [ 127.030216748152341, 37.533911542677558 ], [ 127.031079769808329, 37.533743030864791 ], [ 127.031917890089019, 37.533507960044936 ], [ 127.03272303550699, 37.533208594671962 ], [ 127.033487450475633, 37.532847818529291 ], [ 127.034169135370036, 37.532449353330634 ], [ 127.034780176979652, 37.532894801124577 ], [ 127.03549126314924, 37.53331913935456 ], [ 127.036251160901656, 37.533685924209962 ], [ 127.037052550885889, 37.533991622486589 ], [ 127.037887713751971, 37.534233289378598 ], [ 127.038748604551046, 37.534408596867884 ], [ 127.039626930284896, 37.534515856168589 ], [ 127.040514229854523, 37.534554034009453 ], [ 127.041401955635237, 37.534522762596509 ], [ 127.042281555888977, 37.53442234315979 ], [ 127.043144557216564, 37.534253743049661 ], [ 127.043982646252232, 37.534018586410859 ], [ 127.044787749810098, 37.533719138524361 ], [ 127.045552112707611, 37.533358283968703 ], [ 127.046268372513453, 37.53293949881175 ], [ 127.046929630497871, 37.532466817101898 ], [ 127.047529518100333, 37.531944791982674 ], [ 127.048062258273006, 37.53137845180656 ], [ 127.048522721109393, 37.530773251672102 ], [ 127.048906473222146, 37.530135020852448 ], [ 127.049209820395873, 37.529469906623007 ], [ 127.049429843105756, 37.528784315030563 ], [ 127.049564424562007, 37.528084849175109 ], [ 127.049612271013189, 37.527378245600083 ], [ 127.04957292411558, 37.526671309404108 ], [ 127.049446765253577, 37.525970848699515 ], [ 127.049400663502254, 37.525821227925377 ], [ 127.050072778203784, 37.526077548064464 ], [ 127.050907896048031, 37.526319122900489 ], [ 127.051768727524887, 37.52649433531645 ], [ 127.052646980207626, 37.526601497442883 ], [ 127.053534193701296, 37.526639576945122 ], [ 127.054421821210966, 37.526608206977016 ], [ 127.055301311946081, 37.52650768971845 ], [ 127.056164193563475, 37.526338993462495 ], [ 127.057002153851641, 37.526103743280323 ], [ 127.057807120866187, 37.525804205354184 ], [ 127.058571340741082, 37.525443265130022 ], [ 127.059287452424002, 37.525024399500822 ], [ 127.059948558613186, 37.524551643289946 ], [ 127.060548292211337, 37.524029550358186 ], [ 127.061080877654931, 37.523463149710778 ], [ 127.06154118652853, 37.522857897028175 ], [ 127.061924786928245, 37.52221962208899 ], [ 127.062227986100154, 37.521554472592882 ], [ 127.062266658807928, 37.521433886366879 ], [ 127.062760898302201, 37.521337223991758 ], [ 127.063598782243218, 37.521101926321542 ], [ 127.064403669391695, 37.520802342675559 ], [ 127.065167806651672, 37.520441358940147 ], [ 127.065883833767259, 37.520022452427341 ], [ 127.066544854251987, 37.51954965835418 ], [ 127.067144501834548, 37.519027530945991 ], [ 127.067677001780453, 37.518461099539792 ], [ 127.068137226498081, 37.517855820112004 ], [ 127.068520744894286, 37.517217522698481 ], [ 127.068618566156502, 37.517002864890124 ], [ 127.068810742265697, 37.517117484479186 ], [ 127.069570641747347, 37.517484055943086 ], [ 127.070371997295638, 37.51778952872646 ], [ 127.071207089890891, 37.518030960196654 ], [ 127.072067875260515, 37.518206024604659 ], [ 127.072090414784228, 37.518208771231599 ], [ 127.072601741654751, 37.518403672149127 ], [ 127.073436848412257, 37.518645087915168 ], [ 127.074297646189478, 37.51882013612969 ], [ 127.07517584288405, 37.518927130505794 ], [ 127.076062978640394, 37.518965040325646 ], [ 127.07695050741296, 37.518933500378502 ], [ 127.077829879363193, 37.518832814482472 ], [ 127.07869262329335, 37.518663952555841 ], [ 127.079530428319813, 37.518428541266267 ], [ 127.080335223995505, 37.518128848348383 ], [ 127.081082767119796, 37.517775554581078 ], [ 127.081481043791086, 37.517967623947456 ], [ 127.082282453816987, 37.518273016220874 ], [ 127.083117590963184, 37.518514363722772 ], [ 127.083978410527209, 37.518689341513223 ], [ 127.084856620196405, 37.518796263984044 ], [ 127.085743759989995, 37.5188341011104 ], [ 127.086631283823479, 37.518802488382178 ], [ 127.087510641905936, 37.518701730318924 ], [ 127.08837336317346, 37.518532797534462 ], [ 127.08921113696114, 37.518297317379336 ], [ 127.090015893123308, 37.517997558251821 ], [ 127.090779879827608, 37.517636407729078 ], [ 127.091495738270439, 37.517217344730007 ], [ 127.092156573592149, 37.51674440597904 ], [ 127.092339541850009, 37.516584999022676 ], [ 127.092412017931309, 37.516708439912328 ], [ 127.092865437953762, 37.517316967446121 ], [ 127.093391564417502, 37.517887162183122 ], [ 127.093985331188776, 37.51841353191768 ], [ 127.094641020249355, 37.518891006461445 ], [ 127.094975059659888, 37.519090117308046 ], [ 127.094913676765572, 37.519281800645921 ], [ 127.094779534812488, 37.519981321845208 ], [ 127.09473211957706, 37.52068794717745 ], [ 127.094771890137352, 37.521394871571736 ], [ 127.094898465932218, 37.522095286887541 ], [ 127.095110630332442, 37.522782447483522 ], [ 127.095406342266443, 37.523449735191676 ], [ 127.095782755792911, 37.524090723070657 ], [ 127.096236247434589, 37.524699237323617 ], [ 127.096762451013319, 37.525269416783395 ], [ 127.097356299652589, 37.525795769391202 ], [ 127.098012074545522, 37.526273225123347 ], [ 127.098723460019301, 37.526697184855365 ], [ 127.099483604366156, 37.527063564691126 ], [ 127.100285185855199, 37.527368835328907 ], [ 127.101120483287843, 37.52761005608361 ], [ 127.101981450416005, 37.527784903236551 ], [ 127.102859793504081, 37.527891692438374 ], [ 127.103747051284884, 37.527929394948572 ], [ 127.104634676536278, 37.527897647554447 ], [ 127.105514118489666, 37.527796756073457 ], [ 127.106376905272882, 37.527627692405375 ], [ 127.10721472558987, 37.527392085162283 ], [ 127.108019508847107, 37.527092203967342 ], [ 127.10878350295188, 37.526730937574193 ], [ 127.109499349030344, 37.526311766018424 ], [ 127.110160152343227, 37.525838727070493 ], [ 127.110759548714896, 37.525316377314503 ], [ 127.111148858368651, 37.524901896859866 ], [ 127.111941701829082, 37.524998231894834 ], [ 127.112828930527499, 37.525035866026833 ], [ 127.113716518236956, 37.52500405014559 ], [ 127.114595914550819, 37.524903090728664 ], [ 127.114727729937883, 37.524877250079392 ], [ 127.114147023937463, 37.525292997617512 ], [ 127.11354765122276, 37.525815364700719 ], [ 127.113015443435145, 37.526382003903151 ], [ 127.112555526704497, 37.526987459111069 ], [ 127.112172331406569, 37.527625900322846 ], [ 127.111869549452791, 37.528291179761844 ], [ 127.111650098676449, 37.528976891053695 ], [ 127.111516094660175, 37.529676430898839 ], [ 127.111468830279051, 37.530383062647715 ], [ 127.111508763159605, 37.531089981166772 ], [ 127.111635511178577, 37.53179037837107 ], [ 127.111847856048797, 37.532477508792695 ], [ 127.112143754960925, 37.533144754553277 ], [ 127.11252036017288, 37.533785689114481 ], [ 127.11297404636089, 37.534394139192081 ], [ 127.11350044547234, 37.534964244236221 ], [ 127.11409448874646, 37.53549051290414 ], [ 127.114588212368133, 37.535849808583514 ], [ 127.11456708371189, 37.535896231814974 ], [ 127.11434763469363, 37.536581947249751 ], [ 127.11421364161518, 37.537281489319319 ], [ 127.114166397247303, 37.537988121352605 ], [ 127.11420635902472, 37.538695038213206 ], [ 127.114333144546791, 37.539395431831977 ], [ 127.114545535165917, 37.540082556775332 ], [ 127.114841487632987, 37.540749795217359 ], [ 127.11521815369062, 37.541390720689961 ], [ 127.115671907429515, 37.541999159996124 ], [ 127.11619838014667, 37.542569252689418 ], [ 127.116792502372547, 37.543095507545722 ], [ 127.117448552663831, 37.543572855482054 ], [ 127.117882009579048, 37.543831010234001 ], [ 127.118191468151338, 37.544056168764151 ], [ 127.118903136996337, 37.544480007229843 ], [ 127.119663560974573, 37.544846257613578 ], [ 127.120465415659396, 37.545151391860273 ], [ 127.120860472707136, 37.545265375839449 ], [ 127.120548617944209, 37.545537130279904 ], [ 127.120016321385805, 37.546103798662337 ], [ 127.119556338498356, 37.546709278758726 ], [ 127.119173100296365, 37.547347740328156 ], [ 127.118870299106604, 37.54801303539827 ], [ 127.118650852949813, 37.548698757444249 ], [ 127.118516877366559, 37.549398303062993 ], [ 127.118469664960642, 37.550104935549172 ], [ 127.118509672860426, 37.550811849761793 ], [ 127.118636518222559, 37.551512237656958 ], [ 127.118848981824513, 37.552199353855841 ], [ 127.119145019715333, 37.552866580616332 ], [ 127.11952178281588, 37.553507491582373 ], [ 127.119975644282917, 37.554115913696165 ], [ 127.120502234376332, 37.554685986676397 ], [ 127.121096482496171, 37.555212219488276 ], [ 127.121752665986477, 37.555689543260705 ], [ 127.122464465236789, 37.556113360139122 ], [ 127.123225024551218, 37.556479587602567 ], [ 127.124027018198873, 37.55678469781639 ], [ 127.124862721007773, 37.557025751640545 ], [ 127.125724082821634, 37.557200426964322 ], [ 127.126602806099598, 37.557307041093864 ], [ 127.127490425908874, 37.557344566975637 ], [ 127.128378391537026, 37.557312643099188 ], [ 127.129258148934056, 37.557211576983029 ], [ 127.129283818839923, 37.557206543635814 ], [ 127.129279341124871, 37.557273699658836 ], [ 127.129319454423893, 37.557980609918516 ], [ 127.129446412637861, 37.558680985957686 ], [ 127.129658995457973, 37.559368082511021 ], [ 127.129955157785389, 37.560035282024998 ], [ 127.130332049342684, 37.560676158405293 ], [ 127.130786042049237, 37.561284538926614 ], [ 127.131312764900528, 37.561854563707691 ], [ 127.131907146017326, 37.562380742177503 ], [ 127.132563461461913, 37.56285800598797 ], [ 127.133275390351841, 37.563281757861809 ], [ 127.134036075741619, 37.563647915904006 ], [ 127.134838190684718, 37.563952952948569 ], [ 127.135674008839672, 37.564193930560243 ], [ 127.1365354789381, 37.564368527362625 ], [ 127.137414302394916, 37.564475061418449 ], [ 127.138302013311474, 37.564512506445851 ], [ 127.139190060096894, 37.564480501713632 ], [ 127.140069887918912, 37.56437935551962 ], [ 127.140933021185788, 37.564210042218825 ], [ 127.141771145262297, 37.563974192829725 ], [ 127.142576186628119, 37.563674079309813 ], [ 127.14334039070458, 37.563312592652366 ], [ 127.144056396596397, 37.562893215016317 ], [ 127.14471730802714, 37.562419986158581 ], [ 127.145316759782744, 37.561897464493669 ], [ 127.145848979022617, 37.561330683156669 ], [ 127.146308840867192, 37.560725101494157 ], [ 127.146691917727139, 37.56008655245207 ], [ 127.146994521899785, 37.559421186367842 ], [ 127.146998114317171, 37.559409948454956 ], [ 127.147163994695404, 37.559589406695387 ], [ 127.147758470067814, 37.560115506043516 ], [ 127.148414867584734, 37.560592682333926 ], [ 127.149126865571859, 37.561016339132358 ], [ 127.149887606416755, 37.561382395459773 ], [ 127.150689762637711, 37.561687325130215 ], [ 127.151525607494648, 37.561928190743139 ], [ 127.1523870894612, 37.562102672001451 ], [ 127.1532659098376, 37.562209088081481 ], [ 127.15415360275459, 37.562246413838402 ], [ 127.155041616794776, 37.56221428969053 ], [ 127.155921397441617, 37.562113025086632 ], [ 127.156784469558445, 37.561943595522898 ], [ 127.157622519099874, 37.561707633138198 ], [ 127.158427473264567, 37.561407410978916 ], [ 127.158715882033249, 37.561270931140122 ], [ 127.159232677479309, 37.561728162509127 ], [ 127.159889162741138, 37.562205275306283 ], [ 127.160601241514996, 37.562628863186319 ], [ 127.161362055409327, 37.562994845834041 ], [ 127.162164276237718, 37.563299697773274 ], [ 127.163000176637055, 37.563540482352458 ], [ 127.163861704545127, 37.563714880055379 ], [ 127.164740560818984, 37.563821210863551 ], [ 127.16562827924318, 37.563858450453971 ], [ 127.166516308154371, 37.563826240075421 ], [ 127.167396092892645, 37.563724890007755 ], [ 127.168259158282126, 37.563555376570839 ], [ 127.169097190342455, 37.563319332711963 ], [ 127.169902116441307, 37.563019032262623 ], [ 127.169929980945909, 37.563005842993306 ], [ 127.169950706154623, 37.563020901870551 ], [ 127.170662850081044, 37.56344442931546 ], [ 127.171423721947477, 37.563810347346987 ], [ 127.172225993008325, 37.564115131111528 ], [ 127.173061935415831, 37.564355844614383 ], [ 127.173923496702542, 37.564530169024245 ], [ 127.174802377403509, 37.564636425029001 ], [ 127.175690111067652, 37.564673589026548 ], [ 127.176578145884619, 37.564641302994247 ], [ 127.177457927137638, 37.564539877941087 ], [ 127.178320979684585, 37.564370290909629 ], [ 127.179158989669133, 37.564134175556461 ], [ 127.179963884672077, 37.563833806402023 ], [ 127.180727911527029, 37.563472076902869 ], [ 127.18144371104863, 37.563052471557619 ], [ 127.182104388951331, 37.562579032316805 ], [ 127.182703582273689, 37.562056319621263 ], [ 127.18323552066758, 37.561489368445642 ], [ 127.183695081961659, 37.560883639771575 ], [ 127.18407784146423, 37.560244967959818 ], [ 127.184380114531791, 37.559579504528848 ], [ 127.184598991995003, 37.558893658883306 ], [ 127.184732368102928, 37.558194036563727 ], [ 127.18477896071974, 37.557487375613476 ], [ 127.184738323581939, 37.556780481676306 ], [ 127.184610850502111, 37.556080162449945 ], [ 127.184397771481898, 37.55539316212726 ], [ 127.184101140775581, 37.554726096456157 ], [ 127.183723817022383, 37.554085389043308 ], [ 127.18326943564243, 37.55347720951432 ], [ 127.182742373764725, 37.552907414125237 ], [ 127.182147708027387, 37.55238148939609 ], [ 127.181491165658429, 37.551904499308094 ], [ 127.180779069308798, 37.551481036571637 ], [ 127.180018276170188, 37.551115178433072 ], [ 127.179216111962631, 37.550810447444348 ], [ 127.178380300427676, 37.550569777572015 ], [ 127.177518889003338, 37.550395485970697 ], [ 127.176640171395462, 37.550289250691684 ], [ 127.175752607787558, 37.550252094540603 ], [ 127.174864743454833, 37.550284375238569 ], [ 127.1739851265624, 37.550385781981575 ], [ 127.173122225936126, 37.550555338430684 ], [ 127.172284349594079, 37.550791412104623 ], [ 127.17147956481972, 37.551091730084643 ], [ 127.171451705037313, 37.551104919768576 ], [ 127.171430982806726, 37.551089861138578 ], [ 127.170718951542739, 37.550666337976097 ], [ 127.169958216312978, 37.550300415237729 ], [ 127.169156102280766, 37.549995616097334 ], [ 127.168320332705179, 37.549754875177435 ], [ 127.167458954620898, 37.549580510316495 ], [ 127.166580261413245, 37.549474200270829 ], [ 127.165692713031092, 37.549436968565601 ], [ 127.164804854603233, 37.549469173648994 ], [ 127.163925234237936, 37.549570505444642 ], [ 127.163062320794339, 37.549739988334849 ], [ 127.162224422413587, 37.549975990546237 ], [ 127.161419606590798, 37.550276239847797 ], [ 127.161131245227708, 37.550412726776294 ], [ 127.160614515722784, 37.549955503165641 ], [ 127.159958132657138, 37.549478393913994 ], [ 127.159246182101896, 37.549054801841926 ], [ 127.158485519846749, 37.548688805441046 ], [ 127.157683470353248, 37.54838392859439 ], [ 127.156847756259978, 37.548143106672498 ], [ 127.155986424068118, 37.547968658293449 ], [ 127.155107766721727, 37.547862263017393 ], [ 127.154220243824881, 37.547824945189646 ], [ 127.153332400261178, 37.547857064087204 ], [ 127.152452783995869, 37.547958310463038 ], [ 127.152096140534226, 37.548028323671531 ], [ 127.152031127183662, 37.547917822144711 ], [ 127.151577041324288, 37.54730952146992 ], [ 127.151575188069856, 37.547307516394852 ], [ 127.151716345692165, 37.546865775668515 ], [ 127.15185000659325, 37.546166190471538 ], [ 127.151896901209881, 37.545459542544158 ], [ 127.151856580368374, 37.544752637406489 ], [ 127.15172943483401, 37.544052282866005 ], [ 127.151516691453494, 37.543365223457549 ], [ 127.151220401248906, 37.542698075499906 ], [ 127.150843419581037, 37.542057263393872 ], [ 127.150389378577117, 37.54144895777484 ], [ 127.149862652090192, 37.540879016114438 ], [ 127.149268313531024, 37.54035292634228 ], [ 127.148716533054539, 37.539951702194529 ], [ 127.14891636488467, 37.539326359644477 ], [ 127.149050037904189, 37.538626776787119 ], [ 127.149096953650684, 37.537920129178346 ], [ 127.149056662746034, 37.537213222335311 ], [ 127.148929555666328, 37.536512864082106 ], [ 127.148726925117458, 37.535858315783393 ], [ 127.14912011456893, 37.535844105212185 ], [ 127.149999592701931, 37.535742882760189 ], [ 127.150862373403911, 37.535573494268199 ], [ 127.151019330055789, 37.535529294683833 ], [ 127.15107768807394, 37.535517836993087 ], [ 127.151915458818266, 37.5352819126675 ], [ 127.152720150607578, 37.534981726767647 ], [ 127.153484012232738, 37.534620170983494 ], [ 127.154199686099048, 37.534200728139034 ], [ 127.154860279129608, 37.533727438618449 ], [ 127.155459429178137, 37.533204861419506 ], [ 127.155991366310261, 37.532638030211018 ], [ 127.156450968363274, 37.532032404818807 ], [ 127.156833810249026, 37.531393818608727 ], [ 127.157136206526346, 37.530728422275054 ], [ 127.157355246834911, 37.530042624576765 ], [ 127.157488823851182, 37.529343030593495 ], [ 127.157535653500275, 37.528636378096877 ], [ 127.157495287232223, 37.527929472650669 ], [ 127.157368116247696, 37.527229122065037 ], [ 127.157155367636392, 37.526542070836605 ], [ 127.15685909246865, 37.525874935205373 ], [ 127.156482145958591, 37.525234139453552 ], [ 127.15602815989304, 37.524625854059288 ], [ 127.155501507594551, 37.524055936299781 ], [ 127.15490726175824, 37.523529873874985 ], [ 127.15425114557047, 37.523052732093369 ], [ 127.153539477580765, 37.522629105127074 ], [ 127.152779110859029, 37.522263071804616 ], [ 127.15197736702261, 37.521958156365258 ], [ 127.151141965768872, 37.521717294551742 ], [ 127.150280950589035, 37.52154280536665 ], [ 127.149402611377212, 37.521436368763297 ], [ 127.148515404676914, 37.521399009484959 ], [ 127.147993272123784, 37.521417881521906 ], [ 127.148163882962308, 37.521042527627799 ], [ 127.148382976251, 37.520356745716008 ], [ 127.148516618984345, 37.519657161067656 ], [ 127.148563526453216, 37.518950511364871 ], [ 127.148523249356899, 37.518243602144935 ], [ 127.148396178036208, 37.517543241254906 ], [ 127.148183538620117, 37.516856173291252 ], [ 127.147887381126708, 37.516189014655694 ], [ 127.147510559636515, 37.51554818985263 ], [ 127.147056704732208, 37.514939869640543 ], [ 127.146530188473406, 37.514369911632528 ], [ 127.145936082245569, 37.513843803916579 ], [ 127.145280107891253, 37.513366612237753 ], [ 127.14456858259507, 37.512942931249036 ], [ 127.143808358053789, 37.512576840299396 ], [ 127.143006754516918, 37.512271864183127 ], [ 127.142171490331961, 37.512030939227266 ], [ 127.141310607671599, 37.51185638504235 ], [ 127.140432395155145, 37.511749882207354 ], [ 127.139545308107387, 37.511712456103091 ], [ 127.138657887218926, 37.511744467048572 ], [ 127.138345994255104, 37.511780346354932 ], [ 127.138274772189334, 37.511703230348132 ], [ 127.137680745234789, 37.51117708128227 ], [ 127.137024847015695, 37.510699843936294 ], [ 127.136313393984267, 37.510276113403016 ], [ 127.135553237142162, 37.509909969508548 ], [ 127.134973814255048, 37.509689466943463 ], [ 127.135034304465577, 37.509373073858036 ], [ 127.135081331777641, 37.50866642890886 ], [ 127.135041186610948, 37.50795951455315 ], [ 127.13492373453947, 37.507311429295179 ], [ 127.135399520150926, 37.506896477677088 ], [ 127.135931419931509, 37.506329734106338 ], [ 127.13639102040429, 37.505724184078765 ], [ 127.136773896493096, 37.505085660234144 ], [ 127.13680550815576, 37.505016123272014 ], [ 127.136809024563632, 37.505015718767098 ], [ 127.137671479990189, 37.504846424070493 ], [ 127.138508948523295, 37.504610592056899 ], [ 127.139313362961431, 37.504310494514975 ], [ 127.140076974767879, 37.503949022282434 ], [ 127.14079242875448, 37.503529657377335 ], [ 127.141452833961807, 37.50305643943198 ], [ 127.142051830051486, 37.502533926753699 ], [ 127.142583648570309, 37.501967152388936 ], [ 127.143043168495538, 37.501361575615256 ], [ 127.143425965527072, 37.500723029329656 ], [ 127.143511699069549, 37.50053438581326 ], [ 127.143733351819307, 37.500543731722559 ], [ 127.144620638233164, 37.500511681892483 ], [ 127.145499707208231, 37.5004104902549 ], [ 127.146362090468656, 37.50024113160211 ], [ 127.146554641593823, 37.500186890284844 ], [ 127.147059286794516, 37.500554052258948 ], [ 127.147770709271597, 37.500977718606585 ], [ 127.14853083620342, 37.501343784274347 ], [ 127.149332346023996, 37.501648722988158 ], [ 127.150167518223242, 37.501889597261943 ], [ 127.151028307758452, 37.502064086716537 ], [ 127.151906422604782, 37.502170510450227 ], [ 127.152793403694702, 37.502207843245074 ], [ 127.153680706473352, 37.502175725451735 ], [ 127.154559783281243, 37.502074466457508 ], [ 127.155422165767092, 37.501905041703871 ], [ 127.156259546533406, 37.501669083282394 ], [ 127.157063859225161, 37.501368864199861 ], [ 127.157827356287143, 37.501007276465003 ], [ 127.158542683637904, 37.500587803208639 ], [ 127.159202951539314, 37.500114485106735 ], [ 127.159801800977107, 37.499591881431215 ], [ 127.160333464912057, 37.499025026104668 ], [ 127.160792823811732, 37.498419379183979 ], [ 127.161175454928141, 37.497780774241171 ], [ 127.161477674847745, 37.497115362149884 ], [ 127.161696574905733, 37.496429551819887 ], [ 127.161830049125925, 37.495729948451711 ], [ 127.161876814419642, 37.495023289906761 ], [ 127.161836422852673, 37.494316381806669 ], [ 127.161709265865227, 37.493616031987067 ], [ 127.161496570408147, 37.492928984937279 ], [ 127.161200387036061, 37.49226185685739 ], [ 127.16082357007565, 37.491621071957447 ], [ 127.160369750063097, 37.491012800611848 ], [ 127.159843298719466, 37.490442899963398 ], [ 127.159249286802961, 37.489916857548316 ], [ 127.158593435246274, 37.489439738483505 ], [ 127.157882060050369, 37.489016136723535 ], [ 127.157122011466043, 37.488650130855376 ], [ 127.156320608048446, 37.488345244855033 ], [ 127.155485566218644, 37.488104414182793 ], [ 127.154624926009333, 37.487929957542285 ], [ 127.153746973706774, 37.487823554574156 ], [ 127.152860162132129, 37.487786229698408 ], [ 127.151973029325859, 37.48781834225997 ], [ 127.15109411641545, 37.487919583072646 ], [ 127.150231885453749, 37.488088977393645 ], [ 127.150039368067027, 37.488143224986402 ], [ 127.149534791191215, 37.487776075319886 ], [ 127.148823483282797, 37.487352419233204 ], [ 127.148063496150371, 37.486986355294178 ], [ 127.147262147758127, 37.486681408037882 ], [ 127.146427153998047, 37.486440513514268 ], [ 127.145566554440578, 37.486265991041527 ], [ 127.144688634981122, 37.486159520893899 ], [ 127.14380184812498, 37.486122128137843 ], [ 127.142914731674793, 37.486154172771606 ], [ 127.142035826600747, 37.486255346262588 ], [ 127.141173594880144, 37.486424674515874 ], [ 127.140336338094556, 37.486660527245206 ], [ 127.139532117564869, 37.4869606336568 ], [ 127.13876867679015, 37.48732210429538 ], [ 127.138053366934301, 37.487741458843047 ], [ 127.137393076076023, 37.488214659604331 ], [ 127.136794162901595, 37.488737150356101 ], [ 127.136262395477758, 37.489303900189732 ], [ 127.13580289569434, 37.489909451924433 ], [ 127.135420089911591, 37.490547974627205 ], [ 127.13533434768695, 37.490736612543529 ], [ 127.135112725087225, 37.490727251017347 ], [ 127.134225550988418, 37.490759230074907 ], [ 127.133346580724179, 37.490860338498976 ], [ 127.132484276898793, 37.491029602820809 ], [ 127.131646941787409, 37.491265393369517 ], [ 127.131450360284674, 37.491338729038112 ], [ 127.131400930688997, 37.491285186151813 ], [ 127.130807112797626, 37.490759001814638 ], [ 127.130151436138689, 37.490281725835239 ], [ 127.129834945438915, 37.490093149949971 ], [ 127.129894675874965, 37.490029500438787 ], [ 127.13035422390432, 37.489423971953755 ], [ 127.130737066855048, 37.488785465743014 ], [ 127.131039519270558, 37.488120131730142 ], [ 127.131258670244236, 37.487434378074063 ], [ 127.131392411381043, 37.486734809430864 ], [ 127.13143945701988, 37.486028163329081 ], [ 127.131399356525179, 37.485321245272175 ], [ 127.131272498533193, 37.484620863193356 ], [ 127.131257689451985, 37.484572955182742 ], [ 127.131931329198963, 37.484178072823013 ], [ 127.132591618514013, 37.483704902257259 ], [ 127.133190520315722, 37.483182432306513 ], [ 127.133722267057777, 37.482615695605141 ], [ 127.134181738407321, 37.482010151067428 ], [ 127.134564510530183, 37.4813716312796 ], [ 127.134866898651566, 37.480706286295685 ], [ 127.135085992483653, 37.480020524379945 ], [ 127.135219684181109, 37.479320950267677 ], [ 127.135266688558147, 37.478614301539814 ], [ 127.135226555375795, 37.477907383724862 ], [ 127.135099673584151, 37.477207004753517 ], [ 127.134887267482554, 37.47651990939746 ], [ 127.134591384838401, 37.475852714323587 ], [ 127.134214877082229, 37.475211844388646 ], [ 127.13410930083765, 37.475070215769527 ], [ 127.134271036276971, 37.474897816360077 ], [ 127.134730455445393, 37.474292268623913 ], [ 127.135113183004663, 37.473653745991605 ], [ 127.13541553460864, 37.472988398544338 ], [ 127.135634600320458, 37.472302634569921 ], [ 127.135768272564817, 37.471603058823312 ], [ 127.135815266342419, 37.470896408901091 ], [ 127.135775131515416, 37.470189490343166 ], [ 127.135648257048814, 37.46948911108742 ], [ 127.135453467423901, 37.468858954370511 ], [ 127.136198276438051, 37.469142544722338 ], [ 127.137033044778605, 37.469383511063235 ], [ 127.137893430718165, 37.469558095078149 ], [ 127.13877114612275, 37.469664614954624 ], [ 127.139657735775799, 37.469702044548413 ], [ 127.140544658896289, 37.469670023277374 ], [ 127.141423371484876, 37.469568859598397 ], [ 127.142285408701312, 37.469399528033982 ], [ 127.143122466476157, 37.469163659777045 ], [ 127.143926481567277, 37.468863526964768 ], [ 127.14468970928705, 37.468502020773698 ], [ 127.145404798148746, 37.468082623548 ], [ 127.146064860710965, 37.467609375230111 ], [ 127.146663539936114, 37.467086834418666 ], [ 127.147195070422626, 37.466520034429777 ], [ 127.147654333920954, 37.465914434786526 ], [ 127.148036908598883, 37.465275868604955 ], [ 127.14833911158297, 37.464610486384998 ], [ 127.148540074756781, 37.463980956875545 ], [ 127.149069425209746, 37.464045155689618 ], [ 127.149955954279108, 37.464082507739782 ], [ 127.150842807220144, 37.464050408782612 ], [ 127.15172144071019, 37.46394916802376 ], [ 127.152583390671666, 37.463779760728521 ], [ 127.153420353876513, 37.463543818819602 ], [ 127.154224267994493, 37.463243615143767 ], [ 127.154987389311657, 37.46288204156027 ], [ 127.155702367367127, 37.462462581062375 ], [ 127.156362315787831, 37.461989274201883 ], [ 127.156960878636497, 37.461466680141086 ], [ 127.157492291633204, 37.460899832708648 ], [ 127.157951437660699, 37.460294191884238 ], [ 127.158333896018618, 37.459655591180031 ], [ 127.158566920777361, 37.459142309861186 ], [ 127.159113583554316, 37.459208564933093 ], [ 127.160000061125103, 37.459245841404176 ], [ 127.160886853219637, 37.459213666738592 ], [ 127.16176541710189, 37.4591123508716 ], [ 127.162627289365531, 37.458942869792402 ], [ 127.163464167531714, 37.458706856134611 ], [ 127.16426799009021, 37.458406583436357 ], [ 127.165031014209958, 37.458044944221847 ], [ 127.165745890367305, 37.457625422116521 ], [ 127.166405733171601, 37.457152058265478 ], [ 127.167004187703753, 37.45662941237979 ], [ 127.167535490727914, 37.456062518786993 ], [ 127.167994526186646, 37.455456837910951 ], [ 127.168376874445059, 37.454818203649197 ], [ 127.168678854811006, 37.454152767156287 ], [ 127.168897560923128, 37.453466937575733 ], [ 127.169030888668843, 37.452767320292367 ], [ 127.169077556365309, 37.452060653300798 ], [ 127.169037117013133, 37.451353742303425 ], [ 127.168909962507485, 37.450653395163528 ], [ 127.168697319770104, 37.449966356344667 ], [ 127.168401238843003, 37.449299241967992 ], [ 127.168024573061686, 37.448658476112222 ], [ 127.167570951502569, 37.44805022896923 ], [ 127.167044743972397, 37.447480357449862 ], [ 127.166451018879073, 37.446954348811161 ], [ 127.165795494391745, 37.446477267846156 ], [ 127.16561692121843, 37.446370890038295 ], [ 127.165721728270725, 37.44582100613826 ], [ 127.165768422273985, 37.445114339751647 ], [ 127.16572801731057, 37.444407426959003 ], [ 127.165600904943659, 37.443707075641072 ], [ 127.165388311688446, 37.443020030301895 ], [ 127.165092287109744, 37.442352907125724 ], [ 127.164715684000015, 37.441712130276308 ], [ 127.16426213083183, 37.441103870051663 ], [ 127.163735996753076, 37.440533983488983 ], [ 127.163142349464394, 37.440007957990431 ], [ 127.16248690638588, 37.439530858511688 ], [ 127.161775979584817, 37.439107278820458 ], [ 127.16101641499499, 37.438741297292921 ], [ 127.160215526512857, 37.438436437672316 ], [ 127.159381025603949, 37.438195635166394 ], [ 127.158520947095937, 37.438021208208774 ], [ 127.15764357187075, 37.437914836155286 ], [ 127.156757347197598, 37.437877543128891 ], [ 127.155870805470755, 37.437909688168268 ], [ 127.155817913512919, 37.437915786979794 ], [ 127.155594229548626, 37.437535078203865 ], [ 127.155140775427682, 37.436926783039652 ], [ 127.154614739830635, 37.436356855961634 ], [ 127.154021189510374, 37.435830784762452 ], [ 127.153365840953924, 37.435353634838116 ], [ 127.152655005319204, 37.434930000442272 ], [ 127.151895527663015, 37.434563960477881 ], [ 127.151094721045666, 37.434259039250882 ], [ 127.150260296145206, 37.434018172562133 ], [ 127.14940028705827, 37.433843679463052 ], [ 127.148568517908899, 37.433742765703052 ], [ 127.148395193368046, 37.43351020619621 ], [ 127.147869232864664, 37.432940249149979 ], [ 127.147275756816114, 37.432414144151764 ], [ 127.146620480994798, 37.431936956923217 ], [ 127.145909715858778, 37.431513282077326 ], [ 127.145150305786728, 37.43114719890665 ], [ 127.144349563188811, 37.430842232133145 ], [ 127.143515198127275, 37.430601317996114 ], [ 127.142655244123262, 37.430426776003806 ], [ 127.141777980861193, 37.430320286619192 ], [ 127.140891854533351, 37.430282875094441 ], [ 127.140005396587938, 37.430314901608583 ], [ 127.13912714166004, 37.4304160578032 ], [ 127.138265545472095, 37.430585369749217 ], [ 127.13787313907936, 37.430695984498158 ], [ 127.137730063399431, 37.430232938446345 ], [ 127.137434334323203, 37.429565746087427 ], [ 127.137058030909017, 37.428924881281112 ], [ 127.136604778744243, 37.428316515173847 ], [ 127.136078944079614, 37.427746505823634 ], [ 127.13548559173428, 37.427220341816046 ], [ 127.134830436290315, 37.426743089441288 ], [ 127.134119787047752, 37.42631934393988 ], [ 127.13336048727038, 37.425953185284797 ], [ 127.132559848307395, 37.425648138924821 ], [ 127.13172557922438, 37.425407141865428 ], [ 127.130865712619268, 37.425232514413075 ], [ 127.129988527335954, 37.425125937853274 ], [ 127.129102468816598, 37.425088438277164 ], [ 127.12821606785721, 37.425120376711114 ], [ 127.127337858544536, 37.42522144564429 ], [ 127.126476296162039, 37.425390671987323 ], [ 127.125639675851119, 37.425626426433695 ], [ 127.124836052807936, 37.425926439134145 ], [ 127.124073164781109, 37.426287821533727 ], [ 127.123358357613583, 37.426707094162055 ], [ 127.122698514543757, 37.427180220110287 ], [ 127.122099989944886, 37.427702643873609 ], [ 127.121568548139464, 37.428269335186442 ], [ 127.121109307877987, 37.428874837429795 ], [ 127.120726693016735, 37.429513320145759 ], [ 127.120424389870408, 37.430178635155066 ], [ 127.120205311652526, 37.430864375738146 ], [ 127.120071570347733, 37.431563938311342 ], [ 127.120024456290039, 37.432270586004726 ], [ 127.120064425646461, 37.432977513530318 ], [ 127.120191095930593, 37.433677912716327 ], [ 127.120403249592144, 37.43436503807623 ], [ 127.120698845652385, 37.435032271781559 ], [ 127.12079815031025, 37.435201456864903 ], [ 127.120304370707274, 37.435727919172841 ], [ 127.119845074214226, 37.436333415433374 ], [ 127.119462410132741, 37.436971892982726 ], [ 127.119160065252046, 37.437637203691622 ], [ 127.118940953188158, 37.438322940882152 ], [ 127.11880718625244, 37.4390225010035 ], [ 127.118760055026542, 37.439729147209484 ], [ 127.118800015843718, 37.440436074226575 ], [ 127.118926686300654, 37.441136473887894 ], [ 127.11913884884639, 37.441823600702357 ], [ 127.119434462417416, 37.442490836827439 ], [ 127.119810682010581, 37.44313175581928 ], [ 127.120263886008246, 37.443740184545774 ], [ 127.120292428029529, 37.443771128929249 ], [ 127.119722884190537, 37.444268118883315 ], [ 127.119191306323359, 37.44483479717524 ], [ 127.118731944596632, 37.445440287820453 ], [ 127.118349224037118, 37.446078760473348 ], [ 127.11804683197856, 37.446744067052073 ], [ 127.117827682492134, 37.447429800918762 ], [ 127.1176938882505, 37.448129358554802 ], [ 127.117646740099232, 37.448836003138119 ], [ 127.117686694535777, 37.44954292941091 ], [ 127.117813369219334, 37.450243329213457 ], [ 127.118025546559295, 37.450930457053339 ], [ 127.118321185350723, 37.451597695078007 ], [ 127.118697440348527, 37.452238616825205 ], [ 127.119150689594875, 37.452847049136054 ], [ 127.1196765692398, 37.453417131634168 ], [ 127.120270015521768, 37.453943373196509 ], [ 127.120925313505666, 37.454420704871218 ], [ 127.121636152110042, 37.454844528731179 ], [ 127.122395684894173, 37.455210762191577 ], [ 127.123196596018815, 37.455515877363162 ], [ 127.124031170745141, 37.455756935060826 ], [ 127.124891369790348, 37.455931613138809 ], [ 127.125768906822486, 37.456038228878391 ], [ 127.126655328344725, 37.456075755211536 ], [ 127.127542095197015, 37.456043830623791 ], [ 127.128420664886505, 37.455942762640127 ], [ 127.129282573950377, 37.455773524860675 ], [ 127.130119519554242, 37.455537747574247 ], [ 127.130923439536744, 37.455237702041053 ], [ 127.131686590126307, 37.454876278596295 ], [ 127.13240162057869, 37.45445695878643 ], [ 127.133061644014361, 37.4539837818077 ], [ 127.133660303771393, 37.45346130557116 ], [ 127.134191834634379, 37.452894562770595 ], [ 127.134651118348415, 37.452289012378074 ], [ 127.135033732884764, 37.45165048703528 ], [ 127.135335994984118, 37.450985136848878 ], [ 127.135554995569521, 37.450299370132576 ], [ 127.135688627690541, 37.449599791667374 ], [ 127.135735606731728, 37.448893139075786 ], [ 127.135695482694516, 37.4481862179234 ], [ 127.135568644437356, 37.447485836173115 ], [ 127.135356315836859, 37.446798738623663 ], [ 127.135060543910811, 37.446131541963503 ], [ 127.134684179020653, 37.445490671065301 ], [ 127.134230847347311, 37.444882297133823 ], [ 127.134202299138963, 37.444851356089252 ], [ 127.134771752242244, 37.444354295922395 ], [ 127.135303209758732, 37.443787546864492 ], [ 127.135622964939273, 37.443365897708851 ], [ 127.135804282388023, 37.443473986342269 ], [ 127.136563770512879, 37.443840129210336 ], [ 127.137364619148258, 37.444145148617771 ], [ 127.138199114156862, 37.444386106302574 ], [ 127.139059217023828, 37.444560681083026 ], [ 127.139891092481449, 37.444661662132155 ], [ 127.140064416043217, 37.444894233667362 ], [ 127.1405904, 37.445464224417584 ], [ 127.141183931296226, 37.445990362112845 ], [ 127.141839294175909, 37.446467578801744 ], [ 127.142550176930754, 37.446891277664896 ], [ 127.143309732693098, 37.447257377321876 ], [ 127.144110645401099, 37.447562351172827 ], [ 127.144945200299716, 37.447803261394597 ], [ 127.145805358296514, 37.447977787262758 ], [ 127.146682833454747, 37.448084247525614 ], [ 127.147569172873773, 37.448121616613669 ], [ 127.148455838184958, 37.448089534527995 ], [ 127.148508737882608, 37.448083439060902 ], [ 127.148732416817495, 37.448464160543679 ], [ 127.149185887750463, 37.449072479195685 ], [ 127.14971197023668, 37.449642429450861 ], [ 127.149744102954415, 37.449670906736543 ], [ 127.149136482454878, 37.449692899006656 ], [ 127.148258012559438, 37.449794121620819 ], [ 127.147396213846164, 37.449963498536285 ], [ 127.146559383730676, 37.450199398997896 ], [ 127.145755579428709, 37.450499551751641 ], [ 127.144992540434046, 37.450861066895172 ], [ 127.144277614043915, 37.451280463681066 ], [ 127.143617684645932, 37.451753704005903 ], [ 127.143019107446392, 37.452276231264364 ], [ 127.142487647276639, 37.452843014194904 ], [ 127.142028423066805, 37.453448595296685 ], [ 127.141645858521727, 37.454087143352588 ], [ 127.141343639474997, 37.454752509554005 ], [ 127.141142641396016, 37.455382027624822 ], [ 127.140613359013059, 37.45531779356039 ], [ 127.13972693859354, 37.455280371928112 ], [ 127.138840185180342, 37.455312388025433 ], [ 127.137961636251092, 37.455413533594268 ], [ 127.137099750356654, 37.455582834808069 ], [ 127.136262825751288, 37.455818661640286 ], [ 127.135458920559472, 37.45611874354568 ], [ 127.13469577524549, 37.45648019130401 ], [ 127.133980738129225, 37.456899524816656 ], [ 127.133320694663553, 37.457372706589631 ], [ 127.132722001152175, 37.457895180581609 ], [ 127.132190423545708, 37.458461916044271 ], [ 127.131731081904476, 37.45906745593426 ], [ 127.13134840106369, 37.459705969431823 ], [ 127.131046067976541, 37.460371308061667 ], [ 127.130826996148372, 37.461057064876975 ], [ 127.130693297505999, 37.46175663613775 ], [ 127.130646261976324, 37.462463284890113 ], [ 127.130686344973896, 37.463170205835461 ], [ 127.130813162921356, 37.46387059086463 ], [ 127.131007900941086, 37.464500755486682 ], [ 127.130263157709919, 37.464217132546757 ], [ 127.129428468804832, 37.463976118592832 ], [ 127.128568166928858, 37.463801473225445 ], [ 127.127690535113757, 37.463694877901943 ], [ 127.126804023097691, 37.463657358893599 ], [ 127.125917166039429, 37.4636892774137 ], [ 127.125748090838997, 37.463708722055372 ], [ 127.125704494428305, 37.463710290881096 ], [ 127.124825830283598, 37.463811338025948 ], [ 127.123963819036675, 37.4639805425143 ], [ 127.1231267601475, 37.464216275250621 ], [ 127.122322713032247, 37.464516266595481 ], [ 127.121559419520338, 37.464877628200533 ], [ 127.120844229357346, 37.465296880796764 ], [ 127.120184029468447, 37.465769987669518 ], [ 127.119585177662472, 37.466292393498996 ], [ 127.119053441413314, 37.466859068193713 ], [ 127.118593942308166, 37.467464555296004 ], [ 127.118211106698055, 37.468103024495086 ], [ 127.117908623026366, 37.468768327742985 ], [ 127.117689406248587, 37.46945405843438 ], [ 127.117555569687752, 37.470153613081635 ], [ 127.117508404599604, 37.47086025489169 ], [ 127.117548367647245, 37.471567178633542 ], [ 127.11767507640964, 37.472267576171795 ], [ 127.117887312970623, 37.472954702035601 ], [ 127.118183035557223, 37.473621938391112 ], [ 127.118559398119459, 37.474262858791654 ], [ 127.118750362606818, 37.474519132839902 ], [ 127.11871587807687, 37.474555878741917 ], [ 127.118256328602115, 37.4751613634675 ], [ 127.117873450302156, 37.475799830508095 ], [ 127.117570932032095, 37.476465131836669 ], [ 127.117351689081303, 37.477150860866651 ], [ 127.117217835025698, 37.4778504141265 ], [ 127.117170661290331, 37.478557054836649 ], [ 127.117210624622558, 37.479263977776682 ], [ 127.117337342599541, 37.479964374818984 ], [ 127.117352141893392, 37.480012284558008 ], [ 127.116678463726601, 37.480407083855319 ], [ 127.116018104029919, 37.480880165360475 ], [ 127.115419101921418, 37.48140254791015 ], [ 127.114887226322182, 37.481969201637583 ], [ 127.114427600161619, 37.482574670287633 ], [ 127.11404465101478, 37.483213123727786 ], [ 127.113742068419327, 37.483878414062389 ], [ 127.113522768284597, 37.484564134811023 ], [ 127.1133888647378, 37.48526368258225 ], [ 127.113344674386624, 37.485925052216693 ], [ 127.112702737948993, 37.486228805893177 ], [ 127.111987294236954, 37.486648001953107 ], [ 127.111477933138147, 37.487012841232605 ], [ 127.111517391893798, 37.486422517325238 ], [ 127.111477478999703, 37.485715593595167 ], [ 127.111350806537914, 37.48501519120186 ], [ 127.11113859679341, 37.484328055143763 ], [ 127.110842895644453, 37.483660802480777 ], [ 127.110466552775861, 37.483019858625177 ], [ 127.110013194161169, 37.482411395484178 ], [ 127.109487187081641, 37.481841272049337 ], [ 127.108893598021325, 37.481314978003553 ], [ 127.108238143845298, 37.480837580887673 ], [ 127.107527136732472, 37.480413677334099 ], [ 127.106767423393777, 37.48004734883574 ], [ 127.10596631916053, 37.479742122474669 ], [ 127.105131537576966, 37.47950093698752 ], [ 127.104271116173379, 37.479326114492991 ], [ 127.103393339132097, 37.479219338152788 ], [ 127.102506657588862, 37.479181635980055 ], [ 127.101619608333451, 37.479213370950589 ], [ 127.100740731689285, 37.479314237511716 ], [ 127.099878489359639, 37.479483264522123 ], [ 127.09904118302714, 37.479718824594521 ], [ 127.098236874488038, 37.480018649751635 ], [ 127.097473308086435, 37.480379853245132 ], [ 127.096757836192992, 37.480798957328545 ], [ 127.096097348443422, 37.481271926717575 ], [ 127.095498205416192, 37.481794207416883 ], [ 127.094966177387704, 37.482360770540666 ], [ 127.094686388034148, 37.482729162343887 ], [ 127.094289482565742, 37.483151819846135 ], [ 127.093829683589149, 37.483757207237176 ], [ 127.093446553648022, 37.484395592731921 ], [ 127.093197413790008, 37.48494299629656 ], [ 127.093257316445715, 37.484630498750604 ], [ 127.093304719637743, 37.483923869644883 ], [ 127.093264979521393, 37.483216940470115 ], [ 127.093138481262272, 37.482516519268714 ], [ 127.09292644546791, 37.481829351221279 ], [ 127.092630916341818, 37.48116205369675 ], [ 127.092254741913038, 37.48052105254024 ], [ 127.091801546534086, 37.47991252021157 ], [ 127.091275695915556, 37.479342316369191 ], [ 127.090682255036299, 37.478815931470734 ], [ 127.090026939336028, 37.478338433932208 ], [ 127.089316059661869, 37.477914421353155 ], [ 127.088556461499167, 37.47754797627622 ], [ 127.087755459071758, 37.477242626905849 ], [ 127.086920764945049, 37.477001313162695 ], [ 127.086060415808362, 37.476826358399947 ], [ 127.085182695149228, 37.476719447052275 ], [ 127.084296053561147, 37.476681608432067 ], [ 127.083409027449662, 37.476713206828165 ], [ 127.082530156915482, 37.476813938002174 ], [ 127.081667903602749, 37.476982832115624 ], [ 127.080830569299394, 37.477218263060152 ], [ 127.080026216070181, 37.47751796410121 ], [ 127.079262588688422, 37.477879049685029 ], [ 127.078547040110678, 37.478298043200127 ], [ 127.077886460709522, 37.478770910426668 ], [ 127.07728721194448, 37.479293098352926 ], [ 127.076755065108372, 37.479859578986613 ], [ 127.076295145739167, 37.480464897740141 ], [ 127.075911884232283, 37.481103225925452 ], [ 127.075608973130542, 37.481768416854443 ], [ 127.075389331504425, 37.482454065005612 ], [ 127.075255076767846, 37.483153567688532 ], [ 127.075207504204087, 37.483860188612965 ], [ 127.075242070825681, 37.484477732957167 ], [ 127.07453078794731, 37.484333031056465 ], [ 127.073652996833061, 37.484226033755412 ], [ 127.072766273228993, 37.484188108151521 ], [ 127.072659145635143, 37.48419191377009 ], [ 127.072461389279539, 37.484016445621265 ], [ 127.071806145406001, 37.483538847873675 ], [ 127.07109532076845, 37.483114726367639 ], [ 127.070335760323772, 37.482748164694364 ], [ 127.069534777933782, 37.482442692180527 ], [ 127.068700085971884, 37.482201249931983 ], [ 127.067839721107234, 37.482026162538574 ], [ 127.066961966979136, 37.4819191157113 ], [ 127.066075274503362, 37.481881140066243 ], [ 127.065932946440867, 37.481886188239038 ], [ 127.065369193642312, 37.481475208742381 ], [ 127.064658425207242, 37.481051048711748 ], [ 127.063898917409148, 37.480684445857293 ], [ 127.063097983603498, 37.48037892990213 ], [ 127.062263335696485, 37.480137442370349 ], [ 127.061403009933542, 37.479962308287668 ], [ 127.060525289577924, 37.479855213814396 ], [ 127.059638625220614, 37.479817190025216 ], [ 127.058751553486246, 37.479848602990863 ], [ 127.057872614914345, 37.479949150257369 ], [ 127.057010271803279, 37.480117863756078 ], [ 127.056172826804357, 37.48035311911692 ], [ 127.055368343046581, 37.480652651295252 ], [ 127.054604566558311, 37.48101357636277 ], [ 127.053888851729766, 37.481432419253281 ], [ 127.053228090532272, 37.48190514719721 ], [ 127.053222207678999, 37.481910270676089 ], [ 127.053205117876459, 37.481895100273455 ], [ 127.052550016043014, 37.481417396463563 ], [ 127.051839321399029, 37.48099315978034 ], [ 127.051079877651247, 37.480626474924016 ], [ 127.050278997539493, 37.480320872407134 ], [ 127.049444392453736, 37.480079294586922 ], [ 127.048584098227906, 37.479904067358106 ], [ 127.047706397822068, 37.479796877777432 ], [ 127.046819741635503, 37.479758757834794 ], [ 127.045932666214284, 37.479790074526264 ], [ 127.045053712133367, 37.479890526324319 ], [ 127.044191341840133, 37.480059146079007 ], [ 127.043353858247102, 37.480294310322456 ], [ 127.042975756679681, 37.480435039411816 ], [ 127.042919610029884, 37.480339233750293 ], [ 127.042466817751233, 37.47973051475978 ], [ 127.04194134551193, 37.479160093762708 ], [ 127.041348254651282, 37.478633463308903 ], [ 127.040693257242935, 37.478155694179492 ], [ 127.039982661073395, 37.477731386589369 ], [ 127.039223308902308, 37.477364625921545 ], [ 127.039101028745648, 37.477317949264659 ], [ 127.039319016508614, 37.477310266521606 ], [ 127.04019794756266, 37.477209857191824 ], [ 127.041060293715091, 37.477041266345559 ], [ 127.041897747915911, 37.476806118037331 ], [ 127.042702243098333, 37.476506677466539 ], [ 127.043466029943147, 37.476145829139639 ], [ 127.04418175156988, 37.475727049062712 ], [ 127.044842514433753, 37.47525437123327 ], [ 127.045441954742969, 37.474732348755467 ], [ 127.045974299756693, 37.474166009954345 ], [ 127.046434423371835, 37.473560809913337 ], [ 127.046817895464585, 37.47292257790297 ], [ 127.047121024511853, 37.472257461208628 ], [ 127.047340893083984, 37.471571865899612 ], [ 127.047475385869504, 37.470872395110881 ], [ 127.047523209964183, 37.470165785432897 ], [ 127.047483907232746, 37.469458842022931 ], [ 127.047357858627294, 37.468758373063096 ], [ 127.047146280424542, 37.46807112419652 ], [ 127.046851212421743, 37.467403713572999 ], [ 127.046475498208466, 37.466762568129141 ], [ 127.046022757707462, 37.46615386171635 ], [ 127.045497352251658, 37.465583455671251 ], [ 127.044904342536441, 37.465056842400038 ], [ 127.044249439853374, 37.464579092518839 ], [ 127.04353895107657, 37.464154806057628 ], [ 127.042779717931523, 37.463788068196486 ], [ 127.041979051131463, 37.463482409958715 ], [ 127.041144660013984, 37.463240774238344 ], [ 127.040284578354417, 37.463065487487725 ], [ 127.039407087067914, 37.462958237336721 ], [ 127.038520634541996, 37.462920056358264 ], [ 127.037633755363487, 37.462951312135864 ], [ 127.036754988219357, 37.463051703728077 ], [ 127.035892793758492, 37.463220264564221 ], [ 127.035055473201425, 37.463455371743073 ], [ 127.034251088479095, 37.463754761645802 ], [ 127.033487384665833, 37.464115551713078 ], [ 127.032771715451176, 37.464534268177751 ], [ 127.032110972365857, 37.46500687948685 ], [ 127.031511518441462, 37.465528835092577 ], [ 127.030979126942157, 37.466095109239731 ], [ 127.030518925757363, 37.466700249329534 ], [ 127.030135347991902, 37.46733842839533 ], [ 127.029832089229814, 37.468003501186338 ], [ 127.02961207188558, 37.468689063320461 ], [ 127.02947741698793, 37.469388512937648 ], [ 127.029429423670976, 37.470095114261021 ], [ 127.029468556573065, 37.470802062454375 ], [ 127.029594441268586, 37.471502549151786 ], [ 127.029805867779814, 37.472189828028455 ], [ 127.030100802138861, 37.472857279781365 ], [ 127.030476405892017, 37.473498475893294 ], [ 127.030929063361498, 37.474107240565687 ], [ 127.031454416405182, 37.474677710223069 ], [ 127.032047406341874, 37.475204390014618 ], [ 127.032702322640105, 37.475682206767907 ], [ 127.033412857902505, 37.476106557883035 ], [ 127.034172168617175, 37.476473355695425 ], [ 127.034294444283631, 37.476520037430156 ], [ 127.034076458400591, 37.476527710916066 ], [ 127.033197527637412, 37.476628074718882 ], [ 127.032335169187547, 37.476796608103179 ], [ 127.03149768584926, 37.477031688432199 ], [ 127.03069314111967, 37.477331052345811 ], [ 127.029929281612681, 37.477691817535231 ], [ 127.029213462516239, 37.478110510473186 ], [ 127.028552576803605, 37.478583099833692 ], [ 127.027952988879463, 37.479105035280774 ], [ 127.027868780825472, 37.479194579526727 ], [ 127.027503342692867, 37.479455888607077 ], [ 127.026903740488805, 37.479977818554957 ], [ 127.02637121077575, 37.48054406961883 ], [ 127.025910882774298, 37.481149189422773 ], [ 127.025527190810919, 37.481787351196083 ], [ 127.025223831570244, 37.48245240985505 ], [ 127.025019440824479, 37.483089022495875 ], [ 127.024974426524679, 37.482942685280527 ], [ 127.024679499226721, 37.482275221910179 ], [ 127.024303902081371, 37.481634008360054 ], [ 127.023851253886761, 37.481025219137855 ], [ 127.0233259150896, 37.480454716377814 ], [ 127.022732945745943, 37.479927993417469 ], [ 127.022078056760847, 37.479450121928913 ], [ 127.021367554878466, 37.479025703112654 ], [ 127.02060828195215, 37.47865882342257 ], [ 127.019807549079275, 37.478353015246817 ], [ 127.018973066234253, 37.478111222922251 ], [ 127.018112868075889, 37.477935774408081 ], [ 127.017235236640715, 37.477828358890754 ], [ 127.016348621664861, 37.477790010534399 ], [ 127.015461559298103, 37.477821098533184 ], [ 127.014582589989701, 37.477921323560281 ], [ 127.013720176333067, 37.478089720648072 ], [ 127.012882621657184, 37.478324668471458 ], [ 127.012077990144945, 37.478623904945636 ], [ 127.011314029244559, 37.478984548988514 ], [ 127.01059809511878, 37.479403128239049 ], [ 127.009937081846886, 37.479875612465875 ], [ 127.009337355060268, 37.480397452345407 ], [ 127.008804690648859, 37.480963623237599 ], [ 127.008344219128873, 37.481568673538895 ], [ 127.007960376207464, 37.482206777148413 ], [ 127.007656860021768, 37.482871789543232 ], [ 127.007436595465364, 37.483557306924155 ], [ 127.007301705948279, 37.484256727863503 ], [ 127.007277079384082, 37.484617645391488 ], [ 127.006861832352854, 37.484632165425261 ], [ 127.005982772381302, 37.48473232570953 ], [ 127.005616757329662, 37.484803760546484 ], [ 127.005939829249414, 37.484266737512563 ], [ 127.0062433663864, 37.483601729834405 ], [ 127.006463641955094, 37.482916214761879 ], [ 127.006598536723587, 37.482216794659394 ], [ 127.006646753916556, 37.481510205631572 ], [ 127.006607831613806, 37.480803252639141 ], [ 127.006482147105459, 37.480102743958767 ], [ 127.006270913164172, 37.479415425618178 ], [ 127.005976166274792, 37.478747916438053 ], [ 127.005600746937972, 37.47810664430574 ], [ 127.005148272240461, 37.477497784293888 ], [ 127.004623100959563, 37.476927199219084 ], [ 127.004030291539564, 37.476400383212031 ], [ 127.003375553347155, 37.475922408841143 ], [ 127.002665191676144, 37.475497878297816 ], [ 127.001906047031369, 37.475130879111674 ], [ 127.001105429276592, 37.4748249448214 ], [ 127.000271047279313, 37.474583020977811 ], [ 126.999410934728559, 37.474407436805976 ], [ 126.998533372837656, 37.474299882797951 ], [ 126.997646810673999, 37.474261394450672 ], [ 126.996759783879327, 37.474292342305418 ], [ 126.995880832560601, 37.474392428384029 ], [ 126.995018419137935, 37.474560689055963 ], [ 126.994180846937596, 37.474795504308894 ], [ 126.993376180310435, 37.475094613333852 ], [ 126.992612167041756, 37.475455136275393 ], [ 126.99189616379725, 37.475873601938105 ], [ 126.991235065320311, 37.476345981184117 ], [ 126.990694221189145, 37.476816421185468 ], [ 126.990700472939153, 37.476725083768862 ], [ 126.990661702888602, 37.47601812606856 ], [ 126.990536174929531, 37.475317601006537 ], [ 126.990325100326857, 37.474630254769224 ], [ 126.990030514031105, 37.473962706446834 ], [ 126.989655254996777, 37.473321384304484 ], [ 126.989202938767704, 37.472712463897111 ], [ 126.988677922596068, 37.472141808623554 ], [ 126.988085263433632, 37.47161491329102 ], [ 126.987841753629894, 37.471437074790593 ], [ 126.98814197163945, 37.471473899429583 ], [ 126.989028495193708, 37.471512458834098 ], [ 126.989915491638271, 37.471481568787006 ], [ 126.990794416266183, 37.471381526842507 ], [ 126.991656802190931, 37.471213296712115 ], [ 126.992494341977903, 37.470978498973857 ], [ 126.993298967733679, 37.470679395448705 ], [ 126.99406292887835, 37.470318867395207 ], [ 126.994778866849032, 37.469900387733546 ], [ 126.995439886013017, 37.46942798756703 ], [ 126.996039620105648, 37.468906217325255 ], [ 126.996572293551878, 37.468340102904129 ], [ 126.997032777080946, 37.467735097226758 ], [ 126.997416637098254, 37.467097027692908 ], [ 126.997720178340572, 37.46643204002482 ], [ 126.997940479405045, 37.465746539051182 ], [ 126.998075420812071, 37.465047127000759 ], [ 126.998123705334862, 37.464340539900896 ], [ 126.998084870402721, 37.463633582694186 ], [ 126.997959292462298, 37.462933063698365 ], [ 126.997748183258125, 37.462245729041165 ], [ 126.997453578072353, 37.461578197701115 ], [ 126.997078316039776, 37.460936897779689 ], [ 126.996626012731582, 37.460328004617949 ], [ 126.996101025274129, 37.459757381352496 ], [ 126.995508410341586, 37.459230522482521 ], [ 126.994853875428205, 37.458752500989931 ], [ 126.994143723871076, 37.458327919520421 ], [ 126.993384794152888, 37.457960866094588 ], [ 126.992584394069226, 37.457654874773716 ], [ 126.991750230393265, 37.457412891658031 ], [ 126.990890334713555, 37.457237246543507 ], [ 126.990012986157097, 37.457129630508931 ], [ 126.989126631738969, 37.457091079648329 ], [ 126.988239805102353, 37.457121965104641 ], [ 126.987361044428624, 37.457221989500034 ], [ 126.986498810303644, 37.457390189797437 ], [ 126.985661404328383, 37.457624946565275 ], [ 126.984856889254004, 37.457923999557046 ], [ 126.984093011406983, 37.458284469456153 ], [ 126.983377126149122, 37.458702885577274 ], [ 126.9827161270874, 37.459175219258938 ], [ 126.982116379713943, 37.459696922626513 ], [ 126.981583660114197, 37.460262972354016 ], [ 126.981123099332564, 37.46086791800451 ], [ 126.980739133932403, 37.461505934484997 ], [ 126.980435463226783, 37.462170878112083 ], [ 126.980215013593721, 37.462856345749515 ], [ 126.980079910222258, 37.463555736449656 ], [ 126.980031456563367, 37.464262315005577 ], [ 126.980070121687547, 37.464969276803089 ], [ 126.980195535673829, 37.465669813347994 ], [ 126.980406493078235, 37.466357177838184 ], [ 126.980700964452282, 37.467024750148674 ], [ 126.981076115803461, 37.467666100603466 ], [ 126.981528335814005, 37.468275051919591 ], [ 126.982053270558637, 37.468845738725577 ], [ 126.982645865388918, 37.469372664080403 ], [ 126.982716272587325, 37.469424090648296 ], [ 126.982396236356692, 37.469384819021947 ], [ 126.981509741910187, 37.46934621005645 ], [ 126.980622767992841, 37.469377037177438 ], [ 126.979743854202837, 37.4694770035685 ], [ 126.978881462598949, 37.469645146750885 ], [ 126.978043896297166, 37.469879847842861 ], [ 126.977239219591027, 37.4701788471341 ], [ 126.976475180362129, 37.470539265825188 ], [ 126.975759135525053, 37.470957633724154 ], [ 126.975097980222472, 37.471429922634194 ], [ 126.974498081450307, 37.47195158511223 ], [ 126.973965216751438, 37.472517598226545 ], [ 126.973504518567381, 37.473122511893322 ], [ 126.973120424784767, 37.473760501328186 ], [ 126.972816635953336, 37.474425423108755 ], [ 126.972596079589493, 37.475110874309841 ], [ 126.97246088191099, 37.475810254142594 ], [ 126.972412347278308, 37.476516827505371 ], [ 126.972450945543116, 37.47722378983439 ], [ 126.972558110833859, 37.47782264786332 ], [ 126.972448538041462, 37.477800253517536 ], [ 126.972376384074437, 37.477791394107591 ], [ 126.972419115288218, 37.477169325328674 ], [ 126.972380517345272, 37.476462362985252 ], [ 126.972255159566956, 37.47576181984067 ], [ 126.972044251579817, 37.475074442256478 ], [ 126.971749826730644, 37.474406849625701 ], [ 126.971374722420279, 37.473765470640934 ], [ 126.970922552703811, 37.473156481405219 ], [ 126.970397673423989, 37.472585745980709 ], [ 126.96980514021601, 37.472058759946776 ], [ 126.96915065978969, 37.471580597509671 ], [ 126.968440534959782, 37.471155862671928 ], [ 126.967681603953494, 37.470788644930309 ], [ 126.966881174580337, 37.470482479927497 ], [ 126.966046953896523, 37.470240315435149 ], [ 126.965186974040023, 37.470064482994573 ], [ 126.964309514948368, 37.469956675487133 ], [ 126.963423024700433, 37.46991793084937 ], [ 126.962536038246284, 37.469948622088886 ], [ 126.961657095304631, 37.470048453696933 ], [ 126.960794658214496, 37.470216464491749 ], [ 126.959957030529026, 37.470451036865732 ], [ 126.959152277131807, 37.47074991234738 ], [ 126.958388146641582, 37.471110213328991 ], [ 126.957671996850337, 37.47152847075175 ], [ 126.957010723909761, 37.472000657482489 ], [ 126.956410695947042, 37.472522227062079 ], [ 126.955877691747418, 37.473088157453574 ], [ 126.95541684509422, 37.473692999370115 ], [ 126.955048334687461, 37.474304798521679 ], [ 126.954562725900601, 37.474205468324811 ], [ 126.953685234708331, 37.474097581733943 ], [ 126.952798702051382, 37.474058757070821 ], [ 126.95191166328793, 37.474089368113113 ], [ 126.951860358952331, 37.474095190466016 ], [ 126.952454511336427, 37.473578789508579 ], [ 126.952987544685612, 37.473012874837593 ], [ 126.953448406553605, 37.472408042448286 ], [ 126.953832659698776, 37.471770118072889 ], [ 126.954136605068882, 37.471105246037311 ], [ 126.954357317366814, 37.470419830058617 ], [ 126.954492673151009, 37.469720471549223 ], [ 126.954541371203263, 37.469013906023235 ], [ 126.954502944970415, 37.4683069382179 ], [ 126.954377766964043, 37.467606376555452 ], [ 126.954167045078819, 37.466918967576817 ], [ 126.953872810869214, 37.46625133097838 ], [ 126.953497899900398, 37.465609895877122 ], [ 126.95304592436618, 37.465000838917383 ], [ 126.952521238240223, 37.464430024814298 ], [ 126.951928895298892, 37.463902949905517 ], [ 126.951274600421286, 37.463424689253586 ], [ 126.950564654636935, 37.462999847807119 ], [ 126.949805894450733, 37.462632516089585 ], [ 126.949005626029063, 37.462326230841086 ], [ 126.948171554880062, 37.462083940990915 ], [ 126.947311711703506, 37.461907979287083 ], [ 126.946434375122266, 37.461800039855106 ], [ 126.945547992036879, 37.461761161901116 ], [ 126.944661096366531, 37.461791719715698 ], [ 126.943782226956472, 37.461891419073979 ], [ 126.942919845438112, 37.462059300066883 ], [ 126.942082254829486, 37.46229374633581 ], [ 126.941277519656737, 37.462592500622726 ], [ 126.940513388362533, 37.462952686486275 ], [ 126.939797218745483, 37.463370835975525 ], [ 126.93913590714692, 37.463842922996221 ], [ 126.938535822064708, 37.4643644020491 ], [ 126.938002742832367, 37.464930251968788 ], [ 126.937541803953934, 37.465535024243493 ], [ 126.93741370258239, 37.465747619358133 ], [ 126.937178062929206, 37.465657407533868 ], [ 126.936343994145602, 37.465415034344502 ], [ 126.935484141740318, 37.465238986590499 ] ], [ [ 127.05773488863953, 37.503101992111318 ], [ 127.057540828192657, 37.502472226920766 ], [ 127.057891296994129, 37.502306649869666 ], [ 127.058607190102208, 37.501887785340358 ], [ 127.059268095026852, 37.501415029816002 ], [ 127.059626068006423, 37.501103306318988 ], [ 127.06021510561591, 37.501273700361189 ], [ 127.061075672492095, 37.501448843995391 ], [ 127.061953646083424, 37.501555935593508 ], [ 127.06284056868536, 37.501593943500879 ], [ 127.06372789630737, 37.501562501561487 ], [ 127.064293221183803, 37.501497822634022 ], [ 127.064650046485255, 37.501814412662839 ], [ 127.064061042844301, 37.501742583178718 ], [ 127.063174117775148, 37.501704584420914 ], [ 127.062286788280218, 37.501736022187679 ], [ 127.061407597378874, 37.501836593786436 ], [ 127.060545009797096, 37.502005330914635 ], [ 127.059707330538359, 37.502240608975121 ], [ 127.058902624985805, 37.50254016270533 ], [ 127.058138641302392, 37.502901107970089 ], [ 127.057740649290523, 37.503133966030582 ], [ 127.05773488863953, 37.503101992111318 ] ], [ [ 126.993241305864387, 37.495926238063852 ], [ 126.992530814105635, 37.495501647057274 ], [ 126.991771518470173, 37.495134582874769 ], [ 126.990970730275691, 37.49482857968006 ], [ 126.990136160030318, 37.494586583686655 ], [ 126.989275843234793, 37.494410924813621 ], [ 126.98839806306782, 37.49430329427156 ], [ 126.987511270696871, 37.494264728293729 ], [ 126.986624003978434, 37.494295598168407 ], [ 126.98574480532757, 37.494395606667879 ], [ 126.984882139543714, 37.494563790908416 ], [ 126.984044312380902, 37.494798531613597 ], [ 126.983239390642922, 37.495097568692373 ], [ 126.982475124569632, 37.495458022982319 ], [ 126.981758873259295, 37.495876423949554 ], [ 126.98157769569292, 37.496005819339295 ], [ 126.981469263085373, 37.495992517091253 ], [ 126.981141145082191, 37.495897346874202 ], [ 126.980280835126266, 37.495721622577499 ], [ 126.979403053338103, 37.495613925203784 ], [ 126.978516250900881, 37.495575291629464 ], [ 126.977628965768005, 37.495606093793278 ], [ 126.976749740531616, 37.495706035119156 ], [ 126.975887040246832, 37.495874153369748 ], [ 126.975049170999398, 37.496108829903754 ], [ 126.974244199997685, 37.496407805247777 ], [ 126.973479877955285, 37.496768200833628 ], [ 126.972763564508639, 37.497186546692603 ], [ 126.972102157385962, 37.497658814840925 ], [ 126.971502026007784, 37.498180458036401 ], [ 126.970968950156973, 37.498746453533926 ], [ 126.970508064309229, 37.499351351420266 ], [ 126.970123808159656, 37.499989327063943 ], [ 126.969819883823405, 37.500654237176164 ], [ 126.969599220124138, 37.501339678944859 ], [ 126.969463944315976, 37.502039051672611 ], [ 126.969415361514663, 37.502745620326621 ], [ 126.969453942038996, 37.50345258038876 ], [ 126.969515246778329, 37.503795127891692 ], [ 126.969271551360023, 37.503617159218784 ], [ 126.968561124698383, 37.503192425072839 ], [ 126.96780187081653, 37.502825207596807 ], [ 126.967001100631592, 37.502519042429824 ], [ 126.966166524479576, 37.502276877344208 ], [ 126.96530617791889, 37.502101043886327 ], [ 126.964428344415154, 37.501993234946788 ], [ 126.963541475649379, 37.501954488475569 ], [ 126.962654110213066, 37.501985177497843 ], [ 126.961774791470859, 37.502085006526293 ], [ 126.960911985377237, 37.502253014404346 ], [ 126.960073999035629, 37.502487583553012 ], [ 126.959268900780557, 37.502786455532544 ], [ 126.958504442549511, 37.50314675276983 ], [ 126.957787985288832, 37.503565006243115 ], [ 126.957126428110243, 37.504037188858305 ], [ 126.956736848331346, 37.504375680749639 ], [ 126.956742054413112, 37.50435951925818 ], [ 126.956877453166641, 37.50366016233243 ], [ 126.956926154761746, 37.502953599870786 ], [ 126.956917711807208, 37.502798413012741 ], [ 126.957281813518591, 37.502696505942026 ], [ 126.958086918557612, 37.502397647555817 ], [ 126.958851371079547, 37.502037352931026 ], [ 126.959567807784467, 37.50161909273973 ], [ 126.96022932823216, 37.501146895972127 ], [ 126.960829561326463, 37.500625311099846 ], [ 126.961362726683674, 37.500059362234865 ], [ 126.961823690293357, 37.499454500707465 ], [ 126.962208013936291, 37.498816552531103 ], [ 126.962511997883965, 37.498151662261357 ], [ 126.962732716470754, 37.497466233791123 ], [ 126.962868046197812, 37.496766868653211 ], [ 126.962916686101266, 37.496060302425356 ], [ 126.962878170191274, 37.495353339851221 ], [ 126.962752871846277, 37.49465278930213 ], [ 126.962542000122838, 37.493965397211241 ], [ 126.962247588020944, 37.493297783111444 ], [ 126.961872472821042, 37.492656375902115 ], [ 126.96142026868533, 37.492047351957929 ], [ 126.960895331789914, 37.491476575674994 ], [ 126.960302718326403, 37.490949543025707 ], [ 126.959648135778764, 37.490471328664647 ], [ 126.958937887945922, 37.490046537093683 ], [ 126.958178814239929, 37.48967925835521 ], [ 126.957378223844316, 37.489373028678465 ], [ 126.956543825365344, 37.489130796457118 ], [ 126.955683652652155, 37.488954893883935 ], [ 126.954805987497963, 37.488847014514903 ], [ 126.953919279964268, 37.488808196977899 ], [ 126.953032067091527, 37.488838814982024 ], [ 126.952152890776631, 37.488938573723317 ], [ 126.951290215603692, 37.489106512721456 ], [ 126.95045234741626, 37.489341015060113 ], [ 126.949647353411677, 37.489639822942245 ], [ 126.948882984523735, 37.490000059411358 ], [ 126.948166600838377, 37.490418256030225 ], [ 126.947505100758235, 37.490890386251742 ], [ 126.946904854596838, 37.491411904161573 ], [ 126.946371643239999, 37.491977788221092 ], [ 126.945910602465915, 37.492582589590448 ], [ 126.9455261734592, 37.49322048456802 ], [ 126.945222059997405, 37.493885330642655 ], [ 126.945001192723339, 37.494570725619802 ], [ 126.944865700849789, 37.495270069253827 ], [ 126.94481689157189, 37.495976626793315 ], [ 126.94482530888078, 37.496131814489161 ], [ 126.94446122271043, 37.496233683397492 ], [ 126.943656131022252, 37.496532449322316 ], [ 126.942891663178983, 37.496892645811634 ], [ 126.942175180218641, 37.497310804813317 ], [ 126.94151358149918, 37.497782900142631 ], [ 126.94124188060141, 37.49801891348843 ], [ 126.941175653258611, 37.498005362875013 ], [ 126.940297904584966, 37.497897375200871 ], [ 126.939411098993574, 37.497858448024672 ], [ 126.938523774468408, 37.497888956110572 ], [ 126.93764447398037, 37.497988605712379 ], [ 126.937075774786891, 37.498099228395077 ], [ 126.936946865664424, 37.497678537739255 ], [ 126.936652668066841, 37.497010861987441 ], [ 126.936277754631305, 37.496369375521887 ], [ 126.935825737579023, 37.495760255481358 ], [ 126.93530097128685, 37.495189367188019 ], [ 126.934708510305839, 37.494662207693302 ], [ 126.934677976979188, 37.494639890280943 ], [ 126.935129555142254, 37.494160783795607 ], [ 126.935590692180185, 37.493556025447646 ], [ 126.935975207032925, 37.492918163538164 ], [ 126.936279398128178, 37.492253341792718 ], [ 126.936500337803125, 37.49156796344527 ], [ 126.936635900427873, 37.490868629547059 ], [ 126.936684782794131, 37.490162075376375 ], [ 126.93664651657609, 37.489455105562151 ], [ 126.936631513421759, 37.48937104879181 ], [ 126.937119544550953, 37.48885320682038 ], [ 126.937279831536756, 37.488642974298259 ], [ 126.937518709664801, 37.488758616113046 ], [ 126.938319210750976, 37.489064979698391 ], [ 126.939153548015852, 37.489307340161837 ], [ 126.940013684472049, 37.489483362802581 ], [ 126.940891334395431, 37.489591351943375 ], [ 126.941778043203513, 37.489630267279388 ], [ 126.942665268967517, 37.489599733908896 ], [ 126.943544464769431, 37.489500045948475 ], [ 126.944407161107833, 37.489332163698258 ], [ 126.945245047554607, 37.489097704383944 ], [ 126.946050052873261, 37.488798926565572 ], [ 126.946814422823536, 37.488438708363788 ], [ 126.94753079490053, 37.488020519713977 ], [ 126.948192269285826, 37.487548388916636 ], [ 126.948234172583923, 37.48751197905473 ], [ 126.948434122694536, 37.487608751787612 ], [ 126.949234657080169, 37.487915041728215 ], [ 126.950069017837549, 37.488157325328899 ], [ 126.950929167752378, 37.488333268629596 ], [ 126.951806820970532, 37.4884411767177 ], [ 126.952693522877652, 37.488480010069608 ], [ 126.953580731611368, 37.488449394573664 ], [ 126.954459900417945, 37.488349625138056 ], [ 126.955322560056359, 37.488181662848078 ], [ 126.956160400452546, 37.487947125700792 ], [ 126.956965350814272, 37.4876482730063 ], [ 126.957729657431429, 37.487287983606684 ], [ 126.958445958410024, 37.48686972812326 ], [ 126.959107354617416, 37.486397535500338 ], [ 126.959707476154051, 37.485875954169138 ], [ 126.960240543710327, 37.48531000820698 ], [ 126.960701424217078, 37.484705148915786 ], [ 126.961069940872292, 37.484093333245731 ], [ 126.961555622434105, 37.484192637097784 ], [ 126.961627781189463, 37.484201503144334 ], [ 126.961584955840664, 37.484823566556756 ], [ 126.961623455365071, 37.485530530673387 ], [ 126.96174872895233, 37.486231083299607 ], [ 126.961959572513507, 37.486918477479215 ], [ 126.962253957699517, 37.487586092801884 ], [ 126.96262905135093, 37.488227499177775 ], [ 126.963081242708668, 37.48883651878544 ], [ 126.963606178126128, 37.489407285595611 ], [ 126.964198802950875, 37.489934301896405 ], [ 126.964853410174371, 37.490412491274505 ], [ 126.96556369538223, 37.490837247540661 ], [ 126.966322817476495, 37.491204479126814 ], [ 126.967123464584546, 37.491510648526095 ], [ 126.967957924519183, 37.491752806394153 ], [ 126.96881815910956, 37.491928619982531 ], [ 126.969695881684856, 37.492036395628617 ], [ 126.97058263696178, 37.492075095085177 ], [ 126.971469882563383, 37.492044345531063 ], [ 126.97234907138062, 37.491944443166496 ], [ 126.973211733979753, 37.491776350357995 ], [ 126.974049560258592, 37.491541686360478 ], [ 126.974854479561614, 37.491242711706583 ], [ 126.975076778306217, 37.491137882080167 ], [ 126.97515732144403, 37.4912254319743 ], [ 126.975750042336031, 37.491752390894476 ], [ 126.9764047396976, 37.492230516799019 ], [ 126.977115108245201, 37.49265520410993 ], [ 126.977874306077041, 37.493022361923373 ], [ 126.978675020590089, 37.493328453443141 ], [ 126.979509538946985, 37.493570530075303 ], [ 126.980369822413294, 37.49374625985417 ], [ 126.981247583846795, 37.493853949924826 ], [ 126.982134367589452, 37.493892562864737 ], [ 126.983021630989811, 37.493861726686639 ], [ 126.98390082676724, 37.493761738425619 ], [ 126.984763485421084, 37.493593561276022 ], [ 126.985601296887495, 37.493358815305712 ], [ 126.986406190654122, 37.49305976183723 ], [ 126.987170413557678, 37.492699281647468 ], [ 126.987172169232608, 37.492698255905772 ], [ 126.987229914843269, 37.49274958095198 ], [ 126.987884694761988, 37.493227643763703 ], [ 126.988595138499264, 37.493652262524058 ], [ 126.989354403428152, 37.494019346989511 ], [ 126.990155176298344, 37.494325361070551 ], [ 126.990989743709491, 37.494567356919376 ], [ 126.99185006645402, 37.494743003348724 ], [ 126.992727857010777, 37.494850608306969 ], [ 126.993614659440709, 37.494889135191841 ], [ 126.994501930912222, 37.494858212845458 ], [ 126.995381124066924, 37.494758139133403 ], [ 126.996243769429583, 37.494589878073612 ], [ 126.997081557064789, 37.494355050542595 ], [ 126.99788641669025, 37.494055918648925 ], [ 126.998650595472213, 37.493695363925205 ], [ 126.99892533081541, 37.493534812062492 ], [ 126.999027887144948, 37.493868565596607 ], [ 126.999322629897918, 37.494536090387975 ], [ 126.999698075974024, 37.4951773808951 ], [ 127.000150611217933, 37.495786260410895 ], [ 127.000675878668545, 37.496356864254018 ], [ 127.001268820472561, 37.496883696281195 ], [ 127.001292485036075, 37.496900968117203 ], [ 127.000866233367532, 37.497059397350114 ], [ 127.000547434181655, 37.497209815269528 ], [ 127.000426227084276, 37.497151233602814 ], [ 126.999625381464696, 37.49684528876881 ], [ 126.99879076022367, 37.496603353635109 ], [ 126.99793039935237, 37.496427757534988 ], [ 126.997052582453335, 37.496320191074844 ], [ 126.996165761047237, 37.496281689871289 ], [ 126.995278473269934, 37.496312624589251 ], [ 126.994399261739076, 37.496412697377018 ], [ 126.993994477336074, 37.496491643714215 ], [ 126.993896151988508, 37.496404267783397 ], [ 126.993241305864387, 37.495926238063852 ] ], [ [ 126.900423841974458, 37.509696521754442 ], [ 126.900473080029272, 37.508989987837076 ], [ 126.900469122378951, 37.508916225452744 ], [ 126.900494014689542, 37.508559031299164 ], [ 126.900456082789631, 37.507852054794178 ], [ 126.900331349226633, 37.507151444274761 ], [ 126.900121017621146, 37.506463946754884 ], [ 126.899827115775622, 37.505796182785666 ], [ 126.899452476061427, 37.505154582712279 ], [ 126.899000708067078, 37.504545324768685 ], [ 126.898476163774447, 37.503974275605891 ], [ 126.89788389560043, 37.503446933824911 ], [ 126.897229607709761, 37.502968377057357 ], [ 126.896519601069542, 37.50254321310198 ], [ 126.895760712774489, 37.502175535586019 ], [ 126.894960250227157, 37.501868884577227 ], [ 126.894911000394217, 37.501854560036818 ], [ 126.894869655607792, 37.501838720929896 ], [ 126.894035326823342, 37.501596048241417 ], [ 126.893175164283136, 37.501419690914425 ], [ 126.892297449684094, 37.501311346881216 ], [ 126.89141063356422, 37.501272059241138 ], [ 126.890984695071651, 37.501286530504302 ], [ 126.890699198331461, 37.500637618093975 ], [ 126.8903246622979, 37.499995989422708 ], [ 126.889889575515767, 37.499409058235997 ], [ 126.890595059108307, 37.499750922216627 ], [ 126.891395480902375, 37.500057602560659 ], [ 126.892229783834907, 37.500300293732892 ], [ 126.893089931250955, 37.500476657845361 ], [ 126.89396763732195, 37.500584995929792 ], [ 126.894854446924782, 37.500624264318226 ], [ 126.895741817159148, 37.500594084706172 ], [ 126.896621199714062, 37.500494747800758 ], [ 126.897484123287001, 37.50032721051884 ], [ 126.898322275258224, 37.500093086761687 ], [ 126.899127581830243, 37.49979463185597 ], [ 126.899892285857206, 37.499434720811117 ], [ 126.900609021612283, 37.49901682060343 ], [ 126.900877864508942, 37.498825155192776 ], [ 126.900771147647447, 37.499374236078324 ], [ 126.900721919950144, 37.500080771345559 ], [ 126.900759851425065, 37.500787748680175 ], [ 126.900884579221611, 37.501488359442675 ], [ 126.901094904510515, 37.502175856120104 ], [ 126.901388803938232, 37.502843617317815 ], [ 126.901763449028564, 37.503485211543435 ], [ 126.902215233348016, 37.504094459168243 ], [ 126.902739807176033, 37.504665491968183 ], [ 126.903332119348647, 37.505192809670319 ], [ 126.903986465874397, 37.505671332958521 ], [ 126.90469654485527, 37.506096452426966 ], [ 126.905455517184535, 37.506464073008324 ], [ 126.906256072436321, 37.50677065344744 ], [ 126.907090499311508, 37.507013240438923 ], [ 126.907950759959988, 37.507189497098651 ], [ 126.908828567461271, 37.507297725493743 ], [ 126.909715465714257, 37.507336883013352 ], [ 126.910602910963874, 37.507306592421479 ], [ 126.911482354175988, 37.507207145494974 ], [ 126.912345323463541, 37.50703950021105 ], [ 126.913183505766469, 37.506805271511986 ], [ 126.913769046166621, 37.506588195605161 ], [ 126.913783699364274, 37.506860404779097 ], [ 126.913908558400649, 37.507561002191302 ], [ 126.914119019730322, 37.508248476132742 ], [ 126.914413058689689, 37.508916205426964 ], [ 126.914787845458576, 37.509557758888171 ], [ 126.915185663455276, 37.510094019118895 ], [ 126.914763761586457, 37.510211922467057 ], [ 126.913960631606358, 37.510509656993143 ], [ 126.913798119401534, 37.510528036889262 ], [ 126.91323190939859, 37.510114081607448 ], [ 126.912521743569528, 37.509689013004376 ], [ 126.91176270353553, 37.509321437455633 ], [ 126.910962098158791, 37.509014894047112 ], [ 126.910127636191831, 37.508772334191733 ], [ 126.909267352096336, 37.50859609323512 ], [ 126.908389528738297, 37.508487867989487 ], [ 126.90750261770188, 37.508448700411016 ], [ 126.90661515798557, 37.508478967577204 ], [ 126.905735693860777, 37.508578378060356 ], [ 126.904872692679788, 37.50874597473176 ], [ 126.904034463421667, 37.50898014396985 ], [ 126.903229076756446, 37.509278631183982 ], [ 126.902464287394423, 37.509638562504655 ], [ 126.901747459465881, 37.510056472432765 ], [ 126.901085495646782, 37.510528337182038 ], [ 126.900484770711913, 37.511049613395194 ], [ 126.899951070153705, 37.511615281862134 ], [ 126.899574742749863, 37.512108273436269 ], [ 126.899550361655983, 37.512096463404937 ], [ 126.899761988568244, 37.511745836799307 ], [ 126.900066578158629, 37.511081113823742 ], [ 126.900287905749181, 37.510395808692714 ], [ 126.900423841974458, 37.509696521754442 ] ], [ [ 126.903916921122587, 37.492215991143858 ], [ 126.904754962634811, 37.49198182046969 ], [ 126.905560156663967, 37.491683320332747 ], [ 126.905953689977167, 37.491498053650517 ], [ 126.906091168293202, 37.491683459829595 ], [ 126.906615686331818, 37.492254476121857 ], [ 126.907207929173808, 37.492781774887312 ], [ 126.907672182550101, 37.493121311776136 ], [ 126.907199610271434, 37.493213115452221 ], [ 126.906361562347385, 37.493447303367681 ], [ 126.905556352400964, 37.493745808742936 ], [ 126.904791733441996, 37.494105757533283 ], [ 126.904075067960775, 37.494523684070934 ], [ 126.903806248706942, 37.494715357100439 ], [ 126.903912936289586, 37.494166272792604 ], [ 126.903962129301206, 37.49345973519781 ], [ 126.903924170391235, 37.492752757788892 ], [ 126.903831551659763, 37.492232572832258 ], [ 126.903916921122587, 37.492215991143858 ] ], [ [ 126.946328532059979, 37.47615186515543 ], [ 126.946379838202517, 37.476146045221242 ], [ 126.946343860675711, 37.476177309826397 ], [ 126.94629377200458, 37.476153062876122 ], [ 126.946328532059979, 37.47615186515543 ] ], [ [ 127.022668070752559, 37.49012546432332 ], [ 127.023267784061872, 37.489603557528376 ], [ 127.0238004020961, 37.489037321923597 ], [ 127.024260796121297, 37.488432211599395 ], [ 127.024644533408392, 37.48779405496331 ], [ 127.024947919879722, 37.487128998576047 ], [ 127.025152322608037, 37.486492386573531 ], [ 127.025197339310608, 37.48663872365028 ], [ 127.025492287964113, 37.487306185384703 ], [ 127.025867923181679, 37.487947394806113 ], [ 127.026320628983939, 37.488556175987569 ], [ 127.026846046764618, 37.489126665194263 ], [ 127.027223234545701, 37.489461644521732 ], [ 127.026574733644992, 37.48953564445263 ], [ 127.025712212158084, 37.489704128013464 ], [ 127.024874564049185, 37.489939159754002 ], [ 127.024069854400565, 37.490238476782061 ], [ 127.023305831412955, 37.490599197240492 ], [ 127.02274400584156, 37.490927711183438 ], [ 127.02252401680515, 37.490552173565248 ], [ 127.022366844694417, 37.490340802074599 ], [ 127.022668070752559, 37.49012546432332 ] ], [ [ 127.03893412823686, 37.490551830997653 ], [ 127.039227672186982, 37.490946440308946 ], [ 127.039753205289259, 37.491516872649989 ], [ 127.04034638578203, 37.492043510565388 ], [ 127.041001501298012, 37.492521281285377 ], [ 127.04171224252039, 37.492945582652858 ], [ 127.042471763952349, 37.493312327481846 ], [ 127.043272749868791, 37.493617982955058 ], [ 127.044107484813651, 37.493859604680168 ], [ 127.04436666428991, 37.493912396707579 ], [ 127.044251047954646, 37.494165980989024 ], [ 127.044031082847084, 37.494851567306164 ], [ 127.043896512684043, 37.495551030842698 ], [ 127.043848635787043, 37.496257635687208 ], [ 127.043868141416638, 37.496608690508012 ], [ 127.043392451263472, 37.49609244215015 ], [ 127.042799217494306, 37.495565819537291 ], [ 127.042144064030339, 37.495088058780851 ], [ 127.041433300160705, 37.494663760014497 ], [ 127.040673770259431, 37.494297008535717 ], [ 127.039872787896073, 37.493991335497995 ], [ 127.039038065445183, 37.493749683936976 ], [ 127.038177639870284, 37.493574380456771 ], [ 127.037299795395526, 37.49346711284776 ], [ 127.036412983806272, 37.493428913850565 ], [ 127.036404723278835, 37.49342920471252 ], [ 127.036298148707218, 37.493247349397848 ], [ 127.035845333610226, 37.49263860619736 ], [ 127.035319822641924, 37.492068156726809 ], [ 127.034942585444171, 37.491733203065465 ], [ 127.035591097599607, 37.491659157300326 ], [ 127.036453620188681, 37.491490601671721 ], [ 127.037291250262086, 37.491255487764988 ], [ 127.038095919057668, 37.490956080448377 ], [ 127.038859875582716, 37.490595263908304 ], [ 127.03893412823686, 37.490551830997653 ] ], [ [ 127.077347824519293, 37.504482774525485 ], [ 127.076540793889549, 37.50424946188852 ], [ 127.075680157709485, 37.504074430582648 ], [ 127.074802134061841, 37.503967440749975 ], [ 127.073915176455259, 37.503929522457916 ], [ 127.073027824335469, 37.503961040761922 ], [ 127.072148620939487, 37.504061692194433 ], [ 127.071286031113644, 37.504230507684653 ], [ 127.070448359883272, 37.504465861881307 ], [ 127.070298393022043, 37.504521702936906 ], [ 127.070155318922573, 37.504366538708638 ], [ 127.069697943712541, 37.50396079752322 ], [ 127.070286970434992, 37.504032599015353 ], [ 127.071173927160174, 37.504070544545989 ], [ 127.072061281220357, 37.504039040181887 ], [ 127.072940484461355, 37.503938389398144 ], [ 127.073803067311786, 37.503769561774476 ], [ 127.074640720440712, 37.503534183647709 ], [ 127.075445374864998, 37.503234522432543 ], [ 127.076209279732183, 37.50287346476231 ], [ 127.07692507702636, 37.502454488660817 ], [ 127.07758587247605, 37.501981630014896 ], [ 127.078185301978479, 37.50145944367118 ], [ 127.078717592900247, 37.500892959533616 ], [ 127.07887184608937, 37.500689987037354 ], [ 127.079500129902115, 37.500716822036416 ], [ 127.07912328256414, 37.501212697756344 ], [ 127.078739937314126, 37.50185103237601 ], [ 127.078436965654518, 37.502516227862671 ], [ 127.078217287241046, 37.503201878651311 ], [ 127.078083019844286, 37.503901382026243 ], [ 127.078036871746633, 37.504587010631383 ], [ 127.077788014869412, 37.504536403839197 ], [ 127.077347824519293, 37.504482774525485 ] ], [ [ 127.088000125617185, 37.496299830172653 ], [ 127.088302987039299, 37.495634608802327 ], [ 127.088522550589929, 37.494948937696705 ], [ 127.088656703899503, 37.494249420719072 ], [ 127.08870415733702, 37.493542794902758 ], [ 127.088664456340155, 37.492835865558249 ], [ 127.088537985698935, 37.492135440729861 ], [ 127.088325965756169, 37.491448265633245 ], [ 127.088030440563969, 37.490780957705304 ], [ 127.087864634346829, 37.490498425439732 ], [ 127.088486708648503, 37.490266633104149 ], [ 127.08925041884882, 37.489905489145542 ], [ 127.089966019581041, 37.489486431932498 ], [ 127.090626618468292, 37.489013498132771 ], [ 127.091225853302248, 37.488491243316382 ], [ 127.091757953325427, 37.487924698046228 ], [ 127.092217794798856, 37.487319319393841 ], [ 127.092600950320588, 37.486680938349124 ], [ 127.092850100408, 37.486133536262855 ], [ 127.092790194799889, 37.486446033505807 ], [ 127.092742784949763, 37.48715266206554 ], [ 127.092782521885127, 37.487859590928359 ], [ 127.092909025364776, 37.488560011910906 ], [ 127.093121079451976, 37.489247179317715 ], [ 127.093416644134024, 37.489914474915828 ], [ 127.093792874884656, 37.490555471688729 ], [ 127.094246149984372, 37.49116399575491 ], [ 127.094772105338649, 37.491734185853794 ], [ 127.095365676460446, 37.492260549825247 ], [ 127.095403070778431, 37.492287789409176 ], [ 127.095668520537032, 37.492523179965296 ], [ 127.096323995515007, 37.493000646000517 ], [ 127.097035057364494, 37.493424616397384 ], [ 127.097794857495728, 37.493791007158158 ], [ 127.098596077494733, 37.494096288876868 ], [ 127.099430999646955, 37.494337520762592 ], [ 127.100291581321699, 37.49451237899008 ], [ 127.101169532499071, 37.494619179103822 ], [ 127.102056395690099, 37.494656892258497 ], [ 127.102943627476819, 37.494625155138856 ], [ 127.103822680883908, 37.494524273463291 ], [ 127.104685087784972, 37.494355219036677 ], [ 127.105522540545934, 37.494119620381461 ], [ 127.106326972116065, 37.493819747037342 ], [ 127.107090633792083, 37.493458487681359 ], [ 127.107806169903427, 37.493039322280261 ], [ 127.10846668869705, 37.492566288544097 ], [ 127.108660366192552, 37.492397436712338 ], [ 127.108689144008579, 37.492907442019913 ], [ 127.108226610550304, 37.493079878117832 ], [ 127.107462958151615, 37.493441144893069 ], [ 127.106747416287149, 37.493860308154225 ], [ 127.106086875266897, 37.494333332047653 ], [ 127.105487696183189, 37.494855662053638 ], [ 127.104955649660738, 37.495422268811943 ], [ 127.10449586027454, 37.496027696520386 ], [ 127.104112757171507, 37.496666115441407 ], [ 127.103810031372262, 37.497331378012504 ], [ 127.103700035484891, 37.497675105528089 ], [ 127.103397539368771, 37.497406927955694 ], [ 127.102741980744213, 37.496929501043546 ], [ 127.10203085326971, 37.496505564871278 ], [ 127.101271004815302, 37.496139201245242 ], [ 127.100469752013097, 37.495833937585218 ], [ 127.09963480983734, 37.495592712986394 ], [ 127.098774217363783, 37.49541784994355 ], [ 127.097896260420768, 37.495311032008345 ], [ 127.097009391874877, 37.495273287594053 ], [ 127.096122150314969, 37.495304980082899 ], [ 127.095243077914489, 37.495405804331106 ], [ 127.094380638259864, 37.495574789604689 ], [ 127.093543134932148, 37.495810308918308 ], [ 127.092738631622908, 37.496110094687332 ], [ 127.091974874550303, 37.496471260542982 ], [ 127.09125921791987, 37.496890329101632 ], [ 127.090598553145284, 37.497363265421541 ], [ 127.090055338451549, 37.4978366332235 ], [ 127.08975172192352, 37.497748887736833 ], [ 127.088891128467154, 37.497573952749946 ], [ 127.088013161072411, 37.497467061337197 ], [ 127.087240106489404, 37.497434097096686 ], [ 127.087616881171073, 37.496938194731534 ], [ 127.088000125617185, 37.496299830172653 ] ], [ [ 127.131491783191507, 37.543062401931756 ], [ 127.132379236908193, 37.543099890267996 ], [ 127.133267031729972, 37.543067928643069 ], [ 127.133680458241088, 37.543020408195275 ], [ 127.134165548650984, 37.543373238229442 ], [ 127.133965582743528, 37.543998554687832 ], [ 127.133831758912848, 37.544698119045677 ], [ 127.133814786863624, 37.544952943667845 ], [ 127.133299106482397, 37.544577868969348 ], [ 127.132587354480108, 37.544154116834967 ], [ 127.131826873577083, 37.543787949335488 ], [ 127.131024986490971, 37.54348289200118 ], [ 127.130629923063637, 37.54336894196188 ], [ 127.130941732357869, 37.543097160552875 ], [ 127.13102728771976, 37.543006055572235 ], [ 127.131491783191507, 37.543062401931756 ] ], [ [ 127.12558333791057, 37.524433043898945 ], [ 127.124823091046977, 37.52406683133416 ], [ 127.124021443340595, 37.523761726715357 ], [ 127.123186113564913, 37.5235206676061 ], [ 127.122325144524368, 37.523345974907805 ], [ 127.12144682566985, 37.52323933053232 ], [ 127.120559613349386, 37.523201761222381 ], [ 127.119672049458927, 37.523233628675122 ], [ 127.118792679272985, 37.523334626063125 ], [ 127.118660867967392, 37.523360471278735 ], [ 127.119241534039361, 37.5229447011899 ], [ 127.119840844164813, 37.522422304611716 ], [ 127.120372972207861, 37.521855633833795 ], [ 127.120832794163576, 37.521250147137138 ], [ 127.121130921284532, 37.520753277844285 ], [ 127.121650281134848, 37.520381371832514 ], [ 127.122249553914529, 37.519858962601255 ], [ 127.122742291459787, 37.519334193258032 ], [ 127.122975638113047, 37.519731277522538 ], [ 127.123429325440441, 37.520339688882906 ], [ 127.123955706689529, 37.520909748577544 ], [ 127.124549713270127, 37.521435965700704 ], [ 127.125205624851603, 37.521913271533492 ], [ 127.12591712444214, 37.522337068395352 ], [ 127.126677359232659, 37.522703273959259 ], [ 127.127479006619083, 37.523008360602631 ], [ 127.128314344766508, 37.523249389413451 ], [ 127.128946822416012, 37.52337768735525 ], [ 127.128706866447985, 37.523633264510892 ], [ 127.128247093077505, 37.524238781883348 ], [ 127.127864045335073, 37.524877275105233 ], [ 127.127561413712101, 37.525542595898465 ], [ 127.1274785810228, 37.52580161272229 ], [ 127.126950816012396, 37.525334134530347 ], [ 127.12629486346593, 37.524856838444954 ], [ 127.12558333791057, 37.524433043898945 ] ] ], [ [ [ 126.920901438618259, 37.544895260554505 ], [ 126.920246643421422, 37.544416830367695 ], [ 126.919536114518834, 37.543991803348561 ], [ 126.918776694031365, 37.543624271804568 ], [ 126.917975694482635, 37.543317774396947 ], [ 126.917140828418169, 37.543075262094881 ], [ 126.916280134187645, 37.542899069785577 ], [ 126.915401898603008, 37.542790893812509 ], [ 126.914514577214149, 37.542751775657337 ], [ 126.913626712967272, 37.542782091921858 ], [ 126.912746854025514, 37.542881550706014 ], [ 126.911883471539653, 37.543049194416646 ], [ 126.911044878157554, 37.543283408980116 ], [ 126.910239148053066, 37.543581939370256 ], [ 126.909474039241843, 37.543941911302973 ], [ 126.908756918929157, 37.544359858889287 ], [ 126.90809469260617, 37.54483175798152 ], [ 126.907493737575933, 37.545353064892886 ], [ 126.906959841547803, 37.545918760118838 ], [ 126.906498146891849, 37.546523396640517 ], [ 126.906113101089545, 37.547161152346582 ], [ 126.90580841385956, 37.54782588606993 ], [ 126.905587021372924, 37.548511196701 ], [ 126.905451057904386, 37.549210484809244 ], [ 126.905401835195846, 37.549917016180686 ], [ 126.905439829733695, 37.550623986659986 ], [ 126.905564678065971, 37.551324587673271 ], [ 126.905775180208281, 37.552012071800725 ], [ 126.906069311109079, 37.552679817767526 ], [ 126.906444240067458, 37.553321394226685 ], [ 126.906896357919663, 37.553930621719083 ], [ 126.907421311735632, 37.554501632212897 ], [ 126.908014046693324, 37.555028925648244 ], [ 126.908668854729839, 37.555507422940934 ], [ 126.909379429501698, 37.555932514933801 ], [ 126.910138927125331, 37.556300106822491 ], [ 126.910940032112805, 37.556606657626752 ], [ 126.911775027866639, 37.556849214325389 ], [ 126.912635871053226, 37.55702544032507 ], [ 126.913514269136371, 37.557133637987612 ], [ 126.914401760321439, 37.557172764997851 ], [ 126.9148418298401, 37.557157740338724 ], [ 126.91486395042206, 37.557568347097472 ], [ 126.914988897837731, 37.558268938166556 ], [ 126.915199505471477, 37.558956405580815 ], [ 126.915493747256193, 37.559624128225764 ], [ 126.915868791423108, 37.560265674978496 ], [ 126.916321027698913, 37.56087486666538 ], [ 126.91684610201257, 37.561445835599038 ], [ 126.917438958381041, 37.561973082119394 ], [ 126.918093887571345, 37.562451527593787 ], [ 126.918804582072269, 37.562876563363872 ], [ 126.919564196846011, 37.563244095166674 ], [ 126.92036541527527, 37.563550582600648 ], [ 126.921200519668773, 37.563793073254985 ], [ 126.922061465645498, 37.563969231172663 ], [ 126.922939959678118, 37.564077359371531 ], [ 126.923827539046812, 37.564116416205792 ], [ 126.924715653430013, 37.564086025409672 ], [ 126.925595747342726, 37.563986479725976 ], [ 126.92645934262498, 37.563818738084379 ], [ 126.927298120182527, 37.563584416356726 ], [ 126.928104000188767, 37.563285771778908 ], [ 126.928869219972583, 37.562925681189725 ], [ 126.92958640883873, 37.562507613297349 ], [ 126.930248659098282, 37.562035595241554 ], [ 126.930849592622849, 37.56151417377481 ], [ 126.93137759158067, 37.560954551416259 ], [ 126.931726055348264, 37.561162896521189 ], [ 126.93248571738701, 37.561530345667968 ], [ 126.933286971623588, 37.561836745779409 ], [ 126.934122100021099, 37.562079145286191 ], [ 126.934983057966605, 37.562255209109708 ], [ 126.935861551817112, 37.562363241174602 ], [ 126.936749118854408, 37.562402200761625 ], [ 126.937637208875742, 37.562371712542301 ], [ 126.938517266631024, 37.562272070198375 ], [ 126.939380814309033, 37.562104233591064 ], [ 126.939720883017657, 37.562009188476118 ], [ 126.940113183561166, 37.562295640487413 ], [ 126.940824003390262, 37.562720544716562 ], [ 126.941583726578543, 37.563087935712076 ], [ 126.942385035462664, 37.563394274429022 ], [ 126.943220211478618, 37.56363660988962 ], [ 126.944081209554227, 37.563812607632393 ], [ 126.944959735659353, 37.563920572218812 ], [ 126.945847326764721, 37.563959463579941 ], [ 126.946735432435531, 37.563928907044875 ], [ 126.947615497270789, 37.563829196953755 ], [ 126.948479043391245, 37.563661293820793 ], [ 126.949317752177052, 37.56342681507418 ], [ 126.950123544465285, 37.563128019462937 ], [ 126.950498293963506, 37.562951579385626 ], [ 126.95112956079798, 37.563328839840501 ], [ 126.951889341565348, 37.563696164929119 ], [ 126.952690700006769, 37.564002434050259 ], [ 126.953525917080157, 37.56424469689675 ], [ 126.954386947317118, 37.564420619706794 ], [ 126.955265496377379, 37.564528507764052 ], [ 126.955575264097462, 37.564542054327617 ], [ 126.9555808896163, 37.564549624605895 ], [ 126.956106291200939, 37.565120421154546 ], [ 126.956699455538626, 37.56564747261514 ], [ 126.957354670426795, 37.56612570223318 ], [ 126.957585475843459, 37.566263611245141 ], [ 126.957592414672519, 37.566391045550262 ], [ 126.957717421368429, 37.567089609123904 ], [ 126.957153730786999, 37.567109055991764 ], [ 126.956273639143191, 37.567208836929552 ], [ 126.955410068758951, 37.567376796793553 ], [ 126.954571334090929, 37.567611318467968 ], [ 126.953765510673975, 37.567910143971424 ], [ 126.953000357423704, 37.568270396179997 ], [ 126.952283241975593, 37.568688606507386 ], [ 126.95162106977709, 37.569160748277135 ], [ 126.95102021761376, 37.569682275466477 ], [ 126.950486472208823, 37.570248166450114 ], [ 126.950024974486567, 37.570852972324069 ], [ 126.949640170037028, 37.571490869345716 ], [ 126.949335766259679, 37.57215571498616 ], [ 126.949114696600702, 37.572841107056647 ], [ 126.948979092230516, 37.573540445340662 ], [ 126.9489302614368, 37.5742469951389 ], [ 126.94896867693501, 37.574953952116275 ], [ 126.94906131149925, 37.575471899343107 ], [ 126.948501447921103, 37.575535328171149 ], [ 126.947637764407787, 37.575703230043196 ], [ 126.946798912345571, 37.575937695231914 ], [ 126.945992968398642, 37.576236466299811 ], [ 126.945227692642135, 37.576596666647085 ], [ 126.944510453890175, 37.577014828186975 ], [ 126.943848158776646, 37.577486924713014 ], [ 126.94324718527001, 37.578008410638404 ], [ 126.942713321261451, 37.578574264735551 ], [ 126.942251708816983, 37.579179038456125 ], [ 126.941866794631252, 37.579816908367619 ], [ 126.941562287160636, 37.580481732202706 ], [ 126.941341120850211, 37.581167107983177 ], [ 126.941205427801734, 37.581866435649886 ], [ 126.941198566723386, 37.58196554911877 ], [ 126.94065117196287, 37.582118503811195 ], [ 126.939845137039839, 37.582417231859921 ], [ 126.939079768526099, 37.582777391226635 ], [ 126.938362436128202, 37.58319551421927 ], [ 126.937700047381085, 37.583667575002643 ], [ 126.937098981154321, 37.584189028334407 ], [ 126.936565026231435, 37.584754853301085 ], [ 126.93610332555366, 37.585359601635204 ], [ 126.935718326665238, 37.585997450149065 ], [ 126.935413738838164, 37.586662256781821 ], [ 126.935192497291695, 37.587347619721328 ], [ 126.935056734852438, 37.588046939032509 ], [ 126.93500776133169, 37.588753480199706 ], [ 126.935046050820958, 37.589460438971777 ], [ 126.93517123703235, 37.590161006885786 ], [ 126.935382116731191, 37.590848436838719 ], [ 126.935676661232833, 37.591516108075375 ], [ 126.936052035855027, 37.592157589966327 ], [ 126.93650462714298, 37.59276670396104 ], [ 126.937030077606934, 37.593337583118782 ], [ 126.937623327640623, 37.593864728642671 ], [ 126.938278664218359, 37.594343062871452 ], [ 126.938989775903252, 37.594767978217128 ], [ 126.939749813636951, 37.595135381575716 ], [ 126.940551456725188, 37.595441733782145 ], [ 126.941386983383154, 37.595684083727775 ], [ 126.942248345158887, 37.595860096810853 ], [ 126.943127244516333, 37.595968077444475 ], [ 126.944015214827914, 37.596006985404735 ], [ 126.944903702002961, 37.595976445860614 ], [ 126.945784146962552, 37.595876752988659 ], [ 126.946648068162773, 37.595708867137418 ], [ 126.947487143367979, 37.595474405569114 ], [ 126.948293289883324, 37.595175626867942 ], [ 126.949058742469958, 37.594815409165975 ], [ 126.949776128190493, 37.594397222397106 ], [ 126.950438537460812, 37.593925094847343 ], [ 126.951039590622671, 37.593403574324888 ], [ 126.951573499394598, 37.592837684325275 ], [ 126.952035122608905, 37.592232875615188 ], [ 126.952420015698294, 37.591594973702527 ], [ 126.952724473456485, 37.590930122700215 ], [ 126.952945565662731, 37.590244726125526 ], [ 126.953081165229491, 37.589545385206073 ], [ 126.953088011381695, 37.589446271054648 ], [ 126.953635435262811, 37.589293259096408 ], [ 126.954441490736585, 37.588994437372143 ], [ 126.955206850504311, 37.588634178691208 ], [ 126.955924142523415, 37.588215953382139 ], [ 126.95658645811298, 37.587743790101996 ], [ 126.95718741851762, 37.587222237002905 ], [ 126.957721236349727, 37.586656317893905 ], [ 126.958182771317738, 37.58605148382167 ], [ 126.958567579704436, 37.585413560538036 ], [ 126.958871957119257, 37.584748692361373 ], [ 126.959092974115066, 37.584063282973901 ], [ 126.959228504328181, 37.583363933726261 ], [ 126.95927724487386, 37.58265738004431 ], [ 126.959238728803527, 37.581950426551408 ], [ 126.959146016164752, 37.581432487266241 ], [ 126.95970591555492, 37.581369008288412 ], [ 126.960569638660118, 37.581201018575271 ], [ 126.961408507996836, 37.580966455857478 ], [ 126.962214442855057, 37.580667579693625 ], [ 126.962979680036526, 37.580307269154545 ], [ 126.9636968486803, 37.57988899506811 ], [ 126.964359041294742, 37.579416786561005 ], [ 126.964959880309607, 37.578895192220706 ], [ 126.965193064501136, 37.578647915748689 ], [ 126.96550035196276, 37.579172701837713 ], [ 126.965953107286211, 37.579781705502029 ], [ 126.966478694208504, 37.580352455850118 ], [ 126.967072051806056, 37.580879455325579 ], [ 126.967727466014239, 37.581357627673945 ], [ 126.968438624645827, 37.581782366866783 ], [ 126.969198678187993, 37.582149581497482 ], [ 126.970000305792468, 37.582455734219643 ], [ 126.970835785822246, 37.582697875847217 ], [ 126.971697070273805, 37.582873673786168 ], [ 126.97257586235574, 37.582981434523226 ], [ 126.973463696474241, 37.583020119953908 ], [ 126.974352019851523, 37.582989357392002 ], [ 126.975232274987903, 37.58288944316341 ], [ 126.976095982169852, 37.582721339749945 ], [ 126.976934821225655, 37.582486666510306 ], [ 126.97774071173761, 37.582187684068231 ], [ 126.978505890935608, 37.581827272518638 ], [ 126.978959183922868, 37.581562813520179 ], [ 126.979546751315027, 37.581991374353663 ], [ 126.980257983926137, 37.582416042840492 ], [ 126.981018102830888, 37.582783181808864 ], [ 126.981819786550489, 37.583089254641358 ], [ 126.982655312906587, 37.583331312921651 ], [ 126.983516633448687, 37.583507024858903 ], [ 126.984395451037173, 37.583614697768674 ], [ 126.985283299832233, 37.583653294392924 ], [ 126.986171626914413, 37.58362244290133 ], [ 126.987051874748502, 37.583522440476919 ], [ 126.987915563691473, 37.583354250451507 ], [ 126.988754373747696, 37.583119493018536 ], [ 126.989560224779424, 37.582820429613072 ], [ 126.990325354397612, 37.582459941110208 ], [ 126.991042392779377, 37.582041500052561 ], [ 126.991704433689989, 37.581569137175336 ], [ 126.992305101022865, 37.581047402552926 ], [ 126.992838610216126, 37.58048132174212 ], [ 126.993299823953691, 37.579876347346165 ], [ 126.99336125447897, 37.579774404185599 ], [ 126.993262308717547, 37.579990800193485 ], [ 126.993041616728362, 37.580676276434211 ], [ 126.992906407544595, 37.581375667195061 ], [ 126.992857985650346, 37.582082237269141 ], [ 126.992896819824523, 37.582789182123612 ], [ 126.993022538532259, 37.583489693426422 ], [ 126.993233933408447, 37.584177024616679 ], [ 126.993528970803624, 37.584844555887543 ], [ 126.993904811284622, 37.585485857955135 ], [ 126.994357836905323, 37.586094753998829 ], [ 126.994883685987872, 37.586665379175486 ], [ 126.9954772950814, 37.587192237133436 ], [ 126.99613294769668, 37.587670252980743 ], [ 126.996844329347681, 37.588094822196055 ], [ 126.997132521810556, 37.588233954842664 ], [ 126.99711742120013, 37.588454462407938 ], [ 126.997156298296176, 37.589161405414224 ], [ 126.997282067010062, 37.589861911791196 ], [ 126.99749351849573, 37.590549235025101 ], [ 126.997788618558999, 37.59121675538541 ], [ 126.998164527163567, 37.591858043692987 ], [ 126.998617625707439, 37.592466923259408 ], [ 126.99914355181042, 37.593037529399886 ], [ 126.999737241279846, 37.593564365945831 ], [ 127.000392976852012, 37.594042358211226 ], [ 127.001104443241516, 37.59446690190164 ], [ 127.001864787968159, 37.594833907493332 ], [ 127.002666687375878, 37.595139839653548 ], [ 127.003502417206633, 37.595381751321128 ], [ 127.004363927047919, 37.595557312117776 ], [ 127.005242917934851, 37.595664830815451 ], [ 127.006130922356562, 37.595703271642272 ], [ 127.007019385893216, 37.595672264269403 ], [ 127.007899749694062, 37.595572107382317 ], [ 127.008340949717535, 37.595486123382926 ], [ 127.008524478900526, 37.595799110439778 ], [ 127.008952380657448, 37.596373955809483 ], [ 127.00854729812994, 37.596564859902159 ], [ 127.007830216295289, 37.596983405980758 ], [ 127.007168138635535, 37.597455857830468 ], [ 127.006567441030825, 37.597977666443647 ], [ 127.00603390872152, 37.598543807485463 ], [ 127.005572680585843, 37.599148829643816 ], [ 127.005188199623873, 37.599786907092607 ], [ 127.004884170126104, 37.600451895564163 ], [ 127.004663521940344, 37.60113739149245 ], [ 127.004528382183622, 37.601836793658485 ], [ 127.00448005467409, 37.60254336674511 ], [ 127.004519007284301, 37.603250306189921 ], [ 127.004644867341213, 37.603950803712245 ], [ 127.004856425120494, 37.604638112883073 ], [ 127.005151645405562, 37.605305614106719 ], [ 127.005178903948575, 37.60535209854806 ], [ 127.004776823315623, 37.605464657624381 ], [ 127.00397078674925, 37.605763822467225 ], [ 127.003205482036336, 37.606124396770433 ], [ 127.002488278273091, 37.606542908848297 ], [ 127.00182608176064, 37.607015329120451 ], [ 127.001225269523104, 37.607537108883655 ], [ 127.000691627904359, 37.608103224081255 ], [ 127.000230296835198, 37.608708223650503 ], [ 126.99984572030705, 37.609346281983221 ], [ 126.999541603531142, 37.610011254996287 ], [ 126.999320877196311, 37.610696739273045 ], [ 126.999185669173002, 37.611396133707103 ], [ 126.999137283937742, 37.612102703056131 ], [ 126.999176189920149, 37.612809642794112 ], [ 126.99930201489741, 37.613510144637765 ], [ 126.999513549484305, 37.614197462116699 ], [ 126.999808758688872, 37.614864975555307 ], [ 127.000184801425817, 37.615506255840494 ], [ 127.000638057803087, 37.616115126360398 ], [ 127.001164163921757, 37.616685722516578 ], [ 127.001758053856122, 37.617212548235756 ], [ 127.002414008412075, 37.617690528935348 ], [ 127.003125710194865, 37.618115060431514 ], [ 127.003886304456273, 37.618482053317166 ], [ 127.004687042120892, 37.618787429694805 ], [ 127.004679525500393, 37.618810775856659 ], [ 127.004544352051695, 37.619510175722866 ], [ 127.004496011377995, 37.620216746622347 ], [ 127.004534971480794, 37.62092368401386 ], [ 127.004660859617005, 37.621624179636406 ], [ 127.004872465793952, 37.622311487079138 ], [ 127.005167754330898, 37.622978986762689 ], [ 127.005543883378962, 37.623620249706057 ], [ 127.005997232215137, 37.624229099463939 ], [ 127.006523436050031, 37.624799671637462 ], [ 127.007117428016741, 37.625326470383968 ], [ 127.007773487938167, 37.625804421380288 ], [ 127.008485297404107, 37.626228920728387 ], [ 127.009246000628636, 37.626595879330608 ], [ 127.010048270500775, 37.626901762305913 ], [ 127.01088437919168, 37.627143623066218 ], [ 127.011746272636785, 37.627319131723091 ], [ 127.012625648173213, 37.627426597550439 ], [ 127.013514034581746, 37.62746498528562 ], [ 127.014402873759906, 37.627433925111397 ], [ 127.015283603235488, 37.627333716222275 ], [ 127.01552699975656, 37.627286286768388 ], [ 127.016213815029147, 37.627617541920756 ], [ 127.017016124912715, 37.627923377739961 ], [ 127.017372105107867, 37.628026327683635 ], [ 127.017493047798112, 37.628418894175852 ], [ 127.017788473107146, 37.629086362536277 ], [ 127.018164741228915, 37.629727585550505 ], [ 127.018618230100586, 37.630336387157165 ], [ 127.019144573583404, 37.630906903420581 ], [ 127.01973870346464, 37.631433639036075 ], [ 127.020394898237896, 37.631911520288249 ], [ 127.021106838192964, 37.632335943950551 ], [ 127.021867666285871, 37.632702821654171 ], [ 127.022670054201626, 37.63300861929735 ], [ 127.023506272973179, 37.633250391114061 ], [ 127.024368267474458, 37.633425808072857 ], [ 127.025247734068046, 37.633533180331256 ], [ 127.026136200656794, 37.633571473528349 ], [ 127.027025108365109, 37.63354031875803 ], [ 127.027905894060197, 37.633440016126535 ], [ 127.028770072914483, 37.633271531859528 ], [ 127.029609320210497, 37.633036488986974 ], [ 127.030415551597471, 37.632737151695821 ], [ 127.031181001022276, 37.632376403501617 ], [ 127.031898295582778, 37.631957719450575 ], [ 127.032560526578905, 37.631485132620497 ], [ 127.033161316076772, 37.63096319524449 ], [ 127.033694878342445, 37.630396934833577 ], [ 127.034156075554208, 37.629791805721659 ], [ 127.034540467256591, 37.629153636501357 ], [ 127.034844353081013, 37.628488573858093 ], [ 127.035064808323483, 37.62780302334464 ], [ 127.035199712038605, 37.627103587667769 ], [ 127.035247767382444, 37.626397003082118 ], [ 127.035208514011444, 37.625690074504568 ], [ 127.035082332421354, 37.624989609974605 ], [ 127.034870440188215, 37.6243023550918 ], [ 127.034574880151041, 37.623634928061939 ], [ 127.034198500653531, 37.622993755976758 ], [ 127.033744928038615, 37.622385012940484 ], [ 127.033218531663266, 37.62181456063793 ], [ 127.032624381772791, 37.621287891915799 ], [ 127.03196820064268, 37.620810077918854 ], [ 127.031354832689004, 37.62044445059766 ], [ 127.031869289712546, 37.620385835492733 ], [ 127.03273330848603, 37.620217320751294 ], [ 127.033572396396366, 37.619982248103319 ], [ 127.034378470629136, 37.619682882022339 ], [ 127.035143766646158, 37.61932210630102 ], [ 127.035860913023669, 37.618903396250346 ], [ 127.036523002489645, 37.618430785198122 ], [ 127.037123658473703, 37.617908825610357 ], [ 127.037657096528008, 37.617342545211436 ], [ 127.038118180026956, 37.616737398527306 ], [ 127.038502469609824, 37.616099214319291 ], [ 127.038806265890855, 37.615434139416664 ], [ 127.039026645027363, 37.614748579489778 ], [ 127.039161486805725, 37.61404913733567 ], [ 127.039209494977086, 37.613342549270989 ], [ 127.039170209650621, 37.612635620245861 ], [ 127.039044011628235, 37.611935158303893 ], [ 127.038832118642574, 37.61124790901966 ], [ 127.038536573538252, 37.61058049054504 ], [ 127.03816022451376, 37.609939329889507 ], [ 127.037706697617239, 37.60933060104739 ], [ 127.037180361764158, 37.608760165567119 ], [ 127.036586286616185, 37.608233516133765 ], [ 127.035930193728404, 37.607755723706745 ], [ 127.035218401436509, 37.607331388720745 ], [ 127.034457764015571, 37.606964596818216 ], [ 127.033655605695486, 37.606658879538251 ], [ 127.033302971512583, 37.606556923591214 ], [ 127.033507220165873, 37.60621772915183 ], [ 127.033778569076432, 37.605623705911334 ], [ 127.034279214910143, 37.60616636305371 ], [ 127.034873257380781, 37.606693024067312 ], [ 127.035529334182428, 37.607170822349232 ], [ 127.036241126739952, 37.607595155472936 ], [ 127.037001779428195, 37.607961935942605 ], [ 127.037803965621563, 37.608267630594085 ], [ 127.038639958296386, 37.608509294654382 ], [ 127.039501704505426, 37.608684600131042 ], [ 127.040380903004376, 37.608791858256382 ], [ 127.040446899069821, 37.608794695257153 ], [ 127.040725232173443, 37.609423218868592 ], [ 127.041101600748888, 37.610064371527891 ], [ 127.041555159845601, 37.610673087458743 ], [ 127.042081542645505, 37.611243503550583 ], [ 127.042675680554311, 37.611770125463742 ], [ 127.043331851985769, 37.612247880578309 ], [ 127.04404373745254, 37.612672166883357 ], [ 127.044804480433896, 37.613038897333922 ], [ 127.045606753433617, 37.613344539247556 ], [ 127.046442828591125, 37.613586148359332 ], [ 127.047304652163817, 37.613761397206183 ], [ 127.048183922161471, 37.61386859756611 ], [ 127.048412382452739, 37.613878402602843 ], [ 127.048439598080932, 37.613924752827288 ], [ 127.048893240404141, 37.614533440696889 ], [ 127.049419706500615, 37.615103824222935 ], [ 127.050013926973364, 37.615630409379158 ], [ 127.050670179440374, 37.616108123899473 ], [ 127.051382143633091, 37.616532366163774 ], [ 127.052142962271787, 37.616899049551222 ], [ 127.052945307130855, 37.617204641832707 ], [ 127.053781449656697, 37.617446199221398 ], [ 127.0546433354572, 37.617621394752604 ], [ 127.055522661942064, 37.617728540718062 ], [ 127.056410958364339, 37.617766604937948 ], [ 127.056674648439625, 37.617757293583907 ], [ 127.056028947026519, 37.6181344717344 ], [ 127.055366982569382, 37.618607193067469 ], [ 127.054766447512804, 37.619129246241997 ], [ 127.054233125536598, 37.619695604568392 ], [ 127.053772153498599, 37.620300814641965 ], [ 127.05338797193788, 37.620939048826287 ], [ 127.053084282266795, 37.621604161343136 ], [ 127.052864011065438, 37.622289747430266 ], [ 127.052729281824796, 37.622989204998419 ], [ 127.052681394413383, 37.623695798194497 ], [ 127.052720812468493, 37.624402722259873 ], [ 127.052847158836798, 37.625103169059173 ], [ 127.05305921911166, 37.625790392649122 ], [ 127.053354953237374, 37.626457774255435 ], [ 127.053731515071192, 37.627098886032087 ], [ 127.053853540436066, 37.627262568520599 ], [ 127.053155147941553, 37.627670445988947 ], [ 127.052493080271006, 37.628143149778403 ], [ 127.05189244786763, 37.628665186862385 ], [ 127.051359035348568, 37.629231530706612 ], [ 127.050897980443665, 37.629836728046257 ], [ 127.050513724490315, 37.630474951367866 ], [ 127.050209969617839, 37.63114005499822 ], [ 127.049989643034991, 37.631825634260984 ], [ 127.049854868766971, 37.632525087132905 ], [ 127.049806947116977, 37.6332316778064 ], [ 127.049846342053172, 37.6339386015473 ], [ 127.049972676645993, 37.63463905022352 ], [ 127.050184736603484, 37.63532627787373 ], [ 127.050480481874104, 37.63599366568458 ], [ 127.050857066208934, 37.636634785750161 ], [ 127.051310864497921, 37.637243462999166 ], [ 127.051837507620135, 37.637813834692473 ], [ 127.052431924474405, 37.638340406916932 ], [ 127.053088390787465, 37.638818107530192 ], [ 127.053800584230871, 37.639242335045289 ], [ 127.054561645316099, 37.639609002982716 ], [ 127.055364243481122, 37.639914579261479 ], [ 127.056200647731032, 37.640156120248378 ], [ 127.057062801150835, 37.640331299136214 ], [ 127.057505217434638, 37.640385183417386 ], [ 127.056982430897563, 37.640839533738784 ], [ 127.056448968813015, 37.641405899119434 ], [ 127.055987878764739, 37.642011114885399 ], [ 127.055603602429727, 37.64264935334603 ], [ 127.055299842134929, 37.643314468682426 ], [ 127.05507952514273, 37.644000056105632 ], [ 127.054944775387497, 37.6446995135137 ], [ 127.054896892937933, 37.645406105055251 ], [ 127.054936341386252, 37.646113025987503 ], [ 127.055062743288957, 37.646813468205117 ], [ 127.05527488370717, 37.647500685808552 ], [ 127.055570721815542, 37.648168060080749 ], [ 127.055738371200633, 37.648453391523923 ], [ 127.055544364370476, 37.64854485993763 ], [ 127.05482704060374, 37.648963686407846 ], [ 127.054164793086485, 37.649436396735602 ], [ 127.053563999338479, 37.649958439426051 ], [ 127.053030445531036, 37.650524787891662 ], [ 127.052569270755626, 37.65112998882379 ], [ 127.052184917505386, 37.651768214675016 ], [ 127.051881088848404, 37.652433319748255 ], [ 127.051660712706109, 37.6531188993537 ], [ 127.051525913583319, 37.653818351465084 ], [ 127.051477992025184, 37.654524940282279 ], [ 127.05151741200153, 37.655231861088971 ], [ 127.051643796344266, 37.655932305781171 ], [ 127.051855930284788, 37.656619528435641 ], [ 127.05215177306124, 37.657286910286679 ], [ 127.052528477487627, 37.657928023485248 ], [ 127.052982417298949, 37.658536693025546 ], [ 127.053425879953394, 37.659016823835898 ], [ 127.053364393235896, 37.659039659171327 ], [ 127.052598774634092, 37.659400548597574 ], [ 127.051881329446729, 37.659819355611518 ], [ 127.051218966302585, 37.660292047794989 ], [ 127.050618063834506, 37.660814073828277 ], [ 127.050084409260791, 37.661380407284632 ], [ 127.04962314264327, 37.661985595000388 ], [ 127.049238707360047, 37.662623809555811 ], [ 127.048934807269788, 37.663288905362997 ], [ 127.04871437098268, 37.663974477821775 ], [ 127.048579523583868, 37.664673924975006 ], [ 127.048531566084492, 37.66538051107058 ], [ 127.04857096280189, 37.666087431418617 ], [ 127.048697336793282, 37.666787877919681 ], [ 127.048909473391078, 37.667475104633134 ], [ 127.049205331809247, 37.668142492754178 ], [ 127.049582064712268, 37.668783614373282 ], [ 127.05003604556201, 37.669392294403352 ], [ 127.050562903481364, 37.669962670077531 ], [ 127.05115756530185, 37.67048924744325 ], [ 127.051814304391584, 37.670966954307531 ], [ 127.052526795794989, 37.671391189122119 ], [ 127.053288177153007, 37.671757865336048 ], [ 127.054091114817524, 37.672063450787611 ], [ 127.054927874521709, 37.672305001754331 ], [ 127.055790395924404, 37.672480191332156 ], [ 127.056670370308211, 37.672587331869273 ], [ 127.057559320680141, 37.672625391237638 ], [ 127.058448683500444, 37.672594002784663 ], [ 127.059329891248851, 37.672493468868971 ], [ 127.060194455029404, 37.672324757945653 ], [ 127.061034046414775, 37.672089495229727 ], [ 127.06184057773855, 37.671789947027584 ], [ 127.06260628005839, 37.671428998888189 ], [ 127.063323778036875, 37.671010127785344 ], [ 127.063986161016487, 37.670537368600108 ], [ 127.06458704960211, 37.670015275227051 ], [ 127.065120657108977, 37.669448876680718 ], [ 127.065581845283944, 37.668843628626199 ], [ 127.065966173763513, 37.668205360801977 ], [ 127.066269942793312, 37.667540220843037 ], [ 127.066490228799793, 37.666854615046311 ], [ 127.066624912473017, 37.66615514665007 ], [ 127.066672699093687, 37.665448552222792 ], [ 127.066633130911285, 37.664741636774529 ], [ 127.066506591457838, 37.664041208216453 ], [ 127.066294301759584, 37.663354011799633 ], [ 127.065998308486158, 37.662686665164578 ], [ 127.065621464155413, 37.662045594626562 ], [ 127.065167399587651, 37.661436973309634 ], [ 127.064723846634223, 37.660956886276267 ], [ 127.064785331517911, 37.660934045015047 ], [ 127.06555090773, 37.660573076312794 ], [ 127.066268284240891, 37.660154185775518 ], [ 127.06693055156353, 37.659681408471094 ], [ 127.067531331417044, 37.659159298468275 ], [ 127.068064838164062, 37.658592884941342 ], [ 127.068525934521674, 37.657987623699235 ], [ 127.068910181010253, 37.657349344607042 ], [ 127.06921387866447, 37.656684195407855 ], [ 127.069434104597335, 37.655998582487221 ], [ 127.069568740076406, 37.655299109151706 ], [ 127.069616490845377, 37.654592512017054 ], [ 127.069576899497662, 37.653885596119231 ], [ 127.06945034978709, 37.653185169373558 ], [ 127.069238062837272, 37.652497977013624 ], [ 127.068942085290089, 37.651830636640902 ], [ 127.068774377738009, 37.651545323765049 ], [ 127.068968376396867, 37.651453833587617 ], [ 127.069685645677723, 37.651034920960498 ], [ 127.070347809963096, 37.650562123107548 ], [ 127.070948491964913, 37.650039994295078 ], [ 127.071481906988353, 37.649473563878196 ], [ 127.071942918633908, 37.648868287828108 ], [ 127.072327088237543, 37.648229996152168 ], [ 127.072630717573944, 37.647564836714317 ], [ 127.072850884413384, 37.64687921599829 ], [ 127.072985470591775, 37.646179737385438 ], [ 127.073033182326554, 37.645473137542062 ], [ 127.072993562586063, 37.644766221529942 ], [ 127.072866995396382, 37.644065797265398 ], [ 127.072654702048311, 37.643378609957978 ], [ 127.072385664442422, 37.642772008739016 ], [ 127.073005391949735, 37.642479680951823 ], [ 127.073722552010125, 37.642060742476247 ], [ 127.074384610710069, 37.641587920603016 ], [ 127.074985191778893, 37.641065769829474 ], [ 127.07551851149411, 37.640499319721904 ], [ 127.075979434374119, 37.639894026440821 ], [ 127.076363522609583, 37.639255720159099 ], [ 127.076667078758504, 37.638590548880927 ], [ 127.076887181295376, 37.637904919203741 ], [ 127.077021712674537, 37.637205434594826 ], [ 127.077069379640335, 37.636498831777907 ], [ 127.077029725591146, 37.635791915843164 ], [ 127.076903134882386, 37.635091494705939 ], [ 127.076690829030156, 37.634404313545588 ], [ 127.076394854856076, 37.633736989855649 ], [ 127.076018064690686, 37.633095949730588 ], [ 127.075589712555214, 37.632521716558145 ], [ 127.075608164943262, 37.632518111117172 ], [ 127.076447259482805, 37.632282734077563 ], [ 127.077253297949738, 37.631983075473819 ], [ 127.078018516152454, 37.631622021917629 ], [ 127.07873554341954, 37.631203051397222 ], [ 127.079397473629626, 37.630730199750012 ], [ 127.079997931749958, 37.630208021759735 ], [ 127.080531135242524, 37.62964154725438 ], [ 127.080991949745169, 37.62903623262897 ], [ 127.081375938492073, 37.628397908261476 ], [ 127.081679404998894, 37.627732722329782 ], [ 127.081899428602725, 37.627047081572009 ], [ 127.081926678434186, 37.626905326879928 ], [ 127.081983789236844, 37.626916920061269 ], [ 127.082863266285997, 37.627023863013548 ], [ 127.08375168918522, 37.62706172210131 ], [ 127.084640499479889, 37.627030132602378 ], [ 127.085521134976645, 37.626929398812869 ], [ 127.086385112296654, 37.626760491113778 ], [ 127.087224108666703, 37.626525036615725 ], [ 127.088030042156603, 37.626225303472189 ], [ 127.088795149587014, 37.625864179012922 ], [ 127.089512061354597, 37.625445141909125 ], [ 127.090173872451444, 37.624972228639443 ], [ 127.090774208993139, 37.624449994580914 ], [ 127.090894040490269, 37.624322646189128 ], [ 127.091711177619146, 37.624357413091374 ], [ 127.092599952889202, 37.62432576341272 ], [ 127.093480546254341, 37.624224969922601 ], [ 127.094344474742044, 37.624056003577365 ], [ 127.095183416050062, 37.623820492052808 ], [ 127.09598928877918, 37.623520704051849 ], [ 127.096754330336026, 37.62315952743279 ], [ 127.097471171752474, 37.622740441369309 ], [ 127.098132908699071, 37.622267482811544 ], [ 127.09873316800622, 37.621745207572687 ], [ 127.099266169052314, 37.621178646416901 ], [ 127.099726779426291, 37.62057325657311 ], [ 127.10011056432937, 37.619934869142917 ], [ 127.10041382924112, 37.619269632910687 ], [ 127.100633655440475, 37.618583955097925 ], [ 127.100767928042202, 37.617884439633976 ], [ 127.100815356281132, 37.617177823538285 ], [ 127.100775485852694, 37.616470912027481 ], [ 127.100648703193599, 37.615770512973079 ], [ 127.100436231665597, 37.615083371340624 ], [ 127.100140119682749, 37.614416104242125 ], [ 127.099763220899405, 37.613775137226433 ], [ 127.099309166653967, 37.613166642420722 ], [ 127.098782330935563, 37.612596479117748 ], [ 127.098187788214318, 37.612070137380137 ], [ 127.097531264542269, 37.611592685203554 ], [ 127.096819082397943, 37.611168719746068 ], [ 127.096058099804935, 37.610802323092145 ], [ 127.095255644311834, 37.610497022975935 ], [ 127.094419442467114, 37.610255758840395 ], [ 127.093557545467391, 37.610080853558287 ], [ 127.092678251692448, 37.609973991085873 ], [ 127.091790026870044, 37.609936200263853 ], [ 127.090901422636918, 37.609967844920682 ], [ 127.090020994275932, 37.610068620373269 ], [ 127.089157218418521, 37.610237556358442 ], [ 127.088318411501518, 37.610473026367153 ], [ 127.087512649759503, 37.610772763291855 ], [ 127.086810605557986, 37.611104181390431 ], [ 127.086850101088018, 37.610517330368609 ], [ 127.08681036587322, 37.609810414139943 ], [ 127.086683725057355, 37.609110000128439 ], [ 127.086471400635801, 37.608422833444514 ], [ 127.086175439605725, 37.607755531442251 ], [ 127.085892847593726, 37.607274717971684 ], [ 127.086341658210159, 37.606884238297184 ], [ 127.086874645640023, 37.606317731612876 ], [ 127.087335263246857, 37.605712388663655 ], [ 127.087532082490043, 37.605385045091701 ], [ 127.088021649148558, 37.60562082718036 ], [ 127.088824022413561, 37.605926176256808 ], [ 127.089660157475095, 37.606167479826439 ], [ 127.090522000011688, 37.606342413370783 ], [ 127.091401247849177, 37.606449291706582 ], [ 127.092289430998363, 37.606487085233482 ], [ 127.093177993315905, 37.606455429861292 ], [ 127.094058374999179, 37.606354630520912 ], [ 127.094922095116331, 37.606185658224874 ], [ 127.095760833373802, 37.605950140706021 ], [ 127.096566510329637, 37.605650346724637 ], [ 127.097331365277299, 37.605289164196151 ], [ 127.098048031046972, 37.604870072350629 ], [ 127.098709605001389, 37.604397108193304 ], [ 127.099309715541011, 37.603874827590658 ], [ 127.0998425834768, 37.603308261357881 ], [ 127.100303077679058, 37.602702866772177 ], [ 127.100686764466872, 37.602064474980274 ], [ 127.100989950263354, 37.601399234808 ], [ 127.101209717107793, 37.60071355351441 ], [ 127.101343950684594, 37.600014035062017 ], [ 127.101391360602449, 37.599307416498839 ], [ 127.101351492730998, 37.598600503065171 ], [ 127.101224733480194, 37.597900102651039 ], [ 127.101012305984227, 37.597212960235275 ], [ 127.100716258231131, 37.596545692937667 ], [ 127.100339443254995, 37.595904726309392 ], [ 127.099885491585596, 37.595296232474304 ], [ 127.099358776223156, 37.594726070716355 ], [ 127.098764370477937, 37.594199731083911 ], [ 127.098107999082615, 37.593722281552964 ], [ 127.097395983049239, 37.593298319256704 ], [ 127.096635178802302, 37.59293192624984 ], [ 127.095832912173677, 37.592626630231891 ], [ 127.095250710953053, 37.592458615556176 ], [ 127.095472946767615, 37.592166440465725 ], [ 127.09585661975612, 37.591528063162201 ], [ 127.096159804836063, 37.590862834211549 ], [ 127.096379584052315, 37.590177160764704 ], [ 127.096513842968804, 37.589477646708708 ], [ 127.096561290948813, 37.588771029049354 ], [ 127.09652147349415, 37.588064113018476 ], [ 127.096394776527873, 37.58736370653142 ], [ 127.096182422583325, 37.586676554625875 ], [ 127.095886458939233, 37.586009274513408 ], [ 127.095573873651261, 37.585477418426393 ], [ 127.096018911708427, 37.585004156655074 ], [ 127.096479322617512, 37.584398774637208 ], [ 127.096862946563959, 37.583760392941571 ], [ 127.097166090574405, 37.583095160296402 ], [ 127.097385837088609, 37.582409483888 ], [ 127.097520071984647, 37.581709967631745 ], [ 127.097567504856244, 37.581003348554489 ], [ 127.097527681349746, 37.58029643190163 ], [ 127.097400987445596, 37.579596025594483 ], [ 127.09718864564671, 37.578908874669004 ], [ 127.096892703113937, 37.57824159632743 ], [ 127.096516011866512, 37.577600616227841 ], [ 127.096062201241566, 37.576992106624481 ], [ 127.095535642880165, 37.576421926953842 ], [ 127.09533805659494, 37.57624691057373 ], [ 127.095500939095075, 37.575889456504711 ], [ 127.095720679069245, 37.575203782324799 ], [ 127.095854915973135, 37.574504267123508 ], [ 127.095902359380275, 37.573797647917509 ], [ 127.095862554834639, 37.573090729953542 ], [ 127.095735888133248, 37.572390321165642 ], [ 127.095523581516147, 37.571703166613815 ], [ 127.095227681804701, 37.571035883535451 ], [ 127.094851040605249, 37.570394897634444 ], [ 127.094397286772391, 37.569786381221192 ], [ 127.093870791399979, 37.569216193797992 ], [ 127.09327662567928, 37.568689825661359 ], [ 127.092913708156431, 37.568425717016169 ], [ 127.093027354768935, 37.56817630710642 ], [ 127.093247094065845, 37.567490636635036 ], [ 127.093381339571309, 37.566791123386714 ], [ 127.093428800775015, 37.566084504359402 ], [ 127.093389023048616, 37.565377584798192 ], [ 127.093262391929883, 37.564677172652694 ], [ 127.093050129315401, 37.563990013015442 ], [ 127.092754281602069, 37.563322723173044 ], [ 127.092377699894769, 37.562681728894844 ], [ 127.091924012474777, 37.562073202572186 ], [ 127.091397589796173, 37.561503003803132 ], [ 127.090803502350013, 37.560976622993707 ], [ 127.090147471803917, 37.560499128517705 ], [ 127.089435815888464, 37.560075117942283 ], [ 127.088675387561892, 37.559708673788052 ], [ 127.088272079161271, 37.559555097858365 ], [ 127.08844535435729, 37.559174837674817 ], [ 127.088482368109524, 37.559059350575957 ], [ 127.088771920216331, 37.559094574855912 ], [ 127.089659539649759, 37.559132385150853 ], [ 127.09054754004633, 37.559100746022388 ], [ 127.0914273670207, 37.558999962244677 ], [ 127.092290544988657, 37.558831004679774 ], [ 127.093128758882855, 37.558595500917733 ], [ 127.093933934315586, 37.558295719585232 ], [ 127.09469831541378, 37.557934548474492 ], [ 127.095414539573611, 37.557515466704047 ], [ 127.096075708412229, 37.557042511180526 ], [ 127.096675454232027, 37.556520237685575 ], [ 127.097208001355611, 37.555953676964293 ], [ 127.097668221741074, 37.555348286239258 ], [ 127.098051684341584, 37.554709896618597 ], [ 127.098354697735516, 37.554044656906029 ], [ 127.098574345617891, 37.55335897435522 ], [ 127.098708514813595, 37.552659452940162 ], [ 127.098755915545809, 37.551952829737004 ], [ 127.098719711021985, 37.551310124371568 ], [ 127.09933322119663, 37.55160573227478 ], [ 127.100135063930509, 37.551911004174791 ], [ 127.100970633984872, 37.552152226560139 ], [ 127.101831882483921, 37.552327075695921 ], [ 127.102710512979641, 37.552433867213232 ], [ 127.103598061434099, 37.552471572349035 ], [ 127.104485977822861, 37.552439827865186 ], [ 127.105365708570588, 37.552338939551248 ], [ 127.106228779020924, 37.552169879276697 ], [ 127.107066875143317, 37.551934275621335 ], [ 127.107871923685764, 37.551634398174308 ], [ 127.108636169998775, 37.551273135653801 ], [ 127.109352252778081, 37.550853968058867 ], [ 127.110013275004022, 37.550380933122661 ], [ 127.110612870392359, 37.549858587391476 ], [ 127.111145264715688, 37.54929196230578 ], [ 127.11160533140476, 37.548686515707587 ], [ 127.111988640893713, 37.54804807924252 ], [ 127.112291503236051, 37.547382802164783 ], [ 127.11251100358173, 37.546697092087143 ], [ 127.112645030176452, 37.545997553247901 ], [ 127.112692294616323, 37.545290922890167 ], [ 127.112652344165625, 37.544584006367032 ], [ 127.112525566022853, 37.543883611597842 ], [ 127.112313183497619, 37.543196483506968 ], [ 127.1120172441384, 37.542529239076543 ], [ 127.111640599929686, 37.541888303638217 ], [ 127.111186879751514, 37.541279849016533 ], [ 127.110660454370631, 37.540709734119162 ], [ 127.110066394301541, 37.540183448544781 ], [ 127.109410420946119, 37.5397060597506 ], [ 127.108698851482501, 37.539282164286824 ], [ 127.107938538035242, 37.5389158435665 ], [ 127.107136801711661, 37.538610624594995 ], [ 127.106301362138836, 37.538369446036199 ], [ 127.105440263178266, 37.538194629940833 ], [ 127.104561795531254, 37.538087859408058 ], [ 127.10367441697754, 37.538050162394505 ], [ 127.10306409975874, 37.538071983683075 ], [ 127.10310696738604, 37.538000590632485 ], [ 127.103409867003734, 37.537335335420117 ], [ 127.103629418266081, 37.536649640979988 ], [ 127.103763508926946, 37.535950111400041 ], [ 127.103810849964006, 37.535243483834613 ], [ 127.103770987902521, 37.534536563610366 ], [ 127.103644309088679, 37.533836158682782 ], [ 127.103432035874505, 37.53314901407466 ], [ 127.103136214755111, 37.532481746927829 ], [ 127.102759696575774, 37.531840782793303 ], [ 127.102306109002797, 37.531232293772554 ], [ 127.101779821525895, 37.530662139105111 ], [ 127.101185903332038, 37.530135808773139 ], [ 127.10053007445741, 37.529658370665274 ], [ 127.099818650689727, 37.529234421806976 ], [ 127.099058482751616, 37.528868044125687 ], [ 127.098256890350285, 37.528562765175423 ], [ 127.097421591728263, 37.528321524197686 ], [ 127.096560629391107, 37.528146643844153 ], [ 127.09568229272584, 37.528039807832535 ], [ 127.094795038252187, 37.528002044749748 ], [ 127.093907408271789, 37.528033718157538 ], [ 127.093027948694825, 37.528134523095879 ], [ 127.092165126832597, 37.528303489016963 ], [ 127.091327249943348, 37.528538989122239 ], [ 127.090522385313008, 37.528838756012682 ], [ 127.089758282636751, 37.529199903502125 ], [ 127.089042299446362, 37.52961895438478 ], [ 127.088381330299072, 37.530091873890164 ], [ 127.08831773380777, 37.530147266060801 ], [ 127.088030197053911, 37.53008883961126 ], [ 127.087151850399138, 37.529981940127811 ], [ 127.086264577829908, 37.529944112858097 ], [ 127.085376921821918, 37.52997572198155 ], [ 127.084497428535784, 37.530076463156753 ], [ 127.083634565606914, 37.53024536644952 ], [ 127.082796640688514, 37.530480805664077 ], [ 127.081991721528311, 37.530780513987459 ], [ 127.081227558345915, 37.531141605797309 ], [ 127.080511509254919, 37.531560604423852 ], [ 127.079850469446356, 37.53203347559981 ], [ 127.079250804813171, 37.532555666277354 ], [ 127.078718290654024, 37.533122148439517 ], [ 127.078258056046295, 37.533727467485704 ], [ 127.077874534424552, 37.53436579472671 ], [ 127.077571420840812, 37.53503098348488 ], [ 127.077376745757491, 37.5356382969618 ], [ 127.076821503811047, 37.535233910059446 ], [ 127.076110162941589, 37.5348098192663 ], [ 127.075350056104242, 37.534443289679714 ], [ 127.075040861303819, 37.534325469111323 ], [ 127.075042856277278, 37.534322148996424 ], [ 127.075345989327943, 37.533656966768397 ], [ 127.075565785948328, 37.532971325561483 ], [ 127.07570013152764, 37.532271828952311 ], [ 127.075747734587353, 37.531565213779132 ], [ 127.075708139128537, 37.530858285250808 ], [ 127.075581728929635, 37.53015785140439 ], [ 127.075369723756097, 37.52947065754271 ], [ 127.075074167522502, 37.528803321283398 ], [ 127.074697908524541, 37.528162268844369 ], [ 127.074244571934102, 37.527553673178637 ], [ 127.073718524826134, 37.526983394553625 ], [ 127.073124834075088, 37.526456924145876 ], [ 127.072469217529402, 37.525979331193355 ], [ 127.071757988934706, 37.525555214212737 ], [ 127.070997997136701, 37.525188656750259 ], [ 127.070196560148986, 37.524883188090719 ], [ 127.069361394719692, 37.52464174930175 ], [ 127.068500542073778, 37.524466664938934 ], [ 127.06762229054354, 37.52435962068337 ], [ 127.066735095830111, 37.524321647126023 ], [ 127.065847499660336, 37.524353109854104 ], [ 127.06496804761899, 37.524453705934945 ], [ 127.064105206944447, 37.524622466830593 ], [ 127.063267285075355, 37.524857767715574 ], [ 127.062462349729387, 37.525157343108148 ], [ 127.061698151281036, 37.525518308665262 ], [ 127.060982048182197, 37.525937188932375 ], [ 127.06032093614246, 37.526409950781513 ], [ 127.059721181748543, 37.526932042217439 ], [ 127.059188561161648, 37.527498436178803 ], [ 127.058728204482122, 37.528103678914576 ], [ 127.058344546318096, 37.528741942470774 ], [ 127.058041283034711, 37.529407080783614 ], [ 127.057821337097423, 37.530092688840142 ], [ 127.057686828855111, 37.530792164337711 ], [ 127.057639056037473, 37.531498771249332 ], [ 127.057678481167045, 37.532205704683641 ], [ 127.05780472701106, 37.532906156415073 ], [ 127.058016580120167, 37.533593380453489 ], [ 127.058312002423506, 37.534260758021553 ], [ 127.058688150772298, 37.534901861313912 ], [ 127.059141404246745, 37.535510515423262 ], [ 127.05966739896607, 37.536080857836247 ], [ 127.060261070069089, 37.536607394924957 ], [ 127.0609167004624, 37.537085054888941 ], [ 127.061070221987819, 37.537176610951413 ], [ 127.060811416557286, 37.53760714129529 ], [ 127.060585639501085, 37.53810231227073 ], [ 127.059885430351528, 37.53783539695069 ], [ 127.05905015486573, 37.537593885067935 ], [ 127.058189178498068, 37.537418725135019 ], [ 127.057310790771467, 37.537311603560106 ], [ 127.056423448697501, 37.537273551678076 ], [ 127.055535695420659, 37.537304935829837 ], [ 127.054656078037169, 37.537405453838907 ], [ 127.053793065375942, 37.537574137918803 ], [ 127.052954966530024, 37.537809363983527 ], [ 127.052149850919704, 37.538108867271681 ], [ 127.05138547065367, 37.538469764134661 ], [ 127.051183124653761, 37.538588077884178 ], [ 127.05111566765116, 37.538528239591045 ], [ 127.050460087787911, 37.53805052564914 ], [ 127.049748871218739, 37.537626277048084 ], [ 127.048988866675231, 37.537259578600917 ], [ 127.048187392294878, 37.536953960949297 ], [ 127.04735216518668, 37.536712366594578 ], [ 127.046491227169895, 37.536537121589348 ], [ 127.045612867398717, 37.536429913160504 ], [ 127.04472554261595, 37.536391773478769 ], [ 127.043837795799831, 37.536423069729963 ], [ 127.042958173984331, 37.536523500583449 ], [ 127.042095146040836, 37.536692099091503 ], [ 127.041257021209177, 37.536927241991599 ], [ 127.04045186915927, 37.53722666532277 ], [ 127.039687442349916, 37.537587486205972 ], [ 127.038971101429738, 37.538006230579661 ], [ 127.038309744396145, 37.538478866624686 ], [ 127.037709740193094, 37.539000843557616 ], [ 127.037176867385497, 37.539567135420391 ], [ 127.036716258501087, 37.54017228944597 ], [ 127.036332350575705, 37.54081047853564 ], [ 127.036028842379025, 37.54147555734388 ], [ 127.035808658734879, 37.542161121432002 ], [ 127.035673922281745, 37.542860568922087 ], [ 127.035663766121033, 37.543010109479141 ], [ 127.035582845630742, 37.543000226216961 ], [ 127.034695448918654, 37.54296201072394 ], [ 127.033807620773416, 37.542993230986895 ], [ 127.032927909011391, 37.543093586406535 ], [ 127.032064783369151, 37.543262110761049 ], [ 127.031226554026233, 37.543497181501699 ], [ 127.030421291657859, 37.543796535362162 ], [ 127.029656749783982, 37.544157290132226 ], [ 127.028940290160165, 37.544575972387008 ], [ 127.028278811925787, 37.545048550905634 ], [ 127.027678685190978, 37.545570475458852 ], [ 127.027145689699793, 37.546136720593317 ], [ 127.026684959160789, 37.5467418339924 ], [ 127.026300931780881, 37.547379988949103 ], [ 127.025997307479912, 37.548045040447136 ], [ 127.025797214041162, 37.54866771811394 ], [ 127.02552603599699, 37.54850589285968 ], [ 127.024867676097813, 37.548188099163582 ], [ 127.024833974493646, 37.547579107471144 ], [ 127.024708014181385, 37.546878624143964 ], [ 127.024496431127474, 37.546191343702333 ], [ 127.024457677325046, 37.546103710397816 ], [ 127.024853662355767, 37.545683048723262 ], [ 127.025065086233752, 37.545405378837181 ], [ 127.025557619197031, 37.544977051273406 ], [ 127.02609061827232, 37.544410813221852 ], [ 127.026551339041831, 37.543805701838146 ], [ 127.026935345632992, 37.543167545541671 ], [ 127.027238941378997, 37.54250249089128 ], [ 127.02745920436098, 37.541816943361198 ], [ 127.027594015475557, 37.541117505628392 ], [ 127.02764207876038, 37.54041091396676 ], [ 127.02760293378492, 37.539703973361448 ], [ 127.027476959990636, 37.539003491968479 ], [ 127.027265372942495, 37.53831621555107 ], [ 127.026970212531424, 37.537648762524171 ], [ 127.026594323244794, 37.537007560232112 ], [ 127.026141326698351, 37.536398783072634 ], [ 127.025615586696745, 37.535828293062011 ], [ 127.02502216716158, 37.535301583413101 ], [ 127.024366783334159, 37.534823725667863 ], [ 127.023655746723392, 37.534399320892533 ], [ 127.022895904330284, 37.534032455403917 ], [ 127.022094572733195, 37.53372666145178 ], [ 127.021259467668287, 37.533484883234557 ], [ 127.02039862978134, 37.533309448574443 ], [ 127.01952034726385, 37.533202046523613 ], [ 127.018633076115734, 37.533163711116096 ], [ 127.017745358799417, 37.533194811421239 ], [ 127.016993362284651, 37.53328050547757 ], [ 127.017268270611865, 37.532919465254309 ], [ 127.017652299151152, 37.532281338131426 ], [ 127.017955931895699, 37.531616306387413 ], [ 127.018176246568714, 37.530930775275984 ], [ 127.018311123567401, 37.530231347316295 ], [ 127.018359266293402, 37.529524758688495 ], [ 127.0183202135497, 37.528817814349004 ], [ 127.018194343888283, 37.528117322490338 ], [ 127.017982871870217, 37.527430028977115 ], [ 127.017687836277844, 37.526762552389584 ], [ 127.017312080396039, 37.526121320299616 ], [ 127.016859224555617, 37.525512507392513 ], [ 127.016333631206209, 37.524941976029453 ], [ 127.015740362857642, 37.524415219822039 ], [ 127.015085133295869, 37.523937310761063 ], [ 127.014374252545181, 37.523512850407272 ], [ 127.01361456610681, 37.52314592561298 ], [ 127.012813389058564, 37.522840069199169 ], [ 127.011978435649752, 37.522598225965787 ], [ 127.011117745067224, 37.522422724361029 ], [ 127.010239604085442, 37.522315254081512 ], [ 127.009352467342794, 37.522276849817978 ], [ 127.008464876008702, 37.522307881302382 ], [ 127.007585375621176, 37.522408049751967 ], [ 127.006722433882871, 37.522576390744 ], [ 127.005884359203392, 37.522811283494022 ], [ 127.005079220768891, 37.523110466448273 ], [ 127.004314770905495, 37.523471059041015 ], [ 127.003598370481683, 37.523889589407901 ], [ 127.002936918065274, 37.524362027789685 ], [ 127.002336783515489, 37.524883825305828 ], [ 127.001803746649017, 37.525449957725826 ], [ 127.001342941569831, 37.526054973818248 ], [ 127.000958807199396, 37.526693047813218 ], [ 127.00065504448439, 37.527358035474478 ], [ 127.000434580696364, 37.528043533242347 ], [ 127.000299541168474, 37.528742939879102 ], [ 127.000275136173343, 37.529099870282934 ], [ 127.000071045906566, 37.528950972790199 ], [ 126.999360203991188, 37.528526422689822 ], [ 126.998600541619126, 37.528159401790148 ], [ 126.997799373637449, 37.527853443837174 ], [ 126.996964414208918, 37.52761149460806 ], [ 126.996103702578822, 37.527435883571044 ], [ 126.995225525724479, 37.527328301475812 ], [ 126.99433833862966, 37.527289784089106 ], [ 126.993450682948179, 37.527320702231449 ], [ 126.99257110483714, 37.527420758210837 ], [ 126.991708072746661, 37.527588988686887 ], [ 126.990869895955271, 37.527823773938835 ], [ 126.990075610789347, 37.528118780544837 ], [ 126.989974593739575, 37.528080194601401 ], [ 126.989139657705948, 37.527838190226205 ], [ 126.988278962482099, 37.527662522283357 ], [ 126.987400794887719, 37.52755488207017 ], [ 126.986513609817592, 37.527516305912677 ], [ 126.98562594890609, 37.527547165196978 ], [ 126.984746358360553, 37.527647162797422 ], [ 126.983883306750684, 37.527815335935479 ], [ 126.983045103542565, 37.528050065442173 ], [ 126.982239819158309, 37.528349091334988 ], [ 126.981475207327563, 37.528709534560065 ], [ 126.980758630476373, 37.529127924691103 ], [ 126.980096988869292, 37.529600233319179 ], [ 126.979858145140454, 37.529807785255223 ], [ 126.979334956591799, 37.529342920086322 ], [ 126.978679918908028, 37.52886481084095 ], [ 126.978572748428704, 37.528800773480668 ], [ 126.978601046926855, 37.528790266681682 ], [ 126.979365673196895, 37.528429842180188 ], [ 126.980082251004546, 37.528011460460192 ], [ 126.980743878551664, 37.527539151683477 ], [ 126.981344183712253, 37.52701746540145 ], [ 126.981877385410797, 37.52645142670351 ], [ 126.982338349289677, 37.525846487785692 ], [ 126.98272263713028, 37.525208475407041 ], [ 126.982728266209037, 37.525196159464578 ], [ 126.983328176678967, 37.525554604240604 ], [ 126.984087736811617, 37.525921722792965 ], [ 126.984888827138207, 37.526227773298736 ], [ 126.985723731199158, 37.526469807558271 ], [ 126.986584406542107, 37.526645494013486 ], [ 126.987462562247018, 37.526753140226447 ], [ 126.98834973885478, 37.526791709196978 ], [ 126.98923738992643, 37.526760829361478 ], [ 126.990116964443942, 37.526660798175939 ], [ 126.990979989255479, 37.526492579248746 ], [ 126.991818150767628, 37.526257793050924 ], [ 126.992623375094141, 37.525958701293462 ], [ 126.993387905886095, 37.525598185123066 ], [ 126.99410437909134, 37.525179717347122 ], [ 126.994765893920444, 37.524707328956332 ], [ 126.99536607933436, 37.524185570268799 ], [ 126.995899155412133, 37.523619467071121 ], [ 126.996359989007132, 37.523014472180122 ], [ 126.996744143156519, 37.522376412893458 ], [ 126.997047919768519, 37.521711434836241 ], [ 126.997268395178594, 37.521025942745823 ], [ 126.997403448233968, 37.520326538766419 ], [ 126.997451780638968, 37.519619958848267 ], [ 126.997412929368423, 37.518913007864988 ], [ 126.997287271032974, 37.518212494074341 ], [ 126.997076018157969, 37.517525163553344 ], [ 126.996781207415097, 37.516857635239852 ], [ 126.996405679924138, 37.516216337205044 ], [ 126.995953053817118, 37.515607444770311 ], [ 126.995427689332459, 37.515036821063582 ], [ 126.994834646777392, 37.514509960586494 ], [ 126.994179637765257, 37.514031936334455 ], [ 126.993468970198478, 37.513607350977864 ], [ 126.992709487527449, 37.513240292572824 ], [ 126.991908502869919, 37.512934295226891 ], [ 126.991073728624727, 37.51269230509677 ], [ 126.990213202255504, 37.51251665204471 ], [ 126.989335208957286, 37.512409027224948 ], [ 126.988448201947961, 37.512370466815561 ], [ 126.987560721148924, 37.512401342051113 ], [ 126.986681311034758, 37.512501355652446 ], [ 126.985818438439352, 37.512669544686851 ], [ 126.98498041110652, 37.512904289832122 ], [ 126.984175297766114, 37.51320333095488 ], [ 126.983410850501855, 37.513563788854285 ], [ 126.982694430156059, 37.513982192962246 ], [ 126.982032935486743, 37.51445451473483 ], [ 126.981432736758194, 37.514976206413998 ], [ 126.980899614403128, 37.515542244788286 ], [ 126.980438703346536, 37.516147179531949 ], [ 126.980054443528047, 37.516785185658783 ], [ 126.980048814659511, 37.516797501492761 ], [ 126.979448989692301, 37.516439040171477 ], [ 126.978689548217417, 37.516071892088881 ], [ 126.977888591798006, 37.515765800013533 ], [ 126.977053832561779, 37.515523711013863 ], [ 126.97619330782841, 37.515347955903664 ], [ 126.975315302777574, 37.515240226819316 ], [ 126.975118897872008, 37.515231666073504 ], [ 126.974633916174284, 37.51517215623884 ], [ 126.973746885355169, 37.51513348525269 ], [ 126.972859367082094, 37.51516424971652 ], [ 126.971979906190001, 37.515264153417107 ], [ 126.971116970001134, 37.51543223447942 ], [ 126.970278866870785, 37.515666874620372 ], [ 126.969473666257599, 37.515965814717262 ], [ 126.968709121084586, 37.516326176541718 ], [ 126.967992593135421, 37.51674449045062 ], [ 126.967330982203038, 37.517216728768503 ], [ 126.966730659669949, 37.517738344541073 ], [ 126.966197407159768, 37.518304315288027 ], [ 126.965736360849633, 37.518909191335261 ], [ 126.965351961980701, 37.519547148262284 ], [ 126.965047914043751, 37.520212042961333 ], [ 126.964827147054237, 37.520897472769363 ], [ 126.964691789262872, 37.521596837104745 ], [ 126.964643146577131, 37.522303401015932 ], [ 126.964646869329343, 37.522371684015049 ], [ 126.963895607674942, 37.522397664691539 ], [ 126.963731742497274, 37.522416265091337 ], [ 126.963485001646617, 37.522424796670208 ], [ 126.962605443766492, 37.52252462968891 ], [ 126.96174240356612, 37.522692641241719 ], [ 126.960904190401337, 37.522927213714603 ], [ 126.960098874789225, 37.523226088636278 ], [ 126.959334210758982, 37.523586388405896 ], [ 126.958617561237773, 37.524004643977953 ], [ 126.957955827188201, 37.524476828238868 ], [ 126.957355381177436, 37.52499839475513 ], [ 126.956822006017433, 37.525564321521109 ], [ 126.956360839065866, 37.526169159286646 ], [ 126.955976322725348, 37.526807084000417 ], [ 126.955672161617827, 37.527471952865369 ], [ 126.955451286848671, 37.528157363467834 ], [ 126.955315827706983, 37.528856715411749 ], [ 126.955267091076792, 37.52956327386547 ], [ 126.955305548761402, 37.530270234409983 ], [ 126.955430832845636, 37.530970788564353 ], [ 126.95564173914488, 37.5316581893576 ], [ 126.955936238710962, 37.532325816315272 ], [ 126.956311497287501, 37.532967239234758 ], [ 126.956484594647605, 37.533200269228836 ], [ 126.956357225546739, 37.533260270952205 ], [ 126.955640466396773, 37.533678506919564 ], [ 126.954978627561871, 37.534150672909028 ], [ 126.954378082617964, 37.534672222663374 ], [ 126.95384461532953, 37.535238134338783 ], [ 126.95350561658536, 37.535682653913362 ], [ 126.953472119361663, 37.535637557078736 ], [ 126.952946942145545, 37.53506674774907 ], [ 126.952354044101384, 37.534539676826952 ], [ 126.951699135455129, 37.534061419334087 ], [ 126.950988523146549, 37.533636580186197 ], [ 126.95022905009715, 37.533269249882224 ], [ 126.949428029334584, 37.53296296514651 ], [ 126.948593173607122, 37.532720674901462 ], [ 126.947732521163857, 37.532544711897337 ], [ 126.946854358413901, 37.532436770270998 ], [ 126.94596714020598, 37.532397889248983 ], [ 126.945079408493541, 37.532428443151183 ], [ 126.944199710164781, 37.532528137790656 ], [ 126.943336514825802, 37.532696013304459 ], [ 126.942498133324577, 37.532930453387934 ], [ 126.941692637797331, 37.533229200844183 ], [ 126.940927784003776, 37.533589379299521 ], [ 126.940210936696459, 37.534007520876578 ], [ 126.939548998740719, 37.534479599559624 ], [ 126.938948344665519, 37.535001069932157 ], [ 126.938414759284896, 37.535566910914916 ], [ 126.937953381979725, 37.536171674084478 ], [ 126.937568657177394, 37.536809536108684 ], [ 126.93726429150675, 37.537474354795194 ], [ 126.937043218043115, 37.538159728214545 ], [ 126.936907567989209, 37.538859056329841 ], [ 126.936858650068316, 37.539565604540023 ], [ 126.936896937830653, 37.540272568525786 ], [ 126.937022064998857, 37.540973139774074 ], [ 126.937232828901131, 37.541660571150153 ], [ 126.937527201962581, 37.542328241885777 ], [ 126.937902351147216, 37.542969721357352 ], [ 126.938354665167282, 37.543578831038928 ], [ 126.9388797892002, 37.544149704032733 ], [ 126.939472666781398, 37.544676841602907 ], [ 126.94012758847127, 37.545155166166452 ], [ 126.940838246828832, 37.545580070230208 ], [ 126.941597797162927, 37.545947460800505 ], [ 126.942398923475835, 37.546253798837043 ], [ 126.942780214058601, 37.546364460218605 ], [ 126.942901990094043, 37.546761515458591 ], [ 126.943196433379839, 37.547429172052603 ], [ 126.943571656383838, 37.548070633554445 ], [ 126.944024047107348, 37.548679721610888 ], [ 126.944549249988896, 37.549250569532106 ], [ 126.944925365645901, 37.549584918394288 ], [ 126.944186276803521, 37.549668656671116 ], [ 126.943322883309108, 37.549836530016506 ], [ 126.942982874555057, 37.549931586182517 ], [ 126.942590627120424, 37.549645143540054 ], [ 126.941879920379137, 37.549220249925185 ], [ 126.941120335630572, 37.548852861094652 ], [ 126.940319186978101, 37.548546514335712 ], [ 126.939484188401082, 37.548304159167351 ], [ 126.93862337952352, 37.548128128964336 ], [ 126.937745048259785, 37.54802011850996 ], [ 126.936857651080004, 37.547981167693017 ], [ 126.935969731659412, 37.548011651504922 ], [ 126.935089838692008, 37.548111276433339 ], [ 126.934226443656243, 37.548279083286289 ], [ 126.933387859321272, 37.548513456420189 ], [ 126.932582159774597, 37.548812139282845 ], [ 126.931817102738918, 37.549172256122738 ], [ 126.931100054922425, 37.549590339656092 ], [ 126.930437921119946, 37.550062364426552 ], [ 126.92983707774556, 37.550583785537313 ], [ 126.929309141531363, 37.551143402492862 ], [ 126.928960730879808, 37.550935050339866 ], [ 126.928201193325435, 37.550567578879999 ], [ 126.927400080421108, 37.550261144833073 ], [ 126.926565105802752, 37.550018698558226 ], [ 126.925704308864283, 37.549842574307 ], [ 126.924825977405561, 37.549734467767806 ], [ 126.923938567898745, 37.549695419754045 ], [ 126.923498543660671, 37.549710478718616 ], [ 126.923476377438305, 37.549299872657748 ], [ 126.923351364319629, 37.548599288972817 ], [ 126.923140709505873, 37.547911834516498 ], [ 126.922846443915688, 37.54724412942339 ], [ 126.922471403426059, 37.546602603469687 ], [ 126.922019201486748, 37.545993434173674 ], [ 126.921494194259267, 37.545422487330661 ], [ 126.920901438618259, 37.544895260554505 ] ], [ [ 127.017875309065758, 37.61391287929068 ], [ 127.017074568533687, 37.613607592142841 ], [ 127.017082080745681, 37.613584245140281 ], [ 127.017217125575883, 37.612884829318745 ], [ 127.017265340419542, 37.612178251460719 ], [ 127.017226263395074, 37.611471316419262 ], [ 127.017100273298396, 37.610770832297128 ], [ 127.01688858586013, 37.610083544883707 ], [ 127.016593241946239, 37.609416072699197 ], [ 127.016565974815123, 37.609369590866528 ], [ 127.016968059210285, 37.609256991719924 ], [ 127.017774082545202, 37.608957738180301 ], [ 127.018539347147154, 37.608597069285182 ], [ 127.018709861459826, 37.608497536528418 ], [ 127.018709980230213, 37.608497641859714 ], [ 127.01936596838928, 37.608975529255169 ], [ 127.020077685152785, 37.60939995922989 ], [ 127.020838275626957, 37.609766843355054 ], [ 127.021640413786642, 37.610072647467732 ], [ 127.02199304822139, 37.610174638208278 ], [ 127.021788736477347, 37.610513812061484 ], [ 127.02148480959363, 37.611178842812201 ], [ 127.02126428065354, 37.61186436936849 ], [ 127.021129275627558, 37.612563790215702 ], [ 127.021081097038078, 37.613270369856032 ], [ 127.021120211324941, 37.613977303663077 ], [ 127.021140442834096, 37.614089749449462 ], [ 127.020574609768914, 37.614065333174366 ], [ 127.019685931863449, 37.614096441024415 ], [ 127.018805364282457, 37.614196684116145 ], [ 127.018562012533067, 37.614244120746648 ], [ 127.017875309065758, 37.61391287929068 ] ], [ [ 127.025333133240508, 37.595719918409415 ], [ 127.025636961602657, 37.595054875345603 ], [ 127.025857399226453, 37.594369338056161 ], [ 127.02599232533214, 37.593669909120401 ], [ 127.026036109693578, 37.593026955882593 ], [ 127.026620010825894, 37.593195847411089 ], [ 127.027481551660316, 37.593371239727759 ], [ 127.028074641485773, 37.593443670700402 ], [ 127.028281713269834, 37.593796622612871 ], [ 127.028735070036603, 37.594405388123036 ], [ 127.029261241043741, 37.594975861539702 ], [ 127.029855159737323, 37.595502547971897 ], [ 127.030511106643232, 37.595980374179021 ], [ 127.031222764437857, 37.59640473746596 ], [ 127.031983278794769, 37.596771550046753 ], [ 127.032785324421567, 37.597077278448161 ], [ 127.033621175649643, 37.597318977572314 ], [ 127.033983115496994, 37.597392635233632 ], [ 127.033802926190958, 37.597583956588508 ], [ 127.033341927766998, 37.598189088931043 ], [ 127.032957688020289, 37.598827258590774 ], [ 127.032686357859802, 37.599421280749063 ], [ 127.032185768350359, 37.598878616610421 ], [ 127.031591806521462, 37.59835194191642 ], [ 127.030935831982305, 37.597874121720771 ], [ 127.030224161929496, 37.597449756725922 ], [ 127.029463649461633, 37.597082932863543 ], [ 127.028661617606204, 37.59677718198072 ], [ 127.02782578883793, 37.596535447859601 ], [ 127.026964210765982, 37.596360057896604 ], [ 127.026085178703227, 37.596252700712675 ], [ 127.025197155860667, 37.596214409909479 ], [ 127.025031857536305, 37.59622020478605 ], [ 127.025333133240508, 37.595719918409415 ] ], [ [ 126.983835362062095, 37.553048659412404 ], [ 126.98307552951303, 37.552681538881593 ], [ 126.982274164934992, 37.552375475390015 ], [ 126.981589874751933, 37.552177148707756 ], [ 126.981472387122309, 37.551521672636717 ], [ 126.981261189324897, 37.550834318075744 ], [ 126.980966392333912, 37.550166754113768 ], [ 126.980590837140809, 37.54952540916522 ], [ 126.980138142148149, 37.548916459002989 ], [ 126.979889421705764, 37.548646337170851 ], [ 126.97996507157427, 37.548547095171791 ], [ 126.980349498341184, 37.547909093987812 ], [ 126.980653526283561, 37.547244162828093 ], [ 126.980874229317749, 37.546558705979656 ], [ 126.981009484100738, 37.545859325248529 ], [ 126.981057990396636, 37.545152756362199 ], [ 126.981019283508459, 37.544445804089065 ], [ 126.98089373865966, 37.543745276700115 ], [ 126.98068256728601, 37.543057920403996 ], [ 126.980387805277843, 37.542390354387187 ], [ 126.980193927708982, 37.54205922704255 ], [ 126.980201180843352, 37.542036699372488 ], [ 126.980336433236886, 37.541337318863491 ], [ 126.980373001025271, 37.540804685911226 ], [ 126.980601694644164, 37.540641459768651 ], [ 126.980883620877478, 37.540396502217817 ], [ 126.981392178383572, 37.540700315449357 ], [ 126.982151881631481, 37.541067446588833 ], [ 126.982953125192878, 37.541373510590631 ], [ 126.983788191131424, 37.5416155591247 ], [ 126.984649035434458, 37.541791260495017 ], [ 126.985527365553324, 37.54189892211965 ], [ 126.986414720347483, 37.541937506849777 ], [ 126.987302551660122, 37.541906642969799 ], [ 126.988182306735524, 37.541806627782044 ], [ 126.989045510681208, 37.541638424740853 ], [ 126.989883848176845, 37.541403654164412 ], [ 126.990678275604395, 37.541108650550619 ], [ 126.99077931052166, 37.54114723593873 ], [ 126.991614399887695, 37.541389229303093 ], [ 126.992475260620893, 37.541564873740654 ], [ 126.99305401114492, 37.54163577599568 ], [ 126.993082481527665, 37.541728395870457 ], [ 126.99337735455947, 37.54239593108349 ], [ 126.9937529847126, 37.543037236676724 ], [ 126.994205756063238, 37.543646135796749 ], [ 126.994731309379716, 37.544216763572081 ], [ 126.995324584058082, 37.54474362362749 ], [ 126.995979866829074, 37.545221641052279 ], [ 126.9966908467689, 37.545646211311421 ], [ 126.997450676084227, 37.546013244626849 ], [ 126.998103574044691, 37.546262522908684 ], [ 126.998038259319443, 37.546465533484209 ], [ 126.997903162253323, 37.547164934799845 ], [ 126.997854813359353, 37.547871511513613 ], [ 126.99789368070941, 37.548578459028377 ], [ 126.998019392444917, 37.549278968986251 ], [ 126.998230740263736, 37.549966294839372 ], [ 126.998525690965693, 37.550633816832615 ], [ 126.998901405948914, 37.551275105771985 ], [ 126.999354268472914, 37.551883984964 ], [ 126.999879918428007, 37.552454589728754 ], [ 127.000473294279374, 37.552981423912229 ], [ 127.000700787097827, 37.553147340675942 ], [ 127.000110005681961, 37.553492314578129 ], [ 126.999448267798442, 37.553964729013785 ], [ 126.998847869477729, 37.554486504302197 ], [ 126.998497698357113, 37.554858237956559 ], [ 126.998204856085437, 37.554746444508396 ], [ 126.997369596340178, 37.554504497066674 ], [ 126.996508575232113, 37.554328887533408 ], [ 126.995630082716119, 37.554221306643342 ], [ 126.99474257681284, 37.554182790151323 ], [ 126.99433954333557, 37.554196824355586 ], [ 126.99415674340905, 37.554188889641459 ], [ 126.993268768575575, 37.554219803951064 ], [ 126.99238887375958, 37.554319855809169 ], [ 126.991525530458134, 37.554488081915387 ], [ 126.990687050943976, 37.554722862591419 ], [ 126.990537886815417, 37.554778243532247 ], [ 126.990054181965405, 37.55454458070821 ], [ 126.989252768434696, 37.554238564321892 ], [ 126.988417544014453, 37.553996553782504 ], [ 126.987556550500088, 37.553820879147793 ], [ 126.986678077581246, 37.553713231779064 ], [ 126.985790583090136, 37.553674648070903 ], [ 126.984902611637878, 37.553705499482042 ], [ 126.984869733313403, 37.553709235813066 ], [ 126.984546346096238, 37.553473302278064 ], [ 126.983835362062095, 37.553048659412404 ] ], [ [ 126.963087672328044, 37.546353425357154 ], [ 126.96311019581708, 37.546479271352936 ], [ 126.963321214732446, 37.547166657513849 ], [ 126.963615842323861, 37.547834264572245 ], [ 126.963991243103095, 37.548475662516474 ], [ 126.964443803357909, 37.549084673604668 ], [ 126.964692469103056, 37.549354827537044 ], [ 126.964616798273596, 37.549454059576 ], [ 126.964447452429042, 37.549734983755009 ], [ 126.964231877616967, 37.549444888340467 ], [ 126.963706522202799, 37.54887412681137 ], [ 126.963113439586991, 37.548347109707812 ], [ 126.962458341772191, 37.547868911532653 ], [ 126.961747537518804, 37.547444136629913 ], [ 126.960987871595364, 37.547076874879536 ], [ 126.960249415910681, 37.54679464750793 ], [ 126.960362038482643, 37.546445180433949 ], [ 126.960405185144069, 37.546450478083798 ], [ 126.961292578625375, 37.546489251891046 ], [ 126.962180472015575, 37.546458577421234 ], [ 126.963060311960334, 37.546358750151107 ], [ 126.963087672328044, 37.546353425357154 ] ], [ [ 127.010249358002454, 37.537181675490544 ], [ 127.010145978672583, 37.536947764276697 ], [ 127.009984807829241, 37.536672705170474 ], [ 127.010145755707555, 37.536667077931739 ], [ 127.010897793625261, 37.536581427824281 ], [ 127.010872190125411, 37.536615046532773 ], [ 127.010379629359448, 37.537043313245249 ], [ 127.010249358002454, 37.537181675490544 ] ], [ [ 127.076995180096219, 37.587721768409978 ], [ 127.076107228720289, 37.58768386105919 ], [ 127.075218883673386, 37.587715389316706 ], [ 127.074338697744864, 37.587816049619505 ], [ 127.073475145233601, 37.587984872812271 ], [ 127.072636540427212, 37.58822023347107 ], [ 127.071830957615006, 37.588519865540334 ], [ 127.071066153402583, 37.588880884133218 ], [ 127.070349492072793, 37.589299813286601 ], [ 127.0696878747098, 37.589772619403995 ], [ 127.06908767276694, 37.590294750066107 ], [ 127.068810223864446, 37.590589597568396 ], [ 127.06806356525162, 37.59022975688351 ], [ 127.067261446116476, 37.589924267412982 ], [ 127.067225509209791, 37.589913886441657 ], [ 127.067238284043938, 37.589724747243494 ], [ 127.067198743600272, 37.589017823131115 ], [ 127.067072320181211, 37.58831738695644 ], [ 127.066860233686555, 37.587630184044606 ], [ 127.066564528820791, 37.586962832099857 ], [ 127.066188055316942, 37.586321757490275 ], [ 127.065734440418083, 37.585713133381134 ], [ 127.065208053883396, 37.585142820312214 ], [ 127.064613965859223, 37.584616309789972 ], [ 127.063957898021528, 37.584138671436726 ], [ 127.063246168462371, 37.583714504204302 ], [ 127.062485630850816, 37.583347892120791 ], [ 127.061683608454459, 37.58304236499503 ], [ 127.06084782365545, 37.582800864455791 ], [ 127.059986323638725, 37.582625715651673 ], [ 127.059107402965324, 37.582518604883028 ], [ 127.058219523774085, 37.582480563380258 ], [ 127.057471204095265, 37.582507011007451 ], [ 127.057637566905328, 37.581988819535688 ], [ 127.057772172470138, 37.581289350745294 ], [ 127.057819980549525, 37.580582749930123 ], [ 127.057780533175958, 37.579875822161959 ], [ 127.05765421270776, 37.579175375471351 ], [ 127.05744223805246, 37.578488155285314 ], [ 127.057146652836863, 37.577820779475104 ], [ 127.05677030564145, 37.577179674639218 ], [ 127.056316822492761, 37.576571014234638 ], [ 127.055790571881545, 37.576000659151205 ], [ 127.055196622645539, 37.575474101300479 ], [ 127.054540695124928, 37.574996410760946 ], [ 127.053870342605094, 37.57459677097777 ], [ 127.054044842823203, 37.574444986546546 ], [ 127.054462661007165, 37.57400101294234 ], [ 127.055179702567543, 37.573860927940068 ], [ 127.056018199589687, 37.573625690057312 ], [ 127.056823683633027, 37.573326164534521 ], [ 127.057588395848498, 37.572965236699403 ], [ 127.058304970439337, 37.572546383327079 ], [ 127.058966505643937, 37.572073639124426 ], [ 127.059566630232538, 37.571551557838269 ], [ 127.060099564876637, 37.570985168363364 ], [ 127.060560177799275, 37.570379926274128 ], [ 127.060944034170987, 37.569741661248699 ], [ 127.061247438776221, 37.56907652089258 ], [ 127.061404214524458, 37.568588018074649 ], [ 127.061781196610298, 37.568664671238402 ], [ 127.062659958688101, 37.568771761349645 ], [ 127.063547677781784, 37.568809768533114 ], [ 127.064435802222008, 37.568778326639539 ], [ 127.065315776427425, 37.568677738542156 ], [ 127.066179123394164, 37.568508973217241 ], [ 127.067017526425019, 37.568273656402283 ], [ 127.067822909308347, 37.567974054922651 ], [ 127.068587514170503, 37.5676130548378 ], [ 127.069303976249884, 37.567194133618806 ], [ 127.069965394869627, 37.566721326625938 ], [ 127.070565399923865, 37.566199188210632 ], [ 127.071098213236326, 37.565632747817538 ], [ 127.071558704199347, 37.565027461511129 ], [ 127.071942439158633, 37.564389159394928 ], [ 127.072245724068367, 37.563723989431111 ], [ 127.072465640007934, 37.563038358202952 ], [ 127.072600071220592, 37.562338869191635 ], [ 127.072636864846302, 37.561793299394495 ], [ 127.072969462591132, 37.562088104493398 ], [ 127.073625396422884, 37.562565693711008 ], [ 127.074336985376604, 37.562989799009216 ], [ 127.075097375786029, 37.5633563350884 ], [ 127.075844910930769, 37.56364107578289 ], [ 127.075713656174216, 37.563928982380965 ], [ 127.075493767247394, 37.564614619721958 ], [ 127.075359358764871, 37.565314111899127 ], [ 127.075311727499994, 37.566020722724289 ], [ 127.075351334616514, 37.56672764726752 ], [ 127.07547780113309, 37.567428077387802 ], [ 127.075689911478662, 37.56811526730182 ], [ 127.075985625108061, 37.568782598559444 ], [ 127.076362096069033, 37.569423643799752 ], [ 127.076815700336297, 37.570032228672986 ], [ 127.077342070651298, 37.570602491331009 ], [ 127.077936138535236, 37.571128938912551 ], [ 127.078299015758759, 37.571393093241319 ], [ 127.078185315177564, 37.571642488511543 ], [ 127.077965425508296, 37.572328129560482 ], [ 127.077831025560059, 37.573027623694202 ], [ 127.077783412025056, 37.573734234705597 ], [ 127.07782304589719, 37.574441157662868 ], [ 127.077949547938374, 37.575141584440104 ], [ 127.078161702236287, 37.575828769285948 ], [ 127.078457467823142, 37.576496093798859 ], [ 127.078833998246978, 37.577137130682608 ], [ 127.079287668910226, 37.577745705667567 ], [ 127.079814111915127, 37.578315957000562 ], [ 127.080011667040736, 37.578490999118763 ], [ 127.079848704911726, 37.578848431180134 ], [ 127.079628808643605, 37.579534074454848 ], [ 127.079494410641686, 37.580233569644442 ], [ 127.079446807580339, 37.580940180531684 ], [ 127.079486460353522, 37.581647102185869 ], [ 127.079612989541928, 37.582347526493535 ], [ 127.079825178972669, 37.583034707726945 ], [ 127.080120987340251, 37.583702027519131 ], [ 127.080433454992658, 37.584233923986467 ], [ 127.079988323450976, 37.58470712649428 ], [ 127.079527777676432, 37.585312443345245 ], [ 127.079143998132693, 37.585950767598511 ], [ 127.078840682359768, 37.586615952606593 ], [ 127.078620753335258, 37.587301592907245 ], [ 127.078495207746514, 37.58795489564325 ], [ 127.077874188795107, 37.587828746419213 ], [ 127.076995180096219, 37.587721768409978 ] ], [ [ 127.083285684292207, 37.545914272270124 ], [ 127.082989993808809, 37.545246956864375 ], [ 127.082613585514963, 37.544605930524099 ], [ 127.082160086021148, 37.543997365950233 ], [ 127.081633863971376, 37.543427123110078 ], [ 127.081469730936234, 37.543281631499681 ], [ 127.081920719522628, 37.543499045328936 ], [ 127.082722403609267, 37.543804434953216 ], [ 127.083557826152415, 37.544045780018749 ], [ 127.084418939698722, 37.544220755608578 ], [ 127.085297449101503, 37.544327676135275 ], [ 127.086184891490475, 37.544365511592481 ], [ 127.087072717863876, 37.544333897486091 ], [ 127.087952375514021, 37.544233138349043 ], [ 127.088815390489088, 37.54406420480575 ], [ 127.089653449292868, 37.543828724214542 ], [ 127.090458479032407, 37.543528964978428 ], [ 127.09122272523868, 37.543167814676323 ], [ 127.091938826607475, 37.54274875222584 ], [ 127.092599885938782, 37.542275814346965 ], [ 127.092663489668226, 37.542220420025906 ], [ 127.092951076639196, 37.542278835368883 ], [ 127.093829576054205, 37.542385692390681 ], [ 127.094717000337624, 37.542423463627465 ], [ 127.095327355076563, 37.542401685716456 ], [ 127.095284477499021, 37.542473075831971 ], [ 127.094981484675145, 37.543138309083133 ], [ 127.094761834791029, 37.543823986120351 ], [ 127.094627645347586, 37.544523503975071 ], [ 127.094580211006956, 37.545230126210569 ], [ 127.094616377514456, 37.54587283328302 ], [ 127.094002932971875, 37.545577200966989 ], [ 127.093201183239842, 37.54527188763867 ], [ 127.09236571532773, 37.54503061058638 ], [ 127.091504573370202, 37.544855692808618 ], [ 127.090626048482534, 37.54474881838302 ], [ 127.089738598995453, 37.544711016265943 ], [ 127.088850769086662, 37.544742650394788 ], [ 127.087971106589677, 37.544843416187518 ], [ 127.087108080767976, 37.545012343473225 ], [ 127.086270000842006, 37.545247805825468 ], [ 127.085464936051153, 37.545547536208943 ], [ 127.084700638016542, 37.545908648789357 ], [ 127.08398446615, 37.546327666697437 ], [ 127.083509692133035, 37.546667251042088 ], [ 127.083497807375537, 37.546601450724971 ], [ 127.083285684292207, 37.545914272270124 ] ], [ [ 127.056149005414269, 37.602148352772986 ], [ 127.055554847668773, 37.60162179771541 ], [ 127.054898690020636, 37.601144109800636 ], [ 127.054186851427545, 37.600719888457192 ], [ 127.05342618660886, 37.60035321823355 ], [ 127.052624020057067, 37.600047629497716 ], [ 127.051788075542021, 37.599806064470989 ], [ 127.050926401785773, 37.599630848922295 ], [ 127.050047295021244, 37.599523669794017 ], [ 127.049981306722813, 37.599520838208221 ], [ 127.049702931556226, 37.598892335107145 ], [ 127.049326544176722, 37.598251208552149 ], [ 127.048872995824425, 37.59764252128663 ], [ 127.048346655619838, 37.597072134458656 ], [ 127.047752593265045, 37.59654554028495 ], [ 127.047096530190686, 37.596067809193094 ], [ 127.046384784444356, 37.595643541027563 ], [ 127.045624209852249, 37.595276820787817 ], [ 127.044822130038852, 37.594971179323458 ], [ 127.043986267939644, 37.594729559363529 ], [ 127.04362433078488, 37.594655932365363 ], [ 127.043804487961168, 37.594464595709312 ], [ 127.044265378788921, 37.593859421410798 ], [ 127.044649496359142, 37.59322121359871 ], [ 127.044953142941353, 37.592556119328769 ], [ 127.045173396132824, 37.591870544457123 ], [ 127.0453081369307, 37.591171091924004 ], [ 127.045356070056116, 37.590464498145465 ], [ 127.045316736338293, 37.589757568126231 ], [ 127.045190517042343, 37.589057109919182 ], [ 127.044978630102918, 37.588369869062852 ], [ 127.044683118303709, 37.587702463628013 ], [ 127.044459343359051, 37.587321184080523 ], [ 127.04478592484233, 37.58744564642388 ], [ 127.045621708366781, 37.587687260503941 ], [ 127.046483231868564, 37.587862514159561 ], [ 127.047362196250134, 37.58796971912281 ], [ 127.048250134255468, 37.588007842645581 ], [ 127.049138492104873, 37.58797651745725 ], [ 127.049389399795103, 37.587947878451736 ], [ 127.049276766378725, 37.588298555304874 ], [ 127.04914206812947, 37.588998012983069 ], [ 127.049094171864525, 37.589704608712765 ], [ 127.049099030409266, 37.589791850808069 ], [ 127.049094730854733, 37.589855279798726 ], [ 127.049134100362551, 37.590562208779282 ], [ 127.049260359059033, 37.591262662846709 ], [ 127.049472293378088, 37.591949895988222 ], [ 127.049767864473466, 37.592617289338314 ], [ 127.050144227769522, 37.593258414938745 ], [ 127.050597760281576, 37.593867097666092 ], [ 127.0511240954458, 37.594437474729844 ], [ 127.051718165125223, 37.594964052166567 ], [ 127.052374248389597, 37.595441757785238 ], [ 127.053086026599942, 37.595865990052225 ], [ 127.053846644268219, 37.59623266244369 ], [ 127.054648775105193, 37.596538242837084 ], [ 127.054693360962801, 37.596551126448404 ], [ 127.054732132037543, 37.597246321109431 ], [ 127.054858453927736, 37.597946768803993 ], [ 127.055070458169439, 37.598633991566352 ], [ 127.055366105243493, 37.599301370630542 ], [ 127.055742549842833, 37.599942478175514 ], [ 127.056196168199932, 37.600551139251365 ], [ 127.056722592924061, 37.601121491275713 ], [ 127.057316755015577, 37.601648040525973 ], [ 127.057972932653698, 37.602125715082288 ], [ 127.05842569502164, 37.60239551286007 ], [ 127.058440124467168, 37.602653996278676 ], [ 127.05856648979676, 37.603354439641492 ], [ 127.058631573006508, 37.603565360703016 ], [ 127.058263893575329, 37.603490622834585 ], [ 127.057384730369805, 37.603383498076347 ], [ 127.057156300811783, 37.603373710589175 ], [ 127.057129083532359, 37.603327362282194 ], [ 127.056675440908563, 37.602718704922729 ], [ 127.056149005414269, 37.602148352772986 ] ], [ [ 127.055168041600325, 37.555929097059455 ], [ 127.05436634242551, 37.555623520867961 ], [ 127.053530887211608, 37.55538196951278 ], [ 127.052669719972428, 37.555206768632274 ], [ 127.052663452250911, 37.555206004166536 ], [ 127.052641566544281, 37.554813199774557 ], [ 127.052515334193984, 37.554112745193393 ], [ 127.052303475519906, 37.553425513623274 ], [ 127.052224194846588, 37.55324642357477 ], [ 127.052747898685553, 37.5529402617858 ], [ 127.053409294094195, 37.552467546266534 ], [ 127.054009298547228, 37.551945490737644 ], [ 127.05437183988856, 37.551560135713295 ], [ 127.054596037101035, 37.551605747116184 ], [ 127.055474588267558, 37.551712889674441 ], [ 127.056362100879227, 37.551750949684042 ], [ 127.057250025257417, 37.551719560486625 ], [ 127.058129807749452, 37.551619024447497 ], [ 127.05899297319958, 37.551450310040977 ], [ 127.059831206660235, 37.551215042513618 ], [ 127.060636433553981, 37.550915488215381 ], [ 127.061400897510296, 37.550554532750638 ], [ 127.06211723512493, 37.550135653160019 ], [ 127.06277854691966, 37.549662884402217 ], [ 127.06337846381696, 37.549140780459787 ], [ 127.063911208488648, 37.548574370444825 ], [ 127.064371650986914, 37.547969110128804 ], [ 127.064755358122625, 37.547330829364569 ], [ 127.064999347599212, 37.546795709305073 ], [ 127.065637127178562, 37.547038764290974 ], [ 127.065599030982654, 37.547236937442648 ], [ 127.065551320770439, 37.547943545991401 ], [ 127.065590827752942, 37.548650475339748 ], [ 127.06571717391104, 37.549350917300991 ], [ 127.065929144831003, 37.550038125978467 ], [ 127.066224701308812, 37.550705482742138 ], [ 127.06660099890459, 37.5513465599863 ], [ 127.067054415261936, 37.551955183053757 ], [ 127.067580584931747, 37.552525489729398 ], [ 127.068174441367773, 37.553051986728811 ], [ 127.068830265691261, 37.553529602636978 ], [ 127.069541741755856, 37.553953736785758 ], [ 127.070302016983149, 37.554320303597954 ], [ 127.070902290713192, 37.554549009449808 ], [ 127.070747719226318, 37.554888048032979 ], [ 127.070527812256884, 37.555573677058099 ], [ 127.07039337446453, 37.556273164466624 ], [ 127.070356567593535, 37.556818733990333 ], [ 127.070024003435464, 37.556523921475836 ], [ 127.069368145373545, 37.556046312230684 ], [ 127.068656650524105, 37.555622177068777 ], [ 127.067896370296296, 37.555255599710392 ], [ 127.06709462548001, 37.55495010963093 ], [ 127.066259135785899, 37.55470864810335 ], [ 127.06539794555917, 37.554533539901435 ], [ 127.064519346380152, 37.554426470935226 ], [ 127.063631797294676, 37.55438847203316 ], [ 127.062743843438668, 37.554419909026237 ], [ 127.061864033838049, 37.554520479229559 ], [ 127.061000839171072, 37.554689214354532 ], [ 127.060162570282088, 37.554924489824195 ], [ 127.059357298227781, 37.555224040402088 ], [ 127.05859277662266, 37.555584981984872 ], [ 127.05787636702884, 37.556003839349657 ], [ 127.057214968106209, 37.556476579590068 ], [ 127.056800565314006, 37.556837149040469 ], [ 127.056639693768417, 37.556719967385469 ], [ 127.055928265464019, 37.556295755985488 ], [ 127.055168041600325, 37.555929097059455 ] ] ], [ [ [ 126.833131127455175, 37.561333802399211 ], [ 126.832420941820686, 37.560908255459566 ], [ 126.831661786972305, 37.560540167034631 ], [ 126.830860972881979, 37.560233081145981 ], [ 126.830026210314514, 37.559989954426683 ], [ 126.829165536626803, 37.559813127677046 ], [ 126.828287238435209, 37.559704303345995 ], [ 126.827399771893283, 37.559664529154375 ], [ 126.826511681344087, 37.559694188017097 ], [ 126.825631517127405, 37.559792994360407 ], [ 126.824767753329738, 37.559959996869978 ], [ 126.823928706265477, 37.560193587643219 ], [ 126.823122454470891, 37.560491517657958 ], [ 126.82235676097801, 37.560850918409315 ], [ 126.821638998614574, 37.561268329507243 ], [ 126.820976079046346, 37.561739731969823 ], [ 126.820374386244069, 37.562260586893117 ], [ 126.819839715014041, 37.562825879126422 ], [ 126.819377215184318, 37.563430165533831 ], [ 126.818991341984059, 37.56406762737857 ], [ 126.81868581309493, 37.564732126327065 ], [ 126.818463572789611, 37.56541726353484 ], [ 126.818326763505524, 37.566116441246088 ], [ 126.818276705129563, 37.566822926314813 ], [ 126.81831388219706, 37.567529915036538 ], [ 126.818437939131513, 37.56823059866651 ], [ 126.818647683574397, 37.568918228993816 ], [ 126.818941097776857, 37.569586183339709 ], [ 126.819315357947019, 37.570228028353874 ], [ 126.819766861369715, 37.57083758199353 ], [ 126.820291261040524, 37.571408973087777 ], [ 126.820883507482847, 37.57193669791225 ], [ 126.821537897347056, 37.572415673228242 ], [ 126.822248128325157, 37.572841285273945 ], [ 126.823007359852085, 37.573209434234755 ], [ 126.823808279009114, 37.573516573762724 ], [ 126.824643170993838, 37.573759745163436 ], [ 126.825503993475905, 37.573936605919549 ], [ 126.826382454120861, 37.574045452275278 ], [ 126.827270090532167, 37.574085235663318 ], [ 126.828158351838823, 37.574055572815439 ], [ 126.829038681138869, 37.573956749458482 ], [ 126.82990259800178, 37.573789717560601 ], [ 126.830741780230909, 37.573556086153793 ], [ 126.831548144095734, 37.573258105821751 ], [ 126.832313922257384, 37.572898647002972 ], [ 126.833031738634389, 37.572481172319051 ], [ 126.833694679485234, 37.572009703195469 ], [ 126.834296360021298, 37.571488781097926 ], [ 126.834830985907715, 37.570923423758543 ], [ 126.835293409058892, 37.57031907681526 ], [ 126.835679177192432, 37.569681561331215 ], [ 126.83598457666433, 37.569017017701285 ], [ 126.836206668175294, 37.568331846487041 ], [ 126.83634331500599, 37.56763264675115 ], [ 126.836393203512557, 37.566926152485969 ], [ 126.836355855687643, 37.566219167749423 ], [ 126.836231633669826, 37.565518501133091 ], [ 126.83602173616174, 37.564830900194067 ], [ 126.835728186794384, 37.564162986481755 ], [ 126.835353814553997, 37.563521191784915 ], [ 126.834902226462503, 37.562911696212659 ], [ 126.834377772778126, 37.562340368704405 ], [ 126.8337855050532, 37.561812710540927 ], [ 126.833131127455175, 37.561333802399211 ] ] ], [ [ [ 126.995672494322491, 37.420944891465332 ], [ 126.99496269282497, 37.420520314783047 ], [ 126.994204138646936, 37.420153267040298 ], [ 126.993404135969342, 37.419847282244831 ], [ 126.992570387740841, 37.419605306435109 ], [ 126.991710921552468, 37.41942966933761 ], [ 126.990834012398977, 37.419322061954567 ], [ 126.989948103068045, 37.419283520297164 ], [ 126.989061722921036, 37.419314415419862 ], [ 126.988183405843841, 37.419414449851715 ], [ 126.98732160815473, 37.419582660458616 ], [ 126.986484627255663, 37.41981742770917 ], [ 126.985680521807708, 37.420116491255122 ], [ 126.984917034195433, 37.420476971677232 ], [ 126.984201516024754, 37.420895398187739 ], [ 126.983540857368837, 37.421367742023847 ], [ 126.982941420442202, 37.421889455211776 ], [ 126.982408978340146, 37.42245551432972 ], [ 126.981948659433499, 37.423060468848981 ], [ 126.981564897954158, 37.423698493589974 ], [ 126.981261391248538, 37.424363444788668 ], [ 126.981041064111878, 37.425048919235053 ], [ 126.980906040549456, 37.425748315915186 ], [ 126.980857623239373, 37.42645489956417 ], [ 126.980896280897525, 37.427161865518521 ], [ 126.98102164367026, 37.427862405244099 ], [ 126.981232506602396, 37.428549771908493 ], [ 126.981526841151165, 37.429217345366339 ], [ 126.981901814638093, 37.429858695931401 ], [ 126.982353817455362, 37.430467646320601 ], [ 126.982878497767089, 37.431038331172545 ], [ 126.983470803373677, 37.431565253566291 ], [ 126.984125030338163, 37.432043337994791 ], [ 126.984834877907034, 37.432467979281647 ], [ 126.98559350919713, 37.432835086968353 ], [ 126.986393617064152, 37.433141124743592 ], [ 126.987227494517029, 37.433383144532883 ], [ 126.987732410673701, 37.433486329802655 ], [ 126.987737842911741, 37.43358550096611 ], [ 126.98786327954052, 37.434286033230279 ], [ 126.988074222510448, 37.434973387543849 ], [ 126.988368642508277, 37.435640943879939 ], [ 126.988743706032864, 37.436282272716809 ], [ 126.989195802609302, 37.436891196980191 ], [ 126.989720579498467, 37.437461851559902 ], [ 126.990312983570348, 37.437988739826224 ], [ 126.990967309939123, 37.438466786600507 ], [ 126.991677256893226, 37.438891387068779 ], [ 126.992435986591545, 37.439258451165585 ], [ 126.993236190941076, 37.439564442999298 ], [ 126.994070162020606, 37.439806414937998 ], [ 126.994929866370356, 37.439982036026073 ], [ 126.995807022430313, 37.440089614456973 ], [ 126.996693180378259, 37.44012811388469 ], [ 126.997579803595826, 37.440097163416112 ], [ 126.998458350974332, 37.439997061187697 ], [ 126.999141769946363, 37.439863638026182 ], [ 126.999516299882217, 37.440270805582315 ], [ 126.999906746653039, 37.44061798727936 ], [ 126.999604423958473, 37.44112074047711 ], [ 126.999301004178236, 37.441785736692161 ], [ 126.99908078826833, 37.442471243577579 ], [ 126.998945899165591, 37.443170659806462 ], [ 126.998897638255698, 37.443877249924846 ], [ 126.998936472750628, 37.444584209206013 ], [ 126.999041841659562, 37.445172088364068 ], [ 126.998620631633713, 37.445290240753792 ], [ 126.997816299806061, 37.445589383932123 ], [ 126.997052609298336, 37.445949939721814 ], [ 126.996336913669964, 37.446368436610364 ], [ 126.995676104703293, 37.446840845158249 ], [ 126.995076546061199, 37.447362616769503 ], [ 126.994544012012611, 37.447928727460415 ], [ 126.994083631815812, 37.44853372620635 ], [ 126.993699840295463, 37.449171787402236 ], [ 126.993396335090068, 37.449836766933245 ], [ 126.993176040983542, 37.450522261316536 ], [ 126.99304108166632, 37.451221669346054 ], [ 126.992992759201115, 37.451928255647175 ], [ 126.993031541393549, 37.452635215530314 ], [ 126.993157057193656, 37.453335740519044 ], [ 126.993368100175161, 37.454023083921975 ], [ 126.993662640063491, 37.454690625816731 ], [ 126.994037842204392, 37.455331936819981 ], [ 126.994490094789015, 37.455940840028532 ], [ 126.995015043576601, 37.456511470534252 ], [ 126.995607633781773, 37.457038331938477 ], [ 126.996262158725955, 37.457516349320628 ], [ 126.996972314784458, 37.457940918149127 ], [ 126.997731262101297, 37.458307948662657 ], [ 126.998531690486132, 37.458613905292587 ], [ 126.999365889858339, 37.458855840745692 ], [ 127.000225824557461, 37.459031424417525 ], [ 127.001103210802867, 37.459138964861793 ], [ 127.001989596553145, 37.459177426098456 ], [ 127.002876442993724, 37.459146437602371 ], [ 127.003755206863886, 37.45904629787659 ], [ 127.004617422827067, 37.458877971574879 ], [ 127.005454785087352, 37.458643080201902 ], [ 127.006259227463019, 37.458343886480662 ], [ 127.007023001142045, 37.45798327253852 ], [ 127.007738749368812, 37.457564712122718 ], [ 127.00839957833962, 37.457092237114139 ], [ 127.008999123622814, 37.456570398662784 ], [ 127.009531611462904, 37.456004223320974 ], [ 127.009991914377309, 37.455399164597857 ], [ 127.010375600511367, 37.454761050403391 ], [ 127.010678976276452, 37.454096026889111 ], [ 127.010899121863005, 37.453410499228099 ], [ 127.011033919288067, 37.452711069905277 ], [ 127.011082072710423, 37.452004475113554 ], [ 127.011043120820617, 37.451297519868774 ], [ 127.010937649821926, 37.450709651289294 ], [ 127.011358871449943, 37.450591455188125 ], [ 127.012163204162547, 37.450292220092621 ], [ 127.01292686761532, 37.449931566723144 ], [ 127.013642506115133, 37.449512969206616 ], [ 127.014303226915871, 37.449040459780996 ], [ 127.014902666628259, 37.448518589927509 ], [ 127.015435052513993, 37.447952386500589 ], [ 127.015895258072689, 37.447347303279521 ], [ 127.016278852387302, 37.44670916840974 ], [ 127.016582142753322, 37.44604412824151 ], [ 127.016802210183258, 37.445358588107844 ], [ 127.01693693744626, 37.44465915061339 ], [ 127.016985029376087, 37.443952552029309 ], [ 127.016946025254512, 37.443245597407653 ], [ 127.016820303155015, 37.442545095040302 ], [ 127.016609076207573, 37.441857790893998 ], [ 127.016314380825236, 37.441190303652839 ], [ 127.015939057008396, 37.440549060993234 ], [ 127.015486720920222, 37.439940237704626 ], [ 127.014961730000024, 37.439369696250829 ], [ 127.014571219541978, 37.439022563767708 ], [ 127.014873433932763, 37.438519771340246 ], [ 127.015176702843874, 37.437854733713266 ], [ 127.015396758259357, 37.437169195169297 ], [ 127.015531483063157, 37.436469758297598 ], [ 127.01557958211167, 37.435763159363383 ], [ 127.015540594617207, 37.43505620342205 ], [ 127.01541489849204, 37.434355698778319 ], [ 127.015203706615182, 37.43366839142103 ], [ 127.01490905506104, 37.433000900065373 ], [ 127.014533783407259, 37.432359652427657 ], [ 127.014081507314117, 37.431750823345517 ], [ 127.013556583642753, 37.431180275338868 ], [ 127.012964068450373, 37.430653502182764 ], [ 127.012309668268614, 37.430175576034515 ], [ 127.011599685135621, 37.429751098622688 ], [ 127.010840955911434, 37.429384156966968 ], [ 127.010040786460834, 37.429078284053574 ], [ 127.009206881336723, 37.428836424843787 ], [ 127.008347269639174, 37.428660907941705 ], [ 127.007470227762511, 37.428553423192668 ], [ 127.006584199771083, 37.428515005427599 ], [ 127.005697716167703, 37.428546024508698 ], [ 127.004819311833671, 37.428646181772201 ], [ 127.004136004783433, 37.428779638821069 ], [ 127.003761506206502, 37.428372485344902 ], [ 127.003169082113402, 37.427845663490977 ], [ 127.002514769054869, 37.427367683512436 ], [ 127.001804868231048, 37.426943147656345 ], [ 127.001046215710261, 37.426576143505159 ], [ 127.000246116619593, 37.426270204646798 ], [ 126.999412274835251, 37.426028276677378 ], [ 126.998907392047101, 37.425925141417629 ], [ 126.998901945505523, 37.425825970535634 ], [ 126.998776419085715, 37.425125448336473 ], [ 126.99856540463901, 37.424438111465484 ], [ 126.998270936530801, 37.423770578923055 ], [ 126.997895852572171, 37.423129278823062 ], [ 126.9974437666163, 37.422520386509241 ], [ 126.996919033694084, 37.421949765111194 ], [ 126.996326708026828, 37.421422909111378 ], [ 126.995672494322491, 37.420944891465332 ] ] ], [ [ [ 127.046617578288092, 37.246877049537808 ], [ 127.045909112378581, 37.246452775175236 ], [ 127.045152046143315, 37.246086053484817 ], [ 127.044353669438749, 37.24578041534091 ], [ 127.043521669563802, 37.245538803450067 ], [ 127.042664057284725, 37.245363544040067 ], [ 127.041789089758069, 37.245256324481261 ], [ 127.040905191091014, 37.245218177054383 ], [ 127.040020871301394, 37.245249469020713 ], [ 127.039144644454055, 37.245349899089803 ], [ 127.038284946758637, 37.245518500318376 ], [ 127.037450055413913, 37.245753649412826 ], [ 127.036648008976812, 37.246053082345981 ], [ 127.035886530019823, 37.246413916138401 ], [ 127.03517295081879, 37.24683267659519 ], [ 127.034514142784658, 37.247305331732548 ], [ 127.033916450316624, 37.247827330573038 ], [ 127.033385629713052, 37.248393646937494 ], [ 127.03292679372781, 37.248998827813217 ], [ 127.03254436230624, 37.249637045834014 ], [ 127.032242019976295, 37.250302155367926 ], [ 127.032022680306866, 37.25098775167401 ], [ 127.031888457777441, 37.251687232559327 ], [ 127.03184064733324, 37.252393861943553 ], [ 127.031879711825482, 37.253100834719213 ], [ 127.032005277461138, 37.25380134228422 ], [ 127.032216137309888, 37.254488638114793 ], [ 127.032379240435532, 37.254858772662445 ], [ 127.031667813902843, 37.254771541339601 ], [ 127.030783810040433, 37.254733317692654 ], [ 127.029899375623273, 37.254764533225163 ], [ 127.029023025818944, 37.254864887382247 ], [ 127.028163198019854, 37.25503341395126 ], [ 127.027328170676299, 37.255268490357246 ], [ 127.026525983653443, 37.255567853272851 ], [ 127.025764360876224, 37.255928620392801 ], [ 127.025050636004124, 37.256347318164337 ], [ 127.02439168184975, 37.256819915207473 ], [ 127.023793844218389, 37.25734186110455 ], [ 127.023262880805575, 37.257908130186614 ], [ 127.022803905739863, 37.258513269896838 ], [ 127.022421340305684, 37.259151453265986 ], [ 127.022118870321577, 37.259816534996446 ], [ 127.021899410586016, 37.260502110615697 ], [ 127.021765076735335, 37.261201578130688 ], [ 127.021717164787646, 37.261908201590408 ], [ 127.021756138572684, 37.262615175945157 ], [ 127.02188162517227, 37.263315692578075 ], [ 127.022092418418552, 37.264003004878568 ], [ 127.022386490420473, 37.264670493225445 ], [ 127.022761011010047, 37.265311728753964 ], [ 127.023212374925322, 37.265920535291819 ], [ 127.023736236470327, 37.266491048866939 ], [ 127.024327551320852, 37.267017774212619 ], [ 127.024980625075315, 37.267495637724984 ], [ 127.025689168083929, 37.267920036361041 ], [ 127.026446356028927, 37.268286882005356 ], [ 127.027244895671714, 37.268592640876314 ], [ 127.028077095133384, 37.268834367591339 ], [ 127.028934938029437, 37.269009733561795 ], [ 127.029810160743097, 37.269117049442528 ], [ 127.030694332089993, 37.269155281419678 ], [ 127.031578934603843, 37.269124061178339 ], [ 127.032455446657309, 37.269023689454386 ], [ 127.033315424622771, 37.268855133135538 ], [ 127.034150584279132, 37.268620015940016 ], [ 127.034952880676528, 37.268320602762699 ], [ 127.035714585686861, 37.267959777840389 ], [ 127.036428362490369, 37.267541016947163 ], [ 127.037087336278873, 37.26706835388871 ], [ 127.037685160492487, 37.26654634161968 ], [ 127.038216077951333, 37.265980008359598 ], [ 127.038674976292825, 37.265374809131657 ], [ 127.039057437181029, 37.264736573192295 ], [ 127.03935977881504, 37.264071447859415 ], [ 127.03957909132879, 37.263385839281121 ], [ 127.039713264743597, 37.262686350717061 ], [ 127.039761009206828, 37.261979718927137 ], [ 127.039721867325071, 37.261272749281225 ], [ 127.03959621847639, 37.260572250215176 ], [ 127.039385275063722, 37.259884967664526 ], [ 127.039222126979055, 37.259514842776476 ], [ 127.03993360725633, 37.259602028998245 ], [ 127.040817673336718, 37.259640184713838 ], [ 127.041702161138474, 37.259608888001623 ], [ 127.042578550140192, 37.259508440334436 ], [ 127.043438397900687, 37.259339809331827 ], [ 127.044273421454264, 37.259104619431625 ], [ 127.045075577163345, 37.258805136229086 ], [ 127.045837138256161, 37.258444244635548 ], [ 127.046550769300367, 37.258025421067117 ], [ 127.047209596892785, 37.25755269993298 ], [ 127.047807275882576, 37.257030634746769 ], [ 127.048338050489349, 37.256464254237287 ], [ 127.048796809726866, 37.255859013882279 ], [ 127.04917913659915, 37.255220743333709 ], [ 127.049481350596025, 37.254555590242148 ], [ 127.049700543080363, 37.253869961022417 ], [ 127.049834605228909, 37.253170459132292 ], [ 127.049882248259806, 37.252463821459372 ], [ 127.049843015755457, 37.25175685342959 ], [ 127.04971728796545, 37.251056363462709 ], [ 127.049506278051581, 37.250369097406164 ], [ 127.04921202031484, 37.249701673578677 ], [ 127.048837350520785, 37.249060519048733 ], [ 127.048385878516726, 37.248451807760958 ], [ 127.047861953406425, 37.247881401105502 ], [ 127.047270621620513, 37.247354791501671 ], [ 127.046617578288092, 37.246877049537808 ] ] ], [ [ [ 127.057403107226421, 37.282897545693913 ], [ 127.056694244693873, 37.28247333585545 ], [ 127.055936766573339, 37.282106682661883 ], [ 127.055137966685038, 37.281801116327095 ], [ 127.054305536399895, 37.281559578865448 ], [ 127.053447490625274, 37.281384395787605 ], [ 127.052572090688201, 37.28127725372871 ], [ 127.051687764855856, 37.281239184223338 ], [ 127.050803027255455, 37.28127055378279 ], [ 127.04992639597134, 37.281371060370091 ], [ 127.04906631110434, 37.281539736305952 ], [ 127.048231053578448, 37.281774957578435 ], [ 127.047428665474399, 37.282074459466507 ], [ 127.04666687265312, 37.282435358327987 ], [ 127.045953010411978, 37.282854179342742 ], [ 127.04529395288742, 37.28332688994513 ], [ 127.044696046881896, 37.283848938624864 ], [ 127.044165050751673, 37.284415298723992 ], [ 127.043706078943188, 37.285020516809695 ], [ 127.043323552712721, 37.285658765158217 ], [ 127.043021157504853, 37.286323897846145 ], [ 127.042801807401631, 37.287009509909915 ], [ 127.042667616987359, 37.287708999004913 ], [ 127.042619880902336, 37.288415628971492 ], [ 127.042659061286074, 37.289122594696167 ], [ 127.042784783233728, 37.289823087644002 ], [ 127.042995838313445, 37.290510361431096 ], [ 127.043290196114413, 37.291177796805705 ], [ 127.04366502371758, 37.291818965411743 ], [ 127.044116712904739, 37.292427691719972 ], [ 127.044640914847179, 37.29299811252956 ], [ 127.045232581941519, 37.293524733465979 ], [ 127.045886016392245, 37.294002481929809 ], [ 127.046594925073649, 37.294426755985242 ], [ 127.047352480143459, 37.29479346871603 ], [ 127.048151384824266, 37.295099087620308 ], [ 127.048983943718085, 37.295340668663513 ], [ 127.049842136975187, 37.295515884660141 ], [ 127.050717697600845, 37.295623047710009 ], [ 127.051602191152739, 37.295661125471888 ], [ 127.05248709705829, 37.295629751117147 ], [ 127.053363890765226, 37.295529226867096 ], [ 127.054224125930986, 37.295360521079729 ], [ 127.055059515855604, 37.295125258914211 ], [ 127.055862013370373, 37.29482570666304 ], [ 127.056623888409774, 37.294464749903845 ], [ 127.057337802516813, 37.29404586568171 ], [ 127.057996879561912, 37.293573088991337 ], [ 127.058594771992418, 37.293050973882735 ], [ 127.059125721973786, 37.292484549566623 ], [ 127.059584616833021, 37.291879271943685 ], [ 127.059967038270955, 37.291240971025672 ], [ 127.060269304870147, 37.290575794756201 ], [ 127.060488507490888, 37.289890149773655 ], [ 127.060622537216602, 37.289190639687675 ], [ 127.060670105582062, 37.288484001464596 ], [ 127.06063075689319, 37.287777040535197 ], [ 127.060504872522728, 37.287076565250118 ], [ 127.060293667144265, 37.286389321314523 ], [ 127.059999176944544, 37.285721926832956 ], [ 127.059624239930656, 37.285080808590003 ], [ 127.059172468525389, 37.284472140179496 ], [ 127.058648214717039, 37.283901782577274 ], [ 127.058056528102156, 37.28337522772884 ], [ 127.057403107226421, 37.282897545693913 ] ] ], [ [ [ 127.050121253511307, 37.29650982214239 ], [ 127.049412305378993, 37.296085569098082 ], [ 127.048654727280862, 37.295718869479984 ], [ 127.047855813999874, 37.295413253948475 ], [ 127.047023257998475, 37.295171664991095 ], [ 127.046165075393986, 37.2949964286138 ], [ 127.045289528830097, 37.294889231964468 ], [ 127.044405047984668, 37.294851107102865 ], [ 127.04352014847629, 37.294882421072998 ], [ 127.0426433499469, 37.294982872372792 ], [ 127.041783094106137, 37.295151493855236 ], [ 127.040947663522886, 37.295386662032634 ], [ 127.040145101942755, 37.295686112695257 ], [ 127.039383136895765, 37.296046962694376 ], [ 127.038669105336524, 37.296465737680627 ], [ 127.038009883030881, 37.296938405531989 ], [ 127.037411818367403, 37.297460415150304 ], [ 127.036880671229753, 37.298026740254357 ], [ 127.036421557518423, 37.298631927748858 ], [ 127.036038899856436, 37.299270150205309 ], [ 127.035736384954589, 37.299935261950239 ], [ 127.035516928048423, 37.300620858222423 ], [ 127.03538264475192, 37.301320336829903 ], [ 127.035334830601258, 37.302026961714567 ], [ 127.035373948489308, 37.302733927812326 ], [ 127.035499624114721, 37.303434426585007 ], [ 127.035710649493581, 37.30412171159287 ], [ 127.036004994502903, 37.304789163476258 ], [ 127.036379826348423, 37.305430353720112 ], [ 127.036831536772794, 37.306039106586695 ], [ 127.037355776744107, 37.306609558619208 ], [ 127.037947498293946, 37.307136215142094 ], [ 127.038601003103224, 37.30761400321277 ], [ 127.039309997369202, 37.308038320513518 ], [ 127.040067652425606, 37.308405079711015 ], [ 127.04086667053194, 37.308710747855322 ], [ 127.041699355197466, 37.308952380436999 ], [ 127.042557685360322, 37.309127649773622 ], [ 127.043433392706262, 37.309234867450726 ], [ 127.044318041378645, 37.309273000600442 ], [ 127.045203109309384, 37.309241681860257 ], [ 127.04608007038415, 37.309141212915556 ], [ 127.046940476646824, 37.308972561591453 ], [ 127.047776039747873, 37.308737352522414 ], [ 127.048578710849043, 37.308437851489622 ], [ 127.049340758211542, 37.308076943577518 ], [ 127.050054841717426, 37.307658105361014 ], [ 127.050714083604532, 37.307185371392045 ], [ 127.051312134731816, 37.306663295309605 ], [ 127.051843235735817, 37.306096905949133 ], [ 127.052302272488888, 37.305491658875226 ], [ 127.052684825325485, 37.304853383805984 ], [ 127.052987211563234, 37.304188228436743 ], [ 127.053206520911004, 37.303502599205245 ], [ 127.053340643425486, 37.302803099569992 ], [ 127.053388289749194, 37.302096466397217 ], [ 127.053349003438782, 37.301389505069515 ], [ 127.053223165267994, 37.300689023941729 ], [ 127.053011989467237, 37.300001768775545 ], [ 127.052717511940159, 37.299334357783785 ], [ 127.052342570573558, 37.298693217910099 ], [ 127.051890777833677, 37.298084522956486 ], [ 127.051366485915722, 37.297514134154227 ], [ 127.050774744784405, 37.296987543748948 ], [ 127.050121253511307, 37.29650982214239 ] ] ], [ [ [ 127.063118433550585, 37.240261859706862 ], [ 127.062409935686432, 37.23983768339707 ], [ 127.061652854271216, 37.239471066704034 ], [ 127.06085447930657, 37.239165539491587 ], [ 127.060022498073891, 37.23892404339864 ], [ 127.059164921159478, 37.238748903538706 ], [ 127.058290005379249, 37.238641806131646 ], [ 127.057406174342319, 37.238603782282787 ], [ 127.056521937415795, 37.23863519806423 ], [ 127.055645807867421, 37.238735750994003 ], [ 127.054786220971025, 37.238904472946444 ], [ 127.053951452859778, 37.239139739466019 ], [ 127.053149540905324, 37.239439285395271 ], [ 127.052388206386794, 37.239800226666929 ], [ 127.051674780190766, 37.240219088051312 ], [ 127.051016132256379, 37.240691836592639 ], [ 127.050418605442658, 37.241213920413827 ], [ 127.04988795445415, 37.241780312517008 ], [ 127.049429290412519, 37.242385559159615 ], [ 127.049047031608254, 37.243023832341386 ], [ 127.048744860907661, 37.243688985898437 ], [ 127.048525690227109, 37.244374614664991 ], [ 127.048391632418728, 37.245074116134624 ], [ 127.048343980841153, 37.245780754027727 ], [ 127.048383196814939, 37.246487723154033 ], [ 127.04850890508736, 37.247188214945652 ], [ 127.04871989735318, 37.247875483029894 ], [ 127.049014143801784, 37.248542908210403 ], [ 127.04938881258208, 37.249184062229908 ], [ 127.049840297001765, 37.249792769700562 ], [ 127.050364250201156, 37.250363167604142 ], [ 127.050955626970349, 37.250889761788009 ], [ 127.051608732308708, 37.251367479911835 ], [ 127.052317276259885, 37.251791720333514 ], [ 127.053074434495088, 37.252158396462214 ], [ 127.053872914060534, 37.25246397615004 ], [ 127.054705023655046, 37.252705515741447 ], [ 127.055562747759438, 37.252880688451349 ], [ 127.056437823901433, 37.2529878067974 ], [ 127.057321822309291, 37.253025838869682 ], [ 127.058206227183859, 37.252994418280032 ], [ 127.059082518803294, 37.252893847695205 ], [ 127.059942255665462, 37.252725095919345 ], [ 127.060777155874135, 37.252489788554065 ], [ 127.061579176981141, 37.252190192326516 ], [ 127.062275674820569, 37.251859972497734 ], [ 127.062290271274406, 37.252122223007902 ], [ 127.062416117275063, 37.25282270026112 ], [ 127.062627251305713, 37.253509943827311 ], [ 127.062921642190389, 37.254177334745393 ], [ 127.0632964566867, 37.25481844508738 ], [ 127.063748086698453, 37.255427099885424 ], [ 127.064272183962984, 37.255997436627972 ], [ 127.064863701881904, 37.256523961751022 ], [ 127.065516944093986, 37.257001603579035 ], [ 127.066225619323319, 37.257425761204544 ], [ 127.066982901975393, 37.257792348834137 ], [ 127.067781497896661, 37.258097835172386 ], [ 127.068613714663996, 37.258339277463101 ], [ 127.069471535724645, 37.258514349858686 ], [ 127.07001373297868, 37.258580651268566 ], [ 127.069983363949845, 37.258739324173426 ], [ 127.069935904064252, 37.259445970356836 ], [ 127.069975327680041, 37.260152932032192 ], [ 127.070101257546185, 37.260853400702103 ], [ 127.070312483224384, 37.261540630215322 ], [ 127.070606972656662, 37.262208001745606 ], [ 127.07098189165184, 37.262849087551139 ], [ 127.071433631107368, 37.263457712899907 ], [ 127.071957841706407, 37.264028015563511 ], [ 127.072549475758706, 37.264554502305749 ], [ 127.073202835783945, 37.265032101820388 ], [ 127.073911629370841, 37.265456213607209 ], [ 127.074669029784005, 37.265822752314129 ], [ 127.075467741734769, 37.266128187116799 ], [ 127.076300071681317, 37.266369575755391 ], [ 127.077158001979768, 37.266544592899194 ], [ 127.078033268169634, 37.266651552564888 ], [ 127.078917438646712, 37.266689424371719 ], [ 127.079801995952906, 37.266657843476118 ], [ 127.080678418896881, 37.266557114089949 ], [ 127.081538264710801, 37.266388206547937 ], [ 127.082373250448683, 37.266152747953164 ], [ 127.083175332838636, 37.265853006490396 ], [ 127.083936785817301, 37.265491869559668 ], [ 127.084650274996378, 37.26507281594111 ], [ 127.085308928342087, 37.264599882260235 ], [ 127.085906402385234, 37.264077624078148 ], [ 127.086436943322866, 37.263511071982329 ], [ 127.086895442422858, 37.262905683102652 ], [ 127.087277485198143, 37.262267288520704 ], [ 127.087579393877903, 37.261602037080401 ], [ 127.087798262768445, 37.260916336142287 ], [ 127.087931986165344, 37.260216789853025 ], [ 127.087979278551046, 37.259510135525893 ], [ 127.087939686886074, 37.258803178745097 ], [ 127.087813594879478, 37.258102727819917 ], [ 127.087602219200519, 37.257415528219724 ], [ 127.087307597671639, 37.256748197621206 ], [ 127.086932569560418, 37.256107162193182 ], [ 127.086480748162643, 37.255498594731698 ], [ 127.08595648594418, 37.254928355240558 ], [ 127.085364832578961, 37.25440193452831 ], [ 127.084711486289493, 37.253924401363683 ], [ 127.084002738959214, 37.253500353697085 ], [ 127.083245415545903, 37.253133874416513 ], [ 127.082446808379146, 37.252828492062598 ], [ 127.081614606974, 37.252587146879563 ], [ 127.080756824034538, 37.252412162528181 ], [ 127.080214661044437, 37.252345910460932 ], [ 127.080245005943226, 37.252187234611895 ], [ 127.080292364364283, 37.25148058280633 ], [ 127.080252848037972, 37.250773622962662 ], [ 127.080126839946857, 37.250073163420112 ], [ 127.079915555951317, 37.249385949731497 ], [ 127.079621032990346, 37.24871859970974 ], [ 127.079246109381927, 37.24807753971119 ], [ 127.07879439741545, 37.247468942769039 ], [ 127.078270248502989, 37.246898669171465 ], [ 127.077678711227719, 37.246372210055831 ], [ 127.077025482694793, 37.245894634561061 ], [ 127.07631685365439, 37.245470541045471 ], [ 127.075559647926013, 37.245104012838773 ], [ 127.074761156707083, 37.244798578952796 ], [ 127.073929068397064, 37.244557180128027 ], [ 127.073071394612171, 37.244382140541667 ], [ 127.072196393099929, 37.244275145448519 ], [ 127.071312488294083, 37.244237224969226 ], [ 127.070428190271357, 37.244268744181127 ], [ 127.069552012887343, 37.244369399606967 ], [ 127.06869239187624, 37.244538222134778 ], [ 127.06785760369975, 37.244773586341232 ], [ 127.067055685923151, 37.245073226128795 ], [ 127.066359271423153, 37.245403474983874 ], [ 127.06634466192618, 37.245141224596267 ], [ 127.066218791582727, 37.244440750459695 ], [ 127.066007649351093, 37.243753512198857 ], [ 127.065713270805105, 37.243086127864075 ], [ 127.065338492872215, 37.24244502414286 ], [ 127.064886926439442, 37.241836374490134 ], [ 127.064362921518168, 37.241266039702275 ], [ 127.063771525305938, 37.240739511506369 ], [ 127.063118433550585, 37.240261859706862 ] ] ], [ [ [ 127.07509287809313, 37.292195988029817 ], [ 127.074383828489871, 37.291771883626772 ], [ 127.073626170650058, 37.291405343087433 ], [ 127.072827200122759, 37.291099895540903 ], [ 127.071994609920168, 37.290858481857924 ], [ 127.071136416487832, 37.290683426357667 ], [ 127.07026088257301, 37.290576414447308 ], [ 127.069376437731535, 37.290538476408884 ], [ 127.068491597235464, 37.290569977488552 ], [ 127.067614880159155, 37.290670614383735 ], [ 127.066754727428986, 37.290839418161241 ], [ 127.06591942062235, 37.291074763578983 ], [ 127.065117002294798, 37.291374384721301 ], [ 127.064355198598847, 37.291735396798416 ], [ 127.063641344937551, 37.292154323900654 ], [ 127.062982315365986, 37.292627132441268 ], [ 127.062384456418982, 37.293149269967209 ], [ 127.061853526001414, 37.293715708965152 ], [ 127.061394637928757, 37.294320995242444 ], [ 127.061012212652969, 37.294959300418462 ], [ 127.060709934648344, 37.295624478022127 ], [ 127.060490716870149, 37.296310122656763 ], [ 127.060356672630107, 37.297009631663393 ], [ 127.06030909516241, 37.297716268689761 ], [ 127.060348445080294, 37.298423228553439 ], [ 127.060474345847126, 37.299123702774914 ], [ 127.060685587309592, 37.299810945149595 ], [ 127.060980137262092, 37.300478336727238 ], [ 127.061355160934838, 37.301119449572553 ], [ 127.061807048220857, 37.30172810869243 ], [ 127.062331448382608, 37.302298451532366 ], [ 127.062923311906559, 37.302824984468067 ], [ 127.063576939103854, 37.303302635747215 ], [ 127.064286034990772, 37.303726804369688 ], [ 127.065043769920152, 37.304093404434589 ], [ 127.065842845380502, 37.304398904525243 ], [ 127.066675564327056, 37.304640361751687 ], [ 127.067533905366744, 37.30481545012141 ], [ 127.068409600079832, 37.304922482964052 ], [ 127.06929421273108, 37.304960429193201 ], [ 127.070179221599602, 37.304928923247864 ], [ 127.071056101140584, 37.304828268617698 ], [ 127.07191640418425, 37.304659434917347 ], [ 127.072751843376693, 37.304424048538905 ], [ 127.073554371074877, 37.304124376972048 ], [ 127.074316256923254, 37.303763306944376 ], [ 127.075030162361642, 37.303344316592593 ], [ 127.075689211345221, 37.302871441934059 ], [ 127.076287056593202, 37.302349237962723 ], [ 127.076817940727153, 37.301782734745338 ], [ 127.077276751710187, 37.301177388942499 ], [ 127.077659072052938, 37.300539031222357 ], [ 127.077961221313586, 37.299873810075219 ], [ 127.078180291484472, 37.299188132571118 ], [ 127.078314174926248, 37.298488602632212 ], [ 127.078361584584158, 37.297781957415133 ], [ 127.078322066293836, 37.29707500241711 ], [ 127.078196003062317, 37.296374545930632 ], [ 127.077984611286396, 37.295687333478782 ], [ 127.077689928948075, 37.295019982861852 ], [ 127.077314795904698, 37.294378920441062 ], [ 127.076862826466282, 37.293770319271715 ], [ 127.076338374527424, 37.293200039681338 ], [ 127.075746491591417, 37.292673572863542 ], [ 127.07509287809313, 37.292195988029817 ] ] ], [ [ [ 127.086099636191292, 37.307875564367151 ], [ 127.085390377786155, 37.307451525756235 ], [ 127.08463250928736, 37.307085055362862 ], [ 127.083833328270927, 37.306779681640435 ], [ 127.083000529774168, 37.306538344748688 ], [ 127.082142132246531, 37.306363368267341 ], [ 127.081266400398604, 37.306256436842901 ], [ 127.080381765690362, 37.306218579982669 ], [ 127.079496745220396, 37.306250162151585 ], [ 127.0786198597945, 37.306350879266759 ], [ 127.077759551958835, 37.306519761623221 ], [ 127.076924104783387, 37.306755183222911 ], [ 127.076121562174635, 37.307054877417329 ], [ 127.075359651481691, 37.307415958713982 ], [ 127.074645709137997, 37.307834950537305 ], [ 127.073986610053183, 37.308307818678003 ], [ 127.073388701432322, 37.308830010109652 ], [ 127.072857741659888, 37.309396496800261 ], [ 127.072398844835632, 37.310001824098229 ], [ 127.072016431497545, 37.310640163228086 ], [ 127.071714186007, 37.311305367391803 ], [ 127.071495021008218, 37.311991030936788 ], [ 127.071361049306844, 37.31269055102166 ], [ 127.071313563440569, 37.313397191187072 ], [ 127.071353023142422, 37.314104146219798 ], [ 127.071479050820301, 37.314804607686213 ], [ 127.071690435100209, 37.315491829503799 ], [ 127.071985142402283, 37.316159192919486 ], [ 127.07236033644223, 37.316800270268388 ], [ 127.072812405472718, 37.317408886898434 ], [ 127.073336997005896, 37.317979180663514 ], [ 127.073929059684815, 37.318505658411283 ], [ 127.074582891901784, 37.318983248920269 ], [ 127.075292196697404, 37.319407351775133 ], [ 127.076050142411134, 37.319773881707988 ], [ 127.076849428499642, 37.320079307977394 ], [ 127.077682355887717, 37.320320688404259 ], [ 127.078540901172758, 37.320495697735815 ], [ 127.079416793965848, 37.320602650063172 ], [ 127.080301596622093, 37.320640515075716 ], [ 127.08118678558867, 37.320608927995245 ], [ 127.082063833584598, 37.320508193093353 ], [ 127.082924291816212, 37.320339280758574 ], [ 127.083759871433926, 37.320103818141028 ], [ 127.084562523441548, 37.319804073465477 ], [ 127.085324516285851, 37.319442934164421 ], [ 127.086038510376326, 37.31902387904244 ], [ 127.08669762881479, 37.318550944741418 ], [ 127.087295523652401, 37.318028686830253 ], [ 127.087826437034352, 37.31746213589571 ], [ 127.088285256643687, 37.31685674905826 ], [ 127.088667564909727, 37.31621835738143 ], [ 127.088969681508928, 37.315553109682604 ], [ 127.089188698750306, 37.314867413287388 ], [ 127.089322509506516, 37.314167872299606 ], [ 127.08936982742479, 37.313461223981875 ], [ 127.089330199226339, 37.312754273860705 ], [ 127.089204008978413, 37.312053830181021 ], [ 127.088992474302572, 37.311366638341745 ], [ 127.08869763455823, 37.310699315943928 ], [ 127.088322331119414, 37.310058289076132 ], [ 127.087870179937596, 37.309449730450503 ], [ 127.087345536657608, 37.308879499984066 ], [ 127.08675345462504, 37.308353088396622 ], [ 127.086099636191292, 37.307875564367151 ] ] ], [ [ [ 127.060586288068748, 37.442655814413854 ], [ 127.059875912113853, 37.442231625335275 ], [ 127.059116818627857, 37.441864991982023 ], [ 127.058316316978804, 37.441559444372061 ], [ 127.057482114914208, 37.441317924335195 ], [ 127.056622244389743, 37.441142757210841 ], [ 127.055744984288779, 37.441035629477973 ], [ 127.05485878077441, 37.440997572531685 ], [ 127.053972166037823, 37.441028952761961 ], [ 127.053093676222076, 37.441129468029665 ], [ 127.052231769308165, 37.441298150573701 ], [ 127.051394743750521, 37.441533376321203 ], [ 127.050590658642122, 37.441832880511683 ], [ 127.049827256174765, 37.442193779485194 ], [ 127.049111887138508, 37.442612598425477 ], [ 127.048451440175526, 37.443085304792234 ], [ 127.047852275467477, 37.443607347121542 ], [ 127.047320163494533, 37.444173698822183 ], [ 127.046860229454921, 37.444778906547455 ], [ 127.046476903880858, 37.445417142678295 ], [ 127.046173879927267, 37.44608226141316 ], [ 127.045954077746259, 37.446767857926304 ], [ 127.045819616292889, 37.447467330025383 ], [ 127.045771792836234, 37.448173941715943 ], [ 127.045811070376317, 37.448880888060955 ], [ 127.045937073091849, 37.449581360711413 ], [ 127.046148589865439, 37.450268613477178 ], [ 127.04644358585692, 37.450936027306184 ], [ 127.046819222015898, 37.45157717404625 ], [ 127.047271882349662, 37.45218587837428 ], [ 127.047797208685765, 37.452756277296182 ], [ 127.048390142597967, 37.453282876642817 ], [ 127.049044974092425, 37.453760604017127 ], [ 127.049755396587159, 37.454184857680872 ], [ 127.050514567655483, 37.454551550908889 ], [ 127.051315174947931, 37.454857151382264 ], [ 127.052149506657159, 37.455098715239714 ], [ 127.053009525845297, 37.455273915457759 ], [ 127.053886947915956, 37.455381064285703 ], [ 127.05477332048163, 37.45541912951775 ], [ 127.055660104854539, 37.455387744445538 ], [ 127.056538758372639, 37.455287211394229 ], [ 127.057400816763902, 37.455118498808375 ], [ 127.058237975752789, 37.454883231915275 ], [ 127.059042171118563, 37.454583677056675 ], [ 127.059805656432346, 37.454222719839663 ], [ 127.060521077720267, 37.453803837318766 ], [ 127.061181544332214, 37.453331064477602 ], [ 127.061780695331407, 37.452808955334703 ], [ 127.062312760764527, 37.452242539048918 ], [ 127.06277261722181, 37.451637271448867 ], [ 127.063155837152465, 37.450998982454614 ], [ 127.063458731461438, 37.450333819899186 ], [ 127.063678384978758, 37.449648190292358 ], [ 127.063812684462434, 37.448948697098196 ], [ 127.063860338867826, 37.448242077121847 ], [ 127.063820891691407, 37.447535135618807 ], [ 127.06369472527355, 37.446834680751941 ], [ 127.06348305702258, 37.446147458028015 ], [ 127.063187927599884, 37.44548008534457 ], [ 127.062812181183489, 37.444838989272625 ], [ 127.062359438003341, 37.444230343188089 ], [ 127.061834059415546, 37.44366000784683 ], [ 127.061241105854364, 37.443133474974594 ], [ 127.060586288068748, 37.442655814413854 ] ] ], [ [ [ 127.102001571577262, 37.194601594008674 ], [ 127.10129327833485, 37.19417764827049 ], [ 127.100536460518029, 37.193811278896881 ], [ 127.099738405589008, 37.193506013372264 ], [ 127.098906797747617, 37.193264790817963 ], [ 127.098049643985973, 37.193089933715832 ], [ 127.097175197047704, 37.192983125565313 ], [ 127.09629187603089, 37.192945394688522 ], [ 127.095408185395826, 37.19297710433846 ], [ 127.094532633154998, 37.193077949205012 ], [ 127.093673649028645, 37.193246958352667 ], [ 127.092839503351513, 37.193482504561238 ], [ 127.092038227507516, 37.1937823199804 ], [ 127.09127753665598, 37.194143517947722 ], [ 127.090564755490533, 37.19456262076104 ], [ 127.089906747743541, 37.195035593138648 ], [ 127.089309850112983, 37.195557881046447 ], [ 127.08877981124725, 37.196124455519339 ], [ 127.088321736374979, 37.196729861056291 ], [ 127.087940038113459, 37.197368268124428 ], [ 127.087638393930121, 37.19803352926786 ], [ 127.087419710668939, 37.198719238282017 ], [ 127.087286096484988, 37.199418791884959 ], [ 127.087238840460401, 37.200125453292507 ], [ 127.087278400101368, 37.200832417085557 ], [ 127.087404396839659, 37.201532874745595 ], [ 127.087615619585762, 37.202220080227022 ], [ 127.087910036302759, 37.20288741493512 ], [ 127.088284813493232, 37.203528451483272 ], [ 127.088736343414467, 37.204137015614776 ], [ 127.089260278762595, 37.204707245692155 ], [ 127.089851574494531, 37.20523364917991 ], [ 127.090504536385708, 37.20571115557555 ], [ 127.091212875858005, 37.206135165277793 ], [ 127.091969770549866, 37.20650159391991 ], [ 127.092767930044701, 37.206806911739811 ], [ 127.093599666124348, 37.207048177606517 ], [ 127.094456966868535, 37.207223067373711 ], [ 127.095331573885161, 37.20732989628663 ], [ 127.096215061924482, 37.207367635225268 ], [ 127.097098920107555, 37.207335920626839 ], [ 127.097974633983156, 37.207235057991589 ], [ 127.098833767619496, 37.207066018937901 ], [ 127.099668044936266, 37.206830431835215 ], [ 127.100469429490687, 37.206530566105421 ], [ 127.101230201945796, 37.206169310344322 ], [ 127.101943034471901, 37.205750144475083 ], [ 127.102601061362961, 37.205277106202601 ], [ 127.103197945185258, 37.204754752093315 ], [ 127.103727937821063, 37.204188113656365 ], [ 127.104185935818307, 37.203582648850926 ], [ 127.104567529514028, 37.202944189487482 ], [ 127.104869045459111, 37.202278885031653 ], [ 127.105087581737749, 37.201593143352447 ], [ 127.105221035843343, 37.200893568987098 ], [ 127.105268124845452, 37.200186899517718 ], [ 127.105228397656475, 37.19947994067315 ], [ 127.105102239283383, 37.198779500781811 ], [ 127.104890867027308, 37.19809232520641 ], [ 127.104596318670673, 37.197425031392413 ], [ 127.104221432769762, 37.196784045154907 ], [ 127.103769821245024, 37.196175538817172 ], [ 127.103245834536168, 37.195605371795722 ], [ 127.102654519660163, 37.19507903420282 ], [ 127.102001571577262, 37.194601594008674 ] ] ], [ [ [ 127.115175720370146, 37.25672909311055 ], [ 127.11452216446439, 37.256251723436662 ], [ 127.1138132267494, 37.255827853295898 ], [ 127.113055734013628, 37.255461563867016 ], [ 127.112256980214681, 37.255156381862946 ], [ 127.11142465627735, 37.25491524559942 ], [ 127.110566776083715, 37.254740476726411 ], [ 127.109691599366357, 37.254633757893245 ], [ 127.108807552244031, 37.254596116561949 ], [ 127.107923146162449, 37.254627915123542 ], [ 127.107046896016939, 37.254728847412608 ], [ 127.106187238242242, 37.254897941652906 ], [ 127.10535244965466, 37.255133569806425 ], [ 127.104550567824688, 37.255433463235541 ], [ 127.103789313743803, 37.255794734528642 ], [ 127.103076017527329, 37.256213905279623 ], [ 127.102417547866779, 37.256686939554754 ], [ 127.101820245908968, 37.257209282726016 ], [ 127.101289864197994, 37.257775905298189 ], [ 127.100831511267515, 37.25838135130887 ], [ 127.100449602417058, 37.259019790836987 ], [ 127.100147817147786, 37.259685076115254 ], [ 127.099929063668782, 37.260370800707527 ], [ 127.099795450818377, 37.261070361182249 ], [ 127.099748267673277, 37.261777020689024 ], [ 127.099787971045259, 37.26248397382664 ], [ 127.099914180989188, 37.263184412178241 ], [ 127.100125684368919, 37.263871589882925 ], [ 127.100420446450983, 37.264538888611895 ], [ 127.100795630416869, 37.265179881323121 ], [ 127.10124762461021, 37.265788394179978 ], [ 127.101772077258545, 37.266358566036551 ], [ 127.102363938337916, 37.26688490491582 ], [ 127.103017508178795, 37.267362340935293 ], [ 127.103726492346411, 37.267786275169357 ], [ 127.10448406226709, 37.268152623976228 ], [ 127.105282921017107, 37.268457858361124 ], [ 127.106115373638445, 37.26869903799529 ], [ 127.10697340130379, 37.268873839562097 ], [ 127.107848738613285, 37.268980579155773 ], [ 127.1087329532767, 37.269018228516515 ], [ 127.109617527409824, 37.268986424944693 ], [ 127.110493939659207, 37.268885474798324 ], [ 127.111353747360539, 37.268716350539833 ], [ 127.112188667935925, 37.268480681360842 ], [ 127.112990658742646, 37.268180737475575 ], [ 127.11375199460133, 37.267819408234615 ], [ 127.114465342253951, 37.267400174270982 ], [ 127.115123831032363, 37.266927073947656 ], [ 127.115721119055067, 37.266404664430802 ], [ 127.116251454313428, 37.265837977765315 ], [ 127.116709730058972, 37.265232472376645 ], [ 127.117091533958344, 37.264593980467723 ], [ 127.117393190543595, 37.263928651818809 ], [ 127.117611796550889, 37.263242894532759 ], [ 127.117745248809186, 37.262543313297513 ], [ 127.117792264413197, 37.261836645761292 ], [ 127.117752392989686, 37.261129697633905 ], [ 127.117626020941898, 37.260429277139622 ], [ 127.117414367635519, 37.259742129453116 ], [ 127.11711947356568, 37.259074871749611 ], [ 127.116744180623016, 37.258433929494544 ], [ 127.116292104651876, 37.257825474585552 ], [ 127.115767600567381, 37.257255365941596 ], [ 127.115175720370146, 37.25672909311055 ] ] ], [ [ [ 127.129532752004991, 37.263496835614589 ], [ 127.128700280400281, 37.263255820331658 ], [ 127.127842264781634, 37.263081176139544 ], [ 127.126966966184142, 37.262974584487552 ], [ 127.126082811898925, 37.262937071613685 ], [ 127.125198314402567, 37.262968998672797 ], [ 127.124321989469848, 37.263070058262947 ], [ 127.123462274255317, 37.263239277382958 ], [ 127.122627446128305, 37.263475026793095 ], [ 127.121825543040316, 37.263775036688912 ], [ 127.121064286188229, 37.264136418538065 ], [ 127.120351005715023, 37.264555692870367 ], [ 127.119692570161817, 37.265028822755148 ], [ 127.119095320348535, 37.265551252644016 ], [ 127.118565008318811, 37.266117952206798 ], [ 127.118106741937126, 37.266723464739663 ], [ 127.117724935671419, 37.267361959680692 ], [ 127.117423268036788, 37.268027288728561 ], [ 127.11735438326977, 37.268243362535998 ], [ 127.116686575935745, 37.268267417195901 ], [ 127.116434499513474, 37.268296467196926 ], [ 127.115997797283995, 37.268277901826586 ], [ 127.11511323370334, 37.268309753137217 ], [ 127.114236833997253, 37.268410737562711 ], [ 127.113377036039509, 37.268579882825307 ], [ 127.112542117995275, 37.268815560396114 ], [ 127.111740118680942, 37.269115501162261 ], [ 127.110978760218913, 37.26947681725688 ], [ 127.110265373729533, 37.269896029842982 ], [ 127.109606828773906, 37.270369102584539 ], [ 127.109009467224411, 37.270891480483591 ], [ 127.10847904219996, 37.271458133710915 ], [ 127.108020662652379, 37.272063606009226 ], [ 127.107638744138995, 37.272702067204513 ], [ 127.107336966255517, 37.273367369320951 ], [ 127.107118237141606, 37.274053105760217 ], [ 127.106984665402734, 37.274752672976575 ], [ 127.106937539721457, 37.275459334054432 ], [ 127.106977316357856, 37.276166283577084 ], [ 127.107103614662734, 37.276866713162086 ], [ 127.107315220650449, 37.277553877032439 ], [ 127.107610098600446, 37.278221156991968 ], [ 127.107985410579232, 37.278862126178801 ], [ 127.108343701888387, 37.279344318779941 ], [ 127.107910163227245, 37.279466658614844 ], [ 127.107108032439371, 37.279766566707053 ], [ 127.106346544375299, 37.280127851616363 ], [ 127.105633031402604, 37.280547034806311 ], [ 127.104974364299565, 37.281020080224245 ], [ 127.104376886114451, 37.281542433135719 ], [ 127.10384635108899, 37.28210906395249 ], [ 127.10338786923441, 37.282714516633575 ], [ 127.103005857093436, 37.283352961194325 ], [ 127.102703995163935, 37.284018249819546 ], [ 127.102485192395704, 37.284703976041314 ], [ 127.102351558104388, 37.285403536412637 ], [ 127.102304381576062, 37.286110194084266 ], [ 127.102344119561721, 37.286817143672579 ], [ 127.102470391785715, 37.287517576794691 ], [ 127.102681984514945, 37.28820474763971 ], [ 127.102976862157831, 37.288872037944351 ], [ 127.103352186785131, 37.28951302074708 ], [ 127.10380434538753, 37.290121522305945 ], [ 127.10432898461039, 37.290691681583063 ], [ 127.104921052633571, 37.291218006721657 ], [ 127.105574847794699, 37.291695427970737 ], [ 127.105696498660123, 37.291768141798826 ], [ 127.104823193394864, 37.291799500175415 ], [ 127.103946507940705, 37.291900406366828 ], [ 127.103086419910696, 37.292069474538387 ], [ 127.102692599039955, 37.292180567480798 ], [ 127.101893605089501, 37.292337616988434 ], [ 127.101058388824583, 37.292573210886779 ], [ 127.100256091658721, 37.292873070913615 ], [ 127.099494438580066, 37.29323430997988 ], [ 127.098780763543971, 37.293653449990813 ], [ 127.098121938888454, 37.294126455309929 ], [ 127.097524309178198, 37.294648771589337 ], [ 127.096993630113758, 37.295215369594118 ], [ 127.096535013093302, 37.295820793599773 ], [ 127.09615287596138, 37.296459213898437 ], [ 127.095850900420103, 37.297124482909176 ], [ 127.095631996514172, 37.297810194353495 ], [ 127.095498274534322, 37.298509744927337 ], [ 127.095451024612444, 37.299216397876265 ], [ 127.095490704207791, 37.299923347862567 ], [ 127.095616933608724, 37.300623786499905 ], [ 127.095828499496164, 37.301310967924472 ], [ 127.096123366538819, 37.301978273771233 ], [ 127.096498696911141, 37.302619276928993 ], [ 127.09695087755, 37.30322780345967 ], [ 127.097475554889868, 37.303797992084661 ], [ 127.098067676744634, 37.304324350664253 ], [ 127.098721540934307, 37.304801809124953 ], [ 127.099430850189307, 37.30522576832373 ], [ 127.100188772804472, 37.305592144377044 ], [ 127.10098800845762, 37.305897408026446 ], [ 127.101820858558554, 37.306138618660206 ], [ 127.102679300448742, 37.30631345266211 ], [ 127.103555064735446, 37.306420225813198 ], [ 127.104079632791667, 37.306442571800382 ], [ 127.103355816338791, 37.306785833941447 ], [ 127.102642033773108, 37.307204995656924 ], [ 127.10198311410818, 37.307678020839518 ], [ 127.10138540282388, 37.308200354950571 ], [ 127.100854656406867, 37.308766968583875 ], [ 127.100395986904758, 37.309372405864814 ], [ 127.100013812668649, 37.310010836957986 ], [ 127.099711815759264, 37.310676114178719 ], [ 127.099492906428551, 37.311361831169641 ], [ 127.099359195021151, 37.312061384573269 ], [ 127.099311971568696, 37.312768037607846 ], [ 127.099351693277299, 37.3134749849347 ], [ 127.099477980031267, 37.314175418192825 ], [ 127.099689617960706, 37.314862591569891 ], [ 127.099984571041745, 37.315529886777959 ], [ 127.100360000621251, 37.316170876807803 ], [ 127.100812292681525, 37.316779387847298 ], [ 127.101337092584373, 37.31734955876648 ], [ 127.10192934696353, 37.317875897595663 ], [ 127.102583352362501, 37.318353334451047 ], [ 127.102897525048746, 37.31854106920526 ], [ 127.102581568811374, 37.318690879992786 ], [ 127.102444542199152, 37.318771333784191 ], [ 127.102295933041034, 37.318571410302468 ], [ 127.10177111744548, 37.318001243661946 ], [ 127.101178863201355, 37.317474904052666 ], [ 127.100524874317301, 37.316997459460033 ], [ 127.09981544886314, 37.316573506979331 ], [ 127.099057418323795, 37.316207128580039 ], [ 127.098258081834004, 37.315901851829665 ], [ 127.097425135926713, 37.315660615954279 ], [ 127.096566600469203, 37.31548574356124 ], [ 127.095690741498814, 37.315378918295124 ], [ 127.094805991698266, 37.315341168641552 ], [ 127.093920869273362, 37.315372858033797 ], [ 127.093043896010784, 37.315473681357162 ], [ 127.092183515301926, 37.315642667884696 ], [ 127.091348010918281, 37.315878190616004 ], [ 127.090545427317267, 37.316177981929421 ], [ 127.089783492243086, 37.316539155397919 ], [ 127.089069542364768, 37.316958233558942 ], [ 127.088410452665357, 37.317431181372278 ], [ 127.087812570260894, 37.317953445044587 ], [ 127.087281653284833, 37.318519995848426 ], [ 127.086822815426373, 37.319125378514833 ], [ 127.086440476657387, 37.31976376373499 ], [ 127.086138320622894, 37.320429004266778 ], [ 127.085919259107328, 37.32111469410691 ], [ 127.085785403921321, 37.321814230160257 ], [ 127.08573804648195, 37.322520875812963 ], [ 127.085777645286683, 37.323227825798234 ], [ 127.08590382140477, 37.323928271730175 ], [ 127.086115362033269, 37.324615467675052 ], [ 127.086410232086976, 37.325282795128103 ], [ 127.086785593714154, 37.32592382676993 ], [ 127.087237833553203, 37.326532388387882 ], [ 127.087762597470643, 37.327102618364997 ], [ 127.088354832448317, 37.32762902416269 ], [ 127.089008835217996, 37.328106535251983 ], [ 127.089718307176199, 37.328530551982155 ], [ 127.090476415051, 37.328896989914696 ], [ 127.09127585673555, 37.329202319194231 ], [ 127.092108931654437, 37.329443598576013 ], [ 127.092967614982527, 37.329618503780807 ], [ 127.093843634999814, 37.329725349903036 ], [ 127.094728552834709, 37.329763107655651 ], [ 127.095613843823941, 37.329731413294091 ], [ 127.096490979702978, 37.329630572124046 ], [ 127.097351510831146, 37.329461555558289 ], [ 127.098187147656475, 37.329225991751599 ], [ 127.098989840631859, 37.328926149904099 ], [ 127.099751857809864, 37.328564918384842 ], [ 127.0998889051437, 37.328484467965389 ], [ 127.100037527179765, 37.328684394211919 ], [ 127.100562403169846, 37.329254567868809 ], [ 127.101154744790762, 37.329780910029108 ], [ 127.101808847746042, 37.330258350776532 ], [ 127.102518412466182, 37.330682291137826 ], [ 127.102611949166146, 37.330727488247696 ], [ 127.101973702757292, 37.330750376290325 ], [ 127.101096560801963, 37.330851258053997 ], [ 127.100236021934577, 37.33102030177465 ], [ 127.09940037144851, 37.331255879901668 ], [ 127.0985976552073, 37.331555724280641 ], [ 127.097835602231896, 37.331916947974165 ], [ 127.097121550326591, 37.332336073036693 ], [ 127.096462375457193, 37.33280906397696 ], [ 127.095864425560549, 37.333331366586862 ], [ 127.095333459420971, 37.333897951764499 ], [ 127.094874591202469, 37.334503363910208 ], [ 127.094492241170755, 37.33514177343158 ], [ 127.094190093081139, 37.335807032852564 ], [ 127.093971058643405, 37.336492735988003 ], [ 127.093837249409447, 37.337192279614541 ], [ 127.093789956355806, 37.337898927045153 ], [ 127.093829637361736, 37.338605872995508 ], [ 127.093955912706676, 37.339306309118115 ], [ 127.094167568633608, 37.339993489573061 ], [ 127.094462568948273, 37.340660796004144 ], [ 127.094838074545379, 37.34130180129376 ], [ 127.095290470677426, 37.341910331482303 ], [ 127.095815401705963, 37.342480525254807 ], [ 127.096407813003253, 37.343006890420739 ], [ 127.097061999602474, 37.343484356841842 ], [ 127.097771661128903, 37.343908325297058 ], [ 127.098529962483568, 37.344274711812403 ], [ 127.099329599694883, 37.344579987027416 ], [ 127.100162870302597, 37.344821210217887 ], [ 127.101021747595055, 37.344996057645737 ], [ 127.101897957982331, 37.345102844961943 ], [ 127.102238412474762, 37.345117346459411 ], [ 127.101862303038459, 37.345445860347994 ], [ 127.101331295584885, 37.346012471049697 ], [ 127.100872400695835, 37.346617905070097 ], [ 127.100490038895089, 37.347256332606321 ], [ 127.100187894052553, 37.34792160600896 ], [ 127.09996887784834, 37.348607318958194 ], [ 127.099835101660233, 37.349306868136104 ], [ 127.099787856148126, 37.350013516801965 ], [ 127.099827598734919, 37.350720459659293 ], [ 127.099953949108382, 37.351420888389995 ], [ 127.100165692790199, 37.352108057224932 ], [ 127.100460792741998, 37.352775347919277 ], [ 127.100836408899724, 37.353416333506473 ], [ 127.101288925451584, 37.354024840216113 ], [ 127.10181398559962, 37.354595006958832 ], [ 127.102406533472561, 37.355121341803873 ], [ 127.103060862787785, 37.355598774904543 ], [ 127.103770671795488, 37.356022707360317 ], [ 127.104529123975396, 37.356389055543538 ], [ 127.105328913902213, 37.356694290462713 ], [ 127.10616233764361, 37.356935471781597 ], [ 127.10702136701164, 37.357110276165315 ], [ 127.107897726950313, 37.35721701967951 ], [ 127.108071521518411, 37.357224412617221 ], [ 127.108095844587808, 37.357227375113141 ], [ 127.108981093182038, 37.357265027977846 ], [ 127.109866702165732, 37.357233228925068 ], [ 127.110744140208723, 37.357132284269596 ], [ 127.111604954757539, 37.356963166421849 ], [ 127.112440853528426, 37.356727504513181 ], [ 127.113243784449793, 37.356427568689689 ], [ 127.114006013281667, 37.356066248226725 ], [ 127.114720198161095, 37.355647023675495 ], [ 127.115379460353793, 37.355173933311235 ], [ 127.11597745052876, 37.354651534207292 ], [ 127.116508409916193, 37.354084858311303 ], [ 127.116967225759836, 37.353479363947983 ], [ 127.117349480529867, 37.352840883216778 ], [ 127.11765149442283, 37.352175565792692 ], [ 127.117870360741946, 37.351489819672459 ], [ 127.118003973818588, 37.350790249437921 ], [ 127.118051049208759, 37.350083592632259 ], [ 127.118011135974015, 37.349376654862262 ], [ 127.117884620930852, 37.348676244252154 ], [ 127.117672724832246, 37.347989105880522 ], [ 127.117377490520909, 37.347321856831471 ], [ 127.117001763172524, 37.346680922485142 ], [ 127.116549162821727, 37.346072474660602 ], [ 127.116024049438835, 37.345502372205935 ], [ 127.115431480895523, 37.344976104606395 ], [ 127.115377421625141, 37.344936665310669 ], [ 127.115923344118841, 37.344459686020137 ], [ 127.116454231468865, 37.343893008991436 ], [ 127.116912985011695, 37.343287513450875 ], [ 127.117295187816808, 37.342649031508969 ], [ 127.11759716058053, 37.341983712852077 ], [ 127.117815997001216, 37.341297965488572 ], [ 127.117949591697041, 37.340598394012133 ], [ 127.117996660399939, 37.339891735977787 ], [ 127.117956752234576, 37.339184797004094 ], [ 127.117830253967441, 37.338484385226955 ], [ 127.117618386188724, 37.337797245736283 ], [ 127.117323191467392, 37.337129995627102 ], [ 127.116947514596845, 37.336489060289992 ], [ 127.116494975124851, 37.335880611553875 ], [ 127.115969932434766, 37.335310508275889 ], [ 127.115377443717151, 37.33478423994957 ], [ 127.114723215237575, 37.334306873873139 ], [ 127.114013547371755, 37.333883006385236 ], [ 127.113255273937256, 37.333516718636382 ], [ 127.112455696405959, 37.333211537320956 ], [ 127.111622513629669, 37.332970400745964 ], [ 127.110763747754461, 37.332795630562643 ], [ 127.109887667034215, 37.332688909431653 ], [ 127.109002706284869, 37.332651264836329 ], [ 127.108960504500587, 37.332652780572673 ], [ 127.108579228083087, 37.332374532792308 ], [ 127.107869613148154, 37.331950628613569 ], [ 127.107776071751118, 37.331905435642796 ], [ 127.108414326455971, 37.331882516350049 ], [ 127.109291471115696, 37.331781580365771 ], [ 127.110151998982445, 37.331612470737952 ], [ 127.110987620536008, 37.331376816518301 ], [ 127.111790286376873, 37.331076887778288 ], [ 127.11255226481974, 37.330715573724284 ], [ 127.113266216414473, 37.330296354844947 ], [ 127.113925264674194, 37.329823269360048 ], [ 127.114523062328345, 37.329300874295022 ], [ 127.115053852460832, 37.328734201557786 ], [ 127.115512523944474, 37.328128709441756 ], [ 127.115894660638105, 37.327490230024026 ], [ 127.11619658387346, 37.326824912966295 ], [ 127.116415387824404, 37.32613916626125 ], [ 127.11654896742013, 37.325439594496046 ], [ 127.116596038536244, 37.324732935228397 ], [ 127.116556150272359, 37.324025994088807 ], [ 127.116429689201453, 37.323325579234101 ], [ 127.116217875553815, 37.322638435784093 ], [ 127.115922751375521, 37.321971180872239 ], [ 127.115547160779258, 37.321330239935769 ], [ 127.115094722480876, 37.320721784857973 ], [ 127.114569794888638, 37.320151674557586 ], [ 127.113977434084177, 37.319625398596308 ], [ 127.113323345101122, 37.319148024346383 ], [ 127.113009143723588, 37.318960317130902 ], [ 127.113325080644742, 37.31881047839601 ], [ 127.114038914777652, 37.318391253350654 ], [ 127.114697853610068, 37.317918161997397 ], [ 127.115295550925538, 37.317395761417771 ], [ 127.115826250774177, 37.316829083572372 ], [ 127.116284842898025, 37.316223586803432 ], [ 127.11666691191958, 37.315585103232443 ], [ 127.116968779821406, 37.314919782560757 ], [ 127.117187541309264, 37.314234032815577 ], [ 127.1173210917201, 37.313534458613077 ], [ 127.117368147209149, 37.312827797534325 ], [ 127.117328257025179, 37.312120855227128 ], [ 127.117201807758207, 37.311420439859575 ], [ 127.116990019523428, 37.310733296556478 ], [ 127.1166949341209, 37.31006604245006 ], [ 127.116319395288755, 37.309425102970017 ], [ 127.115867021243261, 37.308816649985872 ], [ 127.115342169773157, 37.308246542396574 ], [ 127.114749896226499, 37.30772026973807 ], [ 127.114095904796372, 37.307242899351245 ], [ 127.113386493575916, 37.306819027617159 ], [ 127.112628493912013, 37.306452735728172 ], [ 127.111829204641509, 37.306147550419333 ], [ 127.110996321842265, 37.305906410036805 ], [ 127.110137864773847, 37.305731636269073 ], [ 127.109262098719114, 37.305624911811762 ], [ 127.109173539947264, 37.305621143328722 ], [ 127.109892581945289, 37.305352381193046 ], [ 127.110654308621051, 37.304991076364296 ], [ 127.111368026108153, 37.304571865793413 ], [ 127.112026860175092, 37.304098787619253 ], [ 127.112624465614218, 37.303576398795968 ], [ 127.113155087360155, 37.303009731170455 ], [ 127.11361361590636, 37.302404242986071 ], [ 127.113995636486607, 37.301765766281306 ], [ 127.114297471548781, 37.301100450691116 ], [ 127.114516216113444, 37.300414704193557 ], [ 127.114649765678919, 37.299715131373425 ], [ 127.114696836407006, 37.299008469798466 ], [ 127.114656977397928, 37.29830152512136 ], [ 127.114530574939891, 37.297601105533232 ], [ 127.114318848695802, 37.296913956199823 ], [ 127.114023839867329, 37.296246694311769 ], [ 127.113648391453978, 37.295605745374125 ], [ 127.113196120800396, 37.294997281347996 ], [ 127.11267138469907, 37.294427161239113 ], [ 127.112079237386666, 37.293900874704541 ], [ 127.111425381840675, 37.293423489219272 ], [ 127.11130372275764, 37.293350781253082 ], [ 127.112177043697301, 37.293319375155392 ], [ 127.11305373518465, 37.293218408055786 ], [ 127.113913814657053, 37.293049267434519 ], [ 127.114748996916802, 37.29281358264133 ], [ 127.115551236798908, 37.292513624041391 ], [ 127.116312806723556, 37.292152281127791 ], [ 127.117026371177346, 37.291733034666038 ], [ 127.117685057403605, 37.291259923140309 ], [ 127.118282521619165, 37.29073750382554 ], [ 127.118813010119126, 37.290170808861774 ], [ 127.119271414680242, 37.289565296755178 ], [ 127.119653321730112, 37.28892679977406 ], [ 127.119955054809438, 37.2882614677481 ], [ 127.120173709920138, 37.287575708813108 ], [ 127.120307183420877, 37.286876127673175 ], [ 127.120354192204715, 37.286169461975739 ], [ 127.120314285967012, 37.285462517412824 ], [ 127.120187851449145, 37.284762102174192 ], [ 127.119976108621202, 37.284074961383489 ], [ 127.119681098842875, 37.283407712149014 ], [ 127.119305665121374, 37.282766779854008 ], [ 127.119136328589747, 37.282538956118479 ], [ 127.11925946477028, 37.282524765597408 ], [ 127.120119408828117, 37.282355578820777 ], [ 127.120954453638461, 37.282119849049181 ], [ 127.121756555361443, 37.281819847081046 ], [ 127.122517987749049, 37.281458462827025 ], [ 127.123231416613621, 37.281039177450616 ], [ 127.123889970505189, 37.280566029810487 ], [ 127.124487306915825, 37.280043577529035 ], [ 127.1250176733719, 37.279476853063436 ], [ 127.125475962825732, 37.278871315203489 ], [ 127.125857762813425, 37.278232796465034 ], [ 127.126159397906406, 37.277567446886778 ], [ 127.126228266278858, 37.277351368204521 ], [ 127.126896151307477, 37.277327260179916 ], [ 127.127772638378701, 37.277226182662446 ], [ 127.128632503528507, 37.277056933455462 ], [ 127.129467463625645, 37.276821142954951 ], [ 127.13026947564704, 37.276521082544434 ], [ 127.131030814209609, 37.276159642697522 ], [ 127.131688843490679, 37.275772815457756 ], [ 127.132354792871723, 37.276094609716935 ], [ 127.1331538493952, 37.276399656689733 ], [ 127.133986479828678, 37.276640640975039 ], [ 127.134844663629877, 37.276815241138493 ], [ 127.135064617014507, 37.276842007425408 ], [ 127.135123914771654, 37.277034325780185 ], [ 127.135419036803782, 37.277701537846823 ], [ 127.135794582797985, 37.278342420184991 ], [ 127.136246937609855, 37.278950800019402 ], [ 127.136771745991737, 37.279520817483899 ], [ 127.137363954491093, 37.280046982087271 ], [ 127.138017860089334, 37.280524225624752 ], [ 127.138727165114716, 37.280947951024174 ], [ 127.139485037899902, 37.281314076655029 ], [ 127.140284178600623, 37.281619075672317 ], [ 127.141116889539987, 37.281860010014924 ], [ 127.141975149399514, 37.28203455872967 ], [ 127.142850690540257, 37.282141040347405 ], [ 127.143735078706399, 37.282178429094508 ], [ 127.144619794340883, 37.282146364783088 ], [ 127.145496314726245, 37.282045156284198 ], [ 127.146356196156233, 37.281875778550365 ], [ 127.147191155342966, 37.281639863216284 ], [ 127.147993149272807, 37.281339682868534 ], [ 127.148754452737819, 37.280978129136635 ], [ 127.149467732794179, 37.280558684816903 ], [ 127.150126119427398, 37.280085390299142 ], [ 127.150723271742891, 37.279562804620454 ], [ 127.151253439042449, 37.278995961522497 ], [ 127.151711516198759, 37.278390320937149 ], [ 127.152093092794701, 37.277751716368876 ], [ 127.152394495555029, 37.277086298682065 ], [ 127.152612823663716, 37.276400476835796 ], [ 127.152624670826938, 37.276338229270088 ], [ 127.152678223401097, 37.27634048918955 ], [ 127.153562867428292, 37.276308357638776 ], [ 127.154439308609199, 37.276207082414537 ], [ 127.15529910400123, 37.276037639112381 ], [ 127.156133971146176, 37.275801659998805 ], [ 127.156935867917852, 37.275501418274921 ], [ 127.157697070045131, 37.275139806161427 ], [ 127.158410245561186, 37.274720307016999 ], [ 127.159068525459389, 37.274246961759395 ], [ 127.159665569873951, 37.273724329914188 ], [ 127.160195629146628, 37.273157445667408 ], [ 127.160653599191093, 37.272551769346897 ], [ 127.161035070622233, 37.271913134800862 ], [ 127.161336371177754, 37.271247693181863 ], [ 127.161554601025955, 37.270561853679013 ], [ 127.16168766062124, 37.269862221770055 ], [ 127.161734270841976, 37.269155535588901 ], [ 127.161693985220296, 37.268448601022527 ], [ 127.161579287807768, 37.267815030276346 ], [ 127.162066582295679, 37.267718955809883 ], [ 127.162901336637489, 37.267482928078209 ], [ 127.163703118412656, 37.267182639522339 ], [ 127.164464204458667, 37.266820982814046 ], [ 127.16517726392766, 37.266401441741344 ], [ 127.165835428931558, 37.265928057625651 ], [ 127.166432360711809, 37.265405390366524 ], [ 127.166962310695411, 37.264838474490709 ], [ 127.167420175848974, 37.264232770630294 ], [ 127.167801547797552, 37.263594112898225 ], [ 127.168102755236916, 37.262928652669956 ], [ 127.168320899231716, 37.26224279931332 ], [ 127.16845388106259, 37.26154315843899 ], [ 127.168500422356104, 37.260836468266803 ], [ 127.168460077307273, 37.260129534721756 ], [ 127.168333236880088, 37.259429165884875 ], [ 127.168121124949465, 37.258742106430624 ], [ 127.167825786425027, 37.25807497268201 ], [ 127.167450067474618, 37.257434188908555 ], [ 127.166997588041468, 37.256825925479802 ], [ 127.166472706921937, 37.25625603946937 ], [ 127.165880479743038, 37.255730018280175 ], [ 127.165226610245725, 37.25525292683281 ], [ 127.164517395344546, 37.254829358824033 ], [ 127.163759664492815, 37.254463392523711 ], [ 127.162960713937025, 37.254158551534211 ], [ 127.162128236493118, 37.253917770888926 ], [ 127.161270247518516, 37.253743368815208 ], [ 127.16039500779118, 37.253637024432436 ], [ 127.159510944035375, 37.253599761599126 ], [ 127.158626567856558, 37.25363193906405 ], [ 127.157750393862599, 37.253733247015482 ], [ 127.156890857756352, 37.253902710062135 ], [ 127.156056235184721, 37.254138696616614 ], [ 127.155254562122522, 37.254438934591903 ], [ 127.154493557554474, 37.254800533260045 ], [ 127.153780549197307, 37.255220011063408 ], [ 127.153122402974859, 37.255693329112034 ], [ 127.152525456923996, 37.256215930045293 ], [ 127.151995460166034, 37.256782781885256 ], [ 127.151537517531963, 37.25738842646075 ], [ 127.151156040374204, 37.258027031937061 ], [ 127.150854704040157, 37.258692448946938 ], [ 127.150636412418478, 37.259378269783376 ], [ 127.150503269901776, 37.260077890085476 ], [ 127.150456561038553, 37.26078457242393 ], [ 127.150496738073414, 37.261491511174818 ], [ 127.150611333386507, 37.262125092814024 ], [ 127.150124060820644, 37.262221120331269 ], [ 127.149289325528116, 37.262457058275444 ], [ 127.148487537548448, 37.262757249420147 ], [ 127.147726416971935, 37.263118803488389 ], [ 127.147013292631485, 37.263538239352144 ], [ 127.146355031567055, 37.264011518525514 ], [ 127.145757972920649, 37.264534084022493 ], [ 127.145227866897486, 37.265100904206754 ], [ 127.144769819380429, 37.265706521212373 ], [ 127.14447897668262, 37.266193258040794 ], [ 127.144160301825622, 37.265764680657625 ], [ 127.143635532097079, 37.265194694831095 ], [ 127.143043395169315, 37.264668560661917 ], [ 127.142389593916519, 37.264191344158505 ], [ 127.141680424597979, 37.263767640221566 ], [ 127.140922716229838, 37.263401528429412 ], [ 127.140123764843537, 37.26309653378469 ], [ 127.139291263264084, 37.262855592799525 ], [ 127.138433227081876, 37.262681025244255 ], [ 127.137557917529605, 37.262574511830678 ], [ 127.136673762003682, 37.262537078043884 ], [ 127.135789272992497, 37.262569084277644 ], [ 127.13491296618929, 37.262670222368115 ], [ 127.134053278574356, 37.262839518558692 ], [ 127.133218487251696, 37.263075342867928 ], [ 127.132416629819105, 37.263375424770508 ], [ 127.131655427034488, 37.263736875040962 ], [ 127.130997502840884, 37.264123703446742 ], [ 127.130331664293365, 37.26380190150293 ], [ 127.129532752004991, 37.263496835614589 ] ] ], [ [ [ 127.111541973561216, 37.359719524403829 ], [ 127.110708501560865, 37.359478380829735 ], [ 127.109849436460493, 37.359303603090886 ], [ 127.108973049393015, 37.359196873920212 ], [ 127.108087778121615, 37.359159220878155 ], [ 127.107202145868698, 37.359191006468102 ], [ 127.106324679325738, 37.359291924649831 ], [ 127.105463826630029, 37.359461003784006 ], [ 127.104627876094384, 37.359696615979686 ], [ 127.103824876469645, 37.359996492755215 ], [ 127.103062559504124, 37.360357746862164 ], [ 127.102348265543185, 37.360776900063065 ], [ 127.101688872883301, 37.361249916596698 ], [ 127.101090731558813, 37.361772242009522 ], [ 127.100559602198416, 37.36233884698099 ], [ 127.100100600539434, 37.362944275721674 ], [ 127.099718148134784, 37.363582698480094 ], [ 127.099415929728082, 37.364247967653327 ], [ 127.099196857709373, 37.364933676962686 ], [ 127.099063043995642, 37.365633223125556 ], [ 127.099015779610014, 37.366339869430561 ], [ 127.099055522159148, 37.367046810603981 ], [ 127.099181891333117, 37.367747238343945 ], [ 127.099393672474449, 37.368434406890749 ], [ 127.099688828185805, 37.369101698002133 ], [ 127.099953921028231, 37.369553990057533 ], [ 127.100171766628918, 37.370046482318514 ], [ 127.100547465071699, 37.370687467438394 ], [ 127.101000081729822, 37.371295974065809 ], [ 127.101525258842273, 37.371866141111582 ], [ 127.102117939411968, 37.372392476641515 ], [ 127.102772415878675, 37.372869910801704 ], [ 127.103482385075182, 37.373293844680809 ], [ 127.104241008938075, 37.373660194636905 ], [ 127.105040980387642, 37.373965431660885 ], [ 127.105874593742129, 37.374206615395714 ], [ 127.106733818985973, 37.374381422482905 ], [ 127.106882632455296, 37.374399545292668 ], [ 127.106859822373607, 37.374423878070822 ], [ 127.106400796613855, 37.375029329892286 ], [ 127.106018335134578, 37.375667771672873 ], [ 127.1057161227682, 37.376333055626553 ], [ 127.105497071848106, 37.377018775332317 ], [ 127.10536329408967, 37.377718327407358 ], [ 127.105316080171278, 37.378424975083064 ], [ 127.105355887215097, 37.379131913072278 ], [ 127.105482334291466, 37.379832333103387 ], [ 127.105694205993942, 37.380519489490474 ], [ 127.105989464053991, 37.381186764107859 ], [ 127.106365266887295, 37.381827730142923 ], [ 127.106817996886022, 37.382436214012642 ], [ 127.107343295197822, 37.38300635484655 ], [ 127.107936103658261, 37.383532660962381 ], [ 127.108590713475039, 37.384010062789102 ], [ 127.10930082019604, 37.384433961726401 ], [ 127.110059584432477, 37.384800274468574 ], [ 127.110859697751707, 37.3851054723647 ], [ 127.111693453104351, 37.385346615434507 ], [ 127.112552819105957, 37.385521380711083 ], [ 127.113429517455259, 37.385628084636494 ], [ 127.114315102740861, 37.38566569929354 ], [ 127.114455512594517, 37.385660654001825 ], [ 127.114458057152248, 37.385705742387607 ], [ 127.114584599475307, 37.38640615244676 ], [ 127.114796572351011, 37.387093292334036 ], [ 127.115091936536729, 37.387760544082127 ], [ 127.1153390087768, 37.388181807252671 ], [ 127.114649357312672, 37.387918787545317 ], [ 127.113815563898484, 37.387677665207754 ], [ 127.112956170317673, 37.387502909016355 ], [ 127.112079450863433, 37.38739620149628 ], [ 127.111193846496676, 37.387358569999272 ], [ 127.110307883644296, 37.387390376821337 ], [ 127.109430092178272, 37.387491315718016 ], [ 127.108568923361858, 37.387660414850934 ], [ 127.10773266854946, 37.387896046137151 ], [ 127.106929379419768, 37.388195940911928 ], [ 127.106166790507231, 37.388557211754346 ], [ 127.105452244774867, 37.388976380266712 ], [ 127.104792622943037, 37.389449410541367 ], [ 127.104194277253072, 37.389971747993421 ], [ 127.103662970302437, 37.390538363187297 ], [ 127.103203819539985, 37.391143800236094 ], [ 127.102821247956371, 37.391782229309072 ], [ 127.102518941445368, 37.39244750274316 ], [ 127.10229981324828, 37.393133214219112 ], [ 127.102165975826281, 37.393832760433824 ], [ 127.102118720434092, 37.394539404675484 ], [ 127.102158504595252, 37.395246341690218 ], [ 127.102284947602357, 37.395946763215925 ], [ 127.102496834090161, 37.396633923552329 ], [ 127.1027921256496, 37.397301204535587 ], [ 127.103167980375403, 37.397942179291562 ], [ 127.103620780161563, 37.398550674152943 ], [ 127.104146165484764, 37.399120828142969 ], [ 127.104739077343496, 37.399647149452235 ], [ 127.105002037915384, 37.399838897773336 ], [ 127.105025671313797, 37.399859876495086 ], [ 127.105680403591521, 37.40033729382256 ], [ 127.106390646977061, 37.400761209852966 ], [ 127.107149560765208, 37.401127541115414 ], [ 127.107949835082309, 37.401432758780039 ], [ 127.108783761327544, 37.401673922675634 ], [ 127.109643306469337, 37.40184870963423 ], [ 127.110520190479605, 37.401955435888688 ], [ 127.111405966157164, 37.4019930733064 ], [ 127.112292100568467, 37.401961259302468 ], [ 127.113170057317788, 37.401860300335855 ], [ 127.114031378851152, 37.401691168955438 ], [ 127.114867767997538, 37.401455494423736 ], [ 127.11546539409089, 37.401232372932071 ], [ 127.11590012803461, 37.401398139864185 ], [ 127.116734079868806, 37.401639247828385 ], [ 127.117593643588421, 37.401813977092758 ], [ 127.117683105334663, 37.401824859714445 ], [ 127.11820521271423, 37.401975799889946 ], [ 127.119064783780345, 37.402150518489755 ], [ 127.119941685275677, 37.402257174959736 ], [ 127.120827469830303, 37.402294741839903 ], [ 127.121713604425096, 37.402262857225125 ], [ 127.122591552662598, 37.402161828254997 ], [ 127.12276789691559, 37.402127186645266 ], [ 127.123237744242246, 37.40240750829151 ], [ 127.123996757514746, 37.402773731861672 ], [ 127.124797118600128, 37.403078835885296 ], [ 127.125631118060497, 37.403319881286087 ], [ 127.126490722157939, 37.403494546037983 ], [ 127.127367650295682, 37.403601147551534 ], [ 127.128253454846899, 37.403638658896355 ], [ 127.129139602599551, 37.403606718702591 ], [ 127.130017557029447, 37.40350563464547 ], [ 127.130878860605137, 37.403336380479466 ], [ 127.131715216329141, 37.403100586650432 ], [ 127.132518567726024, 37.402800524576804 ], [ 127.13328117650417, 37.402439084751727 ], [ 127.133995697140492, 37.402019748877862 ], [ 127.134655247667268, 37.401546556304424 ], [ 127.135253475977891, 37.401024065090787 ], [ 127.135784621011496, 37.400457308073221 ], [ 127.1362435682274, 37.399851744358905 ], [ 127.136625898834694, 37.399213206716119 ], [ 127.136927932304616, 37.398547845368533 ], [ 127.137146761757265, 37.397862068736089 ], [ 127.13728028188487, 37.39716248169433 ], [ 127.137327209144487, 37.396455821947747 ], [ 127.137287094029986, 37.395748895130538 ], [ 127.137160325307534, 37.395048509260263 ], [ 127.136948126177941, 37.39436140917573 ], [ 127.136652542406495, 37.393694211590599 ], [ 127.13627642253752, 37.393053341387528 ], [ 127.135976490908718, 37.392650567973277 ], [ 127.135975009850171, 37.392645771945624 ], [ 127.135679441334403, 37.391978571815606 ], [ 127.135303338226123, 37.391337698420593 ], [ 127.134850324180931, 37.390729322990829 ], [ 127.134324763154254, 37.390159303675304 ], [ 127.133731717328743, 37.389633129156834 ], [ 127.133076898334238, 37.389155865828165 ], [ 127.132366612231124, 37.388732109036617 ], [ 127.131607698787349, 37.388365938865121 ], [ 127.131487168416257, 37.388319991819316 ], [ 127.131790297575193, 37.38781371677603 ], [ 127.132092327103692, 37.387148366480545 ], [ 127.132311166528666, 37.386462597532386 ], [ 127.132444710444773, 37.385763014733158 ], [ 127.13249167507864, 37.385056355746627 ], [ 127.13245161056274, 37.384349426199904 ], [ 127.132324905174571, 37.383649034137129 ], [ 127.132112781503878, 37.382961924457113 ], [ 127.13181728458818, 37.382294713966381 ], [ 127.131441262134572, 37.381653827672331 ], [ 127.130988337021364, 37.38104543692981 ], [ 127.130462872347294, 37.380475400035699 ], [ 127.12986992936716, 37.379949205842486 ], [ 127.129215218720489, 37.379471920932779 ], [ 127.128505045424731, 37.379048140862011 ], [ 127.12774624816214, 37.378681945937601 ], [ 127.126946133445585, 37.378376861958934 ], [ 127.126112405295814, 37.37813582629488 ], [ 127.125253091106032, 37.377961159624448 ], [ 127.124376464405287, 37.377854543611392 ], [ 127.123490965261979, 37.377817004727 ], [ 127.123350570549363, 37.377822060837076 ], [ 127.123348020891271, 37.37777697255467 ], [ 127.123221410785732, 37.377076570481485 ], [ 127.123009388309086, 37.376389444262927 ], [ 127.122713997523974, 37.375722210865305 ], [ 127.122338085115317, 37.375081295517184 ], [ 127.121885272901878, 37.37447286985374 ], [ 127.121359922895408, 37.373902792508559 ], [ 127.12076709524699, 37.373376552724118 ], [ 127.120112499486339, 37.372899217522338 ], [ 127.119402439525288, 37.3724753829432 ], [ 127.118643752955748, 37.37210912981913 ], [ 127.117843745225699, 37.371803984509981 ], [ 127.117010119326721, 37.371562884975127 ], [ 127.116150901668448, 37.371388152508466 ], [ 127.11600209180898, 37.371370041372252 ], [ 127.116024898019745, 37.371345706796511 ], [ 127.11648382405069, 37.370740216684823 ], [ 127.116866171746139, 37.370101739890913 ], [ 127.117168260409045, 37.369436426052346 ], [ 127.1173871826241, 37.368750683131701 ], [ 127.117520832186102, 37.368051115680359 ], [ 127.117567924301738, 37.36734446121487 ], [ 127.117528007873503, 37.366637525319589 ], [ 127.117401469750732, 37.365937116100682 ], [ 127.117189530910693, 37.365249978623176 ], [ 127.116894234609589, 37.364582729962294 ], [ 127.116629056968293, 37.36413047502095 ], [ 127.116411120291289, 37.36363801206938 ], [ 127.116035321066946, 37.362997076013073 ], [ 127.115582631730163, 37.362388625664721 ], [ 127.11505741310927, 37.361818519896197 ], [ 127.114464724090084, 37.361292248224181 ], [ 127.113810272867681, 37.360814877978179 ], [ 127.113100361962751, 37.360391005536044 ], [ 127.112341827532575, 37.360024712095154 ], [ 127.111541973561216, 37.359719524403829 ] ] ], [ [ [ 127.113926269151321, 37.601086102659977 ], [ 127.113214092717058, 37.600662235426718 ], [ 127.112453135341113, 37.600295943988108 ], [ 127.111650724328342, 37.599990755065761 ], [ 127.110814585798451, 37.599749607032649 ], [ 127.109952770338282, 37.599574821644318 ], [ 127.109073575542595, 37.599468081703392 ], [ 127.108185466186782, 37.599430414871513 ], [ 127.107296992796606, 37.599462183783977 ], [ 127.106416709396271, 37.599563082561957 ], [ 127.105553091222873, 37.599732139755346 ], [ 127.104714453196451, 37.59996772768843 ], [ 127.103908869927167, 37.600267578118505 ], [ 127.103144098026419, 37.600628804057294 ], [ 127.102427501467972, 37.60104792754602 ], [ 127.101765980714688, 37.601520913117632 ], [ 127.101165906292479, 37.60204320662514 ], [ 127.100633057449258, 37.602609779063613 ], [ 127.100172566490102, 37.603215174965037 ], [ 127.099788869324072, 37.60385356490162 ], [ 127.099485662700758, 37.604518801593073 ], [ 127.099265868549537, 37.605204479078921 ], [ 127.099131605767539, 37.605903994387077 ], [ 127.099084169730347, 37.606610611105758 ], [ 127.099124019726744, 37.607317524247122 ], [ 127.099250774441032, 37.608017925778476 ], [ 127.099463215530847, 37.608705070190148 ], [ 127.099759299268996, 37.609372339468401 ], [ 127.10013617614139, 37.610013306847264 ], [ 127.100590218214975, 37.610621798724871 ], [ 127.101117054015262, 37.611191954146783 ], [ 127.101711610579883, 37.611718281282727 ], [ 127.102368162285018, 37.612195710351322 ], [ 127.103080385975318, 37.612619642481896 ], [ 127.10384142186733, 37.612985994041324 ], [ 127.104643939638791, 37.613291235997607 ], [ 127.105480209067395, 37.613532427939695 ], [ 127.106342174535911, 37.613707246424646 ], [ 127.107221532684804, 37.613814007377968 ], [ 127.108109812461151, 37.613851682330512 ], [ 127.108998456790005, 37.613819908334889 ], [ 127.109878905078119, 37.613718991465298 ], [ 127.110742675751808, 37.613549903867096 ], [ 127.111581448030506, 37.613314274384422 ], [ 127.112387142144897, 37.613014372856718 ], [ 127.113151997223781, 37.612653088235909 ], [ 127.113868646096989, 37.61223390073588 ], [ 127.114530186291177, 37.61176084828363 ], [ 127.115130246533354, 37.611238487596289 ], [ 127.115663048120481, 37.610671850260523 ], [ 127.1161234605636, 37.610066394238281 ], [ 127.116507050970895, 37.609427951267762 ], [ 127.116810126695498, 37.608762670667332 ], [ 127.117029770838386, 37.608076960084858 ], [ 127.117163870267191, 37.607377423764312 ], [ 127.117211135883849, 37.606670798924966 ], [ 127.117171114948803, 37.605963890866754 ], [ 127.117044195346736, 37.605263507427019 ], [ 127.116831601756672, 37.604576393420146 ], [ 127.116535383766205, 37.603909165691491 ], [ 127.116158396048704, 37.603268249410263 ], [ 127.11570427079694, 37.602659816214661 ], [ 127.115177382681935, 37.602089724804046 ], [ 127.11458280667641, 37.601563464548754 ], [ 127.113926269151321, 37.601086102659977 ] ] ], [ [ [ 127.410980003378029, 37.310035665977693 ], [ 127.410268893169047, 37.309613570374907 ], [ 127.409509418660718, 37.309249176949216 ], [ 127.40870889286802, 37.308945994160077 ], [ 127.407875023754826, 37.308706941078668 ], [ 127.407015840060993, 37.308534319304293 ], [ 127.406139614053188, 37.308429790822217 ], [ 127.405254781940869, 37.30839436201542 ], [ 127.404369862720202, 37.308428373983382 ], [ 127.403493376224418, 37.308531499261029 ], [ 127.402633761166314, 37.308702744968862 ], [ 127.401799293958319, 37.308940462364561 ], [ 127.400998009088696, 37.309242362704033 ], [ 127.400237621817553, 37.309605539260055 ], [ 127.399525453934302, 37.310026495287325 ], [ 127.398868363289125, 37.310501177665635 ], [ 127.398272677775822, 37.311025015898466 ], [ 127.397744134400142, 37.31159296609264 ], [ 127.397287824020651, 37.312199559497166 ], [ 127.396908142294208, 37.312838955134907 ], [ 127.396608747299709, 37.313504996021727 ], [ 127.396392524249762, 37.314191268433042 ], [ 127.396261557632513, 37.314891163647864 ], [ 127.396217111054739, 37.31559794157679 ], [ 127.396259614982952, 37.316304795661857 ], [ 127.396388662504961, 37.317004918423486 ], [ 127.396603013155485, 37.317691567023701 ], [ 127.39690060477264, 37.318358128213674 ], [ 127.397278573275202, 37.318998182040261 ], [ 127.397733280172474, 37.319605563696747 ], [ 127.398260347545218, 37.320174422921788 ], [ 127.398854700163071, 37.320699280372949 ], [ 127.399510614334019, 37.321175080431125 ], [ 127.400221773017122, 37.321597239925559 ], [ 127.400981326667932, 37.321961692309074 ], [ 127.401781959230007, 37.322264926856519 ], [ 127.402615958636403, 37.322504022507665 ], [ 127.403475291140211, 37.322676676027271 ], [ 127.404351678756015, 37.322781224210097 ], [ 127.405236679063904, 37.322816659916128 ], [ 127.406121766604045, 37.322782641780705 ], [ 127.406998415074753, 37.322679497505938 ], [ 127.407858179538636, 37.322508220701366 ], [ 127.408692777841722, 37.322270461304335 ], [ 127.409494170457776, 37.321968509673034 ], [ 127.410254637986085, 37.321605274505806 ], [ 127.410966855553042, 37.32118425480035 ], [ 127.411623963399038, 37.320709506123968 ], [ 127.412219632969368, 37.320185601521018 ], [ 127.412748127870927, 37.319617587435189 ], [ 127.413204359107937, 37.319010935072818 ], [ 127.413583934065031, 37.318371487676799 ], [ 127.413883198766314, 37.317705404220249 ], [ 127.414099273006315, 37.317019100063689 ], [ 127.414230078015521, 37.316319185148132 ], [ 127.414274356397755, 37.315612400319964 ], [ 127.414231684150081, 37.314905552402358 ], [ 127.414102474653134, 37.314205448637836 ], [ 127.413887974596847, 37.313518831134367 ], [ 127.4135902518846, 37.312852311945704 ], [ 127.413212175635593, 37.312212309410953 ], [ 127.412757388481168, 37.311604986365666 ], [ 127.412230271424718, 37.311036190818832 ], [ 127.411635901606004, 37.310511399665721 ], [ 127.410980003378029, 37.310035665977693 ] ] ], [ [ [ 127.351994816334056, 37.344969192802715 ], [ 127.351283708500617, 37.34454674520665 ], [ 127.350524168872212, 37.344181975202858 ], [ 127.349723511094041, 37.343878394874785 ], [ 127.34888944440273, 37.343638927119116 ], [ 127.348029999441309, 37.343465877525396 ], [ 127.347153450991613, 37.34336091219555 ], [ 127.346268238366051, 37.343325041716099 ], [ 127.345382884221678, 37.343358611436706 ], [ 127.344505912575613, 37.343461298148178 ], [ 127.343645766807256, 37.343632113191894 ], [ 127.34281072843369, 37.343869411970687 ], [ 127.342008837436993, 37.344170909770199 ], [ 127.341247814907533, 37.344533703738719 ], [ 127.340534988745674, 37.344954300814976 ], [ 127.339877223134479, 37.345428651335872 ], [ 127.339280852461982, 37.345952188001711 ], [ 127.338751620327159, 37.346519869825116 ], [ 127.338294624217482, 37.347126230641763 ], [ 127.337914266390683, 37.347765431717065 ], [ 127.337614211435152, 37.348431317943678 ], [ 127.33739735091892, 37.349117477089763 ], [ 127.337265775470314, 37.349817301528638 ], [ 127.337220754561727, 37.35052405185602 ], [ 127.337262724194503, 37.351230921783149 ], [ 127.337391282606717, 37.351931103681075 ], [ 127.337605194049033, 37.352617854145073 ], [ 127.337902400595866, 37.353284558947713 ], [ 127.33828004188122, 37.353924796754512 ], [ 127.33873448257269, 37.354532400988113 ], [ 127.339261347321838, 37.355101519244123 ], [ 127.339855562856229, 37.3556266696853 ], [ 127.340511406810151, 37.356102793869994 ], [ 127.341222562824171, 37.356525305504434 ], [ 127.341982181383713, 37.356890134648012 ], [ 127.342782945810328, 37.357193766944548 ], [ 127.343617142768892, 37.357433277500256 ], [ 127.344476736610289, 37.357606359080819 ], [ 127.345353446831311, 37.357711344355067 ], [ 127.346238827902809, 37.357747221970008 ], [ 127.347124350694386, 37.357713646301789 ], [ 127.348001484707936, 37.357610940788156 ], [ 127.34886178032437, 37.357440094810293 ], [ 127.349696950268026, 37.357202754154144 ], [ 127.350498949500661, 37.356901205143409 ], [ 127.351260052772417, 37.356538352597788 ], [ 127.351972929080119, 37.356117691829652 ], [ 127.352630712313569, 37.355643274949728 ], [ 127.353227067407559, 37.355119671807877 ], [ 127.353756251361759, 37.35455192594609 ], [ 127.354213168540298, 37.353945505989664 ], [ 127.354593419718682, 37.353306252945913 ], [ 127.354893344406946, 37.352640323919267 ], [ 127.355110056043202, 37.351954132786332 ], [ 127.355241469720497, 37.351254288403076 ], [ 127.355286322183176, 37.350547530940204 ], [ 127.355244183903167, 37.349840666960674 ], [ 127.355115463123511, 37.349140503864902 ], [ 127.354901401833089, 37.348453784335042 ], [ 127.354604063716181, 37.347787121409766 ], [ 127.354226314194918, 37.347146934814198 ], [ 127.353771792761108, 37.346539389157684 ], [ 127.353244877866146, 37.345970334593574 ], [ 127.35265064470947, 37.345445250511403 ], [ 127.351994816334056, 37.344969192802715 ] ] ], [ [ [ 127.30628542233363, 37.368302927386331 ], [ 127.305629689572456, 37.367826614715234 ], [ 127.304918627641982, 37.367403890150264 ], [ 127.304159083766606, 37.367038823836964 ], [ 127.303358371635056, 37.366734930710493 ], [ 127.30252420100922, 37.366495136677671 ], [ 127.301664603533794, 37.366321750467776 ], [ 127.300787855459092, 37.366216441421862 ], [ 127.299902398018645, 37.366180223433972 ], [ 127.299016756225043, 37.366213445197737 ], [ 127.298139456862373, 37.366315786852532 ], [ 127.297278946462285, 37.366486263060509 ], [ 127.296443510048888, 37.366723232485789 ], [ 127.295641191432708, 37.367024413584339 ], [ 127.294879715817117, 37.367386906553428 ], [ 127.29416641546068, 37.367807221230066 ], [ 127.293508159108185, 37.36828131067076 ], [ 127.292911285869053, 37.368804610090741 ], [ 127.292381544178014, 37.369372080788438 ], [ 127.291924036426352, 37.369978258634291 ], [ 127.291543169796626, 37.370617306657742 ], [ 127.291242613775424, 37.371283071227666 ], [ 127.29102526475566, 37.371969141286364 ], [ 127.290893218070465, 37.372668910067759 ], [ 127.290847747731874, 37.3733756387063 ], [ 127.29088929407169, 37.374082521124762 ], [ 127.291017459407712, 37.37478274957639 ], [ 127.291231011780113, 37.3754695802104 ], [ 127.291527896725768, 37.376136398029161 ], [ 127.291905256980883, 37.376776780611323 ], [ 127.292359459924711, 37.377384559986304 ], [ 127.292886132503639, 37.37795388206353 ], [ 127.293480203301115, 37.378479263042841 ], [ 127.29413595135, 37.378955642261886 ], [ 127.294847061218633, 37.379378430969702 ], [ 127.295606683840376, 37.379743556555809 ], [ 127.29640750250033, 37.380047501807248 ], [ 127.297241803342772, 37.380287338813993 ], [ 127.298101549718865, 37.380460757195372 ], [ 127.298978459656126, 37.380566086373953 ], [ 127.299864085700719, 37.380602311682068 ], [ 127.300749896360742, 37.380569084144696 ], [ 127.30162735836258, 37.380466723844393 ], [ 127.302488018924521, 37.380296216835511 ], [ 127.303323587251768, 37.380059205637622 ], [ 127.304126014464501, 37.379757973400025 ], [ 127.304887571185944, 37.379395421890706 ], [ 127.305600922040767, 37.37897504352236 ], [ 127.306259196343461, 37.378500887686037 ], [ 127.306856054294897, 37.377977521718151 ], [ 127.307385748047764, 37.377409986877581 ], [ 127.307843177053044, 37.376803749758928 ], [ 127.308223937154395, 37.376164649610537 ], [ 127.308524362958963, 37.375498842066669 ], [ 127.308741563078073, 37.374812739836486 ], [ 127.308873447900709, 37.374112950922417 ], [ 127.308918749635154, 37.373406214963666 ], [ 127.308877034428946, 37.37269933831881 ], [ 127.308748706453741, 37.371999128512684 ], [ 127.308535003919516, 37.371312328679586 ], [ 127.308237987059982, 37.370645552633434 ], [ 127.307860518208372, 37.370005221190304 ], [ 127.307406234158663, 37.369397500355539 ], [ 127.306879511081348, 37.368828241970057 ], [ 127.30628542233363, 37.368302927386331 ] ] ], [ [ [ 127.259630547579221, 37.393888929676429 ], [ 127.25897488929661, 37.393412360626627 ], [ 127.258263849873799, 37.39298935745034 ], [ 127.257504276321882, 37.392623992974642 ], [ 127.256703482617937, 37.392319785004155 ], [ 127.255869179310992, 37.392079662475524 ], [ 127.255009399323967, 37.39190593727902 ], [ 127.254132420664362, 37.39180028201762 ], [ 127.253246686784763, 37.391763713916802 ], [ 127.25236072535732, 37.391796585039366 ], [ 127.251483066241022, 37.391898578898974 ], [ 127.250622159427806, 37.392068713505033 ], [ 127.249786293754724, 37.392305350809579 ], [ 127.248983517160994, 37.392606212465623 ], [ 127.248221559255185, 37.392968401745847 ], [ 127.247507756935136, 37.393388431411481 ], [ 127.246848983774655, 37.393862257263976 ], [ 127.246251583855454, 37.394385317057605 ], [ 127.245721310680352, 37.39495257439971 ], [ 127.245263271755647, 37.395558567217051 ], [ 127.24488187937682, 37.396197460322981 ], [ 127.244580808092195, 37.396863101580678 ], [ 127.244362959256463, 37.397549081122555 ], [ 127.244230433016781, 37.398248793057022 ], [ 127.244184508005148, 37.398955499068698 ], [ 127.244225628934799, 37.399662393300972 ], [ 127.244353402223865, 37.400362667895855 ], [ 127.244566599692405, 37.401049578560396 ], [ 127.244863170300064, 37.401716509528136 ], [ 127.245240259815475, 37.402357037289498 ], [ 127.24569423823074, 37.402964992476733 ], [ 127.24622073466, 37.403534519306518 ], [ 127.246814679388308, 37.404060132006791 ], [ 127.247470352667378, 37.404536767682934 ], [ 127.248181439789931, 37.404959835113083 ], [ 127.24894109191176, 37.405325259000875 ], [ 127.249741992036391, 37.405629519258532 ], [ 127.250576425525153, 37.405869684940065 ], [ 127.251436354452238, 37.406043442496838 ], [ 127.252313495086526, 37.40614911808229 ], [ 127.253199397750805, 37.406185693689892 ], [ 127.254085528286595, 37.406152816968373 ], [ 127.254963350336226, 37.406050804619248 ], [ 127.255824407646301, 37.405880639343629 ], [ 127.256660405596264, 37.405643960368096 ], [ 127.257463291163532, 37.405343047641047 ], [ 127.258225330551767, 37.404980799852432 ], [ 127.25893918373184, 37.404560706489434 ], [ 127.259597975175367, 37.4040868141985 ], [ 127.260195360098081, 37.403563687778515 ], [ 127.260725585573468, 37.402996366182556 ], [ 127.261183545928233, 37.402390313953127 ], [ 127.261564831886361, 37.401751368560014 ], [ 127.261865772989154, 37.401085684149436 ], [ 127.262083472884854, 37.400399672247282 ], [ 127.262215837149881, 37.399699939988786 ], [ 127.262261593376834, 37.39899322647031 ], [ 127.262220303338836, 37.398286337836986 ], [ 127.262092367116409, 37.397586081731625 ], [ 127.261879019151039, 37.396899201736645 ], [ 127.261582316266512, 37.396232312439885 ], [ 127.26120511777755, 37.395591835749521 ], [ 127.260751057879858, 37.394983939070691 ], [ 127.260224510590561, 37.394414475938255 ], [ 127.259630547579221, 37.393888929676429 ] ] ], [ [ [ 127.209181708982655, 37.403161003836644 ], [ 127.208470859580373, 37.40273770270214 ], [ 127.20771143171865, 37.402372019557568 ], [ 127.20691073797525, 37.402067475274933 ], [ 127.206076487939413, 37.40182700202773 ], [ 127.205216714023294, 37.401652915081463 ], [ 127.204339694177136, 37.401546890520386 ], [ 127.203453872250492, 37.401509949123749 ], [ 127.202567776762848, 37.401542446546607 ], [ 127.201689938862586, 37.401644069898794 ], [ 127.200828810260973, 37.401813840755352 ], [ 127.199992681927739, 37.402050124569108 ], [ 127.199189604327756, 37.402350646395433 ], [ 127.198427309964003, 37.402712512778237 ], [ 127.197713138969803, 37.403132239587372 ], [ 127.197053968464559, 37.403605785540492 ], [ 127.19645614635175, 37.404128591087492 ], [ 127.195925430195487, 37.404695622284827 ], [ 127.19546693176396, 37.405301419238256 ], [ 127.195085067774215, 37.405940148649037 ], [ 127.194783517313482, 37.406605659958814 ], [ 127.194565186348939, 37.40729154455385 ], [ 127.194432179669704, 37.407991197459495 ], [ 127.19438578053439, 37.408697880931676 ], [ 127.194426438222848, 37.409404789333628 ], [ 127.194553763616184, 37.410105114673627 ], [ 127.19476653285038, 37.410792112172601 ], [ 127.195062699012453, 37.411459165230156 ], [ 127.195439411770039, 37.412099849162864 ], [ 127.195893044748033, 37.412707993100469 ], [ 127.196419230392138, 37.41327773944294 ], [ 127.197012901985303, 37.413803600304675 ], [ 127.197668342414673, 37.414280510401092 ], [ 127.19837923922006, 37.41470387586687 ], [ 127.199138745394393, 37.415069618534368 ], [ 127.19993954535046, 37.415374215244128 ], [ 127.200773925417252, 37.415614731807935 ], [ 127.201633848185665, 37.41578885129563 ], [ 127.202511029985104, 37.415894896372428 ], [ 127.203397020742273, 37.415931845470659 ], [ 127.204283285449606, 37.415899342639314 ], [ 127.205161286455692, 37.415797700976384 ], [ 127.206022565781211, 37.415627899610499 ], [ 127.206858826664188, 37.415391574261314 ], [ 127.207662013545971, 37.415091001469634 ], [ 127.208424389723902, 37.414729076650097 ], [ 127.209138611920608, 37.414309286178565 ], [ 127.209797801048992, 37.413835673783886 ], [ 127.21039560848989, 37.413312801569468 ], [ 127.210926277243047, 37.412745706040873 ], [ 127.211384697361936, 37.412139849564518 ], [ 127.211766455139042, 37.411501067726618 ], [ 127.212067875568792, 37.410835513100245 ], [ 127.212286057681069, 37.410149595963773 ], [ 127.212418902406995, 37.409449922542414 ], [ 127.212465132711827, 37.408743231368646 ], [ 127.21242430580368, 37.408036328375189 ], [ 127.212296817304505, 37.40733602134592 ], [ 127.212083897346417, 37.406649054356251 ], [ 127.211787598634587, 37.405982042834118 ], [ 127.21141077659523, 37.405341409866779 ], [ 127.210957061803029, 37.4047333243659 ], [ 127.210430824956447, 37.404163641685834 ], [ 127.209837134740127, 37.403637847265649 ], [ 127.209181708982655, 37.403161003836644 ] ] ], [ [ [ 127.134447190778474, 37.406247936717108 ], [ 127.133736736374402, 37.405824188482384 ], [ 127.132977644524217, 37.405458027208425 ], [ 127.132177224575869, 37.405152978369827 ], [ 127.13134318348726, 37.404911978996523 ], [ 127.130483551662579, 37.404737349417672 ], [ 127.129606605686774, 37.40463077093959 ], [ 127.128720788699809, 37.404593269672091 ], [ 127.127834629173961, 37.404625206657876 ], [ 127.126956658873411, 37.404726274399998 ], [ 127.126095330782078, 37.404895499820299 ], [ 127.125258937787223, 37.405131253620809 ], [ 127.124455532897798, 37.405431265958029 ], [ 127.123692851762982, 37.405792648279942 ], [ 127.12297823823441, 37.40621192111626 ], [ 127.122318573686357, 37.406685047555477 ], [ 127.121720210773034, 37.407207472087322 ], [ 127.121188912259569, 37.407774164438088 ], [ 127.120729795515771, 37.40837966797811 ], [ 127.120347283207181, 37.409018152236392 ], [ 127.120045060659294, 37.409683469018226 ], [ 127.119826040307487, 37.410369211586591 ], [ 127.119692333576964, 37.411068776338325 ], [ 127.119645230466347, 37.411775426382356 ], [ 127.119685187034818, 37.412482356408013 ], [ 127.11981182091661, 37.413182758219484 ], [ 127.120023914909652, 37.413869886305228 ], [ 127.120319428607672, 37.414537122810863 ], [ 127.120695517966638, 37.415178041289451 ], [ 127.121148562620874, 37.415786468614549 ], [ 127.121674200688432, 37.416356544458836 ], [ 127.122267370732771, 37.416882777764599 ], [ 127.122922360478398, 37.417360099660726 ], [ 127.123632861812581, 37.417783912315606 ], [ 127.124392031543692, 37.418150133253619 ], [ 127.125192557330891, 37.418455234707267 ], [ 127.126026728148929, 37.418696277624662 ], [ 127.126886508608209, 37.418870940003309 ], [ 127.127763616411812, 37.418977539276369 ], [ 127.128649602200838, 37.419015048534916 ], [ 127.129535931016036, 37.41898310642916 ], [ 127.130414064587541, 37.418882020652795 ], [ 127.131275543656997, 37.418712764977023 ], [ 127.132112069535154, 37.418476969862517 ], [ 127.132915584106456, 37.418176906740449 ], [ 127.13367834750666, 37.417815466114455 ], [ 127.134393012722754, 37.41739612969544 ], [ 127.135052696394112, 37.416922936838354 ], [ 127.135651045131667, 37.416400445605873 ], [ 127.136182296715035, 37.415833688834944 ], [ 127.136641335577892, 37.415228125630897 ], [ 127.137023742047646, 37.414589588757579 ], [ 127.137325834866104, 37.413924228431625 ], [ 127.137544706583313, 37.413238453063478 ], [ 127.137678251486037, 37.412538867516759 ], [ 127.137725185794594, 37.41183220948168 ], [ 127.137685059936771, 37.411125284575995 ], [ 127.137558262784054, 37.410424900798766 ], [ 127.13734601781286, 37.409737802968493 ], [ 127.137050371231538, 37.409070607776854 ], [ 127.136674172190709, 37.408429740083122 ], [ 127.1362210452711, 37.407821371062084 ], [ 127.135695355515992, 37.407251358800487 ], [ 127.135102166348332, 37.406725191912606 ], [ 127.134447190778474, 37.406247936717108 ] ] ], [ [ [ 127.229175342346323, 37.534202229092287 ], [ 127.228463142167186, 37.533779052231139 ], [ 127.227702293353573, 37.533413499998197 ], [ 127.226900122158654, 37.533109092001126 ], [ 127.226064352388931, 37.532868759098072 ], [ 127.225203031078962, 37.532694815200891 ], [ 127.224324451066437, 37.532588935014957 ], [ 127.223437071210384, 37.53255213792886 ], [ 127.222549435017953, 37.532584778208467 ], [ 127.221670088459817, 37.532686541589406 ], [ 127.220807497761697, 37.5328564483005 ], [ 127.219969967960907, 37.533092862489362 ], [ 127.219165563008104, 37.533393507959531 ], [ 127.218402028180705, 37.533755490068415 ], [ 127.217686715552418, 37.534175323575958 ], [ 127.21702651323433, 37.534648966176889 ], [ 127.216427779067047, 37.535171857395071 ], [ 127.215896279401576, 37.535738962466347 ], [ 127.215437133558083, 37.536344820789118 ], [ 127.215054764497566, 37.536983598477143 ], [ 127.214752856182884, 37.537649144509992 ], [ 127.214534318040975, 37.538335049941615 ], [ 127.214507853072021, 37.538474208605088 ], [ 127.21406933232339, 37.537887573189685 ], [ 127.213542144063112, 37.537317913246689 ], [ 127.212947384011144, 37.536792141846377 ], [ 127.212290780300563, 37.536315321493667 ], [ 127.211578656170389, 37.535892043265022 ], [ 127.210817869077431, 37.535526382630884 ], [ 127.210015744681797, 37.535221860242416 ], [ 127.209180006340432, 37.534981408058734 ], [ 127.208318700786037, 37.534807341139668 ], [ 127.207440120705115, 37.5347013353745 ], [ 127.206552724957575, 37.534664411360289 ], [ 127.205665057203632, 37.534696924584352 ], [ 127.204785663717402, 37.534798562004966 ], [ 127.203923011175903, 37.53496834506317 ], [ 127.203085405211056, 37.535204639096591 ], [ 127.202280910505749, 37.53550516906526 ], [ 127.201517273200324, 37.535867041438358 ], [ 127.20080184635394, 37.53628677203227 ], [ 127.200141519175986, 37.536760319532625 ], [ 127.199542650707841, 37.537283124379137 ], [ 127.199011008592393, 37.537850152639606 ], [ 127.198551713520061, 37.538455944452501 ], [ 127.198169189887778, 37.53909466657263 ], [ 127.197867123145855, 37.539760168515343 ], [ 127.197648424246054, 37.540446041759992 ], [ 127.19751520153531, 37.54114568144329 ], [ 127.197468740368109, 37.541852349949721 ], [ 127.197509490637884, 37.542559241786968 ], [ 127.197637062350168, 37.543259549122212 ], [ 127.197850229284128, 37.543946527348325 ], [ 127.198146940710927, 37.544613560048155 ], [ 127.198524341059397, 37.545254222731295 ], [ 127.198978797342647, 37.54586234472842 ], [ 127.199505934085053, 37.546432068646638 ], [ 127.199801659661773, 37.546693534529915 ], [ 127.19949830177643, 37.546837260109861 ], [ 127.198782758443357, 37.547256977188226 ], [ 127.198122321337735, 37.54773051204193 ], [ 127.197523350559266, 37.548253305232841 ], [ 127.196991614736021, 37.54882032294141 ], [ 127.19653223546112, 37.549426105408145 ], [ 127.196149637942852, 37.550064819478202 ], [ 127.195847508343718, 37.550730314744868 ], [ 127.195628758221829, 37.551416182752114 ], [ 127.195495496418374, 37.55211581868739 ], [ 127.195449008665662, 37.552822484971472 ], [ 127.195489745114372, 37.553529376133618 ], [ 127.195617315904528, 37.554229684347604 ], [ 127.195830494825486, 37.554916664997783 ], [ 127.196127231034282, 37.555583701643634 ], [ 127.196504668722199, 37.556224369756549 ], [ 127.196867338859221, 37.556709623392742 ], [ 127.196780953465321, 37.556668100875179 ], [ 127.195978660844631, 37.556363483491467 ], [ 127.19514273268031, 37.556122931990565 ], [ 127.194281217532108, 37.555948762387708 ], [ 127.193402410103417, 37.55584265156002 ], [ 127.192514771441594, 37.555805621115425 ], [ 127.19162684754383, 37.555838027565343 ], [ 127.190747187148318, 37.555939558895631 ], [ 127.189884259499777, 37.556109237568492 ], [ 127.189046372876618, 37.556345429926495 ], [ 127.188241594661761, 37.556645861908713 ], [ 127.187477673723237, 37.557007640928063 ], [ 127.186761965849257, 37.557427283700235 ], [ 127.186101362953636, 37.55790074975716 ], [ 127.185502226731472, 37.558423480323448 ], [ 127.184970327403022, 37.558990442183145 ], [ 127.18451078813537, 37.559596176115107 ], [ 127.184128035677091, 37.560234849432582 ], [ 127.18382575768274, 37.560900312122001 ], [ 127.183606867139716, 37.561586156041813 ], [ 127.183473474242149, 37.562285776612178 ], [ 127.183426865985609, 37.562992436402652 ], [ 127.183467493682457, 37.56369933000569 ], [ 127.183594968521334, 37.564399649572216 ], [ 127.183808065217249, 37.5650866503778 ], [ 127.184104733720673, 37.565753715788233 ], [ 127.184482118876687, 37.566394420998208 ], [ 127.184936587847417, 37.567002594928788 ], [ 127.18546376503744, 37.567572379686638 ], [ 127.186058574187228, 37.568098287011217 ], [ 127.186715287231635, 37.568575251165171 ], [ 127.18742757945391, 37.568998677757165 ], [ 127.188188590404167, 37.569364488025457 ], [ 127.188990989995588, 37.569669158154561 ], [ 127.189827049140902, 37.569909753244573 ], [ 127.190688714246861, 37.570083955605149 ], [ 127.1915676848473, 37.570190087100329 ], [ 127.192455493624209, 37.570227125327925 ], [ 127.193343588043049, 37.570194713477456 ], [ 127.194223412812491, 37.570093163770544 ], [ 127.195086492371118, 37.569923454451242 ], [ 127.195924512602659, 37.569687220354687 ], [ 127.196729400989696, 37.569386737145798 ], [ 127.197493404430332, 37.569024899380274 ], [ 127.198209163965885, 37.568605192599996 ], [ 127.19886978569717, 37.568131659732863 ], [ 127.199468907205301, 37.567608862121681 ], [ 127.200000758835387, 37.567041835558953 ], [ 127.200460219253429, 37.566436041752311 ], [ 127.200842864741034, 37.565797315689444 ], [ 127.201145011754363, 37.565131809410929 ], [ 127.201363752339617, 37.564445932733399 ], [ 127.201496982065478, 37.563746291495541 ], [ 127.201543420206917, 37.563039623922066 ], [ 127.201502621989036, 37.562332735719593 ], [ 127.201374982776201, 37.561632434529692 ], [ 127.201161734170228, 37.56094546437054 ], [ 127.200864932058408, 37.560278440698653 ], [ 127.200487436730228, 37.559637786715356 ], [ 127.200124728978381, 37.559152544277126 ], [ 127.200211119103272, 37.559194064351104 ], [ 127.201013459421233, 37.559498653033614 ], [ 127.201849444379732, 37.55973916307547 ], [ 127.202711021100185, 37.559913277606142 ], [ 127.203589889968143, 37.560019319336263 ], [ 127.20447758464617, 37.560056266728907 ], [ 127.205365553699679, 37.560023763849038 ], [ 127.206245243045998, 37.559922123795666 ], [ 127.207108178429436, 37.559752325683405 ], [ 127.207946047123855, 37.559516005202944 ], [ 127.208750778072925, 37.559215438851474 ], [ 127.209514619692627, 37.558853521985533 ], [ 127.210230214584286, 37.558433740908782 ], [ 127.21089067043593, 37.557960139264509 ], [ 127.211489626427323, 37.557437279057609 ], [ 127.21202131449877, 37.556870196682972 ], [ 127.212480614892172, 37.55626435438522 ], [ 127.212863105430657, 37.555625587618401 ], [ 127.21316510406281, 37.554960048814372 ], [ 127.21338370426362, 37.554274148102294 ], [ 127.213516802953208, 37.553574491551537 ], [ 127.213563120667672, 37.552867817533546 ], [ 127.213522213790768, 37.552160931816303 ], [ 127.213394478731985, 37.551460642016757 ], [ 127.213181148014655, 37.550773692042917 ], [ 127.212884278315229, 37.550106697156437 ], [ 127.2125067305724, 37.549466080281121 ], [ 127.212052142360918, 37.548858010169738 ], [ 127.211524892798977, 37.548288342023994 ], [ 127.211229119816323, 37.54802690537386 ], [ 127.211532460213562, 37.547883149611053 ], [ 127.212247938577875, 37.547463355041948 ], [ 127.212908284478374, 37.546989740776759 ], [ 127.213507138154185, 37.546466868941572 ], [ 127.214038732530909, 37.545899776042866 ], [ 127.214497948752665, 37.545293924426211 ], [ 127.214880365452743, 37.544655149635034 ], [ 127.215182301290156, 37.543989604178073 ], [ 127.215400850343713, 37.543303698248245 ], [ 127.215427315419404, 37.54316453949879 ], [ 127.215865877480368, 37.543751169516561 ], [ 127.216393128469818, 37.544320818721779 ], [ 127.216987972296124, 37.544846572439283 ], [ 127.217644680556901, 37.545323366411694 ], [ 127.218356928578757, 37.545746607887558 ], [ 127.219117856335316, 37.546112219889203 ], [ 127.21992013453972, 37.546416680512046 ], [ 127.22075603527307, 37.546657056875596 ], [ 127.22161750646805, 37.546831033397822 ], [ 127.222496249526955, 37.546936934119572 ], [ 127.223383799324935, 37.546973738863123 ], [ 127.224271605824057, 37.54694109306827 ], [ 127.225151116508925, 37.546839311211393 ], [ 127.226013858846457, 37.546669373773653 ], [ 127.226851521971938, 37.546432917788259 ], [ 127.227656036811126, 37.546132221057881 ], [ 127.228419653863725, 37.545770180195035 ], [ 127.229135017896184, 37.545350282697626 ], [ 127.22979523882195, 37.544876573330029 ], [ 127.23039395808533, 37.54435361513422 ], [ 127.230925409908096, 37.543786445448227 ], [ 127.231384476808657, 37.543180527356775 ], [ 127.231766738859676, 37.542541697042971 ], [ 127.232068516210674, 37.541876107549633 ], [ 127.232286904467628, 37.541190169492964 ], [ 127.23241980259121, 37.540490489300858 ], [ 127.232465933048204, 37.539783805571268 ], [ 127.232424854024316, 37.539076924164632 ], [ 127.232296963585171, 37.538376652655366 ], [ 127.232083495748441, 37.537689734774418 ], [ 127.231786508508847, 37.53702278547366 ], [ 127.231408863934703, 37.536382227237375 ], [ 127.230954200530817, 37.53577422825326 ], [ 127.230426898137196, 37.5352046430379 ], [ 127.229832035703225, 37.534678956087049 ], [ 127.229175342346323, 37.534202229092287 ] ] ], [ [ [ 127.228643616941284, 37.57399258482797 ], [ 127.227931042412806, 37.573569406145772 ], [ 127.227169792791145, 37.573203851374238 ], [ 127.226367198187319, 37.572899440144248 ], [ 127.225530986482497, 37.572659103343966 ], [ 127.224669208963604, 37.572485154921878 ], [ 127.223790162857611, 37.572379269626225 ], [ 127.222902311507696, 37.572342466894405 ], [ 127.222014202957027, 37.57237510104644 ], [ 127.221134387720355, 37.572476857877085 ], [ 127.220271336532505, 37.572646757678612 ], [ 127.219433358861224, 37.572883164665811 ], [ 127.218628522966512, 37.573183802712414 ], [ 127.217864578272938, 37.573545777248391 ], [ 127.217148880799044, 37.573965603107816 ], [ 127.216488322360703, 37.574439238060414 ], [ 127.215889264227556, 37.574962121705084 ], [ 127.215357475871016, 37.575529219352006 ], [ 127.214898079392782, 37.576135070472397 ], [ 127.214515500169796, 37.576773841250677 ], [ 127.214213424191925, 37.577439380734042 ], [ 127.213994762504385, 37.578125280040432 ], [ 127.213861623100527, 37.57882493405539 ], [ 127.21381529053744, 37.579531605024918 ], [ 127.213856213474713, 37.580238487432197 ], [ 127.213955732157032, 37.58078386224939 ], [ 127.213297704124457, 37.580467799609977 ], [ 127.212495088823118, 37.580163294352474 ], [ 127.211658841257474, 37.579922859433012 ], [ 127.210797013060045, 37.579748809744252 ], [ 127.209917901945715, 37.57964282100891 ], [ 127.209029971883297, 37.579605913659698 ], [ 127.208141771673198, 37.579638443023413 ], [ 127.207261852712037, 37.579740095903205 ], [ 127.2063986867322, 37.579909893591783 ], [ 127.205560584305559, 37.580146201286752 ], [ 127.204755614892107, 37.580446743817674 ], [ 127.203991529200621, 37.580808627534061 ], [ 127.203275684605941, 37.581228368144473 ], [ 127.202614974339241, 37.581701924239667 ], [ 127.202015761130937, 37.582224736178112 ], [ 127.201483815944599, 37.582791769960927 ], [ 127.201024262391243, 37.583397565674829 ], [ 127.200641527359792, 37.584036290038398 ], [ 127.200339298340097, 37.584701792546525 ], [ 127.200120487851123, 37.585387664674002 ], [ 127.199987205319303, 37.586087301568952 ], [ 127.199940736680631, 37.586793965643004 ], [ 127.199981531905919, 37.58750085144662 ], [ 127.200109200573152, 37.588201151204778 ], [ 127.200322515532974, 37.588888120382727 ], [ 127.200619424635761, 37.589555142649616 ], [ 127.200997070410693, 37.590195793614377 ], [ 127.20145181751063, 37.590803902719259 ], [ 127.201979287661587, 37.591373612694063 ], [ 127.202574401782016, 37.591899435997384 ], [ 127.203231428868492, 37.592376307700071 ], [ 127.203944041177976, 37.59279963430042 ], [ 127.204705375175593, 37.593165337999146 ], [ 127.205508097660655, 37.593469896006745 ], [ 127.206344476433216, 37.59371037450304 ], [ 127.207206454818547, 37.59388445692074 ], [ 127.208085729330151, 37.593990466279386 ], [ 127.208973829719909, 37.594027381353698 ], [ 127.209862200641822, 37.593994846520047 ], [ 127.210742284138988, 37.593893175185464 ], [ 127.211605602155899, 37.593723346766453 ], [ 127.21244383827802, 37.593486997246366 ], [ 127.213248917907535, 37.593186403402939 ], [ 127.214013086100124, 37.592824460858608 ], [ 127.214728982310433, 37.592404656165506 ], [ 127.215389711323795, 37.59193103319555 ], [ 127.215988909689315, 37.591408154160199 ], [ 127.21652080701385, 37.590841055636901 ], [ 127.216980281525665, 37.590235200026811 ], [ 127.217362909373378, 37.589596422913168 ], [ 127.217665007186156, 37.588930876828208 ], [ 127.217883667487214, 37.58824497197179 ], [ 127.218016786621774, 37.58754531445355 ], [ 127.218063084933121, 37.586838642654357 ], [ 127.218022118996018, 37.586131762320697 ], [ 127.217922563758108, 37.585586391277111 ], [ 127.218580656425218, 37.585902428122566 ], [ 127.219383358246972, 37.586206892054946 ], [ 127.220219701171473, 37.586447272379246 ], [ 127.221081628869086, 37.586621253474405 ], [ 127.221960838341559, 37.58672715933654 ], [ 127.222848859967627, 37.58676396973793 ], [ 127.223737139160562, 37.586731330063785 ], [ 127.224617118847803, 37.586629554731594 ], [ 127.225480321974899, 37.586459624160035 ], [ 127.226318433235136, 37.586223175316867 ], [ 127.227123379234712, 37.585922485936791 ], [ 127.227887406317834, 37.585560452562582 ], [ 127.228603155299794, 37.585140562621298 ], [ 127.229263732385249, 37.584666860805811 ], [ 127.229862775587947, 37.584143910086773 ], [ 127.230394516010293, 37.583576747731598 ], [ 127.230853833392686, 37.58297083675577 ], [ 127.231236305397729, 37.582332013275106 ], [ 127.23153825015595, 37.58166643026771 ], [ 127.231756761664755, 37.580980498288277 ], [ 127.231889737702147, 37.580280823706815 ], [ 127.231935899989082, 37.579574145067731 ], [ 127.231894806409599, 37.578867268182556 ], [ 127.2317668551743, 37.578167000582113 ], [ 127.231553280891049, 37.577480085959316 ], [ 127.231256142583987, 37.576813139234055 ], [ 127.230878303780102, 37.576172582864892 ], [ 127.230423404857945, 37.575564585020558 ], [ 127.229895827927962, 37.574995000205426 ], [ 127.229300654585003, 37.574469312910047 ], [ 127.228643616941284, 37.57399258482797 ] ] ], [ [ [ 127.143723848879958, 37.582117203391427 ], [ 127.143011681820141, 37.581693514650937 ], [ 127.142250769165472, 37.581327414389314 ], [ 127.141448437788569, 37.581022427488357 ], [ 127.140612413041396, 37.580781490377063 ], [ 127.139750744414883, 37.580606922781371 ], [ 127.138871728090464, 37.58050040540823 ], [ 127.137983827125964, 37.580462963777613 ], [ 127.137095590042279, 37.580494958357775 ], [ 127.13621556859033, 37.580596081098143 ], [ 127.135352235487574, 37.580765358393172 ], [ 127.134513902912104, 37.581001160448608 ], [ 127.13370864253595, 37.581301216960526 ], [ 127.132944207864654, 37.581662638956523 ], [ 127.132227959627855, 37.582081946589916 ], [ 127.131566794937399, 37.582555102620077 ], [ 127.130967080893171, 37.583077551257965 ], [ 127.13043459327524, 37.583644262003816 ], [ 127.129974460911939, 37.584249778056545 ], [ 127.129591116260386, 37.584888268829879 ], [ 127.129288252676048, 37.585553586070851 ], [ 127.129068788784792, 37.586239323041539 ], [ 127.128934840302463, 37.586938876195219 ], [ 127.128887699576495, 37.58764550875383 ], [ 127.128927823049651, 37.58835241557523 ], [ 127.129054826769973, 37.589052788686011 ], [ 127.12926748999395, 37.589739882848789 ], [ 127.12956376685176, 37.590407080532572 ], [ 127.129940805965887, 37.591047955659995 ], [ 127.130394977837042, 37.591656335517058 ], [ 127.130921909737069, 37.592226360227954 ], [ 127.131516527774679, 37.59275253922133 ], [ 127.132173105730843, 37.593229804142979 ], [ 127.132885320194831, 37.593653557703874 ], [ 127.133646311469761, 37.594019717991721 ], [ 127.134448749661658, 37.594324757817937 ], [ 127.135284905313782, 37.594565738719666 ], [ 127.136146723904531, 37.594740339288073 ], [ 127.137025903489501, 37.594846877549152 ], [ 127.137913974736776, 37.594884327180154 ], [ 127.137929507036048, 37.594883767776246 ], [ 127.137579617937092, 37.594982173147756 ], [ 127.136774218595022, 37.595282249141377 ], [ 127.136009655022036, 37.595643689464055 ], [ 127.135293289188624, 37.596063014093104 ], [ 127.134632019338895, 37.596536185624764 ], [ 127.134032213585641, 37.597058648121191 ], [ 127.133499648592519, 37.59762537094965 ], [ 127.133039453933819, 37.598230897193126 ], [ 127.132656062667635, 37.59886939616753 ], [ 127.132353168599693, 37.59953471954119 ], [ 127.132133690650903, 37.60022046051732 ], [ 127.131999744674104, 37.600920015510688 ], [ 127.131952622994362, 37.601626647725503 ], [ 127.131992781872754, 37.602333552022834 ], [ 127.132119837017967, 37.603033920453363 ], [ 127.132332567192805, 37.603721007824454 ], [ 127.13262892588412, 37.604388196670151 ], [ 127.133006060927357, 37.605029060997772 ], [ 127.13346034190026, 37.605637428196836 ], [ 127.133783604449562, 37.605987039402756 ], [ 127.133708048062061, 37.606015183335465 ], [ 127.132943359544143, 37.606376602482058 ], [ 127.13222687323244, 37.606795907103709 ], [ 127.131565488530669, 37.607269059989648 ], [ 127.130965574657282, 37.607791505381954 ], [ 127.13043290931698, 37.608358212812995 ], [ 127.129972623050534, 37.608963725514464 ], [ 127.129589149798633, 37.609602212933105 ], [ 127.129286184157152, 37.610267526848943 ], [ 127.129066645737083, 37.61095326055662 ], [ 127.12893265097469, 37.611652810541258 ], [ 127.128885492665987, 37.612359440055577 ], [ 127.128925627426042, 37.613066343986866 ], [ 127.129052671197229, 37.613766714389442 ], [ 127.129265402853235, 37.614453806051785 ], [ 127.129561775867842, 37.615121001466534 ], [ 127.129938937939841, 37.615761874577693 ], [ 127.130393258387755, 37.616370252689968 ], [ 127.130920363054031, 37.616940275943598 ], [ 127.131515176384397, 37.617466453780445 ], [ 127.132171970279444, 37.617943717856569 ], [ 127.132884419248484, 37.618367470890242 ], [ 127.133645661335478, 37.618733630973374 ], [ 127.134448364229556, 37.619038670918641 ], [ 127.135284795922828, 37.619279652261312 ], [ 127.136146899233012, 37.619454253587783 ], [ 127.137026369471016, 37.619560792916303 ], [ 127.137914734502942, 37.619598243913622 ], [ 127.138803436431743, 37.6195662457908 ], [ 127.139683914109028, 37.619465106782194 ], [ 127.1405476856782, 37.619295801174125 ], [ 127.141386430350792, 37.619059959911873 ], [ 127.142192068624581, 37.618759854875876 ], [ 127.142956840167955, 37.618398376979172 ], [ 127.143673378617407, 37.617979008297979 ], [ 127.144334782565579, 37.617505788504872 ], [ 127.144934682054398, 37.616983275928945 ], [ 127.14546729993198, 37.616416503619668 ], [ 127.145927507481503, 37.615810930838613 ], [ 127.146310873787314, 37.61517239044781 ], [ 127.146613708363446, 37.614507032702974 ], [ 127.146833096635632, 37.613821265993749 ], [ 127.146966927937768, 37.613121695103246 ], [ 127.147013915755451, 37.612415057582176 ], [ 127.146973610025526, 37.611708158850924 ], [ 127.146846401375896, 37.61100780665533 ], [ 127.146633517269109, 37.610320745507266 ], [ 127.146401409424783, 37.609798494057024 ], [ 127.146443118905353, 37.609786762342161 ], [ 127.14724863679568, 37.609486621701187 ], [ 127.148013288800968, 37.609125109861047 ], [ 127.148729709709883, 37.608705709224708 ], [ 127.149390999247871, 37.608232459772246 ], [ 127.149990788559364, 37.607709920118126 ], [ 127.150523301553847, 37.607143123572236 ], [ 127.150983410524745, 37.606537529629151 ], [ 127.151366685505721, 37.6058989713543 ], [ 127.151669436889989, 37.605233599175172 ], [ 127.151888750903908, 37.604547821620031 ], [ 127.152022517595739, 37.603848243576046 ], [ 127.152069451072435, 37.603141602662411 ], [ 127.152029101793048, 37.602434704331891 ], [ 127.151901860803761, 37.601734356326197 ], [ 127.151688955877248, 37.60104730311668 ], [ 127.151392439597601, 37.600380160961478 ], [ 127.151015169508369, 37.599739354204196 ], [ 127.150560780518887, 37.599131053427172 ], [ 127.150033649836899, 37.598561116053617 ], [ 127.149438854767837, 37.598035029969964 ], [ 127.148782123788948, 37.597557860709941 ], [ 127.14807754378657, 37.597138819370429 ], [ 127.148042807682643, 37.597101259711003 ], [ 127.147448038249564, 37.596575163593592 ], [ 127.146791332828855, 37.596097983267136 ], [ 127.146079015644688, 37.595674313272433 ], [ 127.145317946017201, 37.595308232849789 ], [ 127.144515452329685, 37.595003266689609 ], [ 127.143679261495961, 37.594762351020847 ], [ 127.142817424605013, 37.594587805362771 ], [ 127.141938239457005, 37.594481310210995 ], [ 127.141050170734019, 37.594443890871467 ], [ 127.141034638546216, 37.594444450686701 ], [ 127.141384520655365, 37.594346035027421 ], [ 127.142189891619353, 37.594045927378851 ], [ 127.142954409215292, 37.593684446685693 ], [ 127.143670709526774, 37.593265075050319 ], [ 127.144331893440793, 37.592791852172923 ], [ 127.144931593118628, 37.592269336411462 ], [ 127.145464033332402, 37.591702560845214 ], [ 127.145924087075471, 37.59109698476626 ], [ 127.146307324912016, 37.590458441067653 ], [ 127.146610057591388, 37.589793080036259 ], [ 127.146829371518393, 37.589107310092835 ], [ 127.146963156740213, 37.588407736051238 ], [ 127.147010127183393, 37.587701095492235 ], [ 127.146969832949054, 37.586994193865408 ], [ 127.146842664551414, 37.586293838944549 ], [ 127.146629849062464, 37.585606775268012 ], [ 127.146333438203428, 37.584939619195232 ], [ 127.145956288501466, 37.584298795204461 ], [ 127.145502033705668, 37.583690474044552 ], [ 127.144975049730931, 37.583120513335643 ], [ 127.1443804124698, 37.582594401189503 ], [ 127.143723848879958, 37.582117203391427 ] ] ], [ [ [ 127.200339085120234, 37.598628645068835 ], [ 127.199626438015201, 37.598205296970328 ], [ 127.198865077913283, 37.597839560708593 ], [ 127.198062335990485, 37.597534957660898 ], [ 127.197225941547003, 37.597294420561035 ], [ 127.196363947629095, 37.597120265284687 ], [ 127.195484653546458, 37.597014168570468 ], [ 127.194596525028416, 37.596977151890037 ], [ 127.19370811278462, 37.597009571622188 ], [ 127.192827970251415, 37.597111115625175 ], [ 127.191964571311971, 37.59728080623966 ], [ 127.191126228779126, 37.597517009693945 ], [ 127.190321014422693, 37.597817451821285 ], [ 127.18955668130792, 37.598179239938077 ], [ 127.188840589190264, 37.598598890673692 ], [ 127.188179633682694, 37.599072363484787 ], [ 127.187580179875837, 37.599595099532422 ], [ 127.187048001049106, 37.600162065549242 ], [ 127.186588223062856, 37.600767802275435 ], [ 127.186205274967207, 37.601406476998562 ], [ 127.185902846304131, 37.60207193969255 ], [ 127.185683851515989, 37.602757782216635 ], [ 127.185550401805344, 37.603457400005063 ], [ 127.185503784719771, 37.604164055654429 ], [ 127.185544451661684, 37.604870943797167 ], [ 127.185672013446734, 37.60557125663648 ], [ 127.185885243957344, 37.606258249512244 ], [ 127.186182091859678, 37.606925305865829 ], [ 127.18655970027487, 37.607566000978146 ], [ 127.187014434218, 37.608174163866316 ], [ 127.18754191554406, 37.60874393674203 ], [ 127.188137065065817, 37.609269831457766 ], [ 127.188794151440518, 37.60974678239613 ], [ 127.1895068463554, 37.610170195291651 ], [ 127.190268285480812, 37.610535991513146 ], [ 127.19107113460386, 37.610840647379135 ], [ 127.191907660304736, 37.611081228126061 ], [ 127.192769804493054, 37.611255416200898 ], [ 127.193649262084278, 37.611361533604615 ], [ 127.194537561065601, 37.611398558070483 ], [ 127.19542614417648, 37.611366132920473 ], [ 127.196306451414287, 37.611264570504559 ], [ 127.197170002566352, 37.611094849189712 ], [ 127.198008478970408, 37.610858603927362 ], [ 127.198813803711985, 37.610558110490963 ], [ 127.199578219483826, 37.61019626353589 ], [ 127.200294363354047, 37.609776548693858 ], [ 127.200955337720799, 37.609303008971828 ], [ 127.201554776768745, 37.608780205780079 ], [ 127.202086907785628, 37.608213174966259 ], [ 127.202546606748399, 37.607607378280328 ], [ 127.202929447643797, 37.606968650738906 ], [ 127.203231745049465, 37.606303144397849 ], [ 127.203450589567211, 37.60561726907526 ], [ 127.203583875769269, 37.604917630597335 ], [ 127.203630322391589, 37.604210967162537 ], [ 127.203589484582594, 37.60350408443766 ], [ 127.203461758092942, 37.602803790011265 ], [ 127.203248375369697, 37.602116827835879 ], [ 127.20295139359618, 37.601449813290351 ], [ 127.202573674795843, 37.6008091694871 ], [ 127.202118858195618, 37.600201065437204 ], [ 127.201591325116993, 37.599631356667892 ], [ 127.200996156736053, 37.599105528863106 ], [ 127.200339085120234, 37.598628645068835 ] ] ], [ [ [ 127.166993040295409, 37.603217091150221 ], [ 127.166280540057528, 37.602793542709286 ], [ 127.165519298196585, 37.602427592165249 ], [ 127.164716644752559, 37.602122762957983 ], [ 127.163880308175649, 37.601881989998063 ], [ 127.163018340956512, 37.601707591431087 ], [ 127.162139042148752, 37.601601246336934 ], [ 127.161250877527635, 37.601563978577481 ], [ 127.160362398150369, 37.601596146947713 ], [ 127.159482158098925, 37.601697441724745 ], [ 127.158618632194163, 37.601866887647667 ], [ 127.157780134469704, 37.602102853299769 ], [ 127.1569747381875, 37.602403066803078 ], [ 127.156210198161943, 37.602764637674674 ], [ 127.155493876138109, 37.603184084635394 ], [ 127.154832669939807, 37.603657369103935 ], [ 127.154232947068621, 37.604179934055175 ], [ 127.1537004833921, 37.604746747869818 ], [ 127.153240407510907, 37.605352352754529 ], [ 127.152857151341351, 37.605990917267576 ], [ 127.152554407390255, 37.606656292445606 ], [ 127.152335093134653, 37.607342070992203 ], [ 127.152201322852747, 37.608041648959443 ], [ 127.152154387178896, 37.608748289329256 ], [ 127.152194740583923, 37.609455186883103 ], [ 127.152321996903851, 37.610155533735437 ], [ 127.152534932964343, 37.61084258490029 ], [ 127.152831500269301, 37.611509723259246 ], [ 127.153208844644553, 37.612150523304855 ], [ 127.153663333650954, 37.612758813044721 ], [ 127.15419059150544, 37.613328733469636 ], [ 127.15478554117621, 37.613854795011527 ], [ 127.155442453248455, 37.614331930446397 ], [ 127.156155001091207, 37.614755543731633 ], [ 127.156916321794142, 37.615121554305532 ], [ 127.1577190822875, 37.615426436421266 ], [ 127.158555550007208, 37.615667253135065 ], [ 127.159417667422844, 37.615841684619888 ], [ 127.160297129708852, 37.615948050530804 ], [ 127.161185464807588, 37.615985326205987 ], [ 127.162074115110514, 37.615953152546254 ], [ 127.162954519967059, 37.615851839477742 ], [ 127.16381819822297, 37.615682362964314 ], [ 127.16465682998988, 37.615446355598252 ], [ 127.165462336854688, 37.615146090860584 ], [ 127.166226959753303, 37.614784461203115 ], [ 127.166943333755967, 37.614364950164116 ], [ 127.16760455904128, 37.61389159878739 ], [ 127.168204267374193, 37.61336896666932 ], [ 127.168736683445871, 37.612802088010362 ], [ 127.169196680485044, 37.612196423095781 ], [ 127.169579829605269, 37.611557805674245 ], [ 127.169882442413595, 37.610892386742336 ], [ 127.17010160647267, 37.610206575277928 ], [ 127.170235213276328, 37.609506976493925 ], [ 127.170281978472559, 37.608800328208389 ], [ 127.170241454141902, 37.608093435944035 ], [ 127.170114033016873, 37.607393107383174 ], [ 127.169900944605246, 37.606706086808821 ], [ 127.169604243257822, 37.606038990163817 ], [ 127.169226788299994, 37.605398241352589 ], [ 127.168772216420493, 37.604790010398602 ], [ 127.168244906587191, 37.604220154051944 ], [ 127.16764993782941, 37.603694159418247 ], [ 127.166993040295409, 37.603217091150221 ] ] ] ] } }
]
}
