{
"type": "FeatureCollection",
"name": "pangyo_parcels",
"crs": { "type": "name", "properties": { "name": "urn:ogc:def:crs:OGC:1.3:CRS84" } },
"features": [
{ "type": "Feature", "properties": { "PNU": "4113510900104050017", "JIBUN": "405-17 천", "purp_class": "empty", "mainPurps": "정보없음", "totArea_sum": 0, "area_m2": 37, "far_pct": 0 }, "geometry": { "type": "Polygon", "coordinates": [ [ [ 127.099937231529182, 37.408020659086937 ], [ 127.099869059505579, 37.407894691184204 ], [ 127.099918666152618, 37.407703905542405 ], [ 127.099853525240633, 37.407865988833663 ], [ 127.099864569288911, 37.407941871938 ], [ 127.099937231529182, 37.408020659086937 ] ] ] } },
{ "type": "Feature", "properties": { "PNU": "4113510900104030001", "JIBUN": "403-1도", "purp_class": "empty", "mainPurps": "정보없음", "totArea_sum": 0, "area_m2": 1091, "far_pct": 0 }, "geometry": { "type": "Polygon", "coordinates": [ [ [ 127.100003059899819, 37.406994540082842 ], [ 127.100094253802922, 37.407278346160147 ], [ 127.099922293121608, 37.407704884627599 ], [ 127.100074071258433, 37.407736473854222 ], [ 127.100274377377261, 37.407022893902571 ], [ 127.100003059899819, 37.406994540082842 ] ] ] } },
{ "type": "Feature", "properties": { "PNU": "4113510900104020027", "JIBUN": "402-27 임", "purp_class": "empty", "mainPurps": "정보없음", "totArea_sum": 0, "area_m2": 10483, "far_pct": 0 }, "geometry": { "type": "Polygon", "coordinates": [ [ [ 127.100462400815488, 37.407974449333643 ], [ 127.100802509139243, 37.408465342200252 ], [ 127.10121476996288, 37.408568530643493 ], [ 127.101215076751828, 37.408697762602564 ], [ 127.10176224411147, 37.408899297938504 ], [ 127.102688604677851, 37.409537227561735 ], [ 127.102784559110134, 37.409496194406998 ], [ 127.103059565290991, 37.408802142980839 ], [ 127.102945925958821, 37.409004049280341 ], [ 127.101949056799953, 37.408638530566556 ], [ 127.101462194173536, 37.408257571555602 ], [ 127.101302409294661, 37.408253859189429 ], [ 127.100500382761595, 37.407903327650622 ], [ 127.100462400815488, 37.407974449333643 ] ] ] } },
{ "type": "Feature", "properties": { "PNU": "4113510900104020026", "JIBUN": "402-26 임", "purp_class": "empty", "mainPurps": "정보없음", "totArea_sum": 0, "area_m2": 51, "far_pct": 0 }, "geometry": { "type": "Polygon", "coordinates": [ [ [ 127.10046043499365, 37.407888188034526 ], [ 127.10037915506777, 37.407999134630842 ], [ 127.100462400815488, 37.407974449333643 ], [ 127.10046043499365, 37.407888188034526 ] ] ] } },
{ "type": "Feature", "properties": { "PNU": "4113510900104020023", "JIBUN": "402-23 도", "purp_class": "empty", "mainPurps": "정보없음", "totArea_sum": 0, "area_m2": 40, "far_pct": 0 }, "geometry": { "type": "Polygon", "coordinates": [ [ [ 127.10176609809028, 37.408968861839391 ], [ 127.10176224411147, 37.408899297938504 ], [ 127.101676279688988, 37.408867637133568 ], [ 127.10176609809028, 37.408968861839391 ] ] ] } },
{ "type": "Feature", "properties": { "PNU": "4113510900104020022", "JIBUN": "402-22 도", "purp_class": "empty", "mainPurps": "정보없음", "totArea_sum": 0, "area_m2": 1954, "far_pct": 0 }, "geometry": { "type": "Polygon", "coordinates": [ [ [ 127.10176609809028, 37.408968861839391 ], [ 127.102446162507249, 37.409721844953197 ], [ 127.102688604677851, 37.409537227561735 ], [ 127.101800434003195, 37.408925439964271 ], [ 127.10176609809028, 37.408968861839391 ] ] ] } },
{ "type": "Feature", "properties": { "PNU": "4113510900104020021", "JIBUN": "402-21 도", "purp_class": "empty", "mainPurps": "정보없음", "totArea_sum": 0, "area_m2": 394, "far_pct": 0 }, "geometry": { "type": "Polygon", "coordinates": [ [ [ 127.100223275154036, 37.408113125821622 ], [ 127.100233370153276, 37.408248755821539 ], [ 127.100339823018317, 37.408289401672228 ], [ 127.100462400815488, 37.407974449333643 ], [ 127.100223275154036, 37.408113125821622 ] ] ] } },
{ "type": "Feature", "properties": { "PNU": "4113510900104020020", "JIBUN": "402-20 도", "purp_class": "empty", "mainPurps": "정보없음", "totArea_sum": 0, "area_m2": 1387, "far_pct": 0 }, "geometry": { "type": "Polygon", "coordinates": [ [ [ 127.100339823018317, 37.408289401672228 ], [ 127.100975476788093, 37.408563776605774 ], [ 127.101038458854191, 37.408717886842339 ], [ 127.101231396712279, 37.408688108007055 ], [ 127.10121476996288, 37.408568530643493 ], [ 127.100802509139243, 37.408465342200252 ], [ 127.100488875270614, 37.407973634284815 ], [ 127.100339823018317, 37.408289401672228 ] ] ] } },
{ "type": "Feature", "properties": { "PNU": "4113510900104020012", "JIBUN": "402-12 임", "purp_class": "empty", "mainPurps": "정보없음", "totArea_sum": 0, "area_m2": 1802, "far_pct": 0 }, "geometry": { "type": "Polygon", "coordinates": [ [ [ 127.100267696847723, 37.408481873154749 ], [ 127.100751199126947, 37.40875067285382 ], [ 127.101151291033915, 37.408738803426381 ], [ 127.10165481229059, 37.408939051541005 ], [ 127.101491800244176, 37.409219386322434 ], [ 127.102053483493549, 37.409342583012226 ], [ 127.101676279688988, 37.408867637133568 ], [ 127.101215076751828, 37.408697762602564 ], [ 127.100708612176476, 37.408704585761249 ], [ 127.100299173633019, 37.408393826950132 ], [ 127.100267696847723, 37.408481873154749 ] ] ] } },
{ "type": "Feature", "properties": { "PNU": "4113510900104020010", "JIBUN": "402-10 대", "purp_class": "non_resi", "mainPurps": "제1종근린생활시설", "totArea_sum": 499, "area_m2": 2069, "far_pct": 24 }, "geometry": { "type": "Polygon", "coordinates": [ [ [ 127.101491800244176, 37.409219386322434 ], [ 127.10165481229059, 37.408939051541005 ], [ 127.101249128746858, 37.408789366850598 ], [ 127.101128118435071, 37.408998530773403 ], [ 127.100858312204991, 37.408974070030411 ], [ 127.100257116993077, 37.408742851243481 ], [ 127.100266060578917, 37.408810050292871 ], [ 127.101491800244176, 37.409219386322434 ] ] ] } },
{ "type": "Feature", "properties": { "PNU": "4113510900104020008", "JIBUN": "402-8 대", "purp_class": "non_resi", "mainPurps": "제1종근린생활시설", "totArea_sum": 498, "area_m2": 2079, "far_pct": 24 }, "geometry": { "type": "Polygon", "coordinates": [ [ [ 127.100267696847723, 37.408481873154749 ], [ 127.100257116993077, 37.408742851243481 ], [ 127.100858312204991, 37.408974070030411 ], [ 127.101128118435071, 37.408998530773403 ], [ 127.101249128746858, 37.408789366850598 ], [ 127.100751199126947, 37.40875067285382 ], [ 127.100267696847723, 37.408481873154749 ] ] ] } },
{ "type": "Feature", "properties": { "PNU": "4113510900104020005", "JIBUN": "402-5 도", "purp_class": "empty", "mainPurps": "정보없음", "totArea_sum": 0, "area_m2": 159, "far_pct": 0 }, "geometry": { "type": "Polygon", "coordinates": [ [ [ 127.100339823018317, 37.408289401672228 ], [ 127.100233370153276, 37.408248755821539 ], [ 127.100234689459413, 37.408574191426744 ], [ 127.100299173633019, 37.408393826950132 ], [ 127.100339823018317, 37.408289401672228 ] ] ] } },
{ "type": "Feature", "properties": { "PNU": "4113510900104020002", "JIBUN": "402-2도", "purp_class": "empty", "mainPurps": "정보없음", "totArea_sum": 0, "area_m2": 35, "far_pct": 0 }, "geometry": { "type": "Polygon", "coordinates": [ [ [ 127.100260541068096, 37.408038391754481 ], [ 127.100223275154036, 37.408113125821622 ], [ 127.100315410952959, 37.408020145464498 ], [ 127.100260541068096, 37.408038391754481 ] ] ] } },
{ "type": "Feature", "properties": { "PNU": "4113510900104020001", "JIBUN": "402-1답", "purp_class": "empty", "mainPurps": "정보없음", "totArea_sum": 0, "area_m2": 1416, "far_pct": 0 }, "geometry": { "type": "Polygon", "coordinates": [ [ [ 127.100339823018317, 37.408289401672228 ], [ 127.100310225716015, 37.408432417091724 ], [ 127.100440501958815, 37.40854309666323 ], [ 127.100708612176476, 37.408704585761249 ], [ 127.101038458854191, 37.408717886842339 ], [ 127.100975476788093, 37.408563776605774 ], [ 127.100339823018317, 37.408289401672228 ] ] ] } },
{ "type": "Feature", "properties": { "PNU": "4113510900104010001", "JIBUN": "401-1 도", "purp_class": "empty", "mainPurps": "정보없음", "totArea_sum": 0, "area_m2": 42064, "far_pct": 0 }, "geometry": { "type": "Polygon", "coordinates": [ [ [ 127.100508945858138, 37.407887282457665 ], [ 127.1007623701162, 37.407937283442728 ], [ 127.101667819098409, 37.407764147249182 ], [ 127.10190368651881, 37.407869834226169 ], [ 127.102101169030973, 37.407844978649003 ], [ 127.102729348373316, 37.408018770501492 ], [ 127.1029052456079, 37.408203012015747 ], [ 127.103201762038807, 37.408160238600836 ], [ 127.103368164852185, 37.408221724632497 ], [ 127.103842398847064, 37.408005594751067 ], [ 127.104026320955171, 37.408075750455922 ], [ 127.104305787838484, 37.408046432159516 ], [ 127.104370080907728, 37.40816339074572 ], [ 127.104986063105088, 37.408151869964108 ], [ 127.10546997941222, 37.408235527987237 ], [ 127.106480513189979, 37.40765168912025 ], [ 127.106690939727727, 37.407692966729428 ], [ 127.106901884033945, 37.407410230366082 ], [ 127.105116590470473, 37.407365694281147 ], [ 127.104868029130415, 37.407427730284191 ], [ 127.105119781571716, 37.407361799110518 ], [ 127.105152768145018, 37.407218103736554 ], [ 127.104983498002667, 37.407214701990576 ], [ 127.104811780781233, 37.40734577827758 ], [ 127.101988497110582, 37.407283509317423 ], [ 127.101122267299075, 37.407189590830981 ], [ 127.101342611183583, 37.407064101170029 ], [ 127.100827566994553, 37.407023205433696 ], [ 127.100549720319094, 37.407560802434851 ], [ 127.100698629888669, 37.407566975696888 ], [ 127.100508945858138, 37.407887282457665 ] ] ] } },
{ "type": "Feature", "properties": { "PNU": "4113510900103990004", "JIBUN": "399-4도", "purp_class": "empty", "mainPurps": "정보없음", "totArea_sum": 0, "area_m2": 252, "far_pct": 0 }, "geometry": { "type": "Polygon", "coordinates": [ [ [ 127.100324460714475, 37.407110313364235 ], [ 127.100308194064468, 37.407169000903579 ], [ 127.100412926235236, 37.407139089830444 ], [ 127.100215434913167, 37.407552324107648 ], [ 127.100512848052261, 37.407135960789468 ], [ 127.100324460714475, 37.407110313364235 ] ] ] } },
{ "type": "Feature", "properties": { "PNU": "4113510900103760052", "JIBUN": "376-52 임", "purp_class": "empty", "mainPurps": "정보없음", "totArea_sum": 0, "area_m2": 106, "far_pct": 0 }, "geometry": { "type": "Polygon", "coordinates": [ [ [ 127.100371861378221, 37.407855194959573 ], [ 127.100335852505253, 37.407940884326308 ], [ 127.100334378317598, 37.408013840546253 ], [ 127.10046043499365, 37.407888188034526 ], [ 127.100371861378221, 37.407855194959573 ] ] ] } },
{ "type": "Feature", "properties": { "PNU": "4113510900103760051", "JIBUN": "376-51 도", "purp_class": "empty", "mainPurps": "정보없음", "totArea_sum": 0, "area_m2": 76, "far_pct": 0 }, "geometry": { "type": "Polygon", "coordinates": [ [ [ 127.100313404284762, 37.407833835760172 ], [ 127.100256734599938, 37.408038358892824 ], [ 127.100349599489732, 37.407847023365505 ], [ 127.100313404284762, 37.407833835760172 ] ] ] } },
{ "type": "Feature", "properties": { "PNU": "4113510900103760050", "JIBUN": "376-50 도", "purp_class": "empty", "mainPurps": "정보없음", "totArea_sum": 0, "area_m2": 75, "far_pct": 0 }, "geometry": { "type": "Polygon", "coordinates": [ [ [ 127.100256734599938, 37.408038358892824 ], [ 127.100334378317598, 37.408013840546253 ], [ 127.100349599489732, 37.407847023365505 ], [ 127.100305222061024, 37.407924925959101 ], [ 127.100256734599938, 37.408038358892824 ] ] ] } },
{ "type": "Feature", "properties": { "PNU": "4113510900103760043", "JIBUN": "376-43 도", "purp_class": "empty", "mainPurps": "정보없음", "totArea_sum": 0, "area_m2": 637, "far_pct": 0 }, "geometry": { "type": "Polygon", "coordinates": [ [ [ 127.100313404284762, 37.407833835760172 ], [ 127.100500382761595, 37.407903327650622 ], [ 127.100726303383567, 37.407165010731653 ], [ 127.100634470684426, 37.407152509612132 ], [ 127.100533079247697, 37.407558068283258 ], [ 127.100451314436825, 37.407540422819018 ], [ 127.100313404284762, 37.407833835760172 ] ] ] } },
{ "type": "Feature", "properties": { "PNU": "4113510900103760038", "JIBUN": "376-38 전", "purp_class": "empty", "mainPurps": "정보없음", "totArea_sum": 0, "area_m2": 63, "far_pct": 0 }, "geometry": { "type": "Polygon", "coordinates": [ [ [ 127.100045356309209, 37.407742732793352 ], [ 127.099965917848721, 37.408018328612926 ], [ 127.100074071258433, 37.407736473854222 ], [ 127.100045356309209, 37.407742732793352 ] ] ] } },
{ "type": "Feature", "properties": { "PNU": "4113510900103760031", "JIBUN": "376-31도", "purp_class": "empty", "mainPurps": "정보없음", "totArea_sum": 0, "area_m2": 295, "far_pct": 0 }, "geometry": { "type": "Polygon", "coordinates": [ [ [ 127.100252024926789, 37.407100444713983 ], [ 127.100324460714475, 37.407110313364235 ], [ 127.100456233729446, 37.406634486466473 ], [ 127.100353736104012, 37.406748442183122 ], [ 127.100252024926789, 37.407100444713983 ] ] ] } },
{ "type": "Feature", "properties": { "PNU": "4113510900103760004", "JIBUN": "376-4도", "purp_class": "empty", "mainPurps": "정보없음", "totArea_sum": 0, "area_m2": 3611, "far_pct": 0 }, "geometry": { "type": "Polygon", "coordinates": [ [ [ 127.099937231529182, 37.408020659086937 ], [ 127.100108430137766, 37.40824467937005 ], [ 127.100217622868044, 37.408669145358964 ], [ 127.100211248985701, 37.408037955372862 ], [ 127.100451314436825, 37.407540422819018 ], [ 127.100565858928718, 37.407473570892954 ], [ 127.100634470684426, 37.407152509612132 ], [ 127.100512848052261, 37.407135960789468 ], [ 127.100215434913167, 37.407552324107648 ], [ 127.100412926235236, 37.407139089830444 ], [ 127.100308194064468, 37.407169000903579 ], [ 127.100252024926789, 37.407100444713983 ], [ 127.099937231529182, 37.408020659086937 ] ] ] } },
{ "type": "Feature", "properties": { "PNU": "4113510900102880000", "JIBUN": "288 도", "purp_class": "empty", "mainPurps": "정보없음", "totArea_sum": 0, "area_m2": 13286, "far_pct": 0 }, "geometry": { "type": "Polygon", "coordinates": [ [ [ 127.101005517743729, 37.397198648264194 ], [ 127.100288442593012, 37.39758551418597 ], [ 127.100676212254101, 37.397549239185878 ], [ 127.100831589006447, 37.397704353529328 ], [ 127.100784346365998, 37.398276537152384 ], [ 127.100664826875246, 37.398422511601119 ], [ 127.100648177814989, 37.398557947967831 ], [ 127.100718212588703, 37.398568881605335 ], [ 127.100455633872201, 37.398738942737999 ], [ 127.100310309713876, 37.399016035936732 ], [ 127.100333138921954, 37.399114227380508 ], [ 127.100537531545228, 37.398924933570655 ], [ 127.100278051923539, 37.399478463222721 ], [ 127.100376979079243, 37.399903749191303 ], [ 127.100201800051906, 37.400325209563711 ], [ 127.100303114715118, 37.400348992819687 ], [ 127.100678457124303, 37.399510294316109 ], [ 127.100497134576486, 37.399466296554387 ], [ 127.100627120406145, 37.398776281310965 ], [ 127.100792276970751, 37.398809300082348 ], [ 127.100579908491099, 37.399459289431327 ], [ 127.100690503074148, 37.399481181465738 ], [ 127.100835136620091, 37.39919462775601 ], [ 127.101187125521577, 37.397632513863087 ], [ 127.101523103362027, 37.397035398390351 ], [ 127.101591257000379, 37.39741619943937 ], [ 127.101683418644598, 37.397421617593267 ], [ 127.101732175110584, 37.397058918063053 ], [ 127.10189550578022, 37.396843076716628 ], [ 127.10162149095602, 37.396712481728898 ], [ 127.101066985894249, 37.396795933262993 ], [ 127.101005517743729, 37.397198648264194 ] ] ] } },
{ "type": "Feature", "properties": { "PNU": "4113510900200020026", "JIBUN": "산2-26 도", "purp_class": "empty", "mainPurps": "정보없음", "totArea_sum": 0, "area_m2": 44, "far_pct": 0 }, "geometry": { "type": "Polygon", "coordinates": [ [ [ 127.101957413921824, 37.407275363541011 ], [ 127.101713839902544, 37.407208129401518 ], [ 127.101779727278654, 37.407262134309747 ], [ 127.101957413921824, 37.407275363541011 ] ] ] } },
{ "type": "Feature", "properties": { "PNU": "4113510900200020024", "JIBUN": "산2-24 도", "purp_class": "empty", "mainPurps": "정보없음", "totArea_sum": 0, "area_m2": 428, "far_pct": 0 }, "geometry": { "type": "Polygon", "coordinates": [ [ [ 127.101779727278654, 37.407262134309747 ], [ 127.101205699999511, 37.407127846198208 ], [ 127.101256644158127, 37.407096925530212 ], [ 127.101177191878435, 37.407145043532417 ], [ 127.101122267299075, 37.407189590830981 ], [ 127.101779727278654, 37.407262134309747 ] ] ] } },
{ "type": "Feature", "properties": { "PNU": "4113510900200020020", "JIBUN": "산2-20 도", "purp_class": "empty", "mainPurps": "정보없음", "totArea_sum": 0, "area_m2": 130, "far_pct": 0 }, "geometry": { "type": "Polygon", "coordinates": [ [ [ 127.101205699999511, 37.407127846198208 ], [ 127.101536108245853, 37.407160886613163 ], [ 127.101342611183583, 37.407064101170029 ], [ 127.101205699999511, 37.407127846198208 ] ] ] } },
{ "type": "Feature", "properties": { "PNU": "4113510900106650001", "JIBUN": "665-1도", "purp_class": "empty", "mainPurps": "정보없음", "totArea_sum": 0, "area_m2": 520, "far_pct": 0 }, "geometry": { "type": "Polygon", "coordinates": [ [ [ 127.111051127689151, 37.398295764485901 ], [ 127.111276736775224, 37.398348264604785 ], [ 127.111277652941482, 37.398124632082968 ], [ 127.111052013448798, 37.398050777959405 ], [ 127.111051127689151, 37.398295764485901 ] ] ] } },
{ "type": "Feature", "properties": { "PNU": "4113510900106650000", "JIBUN": "665공", "purp_class": "empty", "mainPurps": "정보없음", "totArea_sum": 0, "area_m2": 2976, "far_pct": 0 }, "geometry": { "type": "Polygon", "coordinates": [ [ [ 127.109922257424387, 37.397849361215066 ], [ 127.10984254023127, 37.398016662476046 ], [ 127.111051127689151, 37.398295764485901 ], [ 127.111052013448798, 37.398050777959405 ], [ 127.110652936417324, 37.3979200494148 ], [ 127.110171617307671, 37.397848952146902 ], [ 127.109922257424387, 37.397849361215066 ] ] ] } },
{ "type": "Feature", "properties": { "PNU": "4113510900106640001", "JIBUN": "664-1도", "purp_class": "empty", "mainPurps": "정보없음", "totArea_sum": 0, "area_m2": 5667, "far_pct": 0 }, "geometry": { "type": "Polygon", "coordinates": [ [ [ 127.109875739798852, 37.397622078000417 ], [ 127.109842164973841, 37.397912866002521 ], [ 127.109922257424387, 37.397849361215066 ], [ 127.110474092693849, 37.397873451712087 ], [ 127.112003268883655, 37.398359481378833 ], [ 127.112675659566477, 37.398416426004111 ], [ 127.112755712049307, 37.398479962308329 ], [ 127.112727011210723, 37.398164003707919 ], [ 127.112646807728723, 37.398227420393297 ], [ 127.112191870524171, 37.398205141516037 ], [ 127.110625302221962, 37.397710408945322 ], [ 127.109875739798852, 37.397622078000417 ] ] ] } },
{ "type": "Feature", "properties": { "PNU": "4113510900106640000", "JIBUN": "664대", "purp_class": "non_resi", "mainPurps": "숙박시설", "totArea_sum": 41521, "area_m2": 3307, "far_pct": 1255 }, "geometry": { "type": "Polygon", "coordinates": [ [ [ 127.110372279290132, 37.397286084292183 ], [ 127.11041609056555, 37.397671407687788 ], [ 127.111052845407229, 37.397846427206233 ], [ 127.111055020950417, 37.397246079500107 ], [ 127.110372279290132, 37.397286084292183 ] ] ] } },
{ "type": "Feature", "properties": { "PNU": "4113510900106630001", "JIBUN": "663-1도", "purp_class": "empty", "mainPurps": "정보없음", "totArea_sum": 0, "area_m2": 1415, "far_pct": 0 }, "geometry": { "type": "Polygon", "coordinates": [ [ [ 127.111052845407229, 37.397846427206233 ], [ 127.111278484419003, 37.397920371433003 ], [ 127.111281001892209, 37.397245960052366 ], [ 127.111055020950417, 37.397246079500107 ], [ 127.111052845407229, 37.397846427206233 ] ] ] } },
{ "type": "Feature", "properties": { "PNU": "4113510900106630000", "JIBUN": "663대", "purp_class": "non_resi", "mainPurps": "업무시설", "totArea_sum": 6129, "area_m2": 652, "far_pct": 940 }, "geometry": { "type": "Polygon", "coordinates": [ [ [ 127.111280153671629, 37.397516174973617 ], [ 127.111529738568706, 37.39751594303619 ], [ 127.111481685630423, 37.397245863700356 ], [ 127.111281001892209, 37.397245960052366 ], [ 127.111280153671629, 37.397516174973617 ] ] ] } },
{ "type": "Feature", "properties": { "PNU": "4113510900106620000", "JIBUN": "662대", "purp_class": "non_resi", "mainPurps": "제2종근린생활시설", "totArea_sum": 13749, "area_m2": 1245, "far_pct": 1104 }, "geometry": { "type": "Polygon", "coordinates": [ [ [ 127.111278484419003, 37.397920371433003 ], [ 127.111625813324821, 37.398034116898351 ], [ 127.111529738568706, 37.39751594303619 ], [ 127.111280153671629, 37.397516174973617 ], [ 127.111278484419003, 37.397920371433003 ] ] ] } },
{ "type": "Feature", "properties": { "PNU": "4113510900106680006", "JIBUN": "668-6대", "purp_class": "empty", "mainPurps": "정보없음", "totArea_sum": 0, "area_m2": 4000, "far_pct": 0 }, "geometry": { "type": "Polygon", "coordinates": [ [ [ 127.108868331552301, 37.399025515238769 ], [ 127.108869132790744, 37.399745604762991 ], [ 127.109369412309789, 37.399721092449724 ], [ 127.109450298547955, 37.399658217985632 ], [ 127.109482254993083, 37.399024956292017 ], [ 127.108868331552301, 37.399025515238769 ] ] ] } },
{ "type": "Feature", "properties": { "PNU": "4113510900106680005", "JIBUN": "668-5대", "purp_class": "empty", "mainPurps": "정보없음", "totArea_sum": 0, "area_m2": 3758, "far_pct": 0 }, "geometry": { "type": "Polygon", "coordinates": [ [ [ 127.108338325734806, 37.399746175575267 ], [ 127.108869132790744, 37.399745604762991 ], [ 127.108868331552301, 37.399025515238769 ], [ 127.108337416638108, 37.399026086141788 ], [ 127.108338325734806, 37.399746175575267 ] ] ] } },
{ "type": "Feature", "properties": { "PNU": "4113510900106680004", "JIBUN": "668-4공", "purp_class": "empty", "mainPurps": "정보없음", "totArea_sum": 0, "area_m2": 9504, "far_pct": 0 }, "geometry": { "type": "Polygon", "coordinates": [ [ [ 127.099158736125602, 37.406882839004197 ], [ 127.099493725755067, 37.406957436052764 ], [ 127.099799741717007, 37.406900057873216 ], [ 127.100000179424185, 37.406985694537113 ], [ 127.100013652287402, 37.407061881960225 ], [ 127.100003059899819, 37.406994540082842 ], [ 127.100274377377261, 37.407022893902571 ], [ 127.100456233729446, 37.406634486466473 ], [ 127.100324460714475, 37.407110313364235 ], [ 127.10075769272089, 37.406497676331327 ], [ 127.101372071023832, 37.405942765876844 ], [ 127.102989031037936, 37.405027852259678 ], [ 127.10364728515971, 37.404533079873765 ], [ 127.104058382916875, 37.404102400215606 ], [ 127.104426347313819, 37.403518133894281 ], [ 127.104374539689573, 37.403459973517705 ], [ 127.103834877767554, 37.404194136766648 ], [ 127.103137018263652, 37.404797876745199 ], [ 127.100196030541611, 37.406519140011518 ], [ 127.099158736125602, 37.406882839004197 ] ] ] } },
{ "type": "Feature", "properties": { "PNU": "4113510900106680003", "JIBUN": "668-3공", "purp_class": "empty", "mainPurps": "정보없음", "totArea_sum": 0, "area_m2": 4096, "far_pct": 0 }, "geometry": { "type": "Polygon", "coordinates": [ [ [ 127.106038260234016, 37.400009344827147 ], [ 127.104570560706307, 37.40301199924432 ], [ 127.104801837413106, 37.402907820514947 ], [ 127.105215408306861, 37.402070146805826 ], [ 127.105981841190498, 37.400370881391176 ], [ 127.106038260234016, 37.400009344827147 ] ] ] } },
{ "type": "Feature", "properties": { "PNU": "4113510900106680002", "JIBUN": "668-2공", "purp_class": "empty", "mainPurps": "정보없음", "totArea_sum": 0, "area_m2": 526, "far_pct": 0 }, "geometry": { "type": "Polygon", "coordinates": [ [ [ 127.106644591301006, 37.398852806564463 ], [ 127.106416616234213, 37.399127277658856 ], [ 127.10620207557352, 37.399724029052848 ], [ 127.106547263214068, 37.399112204856344 ], [ 127.106644591301006, 37.398852806564463 ] ] ] } },
{ "type": "Feature", "properties": { "PNU": "4113510900106680001", "JIBUN": "668-1도", "purp_class": "empty", "mainPurps": "정보없음", "totArea_sum": 0, "area_m2": 53668, "far_pct": 0 }, "geometry": { "type": "Polygon", "coordinates": [ [ [ 127.100324460714475, 37.407110313364235 ], [ 127.100726303371687, 37.407165001721516 ], [ 127.101268223012994, 37.406501751793357 ], [ 127.102108351864729, 37.406011069268793 ], [ 127.102872948643679, 37.405717857440777 ], [ 127.103605506106774, 37.405290147091172 ], [ 127.104741830111919, 37.404199835770598 ], [ 127.10513605096412, 37.403493907544615 ], [ 127.105627177810916, 37.402222867153718 ], [ 127.106939095012706, 37.399392431888657 ], [ 127.107179662732818, 37.398595991183136 ], [ 127.106644591301006, 37.398852806564463 ], [ 127.106038260234016, 37.400009344827147 ], [ 127.105981841190498, 37.400370881391176 ], [ 127.105204145719227, 37.402093042423843 ], [ 127.104801837413106, 37.402907820514947 ], [ 127.104570560706307, 37.40301199924432 ], [ 127.104374539689573, 37.403459973517705 ], [ 127.104426347313819, 37.403518133894281 ], [ 127.104052859452537, 37.404110333921153 ], [ 127.103164055766925, 37.404913723780901 ], [ 127.101355936336617, 37.405955393681971 ], [ 127.10075769272089, 37.406497676331327 ], [ 127.100324460714475, 37.407110313364235 ] ] ] } },
{ "type": "Feature", "properties": { "PNU": "4113510900106680000", "JIBUN": "668대", "purp_class": "non_resi", "mainPurps": "교육연구시설", "totArea_sum": 88972, "area_m2": 3764, "far_pct": 2000 }, "geometry": { "type": "Polygon", "coordinates": [ [ [ 127.107805370303794, 37.39974494390848 ], [ 127.108338325734806, 37.399746175575267 ], [ 127.108337416638108, 37.399026086141788 ], [ 127.107804355787081, 37.399026566488658 ], [ 127.107805370303794, 37.39974494390848 ] ] ] } },
{ "type": "Feature", "properties": { "PNU": "4113510900106670007", "JIBUN": "667-7도", "purp_class": "empty", "mainPurps": "정보없음", "totArea_sum": 0, "area_m2": 13054, "far_pct": 0 }, "geometry": { "type": "Polygon", "coordinates": [ [ [ 127.107276846933672, 37.399923998731303 ], [ 127.112649032473314, 37.39996358187814 ], [ 127.112728973777578, 37.400027208388508 ], [ 127.112723584100863, 37.399666267358008 ], [ 127.112642926735546, 37.399729324046923 ], [ 127.112162414346258, 37.399755183234525 ], [ 127.107606260248303, 37.399744492005482 ], [ 127.106960893445688, 37.399715966514009 ], [ 127.106855441338979, 37.399577304376052 ], [ 127.106665733627707, 37.400001129903188 ], [ 127.107276846933672, 37.399923998731303 ] ] ] } },
{ "type": "Feature", "properties": { "PNU": "4113510900106670006", "JIBUN": "667-6 도", "purp_class": "empty", "mainPurps": "정보없음", "totArea_sum": 0, "area_m2": 4397, "far_pct": 0 }, "geometry": { "type": "Polygon", "coordinates": [ [ [ 127.109369412309789, 37.399721092449724 ], [ 127.109957369388468, 37.399723077552338 ], [ 127.109879461287335, 37.399657825475224 ], [ 127.109854960457639, 37.398642495410023 ], [ 127.109480567638727, 37.398557241509359 ], [ 127.109450298547955, 37.399658217985632 ], [ 127.109369412309789, 37.399721092449724 ] ] ] } },
{ "type": "Feature", "properties": { "PNU": "4113510900107180005", "JIBUN": "718-5공", "purp_class": "empty", "mainPurps": "정보없음", "totArea_sum": 0, "area_m2": 399, "far_pct": 0 }, "geometry": { "type": "Polygon", "coordinates": [ [ [ 127.117087416065289, 37.402113740643912 ], [ 127.117008343936917, 37.402105168173406 ], [ 127.117009138752579, 37.402623069846094 ], [ 127.117088198141502, 37.402622992600037 ], [ 127.117087416065289, 37.402113740643912 ] ] ] } },
{ "type": "Feature", "properties": { "PNU": "4113510900107180004", "JIBUN": "718-4도", "purp_class": "empty", "mainPurps": "정보없음", "totArea_sum": 0, "area_m2": 3125, "far_pct": 0 }, "geometry": { "type": "Polygon", "coordinates": [ [ [ 127.117008343936917, 37.402105168173406 ], [ 127.119330475531356, 37.402357954172039 ], [ 127.119352628173402, 37.402223951420403 ], [ 127.117008134450757, 37.401968664854351 ], [ 127.117008343936917, 37.402105168173406 ] ] ] } },
{ "type": "Feature", "properties": { "PNU": "4113510900106670003", "JIBUN": "667-3공", "purp_class": "empty", "mainPurps": "정보없음", "totArea_sum": 0, "area_m2": 1117, "far_pct": 0 }, "geometry": { "type": "Polygon", "coordinates": [ [ [ 127.111274462273627, 37.398956991722052 ], [ 127.112643080707315, 37.399221692735466 ], [ 127.112643718883803, 37.399653908451391 ], [ 127.112723584100863, 37.399666267358008 ], [ 127.112756717339693, 37.399160136744605 ], [ 127.111274462273627, 37.398956991722052 ] ] ] } },
{ "type": "Feature", "properties": { "PNU": "4113510900106670002", "JIBUN": "667-2수", "purp_class": "empty", "mainPurps": "정보없음", "totArea_sum": 0, "area_m2": 3421, "far_pct": 0 }, "geometry": { "type": "Polygon", "coordinates": [ [ [ 127.111273615276048, 37.399150620386948 ], [ 127.112477816491264, 37.399426197863697 ], [ 127.112547493881905, 37.399729053288837 ], [ 127.112686357692525, 37.399695405106442 ], [ 127.112643080707315, 37.399221692735466 ], [ 127.111274462273627, 37.398956991722052 ], [ 127.111273615276048, 37.399150620386948 ] ] ] } },
{ "type": "Feature", "properties": { "PNU": "4113510900106670000", "JIBUN": "667유", "purp_class": "empty", "mainPurps": "정보없음", "totArea_sum": 0, "area_m2": 15211, "far_pct": 0 }, "geometry": { "type": "Polygon", "coordinates": [ [ [ 127.112477816491264, 37.399426197863697 ], [ 127.109851117074243, 37.398875411028826 ], [ 127.109879461287335, 37.399657825475224 ], [ 127.109957369388468, 37.399723077552338 ], [ 127.112547493881905, 37.399729053288837 ], [ 127.112477816491264, 37.399426197863697 ] ] ] } },
{ "type": "Feature", "properties": { "PNU": "4113510900106660000", "JIBUN": "666공", "purp_class": "empty", "mainPurps": "정보없음", "totArea_sum": 0, "area_m2": 2421, "far_pct": 0 }, "geometry": { "type": "Polygon", "coordinates": [ [ [ 127.111276736775224, 37.398348264604785 ], [ 127.11215247451176, 37.398525038338043 ], [ 127.112755909802132, 37.398613762690481 ], [ 127.112675659566477, 37.398416426004111 ], [ 127.112100765936262, 37.398382275995907 ], [ 127.111277652941482, 37.398124632082968 ], [ 127.111276736775224, 37.398348264604785 ] ] ] } },
{ "type": "Feature", "properties": { "PNU": "4113510900200760004", "JIBUN": "산76-4 도", "purp_class": "empty", "mainPurps": "정보없음", "totArea_sum": 0, "area_m2": 3, "far_pct": 0 }, "geometry": { "type": "Polygon", "coordinates": [ [ [ 127.094449496747899, 37.405944363903501 ], [ 127.09439917006749, 37.405928149174905 ], [ 127.094430643057464, 37.405951235428766 ], [ 127.094449496747899, 37.405944363903501 ] ] ] } },
{ "type": "Feature", "properties": { "PNU": "4113510900200020001", "JIBUN": "산2-1 임", "purp_class": "empty", "mainPurps": "정보없음", "totArea_sum": 0, "area_m2": 15287, "far_pct": 0 }, "geometry": { "type": "Polygon", "coordinates": [ [ [ 127.100500382761595, 37.407903327650622 ], [ 127.101302409294661, 37.408253859189429 ], [ 127.101499841440628, 37.408275190561817 ], [ 127.101949056799953, 37.408638530566556 ], [ 127.102945925958821, 37.409004049280341 ], [ 127.1031699639408, 37.408450959606185 ], [ 127.103368164852185, 37.408221724632497 ], [ 127.103201762038807, 37.408160238600836 ], [ 127.1029052456079, 37.408203012015747 ], [ 127.102729348373316, 37.408018770501492 ], [ 127.102101169030973, 37.407844978649003 ], [ 127.10190368651881, 37.407869834226169 ], [ 127.101667819098409, 37.407764147249182 ], [ 127.1007623701162, 37.407937283442728 ], [ 127.100500382761595, 37.407903327650622 ] ] ] } },
{ "type": "Feature", "properties": { "PNU": "4113510900107450001", "JIBUN": "745-1공", "purp_class": "empty", "mainPurps": "정보없음", "totArea_sum": 0, "area_m2": 2547, "far_pct": 0 }, "geometry": { "type": "Polygon", "coordinates": [ [ [ 127.116965564543563, 37.396305294065243 ], [ 127.116969432590736, 37.398827048395432 ], [ 127.117071077739851, 37.398828570934413 ], [ 127.117067145012854, 37.396266901742898 ], [ 127.116965564543563, 37.396305294065243 ] ] ] } },
{ "type": "Feature", "properties": { "PNU": "4113510900107440001", "JIBUN": "744-1종", "purp_class": "empty", "mainPurps": "종교시설", "totArea_sum": 1973, "area_m2": 715, "far_pct": 276 }, "geometry": { "type": "Polygon", "coordinates": [ [ [ 127.118786932009982, 37.394921165644895 ], [ 127.118488569836018, 37.394921461152691 ], [ 127.118515832398401, 37.395169213147234 ], [ 127.11878731802544, 37.395168944226533 ], [ 127.118786932009982, 37.394921165644895 ] ] ] } },
{ "type": "Feature", "properties": { "PNU": "4113510900107430002", "JIBUN": "743-2도", "purp_class": "empty", "mainPurps": "정보없음", "totArea_sum": 0, "area_m2": 3738, "far_pct": 0 }, "geometry": { "type": "Polygon", "coordinates": [ [ [ 127.118354912397152, 37.396119311658467 ], [ 127.116965281382875, 37.396120676521484 ], [ 127.116965564543563, 37.396305294065243 ], [ 127.118490658453283, 37.396265502169364 ], [ 127.118488569836018, 37.394921461152691 ], [ 127.118353053328676, 37.394921595124117 ], [ 127.118354912397152, 37.396119311658467 ] ] ] } },
{ "type": "Feature", "properties": { "PNU": "4113510900107430001", "JIBUN": "743-1공", "purp_class": "empty", "mainPurps": "정보없음", "totArea_sum": 0, "area_m2": 1054, "far_pct": 0 }, "geometry": { "type": "Polygon", "coordinates": [ [ [ 127.117076800195008, 37.395199911144651 ], [ 127.116963869348908, 37.395200021450812 ], [ 127.117013223265914, 37.396158832710782 ], [ 127.117078272261793, 37.396158769159115 ], [ 127.117076800195008, 37.395199911144651 ] ] ] } },
{ "type": "Feature", "properties": { "PNU": "4113510900107430000", "JIBUN": "743학", "purp_class": "non_resi", "mainPurps": "교육연구시설", "totArea_sum": 12869, "area_m2": 12012, "far_pct": 107 }, "geometry": { "type": "Polygon", "coordinates": [ [ [ 127.1183534833675, 37.395198656632594 ], [ 127.117076800195008, 37.395199911144651 ], [ 127.117078272261793, 37.396158769159115 ], [ 127.118307088411058, 37.396157561905667 ], [ 127.1183534833675, 37.395198656632594 ] ] ] } },
{ "type": "Feature", "properties": { "PNU": "4113510900107420002", "JIBUN": "742-2도", "purp_class": "empty", "mainPurps": "정보없음", "totArea_sum": 0, "area_m2": 10452, "far_pct": 0 }, "geometry": { "type": "Polygon", "coordinates": [ [ [ 127.116963869348908, 37.395200021450812 ], [ 127.116666070704809, 37.395200311810967 ], [ 127.116675790932774, 37.39882255935742 ], [ 127.116969432590736, 37.398827048395432 ], [ 127.116963869348908, 37.395200021450812 ] ] ] } },
{ "type": "Feature", "properties": { "PNU": "4113510900107420001", "JIBUN": "742-1공", "purp_class": "empty", "mainPurps": "정보없음", "totArea_sum": 0, "area_m2": 739, "far_pct": 0 }, "geometry": { "type": "Polygon", "coordinates": [ [ [ 127.116615166537073, 37.396104709462392 ], [ 127.116635945621638, 37.394922918798436 ], [ 127.116556894319103, 37.394922995728869 ], [ 127.116615166537073, 37.396104709462392 ] ] ] } },
{ "type": "Feature", "properties": { "PNU": "4113510900107410001", "JIBUN": "741-1도", "purp_class": "empty", "mainPurps": "정보없음", "totArea_sum": 0, "area_m2": 15221, "far_pct": 0 }, "geometry": { "type": "Polygon", "coordinates": [ [ [ 127.112722454069356, 37.394926663848324 ], [ 127.112755909802132, 37.398613762690481 ], [ 127.113139951209178, 37.398653225603837 ], [ 127.11316288283065, 37.394926248843667 ], [ 127.112722454069356, 37.394926663848324 ] ] ] } },
{ "type": "Feature", "properties": { "PNU": "4113510900107400001", "JIBUN": "740-1도", "purp_class": "empty", "mainPurps": "정보없음", "totArea_sum": 0, "area_m2": 6820, "far_pct": 0 }, "geometry": { "type": "Polygon", "coordinates": [ [ [ 127.113164568840418, 37.396062967009485 ], [ 127.11316479937399, 37.396370663169002 ], [ 127.113244548179168, 37.396306886137737 ], [ 127.116591980784577, 37.396303675975517 ], [ 127.116672034452691, 37.396367299750978 ], [ 127.116671563718427, 37.396059603841572 ], [ 127.116591931154218, 37.396123473172835 ], [ 127.113244393630168, 37.396126683427553 ], [ 127.113164568840418, 37.396062967009485 ] ] ] } },
{ "type": "Feature", "properties": { "PNU": "4113510900107390001", "JIBUN": "739-1도", "purp_class": "empty", "mainPurps": "정보없음", "totArea_sum": 0, "area_m2": 6392, "far_pct": 0 }, "geometry": { "type": "Polygon", "coordinates": [ [ [ 127.113841848276792, 37.396306320276942 ], [ 127.113921786560752, 37.396369855923929 ], [ 127.113924489968625, 37.398180080809063 ], [ 127.113844400550391, 37.398243588298833 ], [ 127.113213084830264, 37.39823968124832 ], [ 127.11313359636037, 37.398175784313246 ], [ 127.113139699456497, 37.398483474818761 ], [ 127.113219789725278, 37.398419967807541 ], [ 127.114238593373443, 37.398426209119833 ], [ 127.114238283009954, 37.398218976207211 ], [ 127.114150334602982, 37.398162476334711 ], [ 127.114147692367794, 37.396396761498551 ], [ 127.114227440366122, 37.396332983806012 ], [ 127.113841848276792, 37.396306320276942 ] ] ] } },
{ "type": "Feature", "properties": { "PNU": "4113510900107380001", "JIBUN": "738-1공", "purp_class": "empty", "mainPurps": "정보없음", "totArea_sum": 0, "area_m2": 1330, "far_pct": 0 }, "geometry": { "type": "Polygon", "coordinates": [ [ [ 127.116584540741783, 37.39823320489554 ], [ 127.11667479214735, 37.398169775756877 ], [ 127.116615499265009, 37.396322304081018 ], [ 127.116616833381258, 37.397194754804175 ], [ 127.116584540741783, 37.39823320489554 ] ] ] } },
{ "type": "Feature", "properties": { "PNU": "4113510900107340000", "JIBUN": "734공", "purp_class": "empty", "mainPurps": "정보없음", "totArea_sum": 0, "area_m2": 5947, "far_pct": 0 }, "geometry": { "type": "Polygon", "coordinates": [ [ [ 127.113219789725278, 37.398419967807541 ], [ 127.113139951209178, 37.398653225603837 ], [ 127.116562851895367, 37.398820867264483 ], [ 127.116562782757171, 37.398775636436064 ], [ 127.114976868153406, 37.398734550814332 ], [ 127.114976432832265, 37.398445776276098 ], [ 127.113219789725278, 37.398419967807541 ] ] ] } },
{ "type": "Feature", "properties": { "PNU": "4113510900200760001", "JIBUN": "산76-1도", "purp_class": "empty", "mainPurps": "정보없음", "totArea_sum": 0, "area_m2": 495, "far_pct": 0 }, "geometry": { "type": "Polygon", "coordinates": [ [ [ 127.094287058990247, 37.405845902628165 ], [ 127.094449496747899, 37.405944363903501 ], [ 127.094583820689422, 37.405895378301459 ], [ 127.094480155082962, 37.405646302740948 ], [ 127.094287058990247, 37.405845902628165 ] ] ] } },
{ "type": "Feature", "properties": { "PNU": "4113510900106610000", "JIBUN": "661대", "purp_class": "non_resi", "mainPurps": "업무시설", "totArea_sum": 12879, "area_m2": 1235, "far_pct": 1043 }, "geometry": { "type": "Polygon", "coordinates": [ [ [ 127.11192201531027, 37.397245633603454 ], [ 127.111682086216859, 37.397283790067974 ], [ 127.111731257113064, 37.39777695936197 ], [ 127.11192290748599, 37.397776870679515 ], [ 127.11192201531027, 37.397245633603454 ] ] ] } },
{ "type": "Feature", "properties": { "PNU": "4113510900106600000", "JIBUN": "660대", "purp_class": "non_resi", "mainPurps": "업무시설", "totArea_sum": 12849, "area_m2": 1235, "far_pct": 1040 }, "geometry": { "type": "Polygon", "coordinates": [ [ [ 127.112113664329314, 37.397245544613966 ], [ 127.11192201531027, 37.397245633603454 ], [ 127.11192290748599, 37.397776870679515 ], [ 127.112163063499167, 37.397738443212141 ], [ 127.112113664329314, 37.397245544613966 ] ] ] } },
{ "type": "Feature", "properties": { "PNU": "4113510900106590001", "JIBUN": "659-1도", "purp_class": "empty", "mainPurps": "정보없음", "totArea_sum": 0, "area_m2": 2548, "far_pct": 0 }, "geometry": { "type": "Polygon", "coordinates": [ [ [ 127.111730140422125, 37.397245722492862 ], [ 127.111481685630423, 37.397245863700356 ], [ 127.111529960199817, 37.397822107411486 ], [ 127.111625728015483, 37.397898604468416 ], [ 127.112315874070347, 37.397898500424454 ], [ 127.112362119115474, 37.39724540207866 ], [ 127.112113664329314, 37.397245544613966 ], [ 127.112115461467894, 37.397776870942728 ], [ 127.111682414447102, 37.397739522691175 ], [ 127.111730140422125, 37.397245722492862 ] ] ] } },
{ "type": "Feature", "properties": { "PNU": "4113510900106590000", "JIBUN": "659대", "purp_class": "non_resi", "mainPurps": "업무시설", "totArea_sum": 21508, "area_m2": 1645, "far_pct": 1307 }, "geometry": { "type": "Polygon", "coordinates": [ [ [ 127.111625813324821, 37.398034116898351 ], [ 127.112093698709174, 37.398184149632236 ], [ 127.112316575183925, 37.39822133308563 ], [ 127.112315874070347, 37.397898500424454 ], [ 127.111625728015483, 37.397898604468416 ], [ 127.111625813324821, 37.398034116898351 ] ] ] } },
{ "type": "Feature", "properties": { "PNU": "4113510900106580000", "JIBUN": "658대", "purp_class": "non_resi", "mainPurps": "업무시설", "totArea_sum": 23272, "area_m2": 1855, "far_pct": 1255 }, "geometry": { "type": "Polygon", "coordinates": [ [ [ 127.112726415324047, 37.397760710394238 ], [ 127.112315558599349, 37.397760915876049 ], [ 127.112316575183925, 37.39822133308563 ], [ 127.112646807728723, 37.398227420393297 ], [ 127.112727011210723, 37.398164003707919 ], [ 127.112726415324047, 37.397760710394238 ] ] ] } },
{ "type": "Feature", "properties": { "PNU": "4113510900106570000", "JIBUN": "657대", "purp_class": "non_resi", "mainPurps": "업무시설", "totArea_sum": 12728, "area_m2": 1017, "far_pct": 1251 }, "geometry": { "type": "Polygon", "coordinates": [ [ [ 127.112726042834311, 37.397508607008483 ], [ 127.11231507455139, 37.397508812592598 ], [ 127.112315558599349, 37.397760915876049 ], [ 127.112726415324047, 37.397760710394238 ], [ 127.112726042834311, 37.397508607008483 ] ] ] } },
{ "type": "Feature", "properties": { "PNU": "4113510900106560000", "JIBUN": "656대", "purp_class": "non_resi", "mainPurps": "업무시설", "totArea_sum": 12428, "area_m2": 1029, "far_pct": 1208 }, "geometry": { "type": "Polygon", "coordinates": [ [ [ 127.11231507455139, 37.397508812592598 ], [ 127.112726042834311, 37.397508607008483 ], [ 127.112725747295329, 37.397308582155745 ], [ 127.112645357683348, 37.39724531643882 ], [ 127.112362119115474, 37.39724540207866 ], [ 127.11231507455139, 37.397508812592598 ] ] ] } },
{ "type": "Feature", "properties": { "PNU": "4113510900106550001", "JIBUN": "655-1도", "purp_class": "empty", "mainPurps": "정보없음", "totArea_sum": 0, "area_m2": 3504, "far_pct": 0 }, "geometry": { "type": "Polygon", "coordinates": [ [ [ 127.112645589788983, 37.397096558786281 ], [ 127.110371951567984, 37.397059479533482 ], [ 127.110372279290132, 37.397286084292183 ], [ 127.112645357683348, 37.39724531643882 ], [ 127.112725747295329, 37.397308582155745 ], [ 127.112725339802466, 37.397032782111111 ], [ 127.112645589788983, 37.397096558786281 ] ] ] } },
{ "type": "Feature", "properties": { "PNU": "4113510900106550000", "JIBUN": "655대", "purp_class": "non_resi", "mainPurps": "업무시설", "totArea_sum": 19431, "area_m2": 1402, "far_pct": 1386 }, "geometry": { "type": "Polygon", "coordinates": [ [ [ 127.112724908619469, 37.39674094402298 ], [ 127.11231349306037, 37.396741330222369 ], [ 127.112362126046122, 37.397096734738824 ], [ 127.112645589788983, 37.397096558786281 ], [ 127.112725339802466, 37.397032782111111 ], [ 127.112724908619469, 37.39674094402298 ] ] ] } },
{ "type": "Feature", "properties": { "PNU": "4113510900106540000", "JIBUN": "654대", "purp_class": "non_resi", "mainPurps": "숙박시설", "totArea_sum": 22522, "area_m2": 1391, "far_pct": 1619 }, "geometry": { "type": "Polygon", "coordinates": [ [ [ 127.11231349306037, 37.396741330222369 ], [ 127.112724908619469, 37.39674094402298 ], [ 127.112724481968783, 37.396452169364501 ], [ 127.112644770071981, 37.396388362391441 ], [ 127.112312917919752, 37.396427327301417 ], [ 127.11231349306037, 37.396741330222369 ] ] ] } },
{ "type": "Feature", "properties": { "PNU": "4113510900106530001", "JIBUN": "653-1도", "purp_class": "empty", "mainPurps": "정보없음", "totArea_sum": 0, "area_m2": 1096, "far_pct": 0 }, "geometry": { "type": "Polygon", "coordinates": [ [ [ 127.112360292734948, 37.396388629391836 ], [ 127.11211240557239, 37.396388861492007 ], [ 127.11211412348554, 37.397096876850867 ], [ 127.112362126046122, 37.397096734738824 ], [ 127.112360292734948, 37.396388629391836 ] ] ] } },
{ "type": "Feature", "properties": { "PNU": "4113510900106530000", "JIBUN": "653대", "purp_class": "non_resi", "mainPurps": "업무시설", "totArea_sum": 19859, "area_m2": 1875, "far_pct": 1059 }, "geometry": { "type": "Polygon", "coordinates": [ [ [ 127.111729809799826, 37.397097055466865 ], [ 127.112161725088328, 37.397058449117047 ], [ 127.112112849732242, 37.39669115135424 ], [ 127.111681726398118, 37.396729306281678 ], [ 127.111729809799826, 37.397097055466865 ] ] ] } },
{ "type": "Feature", "properties": { "PNU": "4113510900106520001", "JIBUN": "652-1도", "purp_class": "empty", "mainPurps": "정보없음", "totArea_sum": 0, "area_m2": 1407, "far_pct": 0 }, "geometry": { "type": "Polygon", "coordinates": [ [ [ 127.111481129631429, 37.397097196882946 ], [ 127.111729809799826, 37.397097055466865 ], [ 127.111681726398118, 37.396729306281678 ], [ 127.112161015126034, 37.396729129096485 ], [ 127.112160610547932, 37.396530726142451 ], [ 127.111529145945752, 37.396569608407219 ], [ 127.111481129631429, 37.397097196882946 ] ] ] } },
{ "type": "Feature", "properties": { "PNU": "4113510900106520000", "JIBUN": "652 대", "purp_class": "non_resi", "mainPurps": "제1종근린생활시설", "totArea_sum": 7087, "area_m2": 767, "far_pct": 924 }, "geometry": { "type": "Polygon", "coordinates": [ [ [ 127.11211240557239, 37.396388861492007 ], [ 127.111717705961496, 37.396389229982347 ], [ 127.111717970054528, 37.396569612789619 ], [ 127.112113461538854, 37.396569513861479 ], [ 127.11211240557239, 37.396388861492007 ] ] ] } },
{ "type": "Feature", "properties": { "PNU": "4113510900106510000", "JIBUN": "651대", "purp_class": "non_resi", "mainPurps": "제2종근린생활시설", "totArea_sum": 7996, "area_m2": 768, "far_pct": 1041 }, "geometry": { "type": "Polygon", "coordinates": [ [ [ 127.111283629771677, 37.396569836564645 ], [ 127.111717970054528, 37.396569612789619 ], [ 127.111717705961496, 37.396389229982347 ], [ 127.111284383376187, 37.396389633013911 ], [ 127.111283629771677, 37.396569836564645 ] ] ] } },
{ "type": "Feature", "properties": { "PNU": "4113510900106500001", "JIBUN": "650-1도", "purp_class": "empty", "mainPurps": "정보없음", "totArea_sum": 0, "area_m2": 130, "far_pct": 0 }, "geometry": { "type": "Polygon", "coordinates": [ [ [ 127.111283482742977, 37.396623897555394 ], [ 127.111529224959327, 37.396623669187875 ], [ 127.111529145945752, 37.396569608407219 ], [ 127.111283629771677, 37.396569836564645 ], [ 127.111283482742977, 37.396623897555394 ] ] ] } },
{ "type": "Feature", "properties": { "PNU": "4113510900106500000", "JIBUN": "650대", "purp_class": "empty", "mainPurps": "정보없음", "totArea_sum": 0, "area_m2": 569, "far_pct": 0 }, "geometry": { "type": "Polygon", "coordinates": [ [ [ 127.111282470880724, 37.396859333509248 ], [ 127.111529343199308, 37.396859104091959 ], [ 127.111529224959327, 37.396623669187875 ], [ 127.111283482742977, 37.396623897555394 ], [ 127.111282470880724, 37.396859333509248 ] ] ] } },
{ "type": "Feature", "properties": { "PNU": "4113510900106490000", "JIBUN": "649대", "purp_class": "empty", "mainPurps": "정보없음", "totArea_sum": 0, "area_m2": 569, "far_pct": 0 }, "geometry": { "type": "Polygon", "coordinates": [ [ [ 127.111281462693029, 37.397097292289899 ], [ 127.111529522883956, 37.397059309275704 ], [ 127.111529343199308, 37.396859104091959 ], [ 127.111282470880724, 37.396859333509248 ], [ 127.111281462693029, 37.397097292289899 ] ] ] } },
{ "type": "Feature", "properties": { "PNU": "4113510900106480001", "JIBUN": "648-1도", "purp_class": "empty", "mainPurps": "정보없음", "totArea_sum": 0, "area_m2": 1570, "far_pct": 0 }, "geometry": { "type": "Polygon", "coordinates": [ [ [ 127.111055595131276, 37.397097411633212 ], [ 127.111281462693029, 37.397097292289899 ], [ 127.111284383376187, 37.396389633013911 ], [ 127.111058518069015, 37.396389842460763 ], [ 127.111055595131276, 37.397097411633212 ] ] ] } },
{ "type": "Feature", "properties": { "PNU": "4113510900106480000", "JIBUN": "648철", "purp_class": "empty", "mainPurps": "정보없음", "totArea_sum": 0, "area_m2": 1019, "far_pct": 0 }, "geometry": { "type": "Polygon", "coordinates": [ [ [ 127.110660100993798, 37.397097597129033 ], [ 127.111055595131276, 37.397097411633212 ], [ 127.111056681300369, 37.396834945195508 ], [ 127.11066107586997, 37.39683531099967 ], [ 127.110660100993798, 37.397097597129033 ] ] ] } },
{ "type": "Feature", "properties": { "PNU": "4113510900106470000", "JIBUN": "647차", "purp_class": "non_resi", "mainPurps": "자동차관련시설", "totArea_sum": 27385, "area_m2": 3725, "far_pct": 735 }, "geometry": { "type": "Polygon", "coordinates": [ [ [ 127.110371951567984, 37.397059479533482 ], [ 127.110660100993798, 37.397097597129033 ], [ 127.11066107586997, 37.39683531099967 ], [ 127.111056681300369, 37.396834945195508 ], [ 127.111058518069015, 37.396389842460763 ], [ 127.110371039307793, 37.396428680316127 ], [ 127.110371951567984, 37.397059479533482 ] ] ] } },
{ "type": "Feature", "properties": { "PNU": "4113510900106460001", "JIBUN": "646-1도", "purp_class": "empty", "mainPurps": "정보없음", "totArea_sum": 0, "area_m2": 1945, "far_pct": 0 }, "geometry": { "type": "Polygon", "coordinates": [ [ [ 127.110418867506496, 37.396390433273481 ], [ 127.110170415658715, 37.396390661822842 ], [ 127.110172247638118, 37.397659738613221 ], [ 127.11041609056555, 37.397671407687788 ], [ 127.110418867506496, 37.396390433273481 ] ] ] } },
{ "type": "Feature", "properties": { "PNU": "4113510900106460000", "JIBUN": "646대", "purp_class": "non_resi", "mainPurps": "제1종근린생활시설", "totArea_sum": 8346, "area_m2": 730, "far_pct": 1144 }, "geometry": { "type": "Polygon", "coordinates": [ [ [ 127.109874292475382, 37.39661672771733 ], [ 127.110218851052593, 37.396616411482071 ], [ 127.110218580011889, 37.396428730461352 ], [ 127.109953810948056, 37.396390950751737 ], [ 127.109874292475382, 37.39661672771733 ] ] ] } },
{ "type": "Feature", "properties": { "PNU": "4113510900106450000", "JIBUN": "645대", "purp_class": "non_resi", "mainPurps": "제1종근린생활시설", "totArea_sum": 16686, "area_m2": 729, "far_pct": 2000 }, "geometry": { "type": "Polygon", "coordinates": [ [ [ 127.110218851052593, 37.396616411482071 ], [ 127.109874292475382, 37.39661672771733 ], [ 127.109874602480403, 37.396832069834048 ], [ 127.110219162043336, 37.396831753596402 ], [ 127.110218851052593, 37.396616411482071 ] ] ] } },
{ "type": "Feature", "properties": { "PNU": "4113510900106440000", "JIBUN": "644대", "purp_class": "non_resi", "mainPurps": "업무시설", "totArea_sum": 8753, "area_m2": 729, "far_pct": 1201 }, "geometry": { "type": "Polygon", "coordinates": [ [ [ 127.110219162043336, 37.396831753596402 ], [ 127.109874602480403, 37.396832069834048 ], [ 127.109874912488692, 37.397047411942872 ], [ 127.110219473037361, 37.397047095702767 ], [ 127.110219162043336, 37.396831753596402 ] ] ] } },
{ "type": "Feature", "properties": { "PNU": "4113510900106430000", "JIBUN": "643대", "purp_class": "non_resi", "mainPurps": "제1종근린생활시설", "totArea_sum": 8588, "area_m2": 729, "far_pct": 1179 }, "geometry": { "type": "Polygon", "coordinates": [ [ [ 127.110219473037361, 37.397047095702767 ], [ 127.109874912488692, 37.397047411942872 ], [ 127.109875222500278, 37.397262754043766 ], [ 127.110219784034669, 37.397262437801238 ], [ 127.110219473037361, 37.397047095702767 ] ] ] } },
{ "type": "Feature", "properties": { "PNU": "4113510900106420000", "JIBUN": "642대", "purp_class": "non_resi", "mainPurps": "업무시설", "totArea_sum": 17321, "area_m2": 1326, "far_pct": 1306 }, "geometry": { "type": "Polygon", "coordinates": [ [ [ 127.110219784034669, 37.397262437801238 ], [ 127.109875222500278, 37.397262754043766 ], [ 127.109923904792751, 37.397660146749963 ], [ 127.110220302847978, 37.397621671652551 ], [ 127.110219784034669, 37.397262437801238 ] ] ] } },
{ "type": "Feature", "properties": { "PNU": "4113510900106410003", "JIBUN": "641-3 도", "purp_class": "empty", "mainPurps": "정보없음", "totArea_sum": 0, "area_m2": 6865, "far_pct": 0 }, "geometry": { "type": "Polygon", "coordinates": [ [ [ 127.109365054531622, 37.396049374049113 ], [ 127.107229394041681, 37.396050942145756 ], [ 127.107087689129344, 37.395956128857669 ], [ 127.107244757629189, 37.396536755328896 ], [ 127.107389787562965, 37.396393184093448 ], [ 127.109365506372328, 37.396364728646397 ], [ 127.109365054531622, 37.396049374049113 ] ] ] } },
{ "type": "Feature", "properties": { "PNU": "4113510900106410002", "JIBUN": "641-2도", "purp_class": "empty", "mainPurps": "정보없음", "totArea_sum": 0, "area_m2": 6320, "far_pct": 0 }, "geometry": { "type": "Polygon", "coordinates": [ [ [ 127.109478892029102, 37.397940228653233 ], [ 127.10984254023127, 37.398016662476046 ], [ 127.109874059260363, 37.396454725567381 ], [ 127.109953810948056, 37.396390950751737 ], [ 127.109365506372328, 37.396364728646397 ], [ 127.109444877059147, 37.396428808447716 ], [ 127.109479292038444, 37.396801887032389 ], [ 127.109478892029102, 37.397940228653233 ] ] ] } },
{ "type": "Feature", "properties": { "PNU": "4113510900106410001", "JIBUN": "641-1도", "purp_class": "empty", "mainPurps": "정보없음", "totArea_sum": 0, "area_m2": 12569, "far_pct": 0 }, "geometry": { "type": "Polygon", "coordinates": [ [ [ 127.110448786750098, 37.396072798174778 ], [ 127.109365054531622, 37.396049374049113 ], [ 127.109365506372328, 37.396364728646397 ], [ 127.112644770071981, 37.396388362391441 ], [ 127.112724481968783, 37.396452169364501 ], [ 127.112724053425012, 37.396009231145996 ], [ 127.112644304492676, 37.396073007829699 ], [ 127.112050394187591, 37.396073564472019 ], [ 127.111815724255138, 37.395921782477473 ], [ 127.110680982433081, 37.395921754249699 ], [ 127.110448786750098, 37.396072798174778 ] ] ] } },
{ "type": "Feature", "properties": { "PNU": "4113510900106410000", "JIBUN": "641대", "purp_class": "empty", "mainPurps": "정보없음", "totArea_sum": 0, "area_m2": 25700, "far_pct": 0 }, "geometry": { "type": "Polygon", "coordinates": [ [ [ 127.109365506372328, 37.396364728646397 ], [ 127.107389787562965, 37.396393184093448 ], [ 127.107263478539181, 37.396518267796246 ], [ 127.107333422444242, 37.397589871514228 ], [ 127.10948041952004, 37.397587930756202 ], [ 127.109444877059147, 37.396428808447716 ], [ 127.109365506372328, 37.396364728646397 ] ] ] } },
{ "type": "Feature", "properties": { "PNU": "4113510900106400001", "JIBUN": "640-1수", "purp_class": "empty", "mainPurps": "정보없음", "totArea_sum": 0, "area_m2": 454, "far_pct": 0 }, "geometry": { "type": "Polygon", "coordinates": [ [ [ 127.107642257327868, 37.397880982703114 ], [ 127.107383908808458, 37.397753720790341 ], [ 127.107277734477933, 37.397742643224852 ], [ 127.107270710722673, 37.397968263431096 ], [ 127.107642257327868, 37.397880982703114 ] ] ] } },
{ "type": "Feature", "properties": { "PNU": "4113510900106400000", "JIBUN": "640공", "purp_class": "empty", "mainPurps": "정보없음", "totArea_sum": 0, "area_m2": 5887, "far_pct": 0 }, "geometry": { "type": "Polygon", "coordinates": [ [ [ 127.107277734477933, 37.397742643224852 ], [ 127.107642257327868, 37.397880982703114 ], [ 127.108596588271382, 37.397822547563607 ], [ 127.109478892029102, 37.397940228653233 ], [ 127.10948041952004, 37.397587930756202 ], [ 127.107333422444242, 37.397589871514228 ], [ 127.10732548440167, 37.397004309514472 ], [ 127.107263478539181, 37.396518267796246 ], [ 127.107277734477933, 37.397742643224852 ] ] ] } },
{ "type": "Feature", "properties": { "PNU": "4113510900106390006", "JIBUN": "639-6공", "purp_class": "empty", "mainPurps": "정보없음", "totArea_sum": 0, "area_m2": 1077, "far_pct": 0 }, "geometry": { "type": "Polygon", "coordinates": [ [ [ 127.106045759500219, 37.395406777937076 ], [ 127.10659803193991, 37.396000417365173 ], [ 127.106174610982535, 37.3952420486238 ], [ 127.106045759500219, 37.395406777937076 ] ] ] } },
{ "type": "Feature", "properties": { "PNU": "4113510900106390005", "JIBUN": "639-5수", "purp_class": "empty", "mainPurps": "정보없음", "totArea_sum": 0, "area_m2": 2468, "far_pct": 0 }, "geometry": { "type": "Polygon", "coordinates": [ [ [ 127.105894791007572, 37.395584591339329 ], [ 127.106458826368808, 37.396191015419546 ], [ 127.106481094823039, 37.396367864766795 ], [ 127.106723388349209, 37.396405582150109 ], [ 127.10659803193991, 37.396000417365173 ], [ 127.106045759500219, 37.395406777937076 ], [ 127.105894791007572, 37.395584591339329 ] ] ] } },
{ "type": "Feature", "properties": { "PNU": "4113510900106390004", "JIBUN": "639-4공", "purp_class": "empty", "mainPurps": "정보없음", "totArea_sum": 0, "area_m2": 4289, "far_pct": 0 }, "geometry": { "type": "Polygon", "coordinates": [ [ [ 127.105379108895661, 37.396212962325812 ], [ 127.10601890753928, 37.396320069856003 ], [ 127.106481094823039, 37.396367864766795 ], [ 127.106458826368808, 37.396191015419546 ], [ 127.105894791007572, 37.395584591339329 ], [ 127.105379108895661, 37.396212962325812 ] ] ] } },
{ "type": "Feature", "properties": { "PNU": "4113510900106390003", "JIBUN": "639-3 도", "purp_class": "empty", "mainPurps": "정보없음", "totArea_sum": 0, "area_m2": 14331, "far_pct": 0 }, "geometry": { "type": "Polygon", "coordinates": [ [ [ 127.106174610982535, 37.3952420486238 ], [ 127.106512249890514, 37.395790827516038 ], [ 127.106744867281492, 37.396501881466541 ], [ 127.106803164826488, 37.398133836524806 ], [ 127.107270710722673, 37.397968263431096 ], [ 127.107244757629189, 37.396536755328896 ], [ 127.106989380878332, 37.395705707553269 ], [ 127.106442362462005, 37.394831128933163 ], [ 127.106174610982535, 37.3952420486238 ] ] ] } },
{ "type": "Feature", "properties": { "PNU": "4113510900106390002", "JIBUN": "639-2공", "purp_class": "empty", "mainPurps": "정보없음", "totArea_sum": 0, "area_m2": 1057, "far_pct": 0 }, "geometry": { "type": "Polygon", "coordinates": [ [ [ 127.106824278592455, 37.397726559365253 ], [ 127.106821825305758, 37.397103149862239 ], [ 127.10677455770454, 37.396655568077293 ], [ 127.106637667848659, 37.397696181027705 ], [ 127.106824278592455, 37.397726559365253 ] ] ] } },
{ "type": "Feature", "properties": { "PNU": "4113510900106390001", "JIBUN": "639-1 수", "purp_class": "empty", "mainPurps": "정보없음", "totArea_sum": 0, "area_m2": 4104, "far_pct": 0 }, "geometry": { "type": "Polygon", "coordinates": [ [ [ 127.106723388349209, 37.396405582150109 ], [ 127.106481094823039, 37.396367864766795 ], [ 127.106518443351817, 37.396668590177356 ], [ 127.10637560380971, 37.397737499950125 ], [ 127.106519490914735, 37.397905231192851 ], [ 127.106820835506625, 37.397929380701527 ], [ 127.106824278592455, 37.397726559365253 ], [ 127.106637667848659, 37.397696181027705 ], [ 127.10677455770454, 37.396655568077293 ], [ 127.106723388349209, 37.396405582150109 ] ] ] } },
{ "type": "Feature", "properties": { "PNU": "4113510900106390000", "JIBUN": "639공", "purp_class": "non_resi", "mainPurps": "문화및집회시설", "totArea_sum": 4827, "area_m2": 27782, "far_pct": 17 }, "geometry": { "type": "Polygon", "coordinates": [ [ [ 127.106481094823039, 37.396367864766795 ], [ 127.105379108895661, 37.396212962325812 ], [ 127.104971558302296, 37.3968048354727 ], [ 127.104870912829725, 37.397200198422915 ], [ 127.104944303670749, 37.397599283527846 ], [ 127.10520629403868, 37.39799613099887 ], [ 127.105568089345894, 37.398205659367328 ], [ 127.105955301152775, 37.398255234187651 ], [ 127.106803164826488, 37.398133836524806 ], [ 127.106820835506625, 37.397929380701527 ], [ 127.106519490914735, 37.397905231192851 ], [ 127.10637560380971, 37.397737499950125 ], [ 127.106518443351817, 37.396668590177356 ], [ 127.106481094823039, 37.396367864766795 ] ] ] } },
{ "type": "Feature", "properties": { "PNU": "4113510900106380002", "JIBUN": "638-2천", "purp_class": "empty", "mainPurps": "정보없음", "totArea_sum": 0, "area_m2": 7464, "far_pct": 0 }, "geometry": { "type": "Polygon", "coordinates": [ [ [ 127.104684701141807, 37.396141128648928 ], [ 127.105379108895661, 37.396212962325812 ], [ 127.106174610982535, 37.3952420486238 ], [ 127.105858273160763, 37.394821824697658 ], [ 127.104684701141807, 37.396141128648928 ] ] ] } },
{ "type": "Feature", "properties": { "PNU": "4113510900106380000", "JIBUN": "638천", "purp_class": "empty", "mainPurps": "정보없음", "totArea_sum": 0, "area_m2": 101976, "far_pct": 0 }, "geometry": { "type": "Polygon", "coordinates": [ [ [ 127.104168945352626, 37.39730532753007 ], [ 127.104276507104657, 37.397837102754096 ], [ 127.104544433783673, 37.398282421073105 ], [ 127.104953770147148, 37.398653011179839 ], [ 127.105607480977241, 37.39900572510598 ], [ 127.10576088120726, 37.3991920097465 ], [ 127.107488720452224, 37.398481375941763 ], [ 127.108582483980427, 37.398387135724292 ], [ 127.112085170233783, 37.399066971046253 ], [ 127.11380663428946, 37.399272672127807 ], [ 127.118330953176283, 37.399382537749382 ], [ 127.11980413992984, 37.399187805791932 ], [ 127.119879592102706, 37.398619821282942 ], [ 127.118488672488397, 37.398839070518541 ], [ 127.114362973536956, 37.39875270802905 ], [ 127.112262953484901, 37.398543766110983 ], [ 127.108765551075919, 37.397831044174296 ], [ 127.107808460605909, 37.397854704014726 ], [ 127.106626033533274, 37.398179945822541 ], [ 127.105675416752817, 37.398233586413419 ], [ 127.10517157407773, 37.397960661484497 ], [ 127.104882001335938, 37.397379941059462 ], [ 127.104951965854852, 37.3968470200791 ], [ 127.105379108895661, 37.396212962325812 ], [ 127.104684701141807, 37.396141128648928 ], [ 127.10429820036876, 37.396686398680643 ], [ 127.104168945352626, 37.39730532753007 ] ] ] } },
{ "type": "Feature", "properties": { "PNU": "4113510900106370002", "JIBUN": "637-2공", "purp_class": "empty", "mainPurps": "정보없음", "totArea_sum": 0, "area_m2": 12075, "far_pct": 0 }, "geometry": { "type": "Polygon", "coordinates": [ [ [ 127.103509319884097, 37.395988885726389 ], [ 127.103674575464481, 37.396181650253304 ], [ 127.10402297235575, 37.396098815840645 ], [ 127.104684701141807, 37.396141128648928 ], [ 127.105560129140954, 37.395224840885597 ], [ 127.105256773606826, 37.394798657227867 ], [ 127.104471993994991, 37.395274988664497 ], [ 127.104101210257852, 37.395666711588319 ], [ 127.103509319884097, 37.395988885726389 ] ] ] } },
{ "type": "Feature", "properties": { "PNU": "4113510900106370000", "JIBUN": "637공", "purp_class": "non_resi", "mainPurps": "제1종근린생활시설", "totArea_sum": 198, "area_m2": 48043, "far_pct": 0 }, "geometry": { "type": "Polygon", "coordinates": [ [ [ 127.102926434292357, 37.396795614659396 ], [ 127.102970095038174, 37.396846394412947 ], [ 127.103388287297363, 37.396846034881797 ], [ 127.103390757749594, 37.399755947681413 ], [ 127.105639996726694, 37.399733175064974 ], [ 127.105790151903065, 37.399369483670391 ], [ 127.105713786326987, 37.399110329295297 ], [ 127.104678348388859, 37.398427457677968 ], [ 127.10437911274046, 37.398046769622383 ], [ 127.104218446811231, 37.397662987166861 ], [ 127.104169109779519, 37.397260276678033 ], [ 127.104233612218735, 37.396858999033761 ], [ 127.104408704726723, 37.396479249495684 ], [ 127.104684701141807, 37.396141128648928 ], [ 127.103746004506405, 37.396139511152768 ], [ 127.103674575464481, 37.396181650253304 ], [ 127.103794473907527, 37.396321474139057 ], [ 127.102926434292357, 37.396795614659396 ] ] ] } },
{ "type": "Feature", "properties": { "PNU": "4113510900106360001", "JIBUN": "636-1 도", "purp_class": "empty", "mainPurps": "정보없음", "totArea_sum": 0, "area_m2": 54496, "far_pct": 0 }, "geometry": { "type": "Polygon", "coordinates": [ [ [ 127.100859568579097, 37.394636736468009 ], [ 127.100938209631181, 37.394805070005091 ], [ 127.100473028740424, 37.397108903549352 ], [ 127.100537021086154, 37.397163451442978 ], [ 127.100407212737238, 37.39729943301586 ], [ 127.100338328050398, 37.397561415428463 ], [ 127.101005517743729, 37.397198648264194 ], [ 127.100997754602844, 37.396964481194644 ], [ 127.100779007339028, 37.396711570109439 ], [ 127.100905441209036, 37.396330515052561 ], [ 127.10107708851335, 37.396322621935781 ], [ 127.10111048910575, 37.396387196538441 ], [ 127.101274048042697, 37.395559386836432 ], [ 127.101066985894249, 37.396795933262993 ], [ 127.10162149095602, 37.396712481728898 ], [ 127.10189550578022, 37.396843076716628 ], [ 127.104101210257852, 37.395666711588319 ], [ 127.104760815725186, 37.395069395644192 ], [ 127.104336989348297, 37.394575558434859 ], [ 127.103356621422137, 37.394809859680976 ], [ 127.102353040639755, 37.395339615251494 ], [ 127.101875381322259, 37.395369484774875 ], [ 127.101641916374021, 37.395172630809853 ], [ 127.101558436082428, 37.394729492401126 ], [ 127.100992229438077, 37.393980055559503 ], [ 127.100859568579097, 37.394636736468009 ] ], [ [ 127.101328637204787, 37.396273304595184 ], [ 127.101400276276564, 37.395622441396128 ], [ 127.101280556270368, 37.395527845839297 ], [ 127.101362004379268, 37.395120608641129 ], [ 127.101428573112557, 37.39516010695332 ], [ 127.101489427041727, 37.395743372299854 ], [ 127.101406357602499, 37.395779843483353 ], [ 127.101328637204787, 37.396273304595184 ] ], [ [ 127.101189671966651, 37.39674113834706 ], [ 127.10127624834027, 37.396282268845809 ], [ 127.10132910948515, 37.396288801643507 ], [ 127.10129975879957, 37.396723655927623 ], [ 127.101189671966651, 37.39674113834706 ] ], [ [ 127.101428912775148, 37.3951097129234 ], [ 127.101371317633323, 37.395075369847177 ], [ 127.101403929270717, 37.394886039145746 ], [ 127.101430057579961, 37.394917192176443 ], [ 127.101428912775148, 37.3951097129234 ] ] ] } },
{ "type": "Feature", "properties": { "PNU": "4113510900106360000", "JIBUN": "636도", "purp_class": "empty", "mainPurps": "정보없음", "totArea_sum": 0, "area_m2": 4341, "far_pct": 0 }, "geometry": { "type": "Polygon", "coordinates": [ [ [ 127.102607188453575, 37.396471883269157 ], [ 127.102910519801142, 37.396802385913432 ], [ 127.103794473907527, 37.396321474139057 ], [ 127.103509319884097, 37.395988885726389 ], [ 127.102607188453575, 37.396471883269157 ] ] ] } },
{ "type": "Feature", "properties": { "PNU": "4113510900106350001", "JIBUN": "635-1잡", "purp_class": "empty", "mainPurps": "정보없음", "totArea_sum": 0, "area_m2": 10194, "far_pct": 0 }, "geometry": { "type": "Polygon", "coordinates": [ [ [ 127.101817132607138, 37.396912881723523 ], [ 127.101651551823565, 37.397746640389435 ], [ 127.101798143735309, 37.397748498393383 ], [ 127.102362000864048, 37.397222907810203 ], [ 127.103291856593671, 37.39719084596252 ], [ 127.103389391416712, 37.397661812183564 ], [ 127.103388287297363, 37.396846034881797 ], [ 127.102970095038174, 37.396846394412947 ], [ 127.102563141392693, 37.396469488177544 ], [ 127.101817132607138, 37.396912881723523 ] ] ] } },
{ "type": "Feature", "properties": { "PNU": "4113510900106350000", "JIBUN": "635잡", "purp_class": "empty", "mainPurps": "분뇨.쓰레기처리시설", "totArea_sum": 12887, "area_m2": 6747, "far_pct": 191 }, "geometry": { "type": "Polygon", "coordinates": [ [ [ 127.101798143735309, 37.397748498393383 ], [ 127.10339097968982, 37.397750560706683 ], [ 127.103291856593671, 37.39719084596252 ], [ 127.102362000864048, 37.397222907810203 ], [ 127.101798143735309, 37.397748498393383 ] ] ] } },
{ "type": "Feature", "properties": { "PNU": "4113510900106340003", "JIBUN": "634-3도", "purp_class": "empty", "mainPurps": "정보없음", "totArea_sum": 0, "area_m2": 2252, "far_pct": 0 }, "geometry": { "type": "Polygon", "coordinates": [ [ [ 127.101390883967014, 37.39722526373415 ], [ 127.101445634701975, 37.398059106074513 ], [ 127.101615151504717, 37.398059773611031 ], [ 127.101889625188704, 37.397751664427524 ], [ 127.101651551823565, 37.397746640389435 ], [ 127.101683418644598, 37.397421617593267 ], [ 127.101591257000379, 37.39741619943937 ], [ 127.101523103362027, 37.397035398390351 ], [ 127.101390883967014, 37.39722526373415 ] ] ] } },
{ "type": "Feature", "properties": { "PNU": "4113510900106340002", "JIBUN": "634-2도", "purp_class": "empty", "mainPurps": "정보없음", "totArea_sum": 0, "area_m2": 1062, "far_pct": 0 }, "geometry": { "type": "Polygon", "coordinates": [ [ [ 127.10339097968982, 37.397750560706683 ], [ 127.101889625248774, 37.397751709478186 ], [ 127.101889721313512, 37.397823745475897 ], [ 127.10339028670856, 37.397822642432857 ], [ 127.10339097968982, 37.397750560706683 ] ] ] } },
{ "type": "Feature", "properties": { "PNU": "4113510900106340001", "JIBUN": "634-1도", "purp_class": "empty", "mainPurps": "정보없음", "totArea_sum": 0, "area_m2": 3138, "far_pct": 0 }, "geometry": { "type": "Polygon", "coordinates": [ [ [ 127.101127552628327, 37.399723276931347 ], [ 127.101380760006762, 37.399723874270954 ], [ 127.10165406979263, 37.398026403138687 ], [ 127.101445634701975, 37.398059106074513 ], [ 127.101127552628327, 37.399723276931347 ] ] ] } },
{ "type": "Feature", "properties": { "PNU": "4113510900106340000", "JIBUN": "634잡", "purp_class": "empty", "mainPurps": "분뇨.쓰레기처리시설", "totArea_sum": 2474, "area_m2": 35163, "far_pct": 7 }, "geometry": { "type": "Polygon", "coordinates": [ [ [ 127.101380760006762, 37.399723874270954 ], [ 127.103390757749594, 37.399755947681413 ], [ 127.10339028670856, 37.397822642432857 ], [ 127.101889721313512, 37.397823745475897 ], [ 127.10165406979263, 37.398026403138687 ], [ 127.101380760006762, 37.399723874270954 ] ] ] } },
{ "type": "Feature", "properties": { "PNU": "4113510900106330002", "JIBUN": "633-2도", "purp_class": "empty", "mainPurps": "정보없음", "totArea_sum": 0, "area_m2": 8599, "far_pct": 0 }, "geometry": { "type": "Polygon", "coordinates": [ [ [ 127.105639996726694, 37.399733175064974 ], [ 127.101127552628327, 37.399723276931347 ], [ 127.101082763096699, 37.399929376513555 ], [ 127.105521963254887, 37.399968623741366 ], [ 127.105639996726694, 37.399733175064974 ] ] ] } },
{ "type": "Feature", "properties": { "PNU": "4113510900106330001", "JIBUN": "633-1 도", "purp_class": "empty", "mainPurps": "정보없음", "totArea_sum": 0, "area_m2": 5655, "far_pct": 0 }, "geometry": { "type": "Polygon", "coordinates": [ [ [ 127.100489492966389, 37.401470517875801 ], [ 127.101385778500486, 37.399931193311353 ], [ 127.101082763096699, 37.399929376513555 ], [ 127.100539071421082, 37.401039521561685 ], [ 127.099642244853257, 37.402100672050992 ], [ 127.099903433401821, 37.402239120985897 ], [ 127.099882084753744, 37.402150659225491 ], [ 127.100489492966389, 37.401470517875801 ] ] ] } },
{ "type": "Feature", "properties": { "PNU": "4113510900106330000", "JIBUN": "633대", "purp_class": "non_resi", "mainPurps": "업무시설", "totArea_sum": 35785, "area_m2": 6450, "far_pct": 555 }, "geometry": { "type": "Polygon", "coordinates": [ [ [ 127.10094261775177, 37.400792485392515 ], [ 127.100991939911694, 37.40085344253513 ], [ 127.10185864120163, 37.400856043987297 ], [ 127.101857558732036, 37.399959446150497 ], [ 127.101385778500486, 37.399931193311353 ], [ 127.101299118687308, 37.399989021455433 ], [ 127.10094261775177, 37.400792485392515 ] ] ] } },
{ "type": "Feature", "properties": { "PNU": "4113510900106320001", "JIBUN": "632-1도", "purp_class": "empty", "mainPurps": "정보없음", "totArea_sum": 0, "area_m2": 953, "far_pct": 0 }, "geometry": { "type": "Polygon", "coordinates": [ [ [ 127.102309158590472, 37.400857282648843 ], [ 127.102422030085847, 37.400806549415925 ], [ 127.102421094807795, 37.400024740611443 ], [ 127.102341500656095, 37.399960836527001 ], [ 127.102309158590472, 37.400857282648843 ] ] ] } },
{ "type": "Feature", "properties": { "PNU": "4113510900106320000", "JIBUN": "632차", "purp_class": "non_resi", "mainPurps": "자동차관련시설", "totArea_sum": 20338, "area_m2": 3967, "far_pct": 513 }, "geometry": { "type": "Polygon", "coordinates": [ [ [ 127.10185864120163, 37.400856043987297 ], [ 127.102309158590472, 37.400857282648843 ], [ 127.1023080706332, 37.399960594722813 ], [ 127.101857558732036, 37.399959446150497 ], [ 127.10185864120163, 37.400856043987297 ] ] ] } },
{ "type": "Feature", "properties": { "PNU": "4113510900106310001", "JIBUN": "631-1도", "purp_class": "empty", "mainPurps": "정보없음", "totArea_sum": 0, "area_m2": 6720, "far_pct": 0 }, "geometry": { "type": "Polygon", "coordinates": [ [ [ 127.102338801451097, 37.402919857463104 ], [ 127.102727505608982, 37.402970883148605 ], [ 127.102650503088711, 37.402904994858552 ], [ 127.102646972295787, 37.400025448659022 ], [ 127.102726960013158, 37.39996185875092 ], [ 127.102341500656095, 37.399960836527001 ], [ 127.102421094807795, 37.400024740611443 ], [ 127.102424559206881, 37.402861218442268 ], [ 127.102338801451097, 37.402919857463104 ] ] ] } },
{ "type": "Feature", "properties": { "PNU": "4113510900106310000", "JIBUN": "631대", "purp_class": "non_resi", "mainPurps": "업무시설", "totArea_sum": 50260, "area_m2": 8503, "far_pct": 591 }, "geometry": { "type": "Polygon", "coordinates": [ [ [ 127.102647910283466, 37.400807527761998 ], [ 127.102711902386247, 37.400858380285797 ], [ 127.103544382395569, 37.40086045805603 ], [ 127.103608237031835, 37.400809495671119 ], [ 127.103607122593843, 37.399987952331109 ], [ 127.103543243322449, 37.399936919984043 ], [ 127.102726960013158, 37.39996185875092 ], [ 127.102646972295787, 37.400025448659022 ], [ 127.102647910283466, 37.400807527761998 ] ] ] } },
{ "type": "Feature", "properties": { "PNU": "4113510900106300001", "JIBUN": "630-1도", "purp_class": "empty", "mainPurps": "정보없음", "totArea_sum": 0, "area_m2": 3116, "far_pct": 0 }, "geometry": { "type": "Polygon", "coordinates": [ [ [ 127.102647910283466, 37.400807527761998 ], [ 127.102648002837782, 37.401044494269485 ], [ 127.102711971177584, 37.40099353227248 ], [ 127.103777899919606, 37.400996219292281 ], [ 127.103776531182092, 37.399988887163964 ], [ 127.103840158679276, 37.399937654539087 ], [ 127.103543243322449, 37.399936919984043 ], [ 127.103607122593843, 37.399987952331109 ], [ 127.103608237031835, 37.400809495671119 ], [ 127.103544382395569, 37.40086045805603 ], [ 127.102711902386247, 37.400858380285797 ], [ 127.102647910283466, 37.400807527761998 ] ] ] } },
{ "type": "Feature", "properties": { "PNU": "4113510900106300000", "JIBUN": "630대", "purp_class": "non_resi", "mainPurps": "업무시설", "totArea_sum": 39083, "area_m2": 5175, "far_pct": 755 }, "geometry": { "type": "Polygon", "coordinates": [ [ [ 127.102648002837782, 37.401044494269485 ], [ 127.10264878813183, 37.401544826439313 ], [ 127.103608105991071, 37.401545443686203 ], [ 127.103608489674997, 37.400995734971197 ], [ 127.102711971177584, 37.40099353227248 ], [ 127.102648002837782, 37.401044494269485 ] ] ] } },
{ "type": "Feature", "properties": { "PNU": "4113510900106290001", "JIBUN": "629-1도", "purp_class": "empty", "mainPurps": "정보없음", "totArea_sum": 0, "area_m2": 541, "far_pct": 0 }, "geometry": { "type": "Polygon", "coordinates": [ [ [ 127.103608817857619, 37.401320910494263 ], [ 127.103778229079055, 37.401321575016297 ], [ 127.103777899919606, 37.400996219292281 ], [ 127.103608489674997, 37.400995734971197 ], [ 127.103608817857619, 37.401320910494263 ] ] ] } },
{ "type": "Feature", "properties": { "PNU": "4113510900106290000", "JIBUN": "629대", "purp_class": "non_resi", "mainPurps": "업무시설", "totArea_sum": 133077, "area_m2": 16850, "far_pct": 790 }, "geometry": { "type": "Polygon", "coordinates": [ [ [ 127.103778229079055, 37.401321575016297 ], [ 127.104680060421629, 37.401324305601591 ], [ 127.105349826655967, 37.399954989510491 ], [ 127.103840158679276, 37.399937654539087 ], [ 127.103776531182092, 37.399988887163964 ], [ 127.103778229079055, 37.401321575016297 ] ] ] } },
{ "type": "Feature", "properties": { "PNU": "4113510900106280000", "JIBUN": "628공", "purp_class": "empty", "mainPurps": "정보없음", "totArea_sum": 0, "area_m2": 6373, "far_pct": 0 }, "geometry": { "type": "Polygon", "coordinates": [ [ [ 127.103608817857619, 37.401320910494263 ], [ 127.103608105991071, 37.401545443686203 ], [ 127.10264878813183, 37.401544826439313 ], [ 127.102649089504041, 37.401769088447992 ], [ 127.104460441660791, 37.401773652249084 ], [ 127.104680060421629, 37.401324305601591 ], [ 127.103608817857619, 37.401320910494263 ] ] ] } },
{ "type": "Feature", "properties": { "PNU": "4113510900106270000", "JIBUN": "627대", "purp_class": "non_resi", "mainPurps": "업무시설", "totArea_sum": 65400, "area_m2": 9110, "far_pct": 718 }, "geometry": { "type": "Polygon", "coordinates": [ [ [ 127.104460441660791, 37.401773652249084 ], [ 127.102649089504041, 37.401769088447992 ], [ 127.102649870101487, 37.402265906607639 ], [ 127.102879565368198, 37.402328961070332 ], [ 127.103592579459615, 37.402338529151088 ], [ 127.103786069784206, 37.402270966155626 ], [ 127.104183604604188, 37.402339278881179 ], [ 127.104460441660791, 37.401773652249084 ] ] ] } },
{ "type": "Feature", "properties": { "PNU": "4113510900106260001", "JIBUN": "626-1도", "purp_class": "empty", "mainPurps": "정보없음", "totArea_sum": 0, "area_m2": 2135, "far_pct": 0 }, "geometry": { "type": "Polygon", "coordinates": [ [ [ 127.10094261775177, 37.400792485392515 ], [ 127.100800848216522, 37.401026147252395 ], [ 127.102358355622343, 37.400992572951665 ], [ 127.102422122049731, 37.401043606025915 ], [ 127.102422030085847, 37.400806549415925 ], [ 127.102358061587267, 37.400857421156488 ], [ 127.100991939911694, 37.40085344253513 ], [ 127.10094261775177, 37.400792485392515 ] ] ] } },
{ "type": "Feature", "properties": { "PNU": "4113510900106260000", "JIBUN": "626공", "purp_class": "empty", "mainPurps": "정보없음", "totArea_sum": 0, "area_m2": 6954, "far_pct": 0 }, "geometry": { "type": "Polygon", "coordinates": [ [ [ 127.101859310824338, 37.402205311210487 ], [ 127.102355004468407, 37.402284539110433 ], [ 127.102423949282183, 37.40223789789971 ], [ 127.102422122049731, 37.401043606025915 ], [ 127.102358355622343, 37.400992572951665 ], [ 127.101857804943961, 37.400991196743455 ], [ 127.101859310824338, 37.402205311210487 ] ] ] } },
{ "type": "Feature", "properties": { "PNU": "4113510900106250000", "JIBUN": "625대", "purp_class": "non_resi", "mainPurps": "업무시설", "totArea_sum": 67379, "area_m2": 13284, "far_pct": 507 }, "geometry": { "type": "Polygon", "coordinates": [ [ [ 127.100342457208995, 37.401652195087316 ], [ 127.100362314238765, 37.401722547646855 ], [ 127.100867435336028, 37.401931339652883 ], [ 127.101859310824338, 37.402205311210487 ], [ 127.101857804943961, 37.400991196743455 ], [ 127.100877823331274, 37.400988420225403 ], [ 127.100342457208995, 37.401652195087316 ] ] ] } },
{ "type": "Feature", "properties": { "PNU": "4113510900106240007", "JIBUN": "624-7도", "purp_class": "empty", "mainPurps": "정보없음", "totArea_sum": 0, "area_m2": 3138, "far_pct": 0 }, "geometry": { "type": "Polygon", "coordinates": [ [ [ 127.100342457208995, 37.401652195087316 ], [ 127.100173866755611, 37.401847405299641 ], [ 127.101251679564484, 37.402200959816568 ], [ 127.102424382264246, 37.402476575984991 ], [ 127.102423949282183, 37.40223789789971 ], [ 127.102183414704797, 37.402261078765576 ], [ 127.101296908069628, 37.40206973409915 ], [ 127.100473515176617, 37.40177363220522 ], [ 127.100342457208995, 37.401652195087316 ] ] ] } },
{ "type": "Feature", "properties": { "PNU": "4113510900106240006", "JIBUN": "624-6도", "purp_class": "empty", "mainPurps": "정보없음", "totArea_sum": 0, "area_m2": 790, "far_pct": 0 }, "geometry": { "type": "Polygon", "coordinates": [ [ [ 127.102255210021283, 37.402909476954534 ], [ 127.102424559206881, 37.402861218442268 ], [ 127.102424382264246, 37.402476575984991 ], [ 127.102254990811446, 37.402408243401226 ], [ 127.102255210021283, 37.402909476954534 ] ] ] } },
{ "type": "Feature", "properties": { "PNU": "4113510900106240005", "JIBUN": "624-5대", "purp_class": "empty", "mainPurps": "정보없음", "totArea_sum": 0, "area_m2": 2071, "far_pct": 0 }, "geometry": { "type": "Polygon", "coordinates": [ [ [ 127.101766973880615, 37.402835738506006 ], [ 127.102255210021283, 37.402909476954534 ], [ 127.102254990811446, 37.402408243401226 ], [ 127.101905927345229, 37.402353398250924 ], [ 127.101766973880615, 37.402835738506006 ] ] ] } },
{ "type": "Feature", "properties": { "PNU": "4113510900106240004", "JIBUN": "624-4대", "purp_class": "empty", "mainPurps": "정보없음", "totArea_sum": 0, "area_m2": 1817, "far_pct": 0 }, "geometry": { "type": "Polygon", "coordinates": [ [ [ 127.101387269140162, 37.402756590443367 ], [ 127.101766973880615, 37.402835738506006 ], [ 127.101905927345229, 37.402353398250924 ], [ 127.101562714946738, 37.40228169816762 ], [ 127.101387269140162, 37.402756590443367 ] ] ] } },
{ "type": "Feature", "properties": { "PNU": "4113510900106240003", "JIBUN": "624-3대", "purp_class": "empty", "mainPurps": "정보없음", "totArea_sum": 0, "area_m2": 1818, "far_pct": 0 }, "geometry": { "type": "Polygon", "coordinates": [ [ [ 127.101014091179479, 37.40265878469107 ], [ 127.101387269140162, 37.402756590443367 ], [ 127.101562714946738, 37.40228169816762 ], [ 127.101225241366279, 37.402193503701731 ], [ 127.101014091179479, 37.40265878469107 ] ] ] } },
{ "type": "Feature", "properties": { "PNU": "4113510900106240002", "JIBUN": "624-2대", "purp_class": "empty", "mainPurps": "정보없음", "totArea_sum": 0, "area_m2": 1818, "far_pct": 0 }, "geometry": { "type": "Polygon", "coordinates": [ [ [ 127.100649022268669, 37.402542950692713 ], [ 127.101014091179479, 37.40265878469107 ], [ 127.101225241366279, 37.402193503701731 ], [ 127.100894862338663, 37.402088993964661 ], [ 127.100649022268669, 37.402542950692713 ] ] ] } },
{ "type": "Feature", "properties": { "PNU": "4113510900106240001", "JIBUN": "624-1대", "purp_class": "empty", "mainPurps": "정보없음", "totArea_sum": 0, "area_m2": 1817, "far_pct": 0 }, "geometry": { "type": "Polygon", "coordinates": [ [ [ 127.100293193114695, 37.402409898489708 ], [ 127.100649022268669, 37.402542950692713 ], [ 127.100894862338663, 37.402088993964661 ], [ 127.100573159817316, 37.401968618196456 ], [ 127.100293193114695, 37.402409898489708 ] ] ] } },
{ "type": "Feature", "properties": { "PNU": "4113510900106240000", "JIBUN": "624대", "purp_class": "non_resi", "mainPurps": "업무시설", "totArea_sum": 79736, "area_m2": 2244, "far_pct": 2000 }, "geometry": { "type": "Polygon", "coordinates": [ [ [ 127.099903433401821, 37.402239120985897 ], [ 127.100293193114695, 37.402409898489708 ], [ 127.100573159817316, 37.401968618196456 ], [ 127.100173866755611, 37.401847405299641 ], [ 127.099882084753744, 37.402150659225491 ], [ 127.099903433401821, 37.402239120985897 ] ] ] } },
{ "type": "Feature", "properties": { "PNU": "4113510900106230005", "JIBUN": "623-5천", "purp_class": "empty", "mainPurps": "정보없음", "totArea_sum": 0, "area_m2": 51565, "far_pct": 0 }, "geometry": { "type": "Polygon", "coordinates": [ [ [ 127.098346361420994, 37.406669516542536 ], [ 127.099158736125602, 37.406882839004197 ], [ 127.099963615475332, 37.406629888019673 ], [ 127.102601878764602, 37.405131169659043 ], [ 127.103690285651865, 37.404343469570144 ], [ 127.104374539689573, 37.403459973517705 ], [ 127.106280457197414, 37.399563759379546 ], [ 127.106416616234213, 37.399127277658856 ], [ 127.106644591301006, 37.398852806564463 ], [ 127.10576088120726, 37.3991920097465 ], [ 127.10575351646041, 37.399500973890618 ], [ 127.103845082603428, 37.403392856906983 ], [ 127.103250767275625, 37.404139138362645 ], [ 127.102663494049096, 37.404587445703108 ], [ 127.099854728106791, 37.406193708225175 ], [ 127.098346361420994, 37.406669516542536 ] ] ] } },
{ "type": "Feature", "properties": { "PNU": "4113510900106230004", "JIBUN": "623-4공", "purp_class": "empty", "mainPurps": "정보없음", "totArea_sum": 0, "area_m2": 1799, "far_pct": 0 }, "geometry": { "type": "Polygon", "coordinates": [ [ [ 127.103965303189469, 37.403013966823629 ], [ 127.104030133603231, 37.403014901749948 ], [ 127.105521963254887, 37.399968623741366 ], [ 127.105461202338205, 37.399968496966089 ], [ 127.103965303189469, 37.403013966823629 ] ] ] } },
{ "type": "Feature", "properties": { "PNU": "4113510900106230003", "JIBUN": "623-3공", "purp_class": "empty", "mainPurps": "정보없음", "totArea_sum": 0, "area_m2": 3803, "far_pct": 0 }, "geometry": { "type": "Polygon", "coordinates": [ [ [ 127.103925941977636, 37.402474023620357 ], [ 127.104117605087453, 37.402474488177695 ], [ 127.103853603183396, 37.403014243752985 ], [ 127.103965303189469, 37.403013966823629 ], [ 127.105461202338205, 37.399968496966089 ], [ 127.105349826655967, 37.399954989510491 ], [ 127.104183604604188, 37.402339278881179 ], [ 127.103926435584142, 37.402338781081362 ], [ 127.103925941977636, 37.402474023620357 ] ] ] } },
{ "type": "Feature", "properties": { "PNU": "4113510900106230002", "JIBUN": "623-2도", "purp_class": "empty", "mainPurps": "정보없음", "totArea_sum": 0, "area_m2": 2029, "far_pct": 0 }, "geometry": { "type": "Polygon", "coordinates": [ [ [ 127.103926435584142, 37.402338781081362 ], [ 127.103797364669504, 37.402271496994182 ], [ 127.103218965940854, 37.402336868859024 ], [ 127.102649870101487, 37.402265906607639 ], [ 127.102650302589552, 37.402503683677566 ], [ 127.102716872855993, 37.402454971997848 ], [ 127.103600782016969, 37.402473944384369 ], [ 127.103802698921982, 37.402539904272416 ], [ 127.103934056865839, 37.402461582607067 ], [ 127.103926435584142, 37.402338781081362 ] ] ] } },
{ "type": "Feature", "properties": { "PNU": "4113510900106230001", "JIBUN": "623-1대", "purp_class": "empty", "mainPurps": "정보없음", "totArea_sum": 0, "area_m2": 3901, "far_pct": 0 }, "geometry": { "type": "Polygon", "coordinates": [ [ [ 127.103215438160433, 37.402985781720176 ], [ 127.103853603183396, 37.403014243752985 ], [ 127.104117605087453, 37.402474488177695 ], [ 127.103779999189996, 37.402541095223867 ], [ 127.10321485704678, 37.402472204606717 ], [ 127.103215438160433, 37.402985781720176 ] ] ] } },
{ "type": "Feature", "properties": { "PNU": "4113510900106230000", "JIBUN": "623대", "purp_class": "non_resi", "mainPurps": "업무시설", "totArea_sum": 49679, "area_m2": 2811, "far_pct": 1767 }, "geometry": { "type": "Polygon", "coordinates": [ [ [ 127.102650302589552, 37.402503683677566 ], [ 127.102650503088711, 37.402904994858552 ], [ 127.102727505608982, 37.402970883148605 ], [ 127.103215438160433, 37.402985781720176 ], [ 127.10321485704678, 37.402472204606717 ], [ 127.102650302589552, 37.402503683677566 ] ] ] } },
{ "type": "Feature", "properties": { "PNU": "4113510900106220001", "JIBUN": "622-1도", "purp_class": "empty", "mainPurps": "정보없음", "totArea_sum": 0, "area_m2": 20081, "far_pct": 0 }, "geometry": { "type": "Polygon", "coordinates": [ [ [ 127.09924417007268, 37.402482130415912 ], [ 127.100855075616238, 37.403091945406125 ], [ 127.102328679057635, 37.403373075782994 ], [ 127.103845082603428, 37.403392856906983 ], [ 127.104030133603231, 37.403014901749948 ], [ 127.102727505608982, 37.402970883148605 ], [ 127.101565206477275, 37.402796535114845 ], [ 127.100511733470398, 37.402494140684311 ], [ 127.099642244853257, 37.402100672050992 ], [ 127.09924417007268, 37.402482130415912 ] ] ] } },
{ "type": "Feature", "properties": { "PNU": "4113510900106220000", "JIBUN": "622대", "purp_class": "non_resi", "mainPurps": "업무시설", "totArea_sum": 84113, "area_m2": 13871, "far_pct": 606 }, "geometry": { "type": "Polygon", "coordinates": [ [ [ 127.101572849918341, 37.404552783621639 ], [ 127.101936278637282, 37.404954597655404 ], [ 127.103107868089708, 37.404204674778846 ], [ 127.10379299105665, 37.403374701508312 ], [ 127.102714849666199, 37.40338608090542 ], [ 127.102280145218572, 37.404071582593232 ], [ 127.101572849918341, 37.404552783621639 ] ] ] } },
{ "type": "Feature", "properties": { "PNU": "4113510900106210001", "JIBUN": "621-1도", "purp_class": "empty", "mainPurps": "정보없음", "totArea_sum": 0, "area_m2": 874, "far_pct": 0 }, "geometry": { "type": "Polygon", "coordinates": [ [ [ 127.101990602268884, 37.403852522374386 ], [ 127.102098960857518, 37.403886398446488 ], [ 127.102219493100662, 37.403817638649585 ], [ 127.10239315594481, 37.403447084083197 ], [ 127.102328679057635, 37.403373075782994 ], [ 127.102238763756489, 37.403363781871263 ], [ 127.101990602268884, 37.403852522374386 ] ] ] } },
{ "type": "Feature", "properties": { "PNU": "4113510900106210000", "JIBUN": "621대", "purp_class": "non_resi", "mainPurps": "업무시설", "totArea_sum": 67233, "area_m2": 9927, "far_pct": 677 }, "geometry": { "type": "Polygon", "coordinates": [ [ [ 127.099642555733752, 37.403118636732302 ], [ 127.101990602268884, 37.403852522374386 ], [ 127.102238763756489, 37.403363781871263 ], [ 127.101123636054041, 37.40316389064413 ], [ 127.100029092219572, 37.402808546939383 ], [ 127.099642555733752, 37.403118636732302 ] ] ] } },
{ "type": "Feature", "properties": { "PNU": "4113510900106200000", "JIBUN": "620공", "purp_class": "empty", "mainPurps": "정보없음", "totArea_sum": 0, "area_m2": 4736, "far_pct": 0 }, "geometry": { "type": "Polygon", "coordinates": [ [ [ 127.100764088143521, 37.403810760091446 ], [ 127.101349433217166, 37.404459086901532 ], [ 127.101992125202912, 37.404062637353093 ], [ 127.101973056516158, 37.403992194325468 ], [ 127.100847893683365, 37.403640488321706 ], [ 127.100764088143521, 37.403810760091446 ] ] ] } },
{ "type": "Feature", "properties": { "PNU": "4113510900106190000", "JIBUN": "619대", "purp_class": "non_resi", "mainPurps": "교육연구시설", "totArea_sum": 56932, "area_m2": 8621, "far_pct": 660 }, "geometry": { "type": "Polygon", "coordinates": [ [ [ 127.099822309973945, 37.404462979346583 ], [ 127.100294880917673, 37.404986344406211 ], [ 127.100406377281445, 37.405000757519623 ], [ 127.101349433217166, 37.404459086901532 ], [ 127.100830595314832, 37.40388359621754 ], [ 127.099822309973945, 37.404462979346583 ] ] ] } },
{ "type": "Feature", "properties": { "PNU": "4113510900106180001", "JIBUN": "618-1도", "purp_class": "empty", "mainPurps": "정보없음", "totArea_sum": 0, "area_m2": 1099, "far_pct": 0 }, "geometry": { "type": "Polygon", "coordinates": [ [ [ 127.099756254689922, 37.404389871980939 ], [ 127.099822309973945, 37.404462979346583 ], [ 127.100830595314832, 37.40388359621754 ], [ 127.100764088143521, 37.403810760091446 ], [ 127.099756254689922, 37.404389871980939 ] ] ] } },
{ "type": "Feature", "properties": { "PNU": "4113510900106180000", "JIBUN": "618대", "purp_class": "non_resi", "mainPurps": "교육연구시설", "totArea_sum": 62444, "area_m2": 9921, "far_pct": 629 }, "geometry": { "type": "Polygon", "coordinates": [ [ [ 127.099184846792653, 37.403678274628021 ], [ 127.099756254689922, 37.404389871980939 ], [ 127.100764088143521, 37.403810760091446 ], [ 127.100847893683365, 37.403640488321706 ], [ 127.099734718249721, 37.403292545883495 ], [ 127.099184846792653, 37.403678274628021 ] ] ] } },
{ "type": "Feature", "properties": { "PNU": "4113510900106170001", "JIBUN": "617-1도", "purp_class": "empty", "mainPurps": "정보없음", "totArea_sum": 0, "area_m2": 4614, "far_pct": 0 }, "geometry": { "type": "Polygon", "coordinates": [ [ [ 127.099642555733752, 37.403118636732302 ], [ 127.099092193608413, 37.403560858995633 ], [ 127.099002170085896, 37.403555076663999 ], [ 127.099177711596809, 37.40375009127618 ], [ 127.099184846792653, 37.403678274628021 ], [ 127.099734718249721, 37.403292545883495 ], [ 127.101973056516158, 37.403992194325468 ], [ 127.101992125202912, 37.404062637353093 ], [ 127.102184767993947, 37.40386370999282 ], [ 127.099642555733752, 37.403118636732302 ] ] ] } },
{ "type": "Feature", "properties": { "PNU": "4113510900106170000", "JIBUN": "617차", "purp_class": "non_resi", "mainPurps": "자동차관련시설", "totArea_sum": 26920, "area_m2": 5688, "far_pct": 473 }, "geometry": { "type": "Polygon", "coordinates": [ [ [ 127.099002170085896, 37.403555076663999 ], [ 127.099092193608413, 37.403560858995633 ], [ 127.100029092219572, 37.402808546939383 ], [ 127.099526884207648, 37.402584521844382 ], [ 127.099415542745248, 37.402599480802351 ], [ 127.098774026362321, 37.4032072932064 ], [ 127.099002170085896, 37.403555076663999 ] ] ] } },
{ "type": "Feature", "properties": { "PNU": "4113510900106160002", "JIBUN": "616-2도", "purp_class": "empty", "mainPurps": "정보없음", "totArea_sum": 0, "area_m2": 13244, "far_pct": 0 }, "geometry": { "type": "Polygon", "coordinates": [ [ [ 127.098442743025871, 37.403243308428472 ], [ 127.100137271050144, 37.405120096199141 ], [ 127.10022210454089, 37.405300768619114 ], [ 127.102100214175493, 37.404232566636509 ], [ 127.102412530067028, 37.40391361219632 ], [ 127.102714849666199, 37.40338608090542 ], [ 127.102328679057635, 37.403373075782994 ], [ 127.10239315594481, 37.403447084083197 ], [ 127.10233206711473, 37.403625807109435 ], [ 127.101992125202912, 37.404062637353093 ], [ 127.100406377281445, 37.405000757519623 ], [ 127.100294880917673, 37.404986344406211 ], [ 127.098769737915688, 37.403297307963079 ], [ 127.098774026362321, 37.4032072932064 ], [ 127.099415542745248, 37.402599480802351 ], [ 127.099526884207648, 37.402584521844382 ], [ 127.09924417007268, 37.402482130415912 ], [ 127.098442743025871, 37.403243308428472 ] ] ] } },
{ "type": "Feature", "properties": { "PNU": "4113510900106160001", "JIBUN": "616-1대", "purp_class": "non_resi", "mainPurps": "교육연구시설", "totArea_sum": 15450, "area_m2": 2929, "far_pct": 528 }, "geometry": { "type": "Polygon", "coordinates": [ [ [ 127.0981005360387, 37.403568367697424 ], [ 127.09851294000589, 37.404025357397394 ], [ 127.098839574348588, 37.403762984259131 ], [ 127.098442743025871, 37.403243308428472 ], [ 127.0981005360387, 37.403568367697424 ] ] ] } },
{ "type": "Feature", "properties": { "PNU": "4113510900106160000", "JIBUN": "616대", "purp_class": "non_resi", "mainPurps": "업무시설", "totArea_sum": 16537, "area_m2": 2762, "far_pct": 599 }, "geometry": { "type": "Polygon", "coordinates": [ [ [ 127.097757398469113, 37.403892264410089 ], [ 127.098144669655198, 37.404321101142102 ], [ 127.09851294000589, 37.404025357397394 ], [ 127.0981005360387, 37.403568367697424 ], [ 127.097757398469113, 37.403892264410089 ] ] ] } },
{ "type": "Feature", "properties": { "PNU": "4113510900106150001", "JIBUN": "615-1도", "purp_class": "empty", "mainPurps": "정보없음", "totArea_sum": 0, "area_m2": 6800, "far_pct": 0 }, "geometry": { "type": "Polygon", "coordinates": [ [ [ 127.100122794319617, 37.405191288300223 ], [ 127.098934163210615, 37.40581190019055 ], [ 127.097956688796529, 37.404729864060897 ], [ 127.098932001734042, 37.403880580474159 ], [ 127.099022138234417, 37.403886092461562 ], [ 127.098846596808158, 37.403691077622824 ], [ 127.097701026973823, 37.404677813548453 ], [ 127.098933105424308, 37.40604174945171 ], [ 127.10022210454089, 37.405300768619114 ], [ 127.100137271050144, 37.405120096199141 ], [ 127.100122794319617, 37.405191288300223 ] ] ] } },
{ "type": "Feature", "properties": { "PNU": "4113510900106150000", "JIBUN": "615대", "purp_class": "non_resi", "mainPurps": "교육연구시설", "totArea_sum": 57461, "area_m2": 7454, "far_pct": 771 }, "geometry": { "type": "Polygon", "coordinates": [ [ [ 127.098245558699205, 37.404431843267716 ], [ 127.098736668455871, 37.40497601279786 ], [ 127.099572969633485, 37.404495262451341 ], [ 127.099022138234417, 37.403886092461562 ], [ 127.098932001734042, 37.403880580474159 ], [ 127.098245558699205, 37.404431843267716 ] ] ] } },
{ "type": "Feature", "properties": { "PNU": "4113510900106140000", "JIBUN": "614공", "purp_class": "empty", "mainPurps": "정보없음", "totArea_sum": 0, "area_m2": 6460, "far_pct": 0 }, "geometry": { "type": "Polygon", "coordinates": [ [ [ 127.099337389797014, 37.405642717464403 ], [ 127.098245558699205, 37.404431843267716 ], [ 127.097964164083947, 37.404658047220266 ], [ 127.098934163210615, 37.40581190019055 ], [ 127.099023405922679, 37.405823179392847 ], [ 127.099337389797014, 37.405642717464403 ] ] ] } },
{ "type": "Feature", "properties": { "PNU": "4113510900106130001", "JIBUN": "613-1도", "purp_class": "empty", "mainPurps": "정보없음", "totArea_sum": 0, "area_m2": 912, "far_pct": 0 }, "geometry": { "type": "Polygon", "coordinates": [ [ [ 127.098736668455871, 37.40497601279786 ], [ 127.098802948924771, 37.405048940338183 ], [ 127.099639024832427, 37.404568369918174 ], [ 127.099572969633485, 37.404495262451341 ], [ 127.098736668455871, 37.40497601279786 ] ] ] } },
{ "type": "Feature", "properties": { "PNU": "4113510900107310000", "JIBUN": "731공", "purp_class": "empty", "mainPurps": "관광휴게시설", "totArea_sum": 41, "area_m2": 9004, "far_pct": 0 }, "geometry": { "type": "Polygon", "coordinates": [ [ [ 127.11658064045028, 37.399375604160369 ], [ 127.114020666276488, 37.399283461054011 ], [ 127.113439656785275, 37.399242565779815 ], [ 127.113439954375977, 37.399442680663029 ], [ 127.114514218650683, 37.399445263027808 ], [ 127.114514691715215, 37.399760347084602 ], [ 127.116231014771984, 37.399764551083379 ], [ 127.116230524634432, 37.399442979756024 ], [ 127.116580743211657, 37.399442819687188 ], [ 127.11658064045028, 37.399375604160369 ] ] ] } },
{ "type": "Feature", "properties": { "PNU": "4113510900107300001", "JIBUN": "730-1공", "purp_class": "empty", "mainPurps": "정보없음", "totArea_sum": 0, "area_m2": 342, "far_pct": 0 }, "geometry": { "type": "Polygon", "coordinates": [ [ [ 127.116676637685259, 37.399375961215561 ], [ 127.11658064045028, 37.399375604160369 ], [ 127.116581236360801, 37.399765382124258 ], [ 127.116677136207429, 37.399701767299767 ], [ 127.116676637685259, 37.399375961215561 ] ] ] } },
{ "type": "Feature", "properties": { "PNU": "4113510900107300000", "JIBUN": "730대", "purp_class": "empty", "mainPurps": "방송통신시설", "totArea_sum": 2286, "area_m2": 1108, "far_pct": 206 }, "geometry": { "type": "Polygon", "coordinates": [ [ [ 127.116231014771984, 37.399764551083379 ], [ 127.116581236360801, 37.399765382124258 ], [ 127.116580743211657, 37.399442819687188 ], [ 127.116230524634432, 37.399442979756024 ], [ 127.116231014771984, 37.399764551083379 ] ] ] } },
{ "type": "Feature", "properties": { "PNU": "4113510900107290000", "JIBUN": "729공", "purp_class": "empty", "mainPurps": "정보없음", "totArea_sum": 0, "area_m2": 9873, "far_pct": 0 }, "geometry": { "type": "Polygon", "coordinates": [ [ [ 127.119499337761809, 37.399773589024768 ], [ 127.119563849239228, 37.399551244560001 ], [ 127.119264374844974, 37.399523701823981 ], [ 127.119297111002126, 37.399297154366941 ], [ 127.119593489607965, 37.399324429808956 ], [ 127.1196066691342, 37.399223503106612 ], [ 127.118523844447111, 37.399378923186624 ], [ 127.1169702763884, 37.399377116501526 ], [ 127.117004756732371, 37.399767582183991 ], [ 127.119499337761809, 37.399773589024768 ] ] ] } },
{ "type": "Feature", "properties": { "PNU": "4113510900107280002", "JIBUN": "728-2공", "purp_class": "empty", "mainPurps": "정보없음", "totArea_sum": 0, "area_m2": 739, "far_pct": 0 }, "geometry": { "type": "Polygon", "coordinates": [ [ [ 127.116971693964501, 37.400301194763195 ], [ 127.117063541397954, 37.401275911606746 ], [ 127.117061502513607, 37.399947909689701 ], [ 127.116971693964501, 37.400301194763195 ] ] ] } },
{ "type": "Feature", "properties": { "PNU": "4113510900107280001", "JIBUN": "728-1공", "purp_class": "empty", "mainPurps": "정보없음", "totArea_sum": 0, "area_m2": 389, "far_pct": 0 }, "geometry": { "type": "Polygon", "coordinates": [ [ [ 127.117087206574041, 37.401977327426614 ], [ 127.117086475441127, 37.401501232659314 ], [ 127.117007347956914, 37.401456169196457 ], [ 127.117008134450757, 37.401968664854344 ], [ 127.117087206574041, 37.401977327426614 ] ] ] } },
{ "type": "Feature", "properties": { "PNU": "4113510900107270001", "JIBUN": "727-1공", "purp_class": "empty", "mainPurps": "정보없음", "totArea_sum": 0, "area_m2": 1226, "far_pct": 0 }, "geometry": { "type": "Polygon", "coordinates": [ [ [ 127.116677606198706, 37.400008922410699 ], [ 127.116581511866542, 37.399945584595329 ], [ 127.116583539663694, 37.401271874612078 ], [ 127.116679538628063, 37.401271781154769 ], [ 127.116677606198706, 37.400008922410699 ] ] ] } },
{ "type": "Feature", "properties": { "PNU": "4113510900107270000", "JIBUN": "727학", "purp_class": "non_resi", "mainPurps": "교육연구시설", "totArea_sum": 8231, "area_m2": 13114, "far_pct": 63 }, "geometry": { "type": "Polygon", "coordinates": [ [ [ 127.11523552637729, 37.399953013592473 ], [ 127.115237013494209, 37.400937189335195 ], [ 127.116583025951755, 37.400935887176296 ], [ 127.116581511866542, 37.399945584595329 ], [ 127.11523552637729, 37.399953013592473 ] ] ] } },
{ "type": "Feature", "properties": { "PNU": "4113510900107260002", "JIBUN": "726-2도", "purp_class": "empty", "mainPurps": "정보없음", "totArea_sum": 0, "area_m2": 6998, "far_pct": 0 }, "geometry": { "type": "Polygon", "coordinates": [ [ [ 127.113175375389844, 37.399693502724524 ], [ 127.11316582037017, 37.40002814824323 ], [ 127.11324579918552, 37.399964551233893 ], [ 127.115324957592151, 37.399942565894555 ], [ 127.116598226685809, 37.399945568329116 ], [ 127.116677606198706, 37.400008922410699 ], [ 127.116677136207429, 37.399701767299767 ], [ 127.116581236360801, 37.399765382124258 ], [ 127.113255091242891, 37.399757309297669 ], [ 127.113175375389844, 37.399693502724524 ] ] ] } },
{ "type": "Feature", "properties": { "PNU": "4113510900107260001", "JIBUN": "726-1수", "purp_class": "empty", "mainPurps": "정보없음", "totArea_sum": 0, "area_m2": 3255, "far_pct": 0 }, "geometry": { "type": "Polygon", "coordinates": [ [ [ 127.113167534338004, 37.401564104472499 ], [ 127.113372527877374, 37.401568415800519 ], [ 127.113387537056624, 37.399964867730397 ], [ 127.11316582037017, 37.40002814824323 ], [ 127.113167534338004, 37.401564104472499 ] ] ] } },
{ "type": "Feature", "properties": { "PNU": "4113510900107250001", "JIBUN": "725-1공", "purp_class": "empty", "mainPurps": "정보없음", "totArea_sum": 0, "area_m2": 359, "far_pct": 0 }, "geometry": { "type": "Polygon", "coordinates": [ [ [ 127.11658453459998, 37.401922585541904 ], [ 127.116646652114042, 37.401922525077026 ], [ 127.116679821277955, 37.401456488639482 ], [ 127.116583822077999, 37.401456582097431 ], [ 127.11658453459998, 37.401922585541904 ] ] ] } },
{ "type": "Feature", "properties": { "PNU": "4113510900107250000", "JIBUN": "725 대", "purp_class": "empty", "mainPurps": "정보없음", "totArea_sum": 0, "area_m2": 12143, "far_pct": 0 }, "geometry": { "type": "Polygon", "coordinates": [ [ [ 127.116583025951755, 37.400935887176296 ], [ 127.115237013494209, 37.400937189335195 ], [ 127.115238244575878, 37.401751884538101 ], [ 127.11658453459998, 37.401922585541904 ], [ 127.116583822077999, 37.401456582097431 ], [ 127.116679821277955, 37.401456488639482 ], [ 127.116679538628063, 37.401271781154769 ], [ 127.116583539663694, 37.401271874612078 ], [ 127.116583025951755, 37.400935887176296 ] ] ] } },
{ "type": "Feature", "properties": { "PNU": "4113510900107240001", "JIBUN": "724-1공", "purp_class": "empty", "mainPurps": "정보없음", "totArea_sum": 0, "area_m2": 204, "far_pct": 0 }, "geometry": { "type": "Polygon", "coordinates": [ [ [ 127.116646871282342, 37.402065785988988 ], [ 127.116567799116041, 37.402057123122461 ], [ 127.116568207815504, 37.402324453382029 ], [ 127.116647266891931, 37.402324376431238 ], [ 127.116646871282342, 37.402065785988988 ] ] ] } },
{ "type": "Feature", "properties": { "PNU": "4113510900107240000", "JIBUN": "724대", "purp_class": "non_resi", "mainPurps": "교육연구시설", "totArea_sum": 1296, "area_m2": 1173, "far_pct": 110 }, "geometry": { "type": "Polygon", "coordinates": [ [ [ 127.116567799116041, 37.402057123122461 ], [ 127.116228918980738, 37.402020240512684 ], [ 127.116229465605016, 37.40237884329126 ], [ 127.116647349598409, 37.402378437149451 ], [ 127.116568207815504, 37.402324453382029 ], [ 127.116567799116041, 37.402057123122461 ] ] ] } },
{ "type": "Feature", "properties": { "PNU": "4113510900107230001", "JIBUN": "723-1공", "purp_class": "empty", "mainPurps": "정보없음", "totArea_sum": 0, "area_m2": 128, "far_pct": 0 }, "geometry": { "type": "Polygon", "coordinates": [ [ [ 127.116568624923119, 37.40259727980218 ], [ 127.116647684286164, 37.402597202850664 ], [ 127.116647432305115, 37.40243249786716 ], [ 127.116568373115072, 37.402432574818214 ], [ 127.116568624923119, 37.40259727980218 ] ] ] } },
{ "type": "Feature", "properties": { "PNU": "4113510900107230000", "JIBUN": "723종", "purp_class": "empty", "mainPurps": "종교시설", "totArea_sum": 1315, "area_m2": 770, "far_pct": 171 }, "geometry": { "type": "Polygon", "coordinates": [ [ [ 127.116647349598409, 37.402378437149451 ], [ 127.116229465605016, 37.40237884329126 ], [ 127.116229799078042, 37.402597608995642 ], [ 127.116568624923119, 37.40259727980218 ], [ 127.116568373115072, 37.402432574818214 ], [ 127.116647349598409, 37.402378437149451 ] ] ] } },
{ "type": "Feature", "properties": { "PNU": "4113510900107220004", "JIBUN": "722-4도", "purp_class": "empty", "mainPurps": "정보없음", "totArea_sum": 0, "area_m2": 4655, "far_pct": 0 }, "geometry": { "type": "Polygon", "coordinates": [ [ [ 127.113166948275918, 37.401701960083749 ], [ 127.114065747609075, 37.401713091474306 ], [ 127.116646871282342, 37.402065785988988 ], [ 127.116646652114042, 37.401922525077026 ], [ 127.114086779767177, 37.401578910551983 ], [ 127.113167534338004, 37.401564104472499 ], [ 127.113166948275918, 37.401701960083749 ] ] ] } },
{ "type": "Feature", "properties": { "PNU": "4113510900107220003", "JIBUN": "722-3공", "purp_class": "empty", "mainPurps": "정보없음", "totArea_sum": 0, "area_m2": 599, "far_pct": 0 }, "geometry": { "type": "Polygon", "coordinates": [ [ [ 127.116399533838177, 37.403770022768327 ], [ 127.116473149185978, 37.403754273594011 ], [ 127.116646887442059, 37.403331349196627 ], [ 127.116647962735911, 37.40277920725817 ], [ 127.116568903181658, 37.402779284210176 ], [ 127.116591306786006, 37.403323113979809 ], [ 127.116399533838177, 37.403770022768327 ] ] ] } },
{ "type": "Feature", "properties": { "PNU": "4113510900107220002", "JIBUN": "722-2공", "purp_class": "empty", "mainPurps": "정보없음", "totArea_sum": 0, "area_m2": 1752, "far_pct": 0 }, "geometry": { "type": "Polygon", "coordinates": [ [ [ 127.115361837165565, 37.403641640941657 ], [ 127.114301280906403, 37.403179446427217 ], [ 127.11337466691765, 37.403007512296533 ], [ 127.113374761069963, 37.403070853437718 ], [ 127.114424142573526, 37.4033164633816 ], [ 127.115261062904494, 37.403697510637095 ], [ 127.115361837165565, 37.403641640941657 ] ] ] } },
{ "type": "Feature", "properties": { "PNU": "4113510900107220001", "JIBUN": "722-1수", "purp_class": "empty", "mainPurps": "정보없음", "totArea_sum": 0, "area_m2": 2802, "far_pct": 0 }, "geometry": { "type": "Polygon", "coordinates": [ [ [ 127.113372728757554, 37.401703567627706 ], [ 127.113166948275918, 37.401701960083749 ], [ 127.113134541591734, 37.402620663910049 ], [ 127.11315510093047, 37.402927799926509 ], [ 127.113374761069963, 37.403070853437718 ], [ 127.113372728757554, 37.401703567627706 ] ] ] } },
{ "type": "Feature", "properties": { "PNU": "4113510900107210001", "JIBUN": "721-1도", "purp_class": "empty", "mainPurps": "정보없음", "totArea_sum": 0, "area_m2": 1618, "far_pct": 0 }, "geometry": { "type": "Polygon", "coordinates": [ [ [ 127.115261062904494, 37.403697510637095 ], [ 127.1155149621096, 37.40377313142848 ], [ 127.115695325082413, 37.403544280272726 ], [ 127.116354928250701, 37.403922787815922 ], [ 127.116473149185978, 37.403754273594011 ], [ 127.115583571221961, 37.40336049134816 ], [ 127.115261062904494, 37.403697510637095 ] ] ] } },
{ "type": "Feature", "properties": { "PNU": "4113510900107210000", "JIBUN": "721대", "purp_class": "non_resi", "mainPurps": "제1종근린생활시설", "totArea_sum": 4165, "area_m2": 733, "far_pct": 568 }, "geometry": { "type": "Polygon", "coordinates": [ [ [ 127.1155149621096, 37.40377313142848 ], [ 127.115713894823742, 37.403872951922807 ], [ 127.115894257566254, 37.403644190569274 ], [ 127.115629271381593, 37.403556327512206 ], [ 127.1155149621096, 37.40377313142848 ] ] ] } },
{ "type": "Feature", "properties": { "PNU": "4113510900107200000", "JIBUN": "720대", "purp_class": "non_resi", "mainPurps": "제1종근린생활시설", "totArea_sum": 4167, "area_m2": 732, "far_pct": 569 }, "geometry": { "type": "Polygon", "coordinates": [ [ [ 127.115713894823742, 37.403872951922807 ], [ 127.11594741551427, 37.403990218266053 ], [ 127.116127890769818, 37.403761456452095 ], [ 127.115894257566254, 37.403644190569274 ], [ 127.115713894823742, 37.403872951922807 ] ] ] } },
{ "type": "Feature", "properties": { "PNU": "4113510900107190000", "JIBUN": "719대", "purp_class": "non_resi", "mainPurps": "제2종근린생활시설", "totArea_sum": 4190, "area_m2": 747, "far_pct": 561 }, "geometry": { "type": "Polygon", "coordinates": [ [ [ 127.11594741551427, 37.403990218266053 ], [ 127.116232369167861, 37.404061302389408 ], [ 127.11634027489238, 37.40386802045137 ], [ 127.116127890769818, 37.403761456452095 ], [ 127.11594741551427, 37.403990218266053 ] ] ] } },
{ "type": "Feature", "properties": { "PNU": "4113510900107180007", "JIBUN": "718-7도", "purp_class": "empty", "mainPurps": "정보없음", "totArea_sum": 0, "area_m2": 15906, "far_pct": 0 }, "geometry": { "type": "Polygon", "coordinates": [ [ [ 127.116120465395483, 37.404077088529597 ], [ 127.116595451012856, 37.404334407034028 ], [ 127.116550906505111, 37.404157671623494 ], [ 127.116945041966332, 37.40346846302112 ], [ 127.117009695329159, 37.402985727131416 ], [ 127.1169702763884, 37.399377116501526 ], [ 127.116676637685259, 37.399375961215561 ], [ 127.116664484664469, 37.403243212973514 ], [ 127.116473149185978, 37.403754273594011 ], [ 127.116232369167861, 37.404061302389408 ], [ 127.116120465395483, 37.404077088529597 ] ] ] } },
{ "type": "Feature", "properties": { "PNU": "4113510900107180006", "JIBUN": "718-6공", "purp_class": "empty", "mainPurps": "정보없음", "totArea_sum": 0, "area_m2": 477, "far_pct": 0 }, "geometry": { "type": "Polygon", "coordinates": [ [ [ 127.116882398062572, 37.403641698879902 ], [ 127.117001857953696, 37.403472011596541 ], [ 127.11706588643851, 37.402803217055961 ], [ 127.117009415311145, 37.402803272226713 ], [ 127.116882398062572, 37.403641698879902 ] ] ] } },
{ "type": "Feature", "properties": { "PNU": "4113510900107180001", "JIBUN": "718-1공", "purp_class": "empty", "mainPurps": "정보없음", "totArea_sum": 0, "area_m2": 1995, "far_pct": 0 }, "geometry": { "type": "Polygon", "coordinates": [ [ [ 127.116595451012856, 37.404334407034028 ], [ 127.117587436109503, 37.404841518636196 ], [ 127.118369843157083, 37.405081408550579 ], [ 127.118491957506265, 37.405021550652833 ], [ 127.117521394389854, 37.404715351535089 ], [ 127.116660556187043, 37.404292626750362 ], [ 127.116624990929694, 37.404153004359451 ], [ 127.116853089270663, 37.403825984650467 ], [ 127.116800432341989, 37.403809637563256 ], [ 127.116550906505111, 37.404157671623494 ], [ 127.116595451012856, 37.404334407034028 ] ] ] } },
{ "type": "Feature", "properties": { "PNU": "4113510900107170006", "JIBUN": "717-6도", "purp_class": "empty", "mainPurps": "정보없음", "totArea_sum": 0, "area_m2": 21254, "far_pct": 0 }, "geometry": { "type": "Polygon", "coordinates": [ [ [ 127.113381259477663, 37.403415574940894 ], [ 127.113833659070565, 37.403456772888532 ], [ 127.11442303776748, 37.403633981473241 ], [ 127.117287473973775, 37.405075445357213 ], [ 127.118775127239417, 37.405538361448301 ], [ 127.11876623997324, 37.406358472059708 ], [ 127.119051166958243, 37.404235763329865 ], [ 127.118894895012048, 37.405132426433909 ], [ 127.11879907822528, 37.4051800949916 ], [ 127.117469336894402, 37.40479532244369 ], [ 127.1155149621096, 37.40377313142848 ], [ 127.114261425496849, 37.403263819271274 ], [ 127.113295467017338, 37.403065342141133 ], [ 127.11315510093047, 37.402927799926509 ], [ 127.113164001447373, 37.403522009732129 ], [ 127.113381259477663, 37.403415574940894 ] ] ] } },
{ "type": "Feature", "properties": { "PNU": "4113510900107170005", "JIBUN": "717-5공", "purp_class": "empty", "mainPurps": "정보없음", "totArea_sum": 0, "area_m2": 473, "far_pct": 0 }, "geometry": { "type": "Polygon", "coordinates": [ [ [ 127.1183525122932, 37.405412818204276 ], [ 127.117685145088998, 37.405214532119707 ], [ 127.117657451633193, 37.405273665768014 ], [ 127.118420302969398, 37.405500239544736 ], [ 127.1183525122932, 37.405412818204276 ] ] ] } },
{ "type": "Feature", "properties": { "PNU": "4113510900107170001", "JIBUN": "717-1공", "purp_class": "empty", "mainPurps": "정보없음", "totArea_sum": 0, "area_m2": 711, "far_pct": 0 }, "geometry": { "type": "Polygon", "coordinates": [ [ [ 127.11562827078464, 37.406843854184189 ], [ 127.115628542164927, 37.407022795028048 ], [ 127.115483437861627, 37.408164337634311 ], [ 127.115553371458361, 37.408101199336031 ], [ 127.115685023023929, 37.40702706536581 ], [ 127.11562827078464, 37.406843854184189 ] ] ] } },
{ "type": "Feature", "properties": { "PNU": "4113510900107160000", "JIBUN": "716대", "purp_class": "non_resi", "mainPurps": "제1종근린생활시설", "totArea_sum": 332, "area_m2": 925, "far_pct": 36 }, "geometry": { "type": "Polygon", "coordinates": [ [ [ 127.115627626641782, 37.406419117436386 ], [ 127.115628000499882, 37.406665634144026 ], [ 127.115961987902921, 37.406665311346153 ], [ 127.115961554707326, 37.406380501658134 ], [ 127.115627626641782, 37.406419117436386 ] ] ] } },
{ "type": "Feature", "properties": { "PNU": "4113510900107150000", "JIBUN": "715대", "purp_class": "non_resi", "mainPurps": "제1종근린생활시설", "totArea_sum": 756, "area_m2": 1000, "far_pct": 76 }, "geometry": { "type": "Polygon", "coordinates": [ [ [ 127.116319259842371, 37.406380154893093 ], [ 127.115961554707326, 37.406380501658134 ], [ 127.115961987902921, 37.406665311346153 ], [ 127.11631969439189, 37.406664964577594 ], [ 127.116319259842371, 37.406380154893093 ] ] ] } },
{ "type": "Feature", "properties": { "PNU": "4113510900107140000", "JIBUN": "714대", "purp_class": "non_resi", "mainPurps": "업무시설", "totArea_sum": 2851, "area_m2": 1000, "far_pct": 285 }, "geometry": { "type": "Polygon", "coordinates": [ [ [ 127.11667685202373, 37.406379807155957 ], [ 127.116319259842371, 37.406380154893093 ], [ 127.11631969439189, 37.406664964577594 ], [ 127.116677287926763, 37.406664616836927 ], [ 127.11667685202373, 37.406379807155957 ] ] ] } },
{ "type": "Feature", "properties": { "PNU": "4113510900107130000", "JIBUN": "713차", "purp_class": "non_resi", "mainPurps": "자동차관련시설", "totArea_sum": 17962, "area_m2": 3363, "far_pct": 534 }, "geometry": { "type": "Polygon", "coordinates": [ [ [ 127.117068102219989, 37.405790793829368 ], [ 127.11667595114001, 37.405791176411192 ], [ 127.116677287926763, 37.406664616836927 ], [ 127.117069443558677, 37.406664234243159 ], [ 127.117068102219989, 37.405790793829368 ] ] ] } },
{ "type": "Feature", "properties": { "PNU": "4113510900107120000", "JIBUN": "712대", "purp_class": "empty", "mainPurps": "정보없음", "totArea_sum": 0, "area_m2": 1652, "far_pct": 0 }, "geometry": { "type": "Polygon", "coordinates": [ [ [ 127.116084277098693, 37.406272261286247 ], [ 127.116541091189958, 37.406233614839238 ], [ 127.116493481472048, 37.405899475518112 ], [ 127.116083710100497, 37.405899873268808 ], [ 127.116084277098693, 37.406272261286247 ] ] ] } },
{ "type": "Feature", "properties": { "PNU": "4113510900107110000", "JIBUN": "711대", "purp_class": "empty", "mainPurps": "노유자시설", "totArea_sum": 2562, "area_m2": 1652, "far_pct": 155 }, "geometry": { "type": "Polygon", "coordinates": [ [ [ 127.115626897932074, 37.405938608049254 ], [ 127.115675294323552, 37.40627265685881 ], [ 127.116084277098693, 37.406272261286247 ], [ 127.116083710100497, 37.405899873268808 ], [ 127.115626897932074, 37.405938608049254 ] ] ] } },
{ "type": "Feature", "properties": { "PNU": "4113510900107100003", "JIBUN": "710-3도", "purp_class": "empty", "mainPurps": "정보없음", "totArea_sum": 0, "area_m2": 2777, "far_pct": 0 }, "geometry": { "type": "Polygon", "coordinates": [ [ [ 127.11667595114001, 37.405791176411192 ], [ 127.115626617957972, 37.405753990800029 ], [ 127.115626897932074, 37.405938608049254 ], [ 127.116493481472048, 37.405899475518112 ], [ 127.116541091189958, 37.406233614839238 ], [ 127.115627346661086, 37.406234500202309 ], [ 127.115627626641782, 37.406419117436386 ], [ 127.11667685202373, 37.406379807155957 ], [ 127.11667595114001, 37.405791176411192 ] ] ] } },
{ "type": "Feature", "properties": { "PNU": "4113510900107100002", "JIBUN": "710-2공", "purp_class": "empty", "mainPurps": "정보없음", "totArea_sum": 0, "area_m2": 430, "far_pct": 0 }, "geometry": { "type": "Polygon", "coordinates": [ [ [ 127.115626617957972, 37.405753990800029 ], [ 127.115705738615148, 37.405792117359461 ], [ 127.115750344139656, 37.405340126240489 ], [ 127.115641202024989, 37.405316354792305 ], [ 127.115626617957972, 37.405753990800029 ] ] ] } },
{ "type": "Feature", "properties": { "PNU": "4113510900107100001", "JIBUN": "710-1공", "purp_class": "empty", "mainPurps": "정보없음", "totArea_sum": 0, "area_m2": 1843, "far_pct": 0 }, "geometry": { "type": "Polygon", "coordinates": [ [ [ 127.115699782893628, 37.405142312649694 ], [ 127.115809150665726, 37.405166083826536 ], [ 127.116201928844987, 37.404615905425928 ], [ 127.117251078582825, 37.405131433886666 ], [ 127.117448058100024, 37.405205934886645 ], [ 127.117475751556853, 37.405146711185289 ], [ 127.116219335056414, 37.404550114594983 ], [ 127.116107994593122, 37.404565449669647 ], [ 127.115957454866574, 37.404724534152862 ], [ 127.115699782893628, 37.405142312649694 ] ] ] } },
{ "type": "Feature", "properties": { "PNU": "4113510900107100000", "JIBUN": "710학", "purp_class": "non_resi", "mainPurps": "교육연구시설", "totArea_sum": 12077, "area_m2": 12435, "far_pct": 97 }, "geometry": { "type": "Polygon", "coordinates": [ [ [ 127.115641202024989, 37.405316354792305 ], [ 127.115750344139656, 37.405340126240489 ], [ 127.115705738615148, 37.405792117359461 ], [ 127.117068102219989, 37.405790793829368 ], [ 127.117066962943625, 37.405048900972183 ], [ 127.116201928844987, 37.404615905425928 ], [ 127.115809150665726, 37.405166083826536 ], [ 127.115699782893628, 37.405142312649694 ], [ 127.115641202024989, 37.405316354792305 ] ] ] } },
{ "type": "Feature", "properties": { "PNU": "4113510900107090001", "JIBUN": "709-1도", "purp_class": "empty", "mainPurps": "정보없음", "totArea_sum": 0, "area_m2": 12935, "far_pct": 0 }, "geometry": { "type": "Polygon", "coordinates": [ [ [ 127.115133910749563, 37.408424886402855 ], [ 127.115416283121831, 37.408496335313771 ], [ 127.115512333999348, 37.408002578045298 ], [ 127.115628542164927, 37.407022795028048 ], [ 127.115653666873357, 37.405268769281264 ], [ 127.115957454866574, 37.404724534152862 ], [ 127.116107994593122, 37.404565449669647 ], [ 127.116219335056414, 37.404550114594983 ], [ 127.115790191625649, 37.404358434143454 ], [ 127.115807494410319, 37.404447437504963 ], [ 127.115424850268099, 37.404978413275124 ], [ 127.115326283574291, 37.405374863758361 ], [ 127.115285489995813, 37.407378575069799 ], [ 127.115133910749563, 37.408424886402855 ] ] ] } },
{ "type": "Feature", "properties": { "PNU": "4113510900107090000", "JIBUN": "709대", "purp_class": "non_resi", "mainPurps": "제1종근린생활시설", "totArea_sum": 5341, "area_m2": 956, "far_pct": 558 }, "geometry": { "type": "Polygon", "coordinates": [ [ [ 127.115349742647183, 37.404456618900277 ], [ 127.115617286964067, 37.404590972369647 ], [ 127.115807494410319, 37.404447437504963 ], [ 127.115790191625649, 37.404358434143454 ], [ 127.11553157726182, 37.404228577514424 ], [ 127.115349742647183, 37.404456618900277 ] ] ] } },
{ "type": "Feature", "properties": { "PNU": "4113510900107080000", "JIBUN": "708대", "purp_class": "non_resi", "mainPurps": "제1종근린생활시설", "totArea_sum": 6314, "area_m2": 952, "far_pct": 664 }, "geometry": { "type": "Polygon", "coordinates": [ [ [ 127.11553157726182, 37.404228577514424 ], [ 127.115262225918386, 37.404093324567128 ], [ 127.115066759017651, 37.404269390184858 ], [ 127.115349742647183, 37.404456618900277 ], [ 127.11553157726182, 37.404228577514424 ] ] ] } },
{ "type": "Feature", "properties": { "PNU": "4113510900107070001", "JIBUN": "707-1도", "purp_class": "empty", "mainPurps": "정보없음", "totArea_sum": 0, "area_m2": 1490, "far_pct": 0 }, "geometry": { "type": "Polygon", "coordinates": [ [ [ 127.114854297010638, 37.404335638279832 ], [ 127.115564424339013, 37.404737167672074 ], [ 127.11568390903328, 37.404580726615542 ], [ 127.115081747234584, 37.404322085052485 ], [ 127.115262225918386, 37.404093324567128 ], [ 127.115068523138419, 37.403941509839782 ], [ 127.114854297010638, 37.404335638279832 ] ] ] } },
{ "type": "Feature", "properties": { "PNU": "4113510900107070000", "JIBUN": "707공", "purp_class": "empty", "mainPurps": "정보없음", "totArea_sum": 0, "area_m2": 1516, "far_pct": 0 }, "geometry": { "type": "Polygon", "coordinates": [ [ [ 127.114608658524261, 37.404647083364608 ], [ 127.115260125456075, 37.404646458476662 ], [ 127.115534000000409, 37.404783959585536 ], [ 127.115564424339013, 37.404737167672074 ], [ 127.114854297010638, 37.404335638279832 ], [ 127.114608658524261, 37.404647083364608 ] ] ] } },
{ "type": "Feature", "properties": { "PNU": "4113510900107060002", "JIBUN": "706-2공", "purp_class": "empty", "mainPurps": "정보없음", "totArea_sum": 0, "area_m2": 282, "far_pct": 0 }, "geometry": { "type": "Polygon", "coordinates": [ [ [ 127.11546629423043, 37.404749966563472 ], [ 127.115301988291691, 37.405068272456745 ], [ 127.115408536689301, 37.405095020060266 ], [ 127.115534000000409, 37.404783959585536 ], [ 127.11546629423043, 37.404749966563472 ] ] ] } },
{ "type": "Feature", "properties": { "PNU": "4113510900107060001", "JIBUN": "706-1공", "purp_class": "empty", "mainPurps": "정보없음", "totArea_sum": 0, "area_m2": 1199, "far_pct": 0 }, "geometry": { "type": "Polygon", "coordinates": [ [ [ 127.115184469033196, 37.406003456608957 ], [ 127.115242975612858, 37.406003400350464 ], [ 127.115266563716546, 37.406664000180903 ], [ 127.11535198930099, 37.405269780913017 ], [ 127.115240934549803, 37.405250786304528 ], [ 127.115184469033196, 37.406003456608957 ] ] ] } },
{ "type": "Feature", "properties": { "PNU": "4113510900107060000", "JIBUN": "706학", "purp_class": "non_resi", "mainPurps": "교육연구시설", "totArea_sum": 9280, "area_m2": 14143, "far_pct": 66 }, "geometry": { "type": "Polygon", "coordinates": [ [ [ 127.11546629423043, 37.404749966563472 ], [ 127.115260125456075, 37.404646458476662 ], [ 127.114608658524261, 37.404647083364608 ], [ 127.114088628557951, 37.405306310154813 ], [ 127.114089673102484, 37.40600450399878 ], [ 127.115184469033196, 37.406003456608957 ], [ 127.115240934549803, 37.405250786304528 ], [ 127.11535198930099, 37.405269780913017 ], [ 127.115408536689301, 37.405095020060266 ], [ 127.115301988291691, 37.405068272456745 ], [ 127.11546629423043, 37.404749966563472 ] ] ] } },
{ "type": "Feature", "properties": { "PNU": "4113510900107050002", "JIBUN": "705-2공", "purp_class": "empty", "mainPurps": "정보없음", "totArea_sum": 0, "area_m2": 754, "far_pct": 0 }, "geometry": { "type": "Polygon", "coordinates": [ [ [ 127.115266836141885, 37.406844202448298 ], [ 127.115181222718505, 37.40819102821002 ], [ 127.115269639043134, 37.40757753388845 ], [ 127.115266836141885, 37.406844202448298 ] ] ] } },
{ "type": "Feature", "properties": { "PNU": "4113510900107040002", "JIBUN": "704-2공", "purp_class": "empty", "mainPurps": "정보없음", "totArea_sum": 0, "area_m2": 1556, "far_pct": 0 }, "geometry": { "type": "Polygon", "coordinates": [ [ [ 127.115068523138419, 37.403941509839782 ], [ 127.114133977779943, 37.4035337040673 ], [ 127.113381259477663, 37.403415574940894 ], [ 127.113389261541968, 37.403480170014504 ], [ 127.114373011922552, 37.403714760006935 ], [ 127.115049016613511, 37.404038117172341 ], [ 127.115068523138419, 37.403941509839782 ] ] ] } },
{ "type": "Feature", "properties": { "PNU": "4113510900107030003", "JIBUN": "703-3 도", "purp_class": "empty", "mainPurps": "정보없음", "totArea_sum": 0, "area_m2": 44942, "far_pct": 0 }, "geometry": { "type": "Polygon", "coordinates": [ [ [ 127.112714074878227, 37.402937856335846 ], [ 127.112287533172434, 37.404347891761311 ], [ 127.111745226626212, 37.405387176405277 ], [ 127.111002184125638, 37.406340147209065 ], [ 127.109794116357747, 37.407375261806088 ], [ 127.110611954057177, 37.407355859080106 ], [ 127.111402152383945, 37.406663419945467 ], [ 127.112287437252121, 37.405587054954694 ], [ 127.112971380543954, 37.404249309028124 ], [ 127.113164001447373, 37.403522009732129 ], [ 127.113174939078959, 37.399399412241834 ], [ 127.11314077556699, 37.399209060279098 ], [ 127.112756717339693, 37.399160136744605 ], [ 127.112714074878227, 37.402937856335846 ] ] ] } },
{ "type": "Feature", "properties": { "PNU": "4113510900107030001", "JIBUN": "703-1수", "purp_class": "empty", "mainPurps": "정보없음", "totArea_sum": 0, "area_m2": 5038, "far_pct": 0 }, "geometry": { "type": "Polygon", "coordinates": [ [ [ 127.111041169380925, 37.406042326384323 ], [ 127.111091946990044, 37.406241583364391 ], [ 127.112078820181267, 37.404815172244767 ], [ 127.112351994822149, 37.404174296241109 ], [ 127.11249540578163, 37.40354228122996 ], [ 127.112373027428774, 37.403424543503789 ], [ 127.11189965259787, 37.404790561783486 ], [ 127.111041169380925, 37.406042326384323 ] ] ] } },
{ "type": "Feature", "properties": { "PNU": "4113510900107030000", "JIBUN": "703공", "purp_class": "empty", "mainPurps": "정보없음", "totArea_sum": 0, "area_m2": 15119, "far_pct": 0 }, "geometry": { "type": "Polygon", "coordinates": [ [ [ 127.10764211706632, 37.404348908756219 ], [ 127.106986549746196, 37.40440382641755 ], [ 127.106760228831007, 37.404499265156822 ], [ 127.106641280095857, 37.404648308426736 ], [ 127.107689962884976, 37.404478701786267 ], [ 127.107943678649733, 37.404907265790591 ], [ 127.108130942200162, 37.404907097089556 ], [ 127.108340464190277, 37.404673996123783 ], [ 127.108951279493056, 37.404758318138661 ], [ 127.109409630082752, 37.405007391285849 ], [ 127.109428459009365, 37.405220643867324 ], [ 127.109634193472814, 37.40541939957722 ], [ 127.10984913283265, 37.405421094971842 ], [ 127.110020180386471, 37.405531852820154 ], [ 127.110702266525223, 37.405377602240556 ], [ 127.110574773639144, 37.405783445993663 ], [ 127.110161025398156, 37.406471029336991 ], [ 127.110489675904589, 37.406607680833439 ], [ 127.111481856634981, 37.405478694239939 ], [ 127.110887906690849, 37.405269939832557 ], [ 127.110598247684123, 37.405069191424047 ], [ 127.11014614363917, 37.405159979238931 ], [ 127.109693270404847, 37.405109306997829 ], [ 127.10946813693343, 37.405008058695337 ], [ 127.109243783618055, 37.404741293164925 ], [ 127.109018570314518, 37.40466202878946 ], [ 127.108340182661252, 37.404555242860823 ], [ 127.108114428153044, 37.404810433284339 ], [ 127.107888251383358, 37.404688099202666 ], [ 127.10764211706632, 37.404348908756219 ] ] ] } },
{ "type": "Feature", "properties": { "PNU": "4113510900107020000", "JIBUN": "702대", "purp_class": "non_resi", "mainPurps": "교육연구시설", "totArea_sum": 51578, "area_m2": 11029, "far_pct": 468 }, "geometry": { "type": "Polygon", "coordinates": [ [ [ 127.110911444852277, 37.404213480326362 ], [ 127.110535690658651, 37.40507952066605 ], [ 127.111481856634981, 37.405478694239939 ], [ 127.112059759098202, 37.40444892828247 ], [ 127.111897731704971, 37.404405020111845 ], [ 127.111693549078197, 37.404496933670146 ], [ 127.111527123328841, 37.404380137135647 ], [ 127.110911444852277, 37.404213480326362 ] ] ] } },
{ "type": "Feature", "properties": { "PNU": "4113510900107010001", "JIBUN": "701-1도", "purp_class": "empty", "mainPurps": "정보없음", "totArea_sum": 0, "area_m2": 2167, "far_pct": 0 }, "geometry": { "type": "Polygon", "coordinates": [ [ [ 127.110697330641287, 37.404155382679605 ], [ 127.110519985868493, 37.404608035053592 ], [ 127.110262098888782, 37.405132121454336 ], [ 127.110535690658651, 37.40507952066605 ], [ 127.110726336005939, 37.404685421865729 ], [ 127.110911444852277, 37.404213480326362 ], [ 127.110697330641287, 37.404155382679605 ] ] ] } },
{ "type": "Feature", "properties": { "PNU": "4113510900107010000", "JIBUN": "701대", "purp_class": "non_resi", "mainPurps": "교육연구시설", "totArea_sum": 58582, "area_m2": 12639, "far_pct": 464 }, "geometry": { "type": "Polygon", "coordinates": [ [ [ 127.110697330641287, 37.404155382679605 ], [ 127.110093151065328, 37.404049619468815 ], [ 127.109242775955209, 37.404037422682563 ], [ 127.109243783618055, 37.404741293164925 ], [ 127.10946813693343, 37.405008058695337 ], [ 127.109693270404847, 37.405109306997829 ], [ 127.110262098888782, 37.405132121454336 ], [ 127.110697330641287, 37.404155382679605 ] ] ] } },
{ "type": "Feature", "properties": { "PNU": "4113510900106990000", "JIBUN": "699공", "purp_class": "empty", "mainPurps": "정보없음", "totArea_sum": 0, "area_m2": 4161, "far_pct": 0 }, "geometry": { "type": "Polygon", "coordinates": [ [ [ 127.10764211706632, 37.404348908756219 ], [ 127.107888251383358, 37.404688099202666 ], [ 127.108114428153044, 37.404810433284339 ], [ 127.108340182661252, 37.404555242860823 ], [ 127.108339444254611, 37.404035088677624 ], [ 127.107641784881395, 37.4040332841655 ], [ 127.10764211706632, 37.404348908756219 ] ] ] } },
{ "type": "Feature", "properties": { "PNU": "4113510900106980001", "JIBUN": "698-1도", "purp_class": "empty", "mainPurps": "정보없음", "totArea_sum": 0, "area_m2": 15234, "far_pct": 0 }, "geometry": { "type": "Polygon", "coordinates": [ [ [ 127.102272538180372, 37.406319346168274 ], [ 127.102205981000338, 37.406465006533814 ], [ 127.102364355404049, 37.406565244384531 ], [ 127.103068655262533, 37.406364977148748 ], [ 127.104355727343133, 37.405148848847759 ], [ 127.105217264772449, 37.404728674841415 ], [ 127.105784039782435, 37.404169187896542 ], [ 127.106043417429674, 37.40404768252295 ], [ 127.109980309987137, 37.404042875332138 ], [ 127.110646485971571, 37.404141824319296 ], [ 127.111527123328841, 37.404380137135647 ], [ 127.111704733517712, 37.404498905476672 ], [ 127.111860761556983, 37.404456682665057 ], [ 127.111899541006451, 37.404329513530044 ], [ 127.111784652675254, 37.404236365875143 ], [ 127.111585103201094, 37.404252499729928 ], [ 127.110100410098937, 37.403914280633302 ], [ 127.1060006558276, 37.403916893208205 ], [ 127.105678626984641, 37.404061880039329 ], [ 127.105139952229749, 37.404604583023485 ], [ 127.104256408733377, 37.405037479881159 ], [ 127.102994167287008, 37.406240160725098 ], [ 127.102619126507363, 37.406367524809994 ], [ 127.102272538180372, 37.406319346168274 ] ] ] } },
{ "type": "Feature", "properties": { "PNU": "4113510900106980000", "JIBUN": "698대", "purp_class": "non_resi", "mainPurps": "교육연구시설", "totArea_sum": 54160, "area_m2": 17350, "far_pct": 312 }, "geometry": { "type": "Polygon", "coordinates": [ [ [ 127.104951797520641, 37.404859734456132 ], [ 127.105176821345466, 37.404886117279531 ], [ 127.105401987137199, 37.405097027010427 ], [ 127.10607931481384, 37.405334567701381 ], [ 127.106532115755485, 37.40517234448884 ], [ 127.106641280095857, 37.404648308426736 ], [ 127.106760228831007, 37.404499265156822 ], [ 127.107212689125419, 37.404340373370601 ], [ 127.10764211706632, 37.404348908756219 ], [ 127.107641784881395, 37.4040332841655 ], [ 127.105979289409973, 37.404065218849894 ], [ 127.10576102647093, 37.404188940374972 ], [ 127.105336193887851, 37.404645136670318 ], [ 127.104951797520641, 37.404859734456132 ] ] ] } },
{ "type": "Feature", "properties": { "PNU": "4113510900106970001", "JIBUN": "697-1공", "purp_class": "empty", "mainPurps": "정보없음", "totArea_sum": 0, "area_m2": 2844, "far_pct": 0 }, "geometry": { "type": "Polygon", "coordinates": [ [ [ 127.103816353307934, 37.405605319385351 ], [ 127.103813008879342, 37.405720742031569 ], [ 127.1038859118094, 37.405593095509715 ], [ 127.104627362168145, 37.40514870238497 ], [ 127.105078146003549, 37.404996577838332 ], [ 127.10544812866361, 37.40522195696051 ], [ 127.105770813960319, 37.405302313545107 ], [ 127.106090761813363, 37.405362939485428 ], [ 127.106403545372743, 37.405307250145405 ], [ 127.106611827085189, 37.405151910773661 ], [ 127.106627050251319, 37.404891774794763 ], [ 127.106532115755485, 37.40517234448884 ], [ 127.10607931481384, 37.405334567701381 ], [ 127.105401987137199, 37.405097027010427 ], [ 127.105176821345466, 37.404886117279531 ], [ 127.104951797520641, 37.404859734456132 ], [ 127.104456715491594, 37.405076860135068 ], [ 127.103816353307934, 37.405605319385351 ] ] ] } },
{ "type": "Feature", "properties": { "PNU": "4113510900106970000", "JIBUN": "697공", "purp_class": "empty", "mainPurps": "정보없음", "totArea_sum": 0, "area_m2": 136352, "far_pct": 0 }, "geometry": { "type": "Polygon", "coordinates": [ [ [ 127.103813008879342, 37.405720742031569 ], [ 127.103956160672865, 37.406170944322426 ], [ 127.103942653025712, 37.406453693841321 ], [ 127.104379790174534, 37.407218274156932 ], [ 127.105406146616602, 37.407209808305879 ], [ 127.105965096766141, 37.407022085436651 ], [ 127.106518827735769, 37.407143231702122 ], [ 127.107072477886717, 37.407124988787167 ], [ 127.107109208653171, 37.407060443484347 ], [ 127.107362888461807, 37.407138424563669 ], [ 127.107586758978229, 37.407062358679816 ], [ 127.108332469701466, 37.4072373848296 ], [ 127.108970519458978, 37.407316726519376 ], [ 127.109125855151007, 37.407259100645561 ], [ 127.109432675214606, 37.407372889206549 ], [ 127.109794116357747, 37.407375261806088 ], [ 127.11065219325917, 37.406675196994939 ], [ 127.110161025398156, 37.406471029336991 ], [ 127.110574773639144, 37.405783445993663 ], [ 127.110702266525223, 37.405377602240556 ], [ 127.110020180386471, 37.405531852820154 ], [ 127.10984913283265, 37.405421094971842 ], [ 127.109634193472814, 37.40541939957722 ], [ 127.109428459009365, 37.405220643867324 ], [ 127.109409630082752, 37.405007391285849 ], [ 127.108951279493056, 37.404758318138661 ], [ 127.108340464190277, 37.404673996123783 ], [ 127.108130942200162, 37.404907097089556 ], [ 127.107943678649733, 37.404907265790591 ], [ 127.107689962884976, 37.404478701786267 ], [ 127.106641280095857, 37.404648308426736 ], [ 127.106611827085189, 37.405151910773661 ], [ 127.106403545372743, 37.405307250145405 ], [ 127.106090761813363, 37.405362939485428 ], [ 127.105770813960319, 37.405302313545107 ], [ 127.10544812866361, 37.40522195696051 ], [ 127.105078146003549, 37.404996577838332 ], [ 127.104627362168145, 37.40514870238497 ], [ 127.1038859118094, 37.405593095509715 ], [ 127.103813008879342, 37.405720742031569 ] ] ] } },
{ "type": "Feature", "properties": { "PNU": "4113510900106960003", "JIBUN": "696-3공", "purp_class": "empty", "mainPurps": "정보없음", "totArea_sum": 0, "area_m2": 5421, "far_pct": 0 }, "geometry": { "type": "Polygon", "coordinates": [ [ [ 127.101118410799629, 37.407032277262495 ], [ 127.101988497110582, 37.407283509317423 ], [ 127.103348842234993, 37.407172584192281 ], [ 127.104379790174534, 37.407218274156932 ], [ 127.104296800083617, 37.407073012982188 ], [ 127.102335530455719, 37.407053707970533 ], [ 127.100887453395828, 37.40691275403001 ], [ 127.100726603807161, 37.40716156861108 ], [ 127.100827566994553, 37.407023205433696 ], [ 127.101118410799629, 37.407032277262495 ] ] ] } },
{ "type": "Feature", "properties": { "PNU": "4113510900106960002", "JIBUN": "696-2대", "purp_class": "empty", "mainPurps": "정보없음", "totArea_sum": 0, "area_m2": 3772, "far_pct": 0 }, "geometry": { "type": "Polygon", "coordinates": [ [ [ 127.102030359924612, 37.406051951476549 ], [ 127.102272538180372, 37.406319346168274 ], [ 127.102540289042068, 37.406367592194819 ], [ 127.102851386182223, 37.406312634507628 ], [ 127.103095939468432, 37.406161234714695 ], [ 127.102731819103226, 37.405757983306323 ], [ 127.102030359924612, 37.406051951476549 ] ] ] } },
{ "type": "Feature", "properties": { "PNU": "4113510900106960001", "JIBUN": "696-1대", "purp_class": "non_resi", "mainPurps": "교육연구시설", "totArea_sum": 46488, "area_m2": 8796, "far_pct": 529 }, "geometry": { "type": "Polygon", "coordinates": [ [ [ 127.102272538180372, 37.406319346168274 ], [ 127.102030359924612, 37.406051951476549 ], [ 127.101259759925625, 37.406507795718518 ], [ 127.100887453395828, 37.40691275403001 ], [ 127.102370883878351, 37.407054038225482 ], [ 127.102364355404049, 37.406565244384531 ], [ 127.10220155240485, 37.406447350454286 ], [ 127.102272538180372, 37.406319346168274 ] ] ] } },
{ "type": "Feature", "properties": { "PNU": "4113510900106960000", "JIBUN": "696대", "purp_class": "non_resi", "mainPurps": "교육연구시설", "totArea_sum": 15201, "area_m2": 14276, "far_pct": 106 }, "geometry": { "type": "Polygon", "coordinates": [ [ [ 127.102364355404049, 37.406565244384531 ], [ 127.102370883878351, 37.407054038225482 ], [ 127.104296800083617, 37.407073012982188 ], [ 127.103942653025712, 37.406453693841321 ], [ 127.103816353307934, 37.405605319385351 ], [ 127.103121921050445, 37.406331233509796 ], [ 127.102364355404049, 37.406565244384531 ] ] ] } },
{ "type": "Feature", "properties": { "PNU": "4113510900106950000", "JIBUN": "695차", "purp_class": "non_resi", "mainPurps": "자동차관련시설", "totArea_sum": 13825, "area_m2": 2758, "far_pct": 501 }, "geometry": { "type": "Polygon", "coordinates": [ [ [ 127.102731819103226, 37.405757983306323 ], [ 127.103095939468432, 37.406161234714695 ], [ 127.10356701974986, 37.405560844601155 ], [ 127.103377217522265, 37.405439011111554 ], [ 127.102731819103226, 37.405757983306323 ] ] ] } },
{ "type": "Feature", "properties": { "PNU": "4113510900106940003", "JIBUN": "694-3도", "purp_class": "empty", "mainPurps": "정보없음", "totArea_sum": 0, "area_m2": 442, "far_pct": 0 }, "geometry": { "type": "Polygon", "coordinates": [ [ [ 127.103377217522265, 37.405439011111554 ], [ 127.103466572786218, 37.405449836357619 ], [ 127.103564293844528, 37.405632927986872 ], [ 127.103763738725277, 37.405452733305815 ], [ 127.10367360062061, 37.405447675443504 ], [ 127.103605506106774, 37.405290147091172 ], [ 127.103377217522265, 37.405439011111554 ] ] ] } },
{ "type": "Feature", "properties": { "PNU": "4113510900106940002", "JIBUN": "694-2공", "purp_class": "empty", "mainPurps": "정보없음", "totArea_sum": 0, "area_m2": 2031, "far_pct": 0 }, "geometry": { "type": "Polygon", "coordinates": [ [ [ 127.103605506106774, 37.405290147091172 ], [ 127.10367360062061, 37.405447675443504 ], [ 127.103763738725277, 37.405452733305815 ], [ 127.104474433583533, 37.40490123727465 ], [ 127.104228783217522, 37.404740349788511 ], [ 127.103605506106774, 37.405290147091172 ] ] ] } },
{ "type": "Feature", "properties": { "PNU": "4113510900106940001", "JIBUN": "694-1대", "purp_class": "non_resi", "mainPurps": "교육연구시설", "totArea_sum": 58177, "area_m2": 11052, "far_pct": 526 }, "geometry": { "type": "Polygon", "coordinates": [ [ [ 127.104228783217522, 37.404740349788511 ], [ 127.104474433583533, 37.40490123727465 ], [ 127.1052395816955, 37.404531243307538 ], [ 127.105816981287759, 37.403978594566439 ], [ 127.105816151565037, 37.403379962133627 ], [ 127.105355567354806, 37.403378925886734 ], [ 127.10513605096412, 37.403493907544615 ], [ 127.104741830111919, 37.404199835770598 ], [ 127.104228783217522, 37.404740349788511 ] ] ] } },
{ "type": "Feature", "properties": { "PNU": "4113510900106940000", "JIBUN": "694대", "purp_class": "non_resi", "mainPurps": "업무시설", "totArea_sum": 17070, "area_m2": 2897, "far_pct": 589 }, "geometry": { "type": "Polygon", "coordinates": [ [ [ 127.106311861358151, 37.403381145663573 ], [ 127.105816151565037, 37.403379962133627 ], [ 127.105816981287759, 37.403978594566439 ], [ 127.106376319333677, 37.403844029099965 ], [ 127.106311861358151, 37.403381145663573 ] ] ] } },
{ "type": "Feature", "properties": { "PNU": "4113510900106930002", "JIBUN": "693-2도", "purp_class": "empty", "mainPurps": "정보없음", "totArea_sum": 0, "area_m2": 941, "far_pct": 0 }, "geometry": { "type": "Polygon", "coordinates": [ [ [ 127.106312464005399, 37.403894992954356 ], [ 127.106609620751186, 37.403895630230153 ], [ 127.106545736250226, 37.403844689648253 ], [ 127.106545010752299, 37.403405806765477 ], [ 127.106608978577441, 37.403354932782968 ], [ 127.106311861358151, 37.403381145663573 ], [ 127.106376319333677, 37.403844029099965 ], [ 127.106312464005399, 37.403894992954356 ] ] ] } },
{ "type": "Feature", "properties": { "PNU": "4113510900106930001", "JIBUN": "693-1대", "purp_class": "empty", "mainPurps": "정보없음", "totArea_sum": 0, "area_m2": 2878, "far_pct": 0 }, "geometry": { "type": "Polygon", "coordinates": [ [ [ 127.106545736250226, 37.403844689648253 ], [ 127.107093926608457, 37.403896820614506 ], [ 127.107093168138235, 37.403356213377386 ], [ 127.106545010752299, 37.403405806765477 ], [ 127.106545736250226, 37.403844689648253 ] ] ] } },
{ "type": "Feature", "properties": { "PNU": "4113510900106930000", "JIBUN": "693대", "purp_class": "non_resi", "mainPurps": "교육연구시설", "totArea_sum": 44985, "area_m2": 2850, "far_pct": 1578 }, "geometry": { "type": "Polygon", "coordinates": [ [ [ 127.107641321510783, 37.403384374893562 ], [ 127.107093168138235, 37.403356213377386 ], [ 127.107093926608457, 37.403896820614506 ], [ 127.107642158996768, 37.403898131859542 ], [ 127.107641321510783, 37.403384374893562 ] ] ] } },
{ "type": "Feature", "properties": { "PNU": "4113510900106920001", "JIBUN": "692-1도", "purp_class": "empty", "mainPurps": "정보없음", "totArea_sum": 0, "area_m2": 855, "far_pct": 0 }, "geometry": { "type": "Polygon", "coordinates": [ [ [ 127.107810737017488, 37.403384763327395 ], [ 127.107641321510783, 37.403384374893562 ], [ 127.107642158996768, 37.403898131859542 ], [ 127.107811575787366, 37.403898610391586 ], [ 127.107810737017488, 37.403384763327395 ] ] ] } },
{ "type": "Feature", "properties": { "PNU": "4113510900106920000", "JIBUN": "692대", "purp_class": "non_resi", "mainPurps": "교육연구시설", "totArea_sum": 34203, "area_m2": 4720, "far_pct": 725 }, "geometry": { "type": "Polygon", "coordinates": [ [ [ 127.107810737017488, 37.403384763327395 ], [ 127.107811575787366, 37.403898610391586 ], [ 127.10870982323766, 37.403900862938187 ], [ 127.108709053030751, 37.403360165628385 ], [ 127.107810737017488, 37.403384763327395 ] ] ] } },
{ "type": "Feature", "properties": { "PNU": "4113510900106910001", "JIBUN": "691-1주", "purp_class": "empty", "mainPurps": "위험물저장및처리시설", "totArea_sum": 560, "area_m2": 828, "far_pct": 68 }, "geometry": { "type": "Polygon", "coordinates": [ [ [ 127.109476883149114, 37.403389290601687 ], [ 127.109074012950828, 37.403388306230873 ], [ 127.109074157443374, 37.403568418637796 ], [ 127.109556879871931, 37.403569510274913 ], [ 127.109476883149114, 37.403389290601687 ] ] ] } },
{ "type": "Feature", "properties": { "PNU": "4113510900106910000", "JIBUN": "691차", "purp_class": "non_resi", "mainPurps": "자동차관련시설", "totArea_sum": 13935, "area_m2": 3431, "far_pct": 406 }, "geometry": { "type": "Polygon", "coordinates": [ [ [ 127.109074012950828, 37.403388306230873 ], [ 127.108709053030751, 37.403360165628385 ], [ 127.10870982323766, 37.403900862938187 ], [ 127.109493432244207, 37.403902943098572 ], [ 127.109556879871931, 37.403569510274913 ], [ 127.109074157443374, 37.403568418637796 ], [ 127.109074012950828, 37.403388306230873 ] ] ] } },
{ "type": "Feature", "properties": { "PNU": "4113510900106900001", "JIBUN": "690-1도", "purp_class": "empty", "mainPurps": "정보없음", "totArea_sum": 0, "area_m2": 1221, "far_pct": 0 }, "geometry": { "type": "Polygon", "coordinates": [ [ [ 127.10986292482329, 37.403390289021075 ], [ 127.109476883149114, 37.403389290601687 ], [ 127.109556599795013, 37.403453099626688 ], [ 127.109493432244207, 37.403902943098572 ], [ 127.109847174718027, 37.403904061159565 ], [ 127.109782487218524, 37.403453523724259 ], [ 127.10986292482329, 37.403390289021075 ] ] ] } },
{ "type": "Feature", "properties": { "PNU": "4113510900106900000", "JIBUN": "690대", "purp_class": "non_resi", "mainPurps": "업무시설", "totArea_sum": 37325, "area_m2": 5848, "far_pct": 638 }, "geometry": { "type": "Polygon", "coordinates": [ [ [ 127.109847174718027, 37.403904061159565 ], [ 127.110740624306501, 37.404024515594934 ], [ 127.110910438189435, 37.403365627896072 ], [ 127.10986292482329, 37.403390289021075 ], [ 127.109782487218524, 37.403453523724259 ], [ 127.109847174718027, 37.403904061159565 ] ] ] } },
{ "type": "Feature", "properties": { "PNU": "4113510900106890001", "JIBUN": "689-1도", "purp_class": "empty", "mainPurps": "정보없음", "totArea_sum": 0, "area_m2": 1561, "far_pct": 0 }, "geometry": { "type": "Polygon", "coordinates": [ [ [ 127.110740624306501, 37.404024515594934 ], [ 127.1109553028991, 37.404082612642434 ], [ 127.111138923174678, 37.403366137100683 ], [ 127.110910438189435, 37.403365627896072 ], [ 127.110740624306501, 37.404024515594934 ] ] ] } },
{ "type": "Feature", "properties": { "PNU": "4113510900106890000", "JIBUN": "689대", "purp_class": "non_resi", "mainPurps": "교육연구시설", "totArea_sum": 60558, "area_m2": 10236, "far_pct": 592 }, "geometry": { "type": "Polygon", "coordinates": [ [ [ 127.1109553028991, 37.404082612642434 ], [ 127.111585103201094, 37.404252499729928 ], [ 127.111806008283637, 37.40424256294795 ], [ 127.111897731704971, 37.404405020111845 ], [ 127.112059759098202, 37.40444892828247 ], [ 127.112373027428774, 37.403424543503789 ], [ 127.111138923174678, 37.403366137100683 ], [ 127.1109553028991, 37.404082612642434 ] ] ] } },
{ "type": "Feature", "properties": { "PNU": "4113510900106880003", "JIBUN": "688-3도", "purp_class": "empty", "mainPurps": "정보없음", "totArea_sum": 0, "area_m2": 23375, "far_pct": 0 }, "geometry": { "type": "Polygon", "coordinates": [ [ [ 127.11249540578163, 37.40354228122996 ], [ 127.112714074878227, 37.402937856335846 ], [ 127.112556239462705, 37.403053965065183 ], [ 127.112138728235863, 37.403080035280034 ], [ 127.106608011209886, 37.403066609400184 ], [ 127.105461374435805, 37.403036808285307 ], [ 127.1053559331027, 37.402907335216078 ], [ 127.10513605096412, 37.403493907544615 ], [ 127.105355567354806, 37.403378925886734 ], [ 127.106608978577441, 37.403354932782968 ], [ 127.11173537856628, 37.403367474754894 ], [ 127.112343281035706, 37.403395829067598 ], [ 127.11249540578163, 37.40354228122996 ] ] ] } },
{ "type": "Feature", "properties": { "PNU": "4113510900106880002", "JIBUN": "688-2수", "purp_class": "empty", "mainPurps": "정보없음", "totArea_sum": 0, "area_m2": 2098, "far_pct": 0 }, "geometry": { "type": "Polygon", "coordinates": [ [ [ 127.112514450416967, 37.403053824098201 ], [ 127.112714074878227, 37.402937856335846 ], [ 127.112733372172272, 37.401704350913491 ], [ 127.112562040449944, 37.401703971329468 ], [ 127.112514450416967, 37.403053824098201 ] ] ] } },
{ "type": "Feature", "properties": { "PNU": "4113510900106880001", "JIBUN": "688-1대", "purp_class": "non_resi", "mainPurps": "업무시설", "totArea_sum": 76921, "area_m2": 10448, "far_pct": 736 }, "geometry": { "type": "Polygon", "coordinates": [ [ [ 127.111836845135656, 37.401702217409962 ], [ 127.111838006288892, 37.402494297197066 ], [ 127.111725289701312, 37.402493951800899 ], [ 127.111726146741461, 37.403079159130314 ], [ 127.112514450416967, 37.403053824098201 ], [ 127.112562040449944, 37.401703971329468 ], [ 127.111836845135656, 37.401702217409962 ] ] ] } },
{ "type": "Feature", "properties": { "PNU": "4113510900106880000", "JIBUN": "688대", "purp_class": "non_resi", "mainPurps": "업무시설", "totArea_sum": 18289, "area_m2": 2911, "far_pct": 628 }, "geometry": { "type": "Polygon", "coordinates": [ [ [ 127.111187181726578, 37.403077948322419 ], [ 127.111726146741461, 37.403079159130314 ], [ 127.111725289701312, 37.402493951800899 ], [ 127.111242573768124, 37.40249259870135 ], [ 127.111187181726578, 37.403077948322419 ] ] ] } },
{ "type": "Feature", "properties": { "PNU": "4113510900106870002", "JIBUN": "687-2도", "purp_class": "empty", "mainPurps": "정보없음", "totArea_sum": 0, "area_m2": 1303, "far_pct": 0 }, "geometry": { "type": "Polygon", "coordinates": [ [ [ 127.11095993998579, 37.403077438059725 ], [ 127.111187181726578, 37.403077948322419 ], [ 127.111242573768124, 37.40249259870135 ], [ 127.111016575761369, 37.402491817088134 ], [ 127.11095993998579, 37.403077438059725 ] ] ] } },
{ "type": "Feature", "properties": { "PNU": "4113510900106870001", "JIBUN": "687-1대", "purp_class": "empty", "mainPurps": "정보없음", "totArea_sum": 0, "area_m2": 3071, "far_pct": 0 }, "geometry": { "type": "Polygon", "coordinates": [ [ [ 127.110452446868194, 37.403049164371538 ], [ 127.11095993998579, 37.403077438059725 ], [ 127.111016575761369, 37.402491817088134 ], [ 127.110451750759992, 37.402490266464845 ], [ 127.110452446868194, 37.403049164371538 ] ] ] } },
{ "type": "Feature", "properties": { "PNU": "4113510900106870000", "JIBUN": "687대", "purp_class": "non_resi", "mainPurps": "업무시설", "totArea_sum": 47774, "area_m2": 3071, "far_pct": 1556 }, "geometry": { "type": "Polygon", "coordinates": [ [ [ 127.109883290815731, 37.402552688421984 ], [ 127.109883799367253, 37.402984273327256 ], [ 127.10996351592766, 37.403048082082499 ], [ 127.110452446868194, 37.403049164371538 ], [ 127.110451750759992, 37.402490266464845 ], [ 127.109963162016328, 37.40248900365399 ], [ 127.109883290815731, 37.402552688421984 ] ] ] } },
{ "type": "Feature", "properties": { "PNU": "4113510900106860001", "JIBUN": "686-1대", "purp_class": "non_resi", "mainPurps": "교육연구시설", "totArea_sum": 22849, "area_m2": 2994, "far_pct": 763 }, "geometry": { "type": "Polygon", "coordinates": [ [ [ 127.108340632237997, 37.402485074531839 ], [ 127.10780957742179, 37.40248384117961 ], [ 127.107810479283557, 37.403042378524603 ], [ 127.10834157666801, 37.403070822432454 ], [ 127.108340632237997, 37.402485074531839 ] ] ] } },
{ "type": "Feature", "properties": { "PNU": "4113510900106860000", "JIBUN": "686대", "purp_class": "non_resi", "mainPurps": "교육연구시설", "totArea_sum": 47513, "area_m2": 6226, "far_pct": 763 }, "geometry": { "type": "Polygon", "coordinates": [ [ [ 127.109454109113059, 37.402551369048531 ], [ 127.109374393510919, 37.402487559942998 ], [ 127.108340632237997, 37.402485074531839 ], [ 127.10834157666801, 37.403070822432454 ], [ 127.109374630105563, 37.403046638483197 ], [ 127.10945461533251, 37.402983044060775 ], [ 127.109454109113059, 37.402551369048531 ] ] ] } },
{ "type": "Feature", "properties": { "PNU": "4113510900106850001", "JIBUN": "685-1도", "purp_class": "empty", "mainPurps": "정보없음", "totArea_sum": 0, "area_m2": 929, "far_pct": 0 }, "geometry": { "type": "Polygon", "coordinates": [ [ [ 127.10780957742179, 37.40248384117961 ], [ 127.107640163943231, 37.402483452740967 ], [ 127.107641064547622, 37.403041990089207 ], [ 127.107810479283557, 37.403042378524603 ], [ 127.10780957742179, 37.40248384117961 ] ] ] } },
{ "type": "Feature", "properties": { "PNU": "4113510900106130000", "JIBUN": "613대", "purp_class": "non_resi", "mainPurps": "교육연구시설", "totArea_sum": 54675, "area_m2": 7386, "far_pct": 740 }, "geometry": { "type": "Polygon", "coordinates": [ [ [ 127.098802948924771, 37.405048940338183 ], [ 127.099337389797014, 37.405642717464403 ], [ 127.100122794319617, 37.405191288300223 ], [ 127.100137271050144, 37.405120096199141 ], [ 127.099639024832427, 37.404568369918174 ], [ 127.098802948924771, 37.405048940338183 ] ] ] } },
{ "type": "Feature", "properties": { "PNU": "4113510900106120005", "JIBUN": "612-5도", "purp_class": "empty", "mainPurps": "정보없음", "totArea_sum": 0, "area_m2": 549, "far_pct": 0 }, "geometry": { "type": "Polygon", "coordinates": [ [ [ 127.101481208531425, 37.404605480297398 ], [ 127.101844523830934, 37.405007114502972 ], [ 127.101936278637282, 37.404954597655404 ], [ 127.101572849918341, 37.404552783621639 ], [ 127.101481208531425, 37.404605480297398 ] ] ] } },
{ "type": "Feature", "properties": { "PNU": "4113510900106850000", "JIBUN": "685대", "purp_class": "non_resi", "mainPurps": "업무시설", "totArea_sum": 23824, "area_m2": 3098, "far_pct": 769 }, "geometry": { "type": "Polygon", "coordinates": [ [ [ 127.107640163943231, 37.402483452740967 ], [ 127.107092393880919, 37.402482321269837 ], [ 127.107093328342458, 37.403067888993007 ], [ 127.107641064547622, 37.403041990089207 ], [ 127.107640163943231, 37.402483452740967 ] ] ] } },
{ "type": "Feature", "properties": { "PNU": "4113510900106840000", "JIBUN": "684차", "purp_class": "non_resi", "mainPurps": "자동차관련시설", "totArea_sum": 13901, "area_m2": 3121, "far_pct": 445 }, "geometry": { "type": "Polygon", "coordinates": [ [ [ 127.106544578556822, 37.403015217901824 ], [ 127.107093328342458, 37.403067888993007 ], [ 127.107092393880919, 37.402482321269837 ], [ 127.106544017477717, 37.402532275257656 ], [ 127.106544578556822, 37.403015217901824 ] ] ] } },
{ "type": "Feature", "properties": { "PNU": "4113510900106830001", "JIBUN": "683-1도", "purp_class": "empty", "mainPurps": "정보없음", "totArea_sum": 0, "area_m2": 5151, "far_pct": 0 }, "geometry": { "type": "Polygon", "coordinates": [ [ [ 127.106311045730394, 37.403038761347545 ], [ 127.106608011209886, 37.403066609400184 ], [ 127.106544578556822, 37.403015217901824 ], [ 127.106544017477717, 37.402532275257656 ], [ 127.106607984436579, 37.40248131116801 ], [ 127.109374393510919, 37.402487559942998 ], [ 127.109454109113059, 37.402551369048531 ], [ 127.109487407457493, 37.402301577745384 ], [ 127.109423442604779, 37.402352543391004 ], [ 127.106374796156416, 37.402345645370225 ], [ 127.106375126345171, 37.402987887388463 ], [ 127.106311045730394, 37.403038761347545 ] ] ] } },
{ "type": "Feature", "properties": { "PNU": "4113510900106830000", "JIBUN": "683대", "purp_class": "non_resi", "mainPurps": "업무시설", "totArea_sum": 47919, "area_m2": 5455, "far_pct": 878 }, "geometry": { "type": "Polygon", "coordinates": [ [ [ 127.106374469935119, 37.402435746998073 ], [ 127.105569304619735, 37.402433845332411 ], [ 127.1053559331027, 37.402907335216078 ], [ 127.105461374435805, 37.403036808285307 ], [ 127.106311045730394, 37.403038761347545 ], [ 127.106375126345171, 37.402987887388463 ], [ 127.106374469935119, 37.402435746998073 ] ] ] } },
{ "type": "Feature", "properties": { "PNU": "4113510900106820001", "JIBUN": "682-1도", "purp_class": "empty", "mainPurps": "정보없음", "totArea_sum": 0, "area_m2": 695, "far_pct": 0 }, "geometry": { "type": "Polygon", "coordinates": [ [ [ 127.105569304619735, 37.402433845332411 ], [ 127.106374469935119, 37.402435746998073 ], [ 127.106374796156416, 37.402345645370225 ], [ 127.105605095594555, 37.40234380259372 ], [ 127.105569304619735, 37.402433845332411 ] ] ] } },
{ "type": "Feature", "properties": { "PNU": "4113510900106820000", "JIBUN": "682대", "purp_class": "non_resi", "mainPurps": "업무시설", "totArea_sum": 83639, "area_m2": 10777, "far_pct": 776 }, "geometry": { "type": "Polygon", "coordinates": [ [ [ 127.105605095594555, 37.40234380259372 ], [ 127.107640086294055, 37.402348300804803 ], [ 127.107639738986222, 37.401781653772716 ], [ 127.105832904188375, 37.40177713468784 ], [ 127.105605095594555, 37.40234380259372 ] ] ] } },
{ "type": "Feature", "properties": { "PNU": "4113510900106120004", "JIBUN": "612-4대", "purp_class": "non_resi", "mainPurps": "업무시설", "totArea_sum": 13354, "area_m2": 2540, "far_pct": 526 }, "geometry": { "type": "Polygon", "coordinates": [ [ [ 127.099436360868552, 37.405752378918244 ], [ 127.09981346934579, 37.40616851417245 ], [ 127.100221927073036, 37.405940397848894 ], [ 127.099841874403864, 37.405519310758983 ], [ 127.099436360868552, 37.405752378918244 ] ] ] } },
{ "type": "Feature", "properties": { "PNU": "4113510900106810001", "JIBUN": "681-1도", "purp_class": "empty", "mainPurps": "정보없음", "totArea_sum": 0, "area_m2": 943, "far_pct": 0 }, "geometry": { "type": "Polygon", "coordinates": [ [ [ 127.107640086294055, 37.402348300804803 ], [ 127.107809499468345, 37.402348689244029 ], [ 127.107809150121383, 37.40178150160704 ], [ 127.107639738986222, 37.401781653772716 ], [ 127.107640086294055, 37.402348300804803 ] ] ] } },
{ "type": "Feature", "properties": { "PNU": "4113510900106810000", "JIBUN": "681대", "purp_class": "non_resi", "mainPurps": "업무시설", "totArea_sum": 70325, "area_m2": 9322, "far_pct": 754 }, "geometry": { "type": "Polygon", "coordinates": [ [ [ 127.107809499468345, 37.402348689244029 ], [ 127.109423442604779, 37.402352543391004 ], [ 127.109487407457493, 37.402301577745384 ], [ 127.109486555091735, 37.401786198849955 ], [ 127.107809150121383, 37.40178150160704 ], [ 127.107809499468345, 37.402348689244029 ] ] ] } },
{ "type": "Feature", "properties": { "PNU": "4113510900106800001", "JIBUN": "680-1공", "purp_class": "empty", "mainPurps": "정보없음", "totArea_sum": 0, "area_m2": 11874, "far_pct": 0 }, "geometry": { "type": "Polygon", "coordinates": [ [ [ 127.105832904188375, 37.40177713468784 ], [ 127.109486555091735, 37.401786198849955 ], [ 127.109486120145689, 37.401561756791153 ], [ 127.107809284879906, 37.401557059026608 ], [ 127.107808513827962, 37.401330995427465 ], [ 127.106067309534083, 37.401327502119344 ], [ 127.105832904188375, 37.40177713468784 ] ] ] } },
{ "type": "Feature", "properties": { "PNU": "4113510900106800000", "JIBUN": "680대", "purp_class": "non_resi", "mainPurps": "업무시설", "totArea_sum": 68474, "area_m2": 9059, "far_pct": 756 }, "geometry": { "type": "Polygon", "coordinates": [ [ [ 127.109421630725677, 37.401010125072929 ], [ 127.107807829826243, 37.40100663115981 ], [ 127.107809284879906, 37.401557059026608 ], [ 127.109486120145689, 37.401561756791153 ], [ 127.109485514887993, 37.401061154227641 ], [ 127.109421630725677, 37.401010125072929 ] ] ] } },
{ "type": "Feature", "properties": { "PNU": "4113510900106790001", "JIBUN": "679-1도", "purp_class": "empty", "mainPurps": "정보없음", "totArea_sum": 0, "area_m2": 2479, "far_pct": 0 }, "geometry": { "type": "Polygon", "coordinates": [ [ [ 127.11160219419645, 37.400880261269535 ], [ 127.109910353766026, 37.400876057764741 ], [ 127.109846469473666, 37.400825028838149 ], [ 127.109846923512535, 37.401061994994194 ], [ 127.109911000182265, 37.401011209209379 ], [ 127.111602617771709, 37.401015412910333 ], [ 127.111666503282507, 37.401066350783161 ], [ 127.111666156321931, 37.400829294436861 ], [ 127.11160219419645, 37.400880261269535 ] ] ] } },
{ "type": "Feature", "properties": { "PNU": "4113510900106790000", "JIBUN": "679대", "purp_class": "non_resi", "mainPurps": "업무시설", "totArea_sum": 48843, "area_m2": 6420, "far_pct": 761 }, "geometry": { "type": "Polygon", "coordinates": [ [ [ 127.109847530006903, 37.401561786640976 ], [ 127.111036346596322, 37.401564655982781 ], [ 127.111038481745524, 37.401014044643368 ], [ 127.109911000182265, 37.401011209209379 ], [ 127.109846923512535, 37.401061994994194 ], [ 127.109847530006903, 37.401561786640976 ] ] ] } },
{ "type": "Feature", "properties": { "PNU": "4113510900106780001", "JIBUN": "678-1공", "purp_class": "empty", "mainPurps": "정보없음", "totArea_sum": 0, "area_m2": 2628, "far_pct": 0 }, "geometry": { "type": "Polygon", "coordinates": [ [ [ 127.111036346596322, 37.401564655982781 ], [ 127.109847530006903, 37.401561786640976 ], [ 127.109847967198121, 37.401787039607839 ], [ 127.111035206175089, 37.401789910404069 ], [ 127.111036346596322, 37.401564655982781 ] ] ] } },
{ "type": "Feature", "properties": { "PNU": "4113510900106780000", "JIBUN": "678대", "purp_class": "non_resi", "mainPurps": "업무시설", "totArea_sum": 51370, "area_m2": 6561, "far_pct": 783 }, "geometry": { "type": "Polygon", "coordinates": [ [ [ 127.111035206175089, 37.401789910404069 ], [ 127.109847967198121, 37.401787039607839 ], [ 127.109848822298304, 37.402302598699208 ], [ 127.109912595037173, 37.402353717814449 ], [ 127.111023042661756, 37.402356659097478 ], [ 127.111035206175089, 37.401789910404069 ] ] ] } },
{ "type": "Feature", "properties": { "PNU": "4113510900106770000", "JIBUN": "677공", "purp_class": "empty", "mainPurps": "정보없음", "totArea_sum": 0, "area_m2": 8317, "far_pct": 0 }, "geometry": { "type": "Polygon", "coordinates": [ [ [ 127.111023042661756, 37.402356659097478 ], [ 127.111604017710718, 37.402358462261759 ], [ 127.111668320309022, 37.402307765426933 ], [ 127.111666503282507, 37.401066350783161 ], [ 127.111602617771709, 37.401015412910333 ], [ 127.111038481745524, 37.401014044643368 ], [ 127.111023042661756, 37.402356659097478 ] ] ] } },
{ "type": "Feature", "properties": { "PNU": "4113510900106120003", "JIBUN": "612-3대", "purp_class": "non_resi", "mainPurps": "교육연구시설", "totArea_sum": 15459, "area_m2": 2542, "far_pct": 608 }, "geometry": { "type": "Polygon", "coordinates": [ [ [ 127.099841874403864, 37.405519310758983 ], [ 127.100221927073036, 37.405940397848894 ], [ 127.100626874685119, 37.405707507680788 ], [ 127.100248178530663, 37.405288132668332 ], [ 127.099841874403864, 37.405519310758983 ] ] ] } },
{ "type": "Feature", "properties": { "PNU": "4113510900106120002", "JIBUN": "612-2대", "purp_class": "empty", "mainPurps": "정보없음", "totArea_sum": 0, "area_m2": 2469, "far_pct": 0 }, "geometry": { "type": "Polygon", "coordinates": [ [ [ 127.100248178530663, 37.405288132668332 ], [ 127.100626874685119, 37.405707507680788 ], [ 127.101032384044103, 37.405474255240087 ], [ 127.100669069862874, 37.40507189775856 ], [ 127.100248178530663, 37.405288132668332 ] ] ] } },
{ "type": "Feature", "properties": { "PNU": "4113510900106120001", "JIBUN": "612-1대", "purp_class": "empty", "mainPurps": "정보없음", "totArea_sum": 0, "area_m2": 2435, "far_pct": 0 }, "geometry": { "type": "Polygon", "coordinates": [ [ [ 127.100669069862874, 37.40507189775856 ], [ 127.101032384044103, 37.405474255240087 ], [ 127.10143822948622, 37.405240820914337 ], [ 127.101075140515974, 37.404838734778657 ], [ 127.100669069862874, 37.40507189775856 ] ] ] } },
{ "type": "Feature", "properties": { "PNU": "4113510900106120000", "JIBUN": "612대", "purp_class": "non_resi", "mainPurps": "업무시설", "totArea_sum": 45577, "area_m2": 2435, "far_pct": 1871 }, "geometry": { "type": "Polygon", "coordinates": [ [ [ 127.101075140515974, 37.404838734778657 ], [ 127.10143822948622, 37.405240820914337 ], [ 127.101844523830934, 37.405007114502972 ], [ 127.101481208531425, 37.404605480297398 ], [ 127.101075140515974, 37.404838734778657 ] ] ] } },
{ "type": "Feature", "properties": { "PNU": "4113510900106110004", "JIBUN": "611-4도", "purp_class": "empty", "mainPurps": "정보없음", "totArea_sum": 0, "area_m2": 564, "far_pct": 0 }, "geometry": { "type": "Polygon", "coordinates": [ [ [ 127.099344716522751, 37.405805073931596 ], [ 127.099715151216856, 37.406213826711912 ], [ 127.09981346934579, 37.40616851417245 ], [ 127.099436360868552, 37.405752378918244 ], [ 127.099344716522751, 37.405805073931596 ] ] ] } },
{ "type": "Feature", "properties": { "PNU": "4113510900106110003", "JIBUN": "611-3 공", "purp_class": "empty", "mainPurps": "정보없음", "totArea_sum": 0, "area_m2": 2671, "far_pct": 0 }, "geometry": { "type": "Polygon", "coordinates": [ [ [ 127.098771512100527, 37.406505183280274 ], [ 127.099303016653309, 37.406396172865676 ], [ 127.099854728106791, 37.406193708225175 ], [ 127.102663494049096, 37.404587445703108 ], [ 127.103336831500116, 37.404056080971898 ], [ 127.103845082603428, 37.403392856906983 ], [ 127.103236580300248, 37.40408815322418 ], [ 127.10260530353608, 37.404569745508866 ], [ 127.099833674445335, 37.406158946637248 ], [ 127.098771512100527, 37.406505183280274 ] ] ] } },
{ "type": "Feature", "properties": { "PNU": "4113510900106110002", "JIBUN": "611-2대", "purp_class": "empty", "mainPurps": "정보없음", "totArea_sum": 0, "area_m2": 2310, "far_pct": 0 }, "geometry": { "type": "Polygon", "coordinates": [ [ [ 127.098933105424308, 37.40604174945171 ], [ 127.099233977401028, 37.406374515533329 ], [ 127.099715151216856, 37.406213826711912 ], [ 127.099344716522751, 37.405805073931596 ], [ 127.098933105424308, 37.40604174945171 ] ] ] } },
{ "type": "Feature", "properties": { "PNU": "4113510900106110001", "JIBUN": "611-1대", "purp_class": "empty", "mainPurps": "정보없음", "totArea_sum": 0, "area_m2": 3555, "far_pct": 0 }, "geometry": { "type": "Polygon", "coordinates": [ [ [ 127.098087564983558, 37.406292564230981 ], [ 127.098771512100527, 37.406505183280274 ], [ 127.099233977401028, 37.406374515533329 ], [ 127.098792850218686, 37.405886620402143 ], [ 127.098087564983558, 37.406292564230981 ] ] ] } },
{ "type": "Feature", "properties": { "PNU": "4113510900106110000", "JIBUN": "611대", "purp_class": "non_resi", "mainPurps": "업무시설", "totArea_sum": 67024, "area_m2": 6341, "far_pct": 1057 }, "geometry": { "type": "Polygon", "coordinates": [ [ [ 127.097520146894709, 37.405785756046626 ], [ 127.097759740117141, 37.406076318132975 ], [ 127.098087564983558, 37.406292564230981 ], [ 127.098792850218686, 37.405886620402143 ], [ 127.098297889642438, 37.405339120597311 ], [ 127.097520146894709, 37.405785756046626 ] ] ] } },
{ "type": "Feature", "properties": { "PNU": "4113510900106100003", "JIBUN": "610-3도", "purp_class": "empty", "mainPurps": "정보없음", "totArea_sum": 0, "area_m2": 580, "far_pct": 0 }, "geometry": { "type": "Polygon", "coordinates": [ [ [ 127.097683851804462, 37.403964936903712 ], [ 127.098063884323821, 37.404385859876619 ], [ 127.098144669655198, 37.404321101142102 ], [ 127.097758529510472, 37.403893515897884 ], [ 127.097683851804462, 37.403964936903712 ] ] ] } },
{ "type": "Feature", "properties": { "PNU": "4113510900106100002", "JIBUN": "610-2도", "purp_class": "empty", "mainPurps": "정보없음", "totArea_sum": 0, "area_m2": 840, "far_pct": 0 }, "geometry": { "type": "Polygon", "coordinates": [ [ [ 127.097470119391204, 37.405703444073133 ], [ 127.097520146894709, 37.405785756046626 ], [ 127.098297889642438, 37.405339120597311 ], [ 127.098231835066599, 37.405266012390022 ], [ 127.097470119391204, 37.405703444073133 ] ] ] } },
{ "type": "Feature", "properties": { "PNU": "4113510900106100001", "JIBUN": "610-1대", "purp_class": "non_resi", "mainPurps": "업무시설", "totArea_sum": 22641, "area_m2": 5145, "far_pct": 440 }, "geometry": { "type": "Polygon", "coordinates": [ [ [ 127.097291567992158, 37.4050072859932 ], [ 127.097470119391204, 37.405703444073133 ], [ 127.098231835066599, 37.405266012390022 ], [ 127.097701026973823, 37.404677813548453 ], [ 127.097291567992158, 37.4050072859932 ] ] ] } },
{ "type": "Feature", "properties": { "PNU": "4113510900106100000", "JIBUN": "610대", "purp_class": "non_resi", "mainPurps": "업무시설", "totArea_sum": 21915, "area_m2": 4207, "far_pct": 521 }, "geometry": { "type": "Polygon", "coordinates": [ [ [ 127.097682720763288, 37.403963685415235 ], [ 127.09729771046193, 37.404331521192908 ], [ 127.097291567992158, 37.4050072859932 ], [ 127.098063884323821, 37.404385859876619 ], [ 127.097682720763288, 37.403963685415235 ] ] ] } },
{ "type": "Feature", "properties": { "PNU": "4113510900106090000", "JIBUN": "609공", "purp_class": "empty", "mainPurps": "정보없음", "totArea_sum": 0, "area_m2": 19215, "far_pct": 0 }, "geometry": { "type": "Polygon", "coordinates": [ [ [ 127.101445634701975, 37.398059106074513 ], [ 127.101390883967014, 37.39722526373415 ], [ 127.101113768560083, 37.397841430749146 ], [ 127.10077204026112, 37.399478410010651 ], [ 127.100465025404432, 37.400384636698995 ], [ 127.099320858686724, 37.402048409232528 ], [ 127.09956689447344, 37.402173176040236 ], [ 127.100379560299743, 37.401266890668531 ], [ 127.100928257638856, 37.400352262170564 ], [ 127.101065814574525, 37.400008860200124 ], [ 127.101445634701975, 37.398059106074513 ] ] ] } },
{ "type": "Feature", "properties": { "PNU": "4113510900106080002", "JIBUN": "608-2도", "purp_class": "empty", "mainPurps": "정보없음", "totArea_sum": 0, "area_m2": 772, "far_pct": 0 }, "geometry": { "type": "Polygon", "coordinates": [ [ [ 127.099104298215877, 37.402269606764548 ], [ 127.099341293175812, 37.402389876430718 ], [ 127.09956689447344, 37.402173176040236 ], [ 127.099320858686724, 37.402048409232528 ], [ 127.099104298215877, 37.402269606764548 ] ] ] } },
{ "type": "Feature", "properties": { "PNU": "4113510900106080000", "JIBUN": "608공", "purp_class": "empty", "mainPurps": "정보없음", "totArea_sum": 0, "area_m2": 16971, "far_pct": 0 }, "geometry": { "type": "Polygon", "coordinates": [ [ [ 127.096959253728414, 37.404629129207116 ], [ 127.097142489745735, 37.405637394942275 ], [ 127.097464132601175, 37.406145846268103 ], [ 127.098023096645022, 37.406576075501619 ], [ 127.098346361420994, 37.406669516542536 ], [ 127.098848682540805, 37.406526023277543 ], [ 127.098050381423477, 37.406274033729773 ], [ 127.097560664079637, 37.405850145566163 ], [ 127.097318791083069, 37.40518719624226 ], [ 127.097265656988284, 37.40443822710953 ], [ 127.09729771046193, 37.404331521192908 ], [ 127.099341293175812, 37.402389876430718 ], [ 127.099104298215877, 37.402269606764548 ], [ 127.097581884553009, 37.403539300045495 ], [ 127.097117012659993, 37.403986759583304 ], [ 127.096959253728414, 37.404629129207116 ] ] ] } },
{ "type": "Feature", "properties": { "PNU": "4113510900105200001", "JIBUN": "520-1 도", "purp_class": "empty", "mainPurps": "정보없음", "totArea_sum": 0, "area_m2": 17445, "far_pct": 0 }, "geometry": { "type": "Polygon", "coordinates": [ [ [ 127.099168276831108, 37.398602995674651 ], [ 127.099329537290487, 37.398819439127564 ], [ 127.099386765201146, 37.398795695107673 ], [ 127.099296975173559, 37.399052197965553 ], [ 127.099522237692568, 37.399103279171669 ], [ 127.099536163245304, 37.399216344877324 ], [ 127.099749564267711, 37.399264552235906 ], [ 127.099898536127867, 37.398838519093204 ], [ 127.100155764031655, 37.398893086449412 ], [ 127.100266403132721, 37.39851925350019 ], [ 127.100205246387674, 37.397699561940513 ], [ 127.100537021086154, 37.397163451442978 ], [ 127.100473028740424, 37.397108903549352 ], [ 127.100938209631181, 37.394805070005091 ], [ 127.100864256488592, 37.394646283284558 ], [ 127.100430450826906, 37.396334066876072 ], [ 127.100256022424645, 37.396374217690493 ], [ 127.099927829608475, 37.397143867384884 ], [ 127.099634213463474, 37.397239799089235 ], [ 127.099375413063854, 37.397690998179527 ], [ 127.100175121907284, 37.398411027807903 ], [ 127.100164377859031, 37.398485640733661 ], [ 127.099951655434324, 37.398695754270385 ], [ 127.099473000810434, 37.398758952432125 ], [ 127.099217346671722, 37.398184686399162 ], [ 127.099168276831108, 37.398602995674651 ] ] ] } },
{ "type": "Feature", "properties": { "PNU": "4113510900105140510", "JIBUN": "514-510 도", "purp_class": "empty", "mainPurps": "정보없음", "totArea_sum": 0, "area_m2": 139, "far_pct": 0 }, "geometry": { "type": "Polygon", "coordinates": [ [ [ 127.09763786824945, 37.402272970361132 ], [ 127.097407649992405, 37.40250498804356 ], [ 127.097719734732323, 37.402260289594437 ], [ 127.09763786824945, 37.402272970361132 ] ] ] } },
{ "type": "Feature", "properties": { "PNU": "4113510900105140506", "JIBUN": "514-506 도", "purp_class": "empty", "mainPurps": "정보없음", "totArea_sum": 0, "area_m2": 121, "far_pct": 0 }, "geometry": { "type": "Polygon", "coordinates": [ [ [ 127.097993957297959, 37.40190813029924 ], [ 127.098089715177395, 37.401895528042147 ], [ 127.098231325857753, 37.401706199458189 ], [ 127.098048327817153, 37.401855827140636 ], [ 127.097993957297959, 37.40190813029924 ] ] ] } },
{ "type": "Feature", "properties": { "PNU": "4113510900105140496", "JIBUN": "514-496 도", "purp_class": "empty", "mainPurps": "정보없음", "totArea_sum": 0, "area_m2": 5771, "far_pct": 0 }, "geometry": { "type": "Polygon", "coordinates": [ [ [ 127.099217346671722, 37.398184686399162 ], [ 127.099473000810434, 37.398758952432125 ], [ 127.099951655434324, 37.398695754270385 ], [ 127.100164377859031, 37.398485640733661 ], [ 127.100175121907284, 37.398411027807903 ], [ 127.099375413075592, 37.397691007189678 ], [ 127.099217346671722, 37.398184686399162 ] ] ] } },
{ "type": "Feature", "properties": { "PNU": "4113510900105140485", "JIBUN": "514-485 도", "purp_class": "empty", "mainPurps": "정보없음", "totArea_sum": 0, "area_m2": 1879, "far_pct": 0 }, "geometry": { "type": "Polygon", "coordinates": [ [ [ 127.100859568567202, 37.394636727457872 ], [ 127.100425511201408, 37.396012679177574 ], [ 127.099585409788304, 37.397314083145766 ], [ 127.099927829608475, 37.397143867384884 ], [ 127.100256022424645, 37.396374217690493 ], [ 127.100430450826906, 37.396334066876072 ], [ 127.100859568567202, 37.394636727457872 ] ] ] } },
{ "type": "Feature", "properties": { "PNU": "4113510900105140378", "JIBUN": "514-378도", "purp_class": "empty", "mainPurps": "정보없음", "totArea_sum": 0, "area_m2": 219, "far_pct": 0 }, "geometry": { "type": "Polygon", "coordinates": [ [ [ 127.096533949033557, 37.405024025370004 ], [ 127.096960570065704, 37.40468742369238 ], [ 127.096959253728414, 37.404629129207116 ], [ 127.09690444774526, 37.404696479111841 ], [ 127.096533949033557, 37.405024025370004 ] ] ] } },
{ "type": "Feature", "properties": { "PNU": "4113510900105140312", "JIBUN": "514-312 도", "purp_class": "empty", "mainPurps": "정보없음", "totArea_sum": 0, "area_m2": 236, "far_pct": 0 }, "geometry": { "type": "Polygon", "coordinates": [ [ [ 127.100082471120047, 37.400706257692583 ], [ 127.100166557269461, 37.400751508559459 ], [ 127.100309642130213, 37.400486310869169 ], [ 127.100181085115338, 37.400547687139962 ], [ 127.100082471120047, 37.400706257692583 ] ] ] } },
{ "type": "Feature", "properties": { "PNU": "4113510900105140231", "JIBUN": "514-231 도", "purp_class": "empty", "mainPurps": "정보없음", "totArea_sum": 0, "area_m2": 2653, "far_pct": 0 }, "geometry": { "type": "Polygon", "coordinates": [ [ [ 127.099557033429392, 37.399285255139993 ], [ 127.099725170524238, 37.399784367401708 ], [ 127.099578878050792, 37.400188683605087 ], [ 127.099764950044062, 37.400236372979052 ], [ 127.099932381350911, 37.400193075185761 ], [ 127.099800418114711, 37.400153990845475 ], [ 127.100063575477961, 37.399385927833102 ], [ 127.099557033429392, 37.399285255139993 ] ] ] } },
{ "type": "Feature", "properties": { "PNU": "4113510900200020027", "JIBUN": "산2-27 도", "purp_class": "empty", "mainPurps": "정보없음", "totArea_sum": 0, "area_m2": 2525, "far_pct": 0 }, "geometry": { "type": "Polygon", "coordinates": [ [ [ 127.104983498002667, 37.407214701990576 ], [ 127.103348842234993, 37.407172584192281 ], [ 127.102030226771731, 37.407279725638055 ], [ 127.104811780781233, 37.40734577827758 ], [ 127.104983498002667, 37.407214701990576 ] ] ] } },
{ "type": "Feature", "properties": { "PNU": "4113510900105140080", "JIBUN": "514-80도", "purp_class": "empty", "mainPurps": "정보없음", "totArea_sum": 0, "area_m2": 26347, "far_pct": 0 }, "geometry": { "type": "Polygon", "coordinates": [ [ [ 127.094205780385906, 37.406541169893615 ], [ 127.094504770847536, 37.406847351568629 ], [ 127.094756367634631, 37.406978160691317 ], [ 127.095415646476283, 37.406948779525649 ], [ 127.095963635608584, 37.407098631997705 ], [ 127.096279097154039, 37.406798946022128 ], [ 127.096026006228939, 37.407107817541174 ], [ 127.096134389682305, 37.407123940078478 ], [ 127.096778587621031, 37.406869193062356 ], [ 127.096858097084294, 37.40662353992245 ], [ 127.097230845759455, 37.40655022970347 ], [ 127.098024457302216, 37.406580192019547 ], [ 127.095099505390593, 37.405670105478492 ], [ 127.094205780385906, 37.406541169893615 ] ] ] } },
{ "type": "Feature", "properties": { "PNU": "4113510900105140076", "JIBUN": "514-76도", "purp_class": "empty", "mainPurps": "정보없음", "totArea_sum": 0, "area_m2": 465, "far_pct": 0 }, "geometry": { "type": "Polygon", "coordinates": [ [ [ 127.095056952550181, 37.405656353651594 ], [ 127.094205780385906, 37.406541169893615 ], [ 127.095099505390593, 37.405670105478492 ], [ 127.095056952550181, 37.405656353651594 ] ] ] } },
{ "type": "Feature", "properties": { "PNU": "4113510900105140069", "JIBUN": "514-69도", "purp_class": "empty", "mainPurps": "정보없음", "totArea_sum": 0, "area_m2": 362, "far_pct": 0 }, "geometry": { "type": "Polygon", "coordinates": [ [ [ 127.097077010959708, 37.405394444681313 ], [ 127.096094374140748, 37.40476245329117 ], [ 127.097088253288092, 37.405442189283129 ], [ 127.097077010959708, 37.405394444681313 ] ] ] } },
{ "type": "Feature", "properties": { "PNU": "4113510900106760003", "JIBUN": "676-3도", "purp_class": "empty", "mainPurps": "정보없음", "totArea_sum": 0, "area_m2": 963, "far_pct": 0 }, "geometry": { "type": "Polygon", "coordinates": [ [ [ 127.112561614878913, 37.401568639508248 ], [ 127.111836647013661, 37.401567065575755 ], [ 127.111836845135656, 37.401702217409962 ], [ 127.112562040449944, 37.401703971329468 ], [ 127.112561614878913, 37.401568639508248 ] ] ] } },
{ "type": "Feature", "properties": { "PNU": "4113510900106760002", "JIBUN": "676-2도", "purp_class": "empty", "mainPurps": "정보없음", "totArea_sum": 0, "area_m2": 227, "far_pct": 0 }, "geometry": { "type": "Polygon", "coordinates": [ [ [ 127.112731252186862, 37.401569020686814 ], [ 127.112561614878913, 37.401568639508248 ], [ 127.112562040449944, 37.401703971329468 ], [ 127.112733372172272, 37.401704350913491 ], [ 127.112731252186862, 37.401569020686814 ] ] ] } },
{ "type": "Feature", "properties": { "PNU": "4113510900106760001", "JIBUN": "676-1수", "purp_class": "empty", "mainPurps": "정보없음", "totArea_sum": 0, "area_m2": 2667, "far_pct": 0 }, "geometry": { "type": "Polygon", "coordinates": [ [ [ 127.112728973777578, 37.400027208388508 ], [ 127.112559020480077, 37.399963396136087 ], [ 127.112561614878913, 37.401568639508248 ], [ 127.112731252186862, 37.401569020686814 ], [ 127.112728973777578, 37.400027208388508 ] ] ] } },
{ "type": "Feature", "properties": { "PNU": "4113510900106760000", "JIBUN": "676대", "purp_class": "non_resi", "mainPurps": "업무시설", "totArea_sum": 91092, "area_m2": 11616, "far_pct": 784 }, "geometry": { "type": "Polygon", "coordinates": [ [ [ 127.111836647013661, 37.401567065575755 ], [ 127.112561614878913, 37.401568639508248 ], [ 127.112559020480077, 37.399963396136087 ], [ 127.111898442875756, 37.39996185218866 ], [ 127.111834707783956, 37.400012999144906 ], [ 127.111836647013661, 37.401567065575755 ] ] ] } },
{ "type": "Feature", "properties": { "PNU": "4113510900106750001", "JIBUN": "675-1도", "purp_class": "empty", "mainPurps": "정보없음", "totArea_sum": 0, "area_m2": 6697, "far_pct": 0 }, "geometry": { "type": "Polygon", "coordinates": [ [ [ 127.111604017710718, 37.402358462261759 ], [ 127.109912595037173, 37.402353717814449 ], [ 127.109848822298304, 37.402302598699208 ], [ 127.109883290815731, 37.402552688421984 ], [ 127.109963162016328, 37.40248900365399 ], [ 127.111838006288892, 37.402494297197066 ], [ 127.111834707783956, 37.400012999144906 ], [ 127.111898442875756, 37.39996185218866 ], [ 127.111601527526034, 37.399961227968696 ], [ 127.111665299333268, 37.400012256059107 ], [ 127.111668320309022, 37.402307765426933 ], [ 127.111604017710718, 37.402358462261759 ] ] ] } },
{ "type": "Feature", "properties": { "PNU": "4113510900106750000", "JIBUN": "675주", "purp_class": "empty", "mainPurps": "위험물저장및처리시설", "totArea_sum": 392, "area_m2": 831, "far_pct": 47 }, "geometry": { "type": "Polygon", "coordinates": [ [ [ 127.111268223983217, 37.400177781085681 ], [ 127.111665543027073, 37.400178763163503 ], [ 127.111665299333268, 37.400012256059107 ], [ 127.111269036443133, 37.399960455825898 ], [ 127.111268223983217, 37.400177781085681 ] ] ] } },
{ "type": "Feature", "properties": { "PNU": "4113510900106740000", "JIBUN": "674차", "purp_class": "non_resi", "mainPurps": "자동차관련시설", "totArea_sum": 13807, "area_m2": 2733, "far_pct": 505 }, "geometry": { "type": "Polygon", "coordinates": [ [ [ 127.111265407225218, 37.400879403017314 ], [ 127.111666156321931, 37.400829294436861 ], [ 127.111665543027073, 37.400178763163503 ], [ 127.111268223983217, 37.400177781085681 ], [ 127.111265407225218, 37.400879403017314 ] ] ] } },
{ "type": "Feature", "properties": { "PNU": "4113510900106730001", "JIBUN": "673-1도", "purp_class": "empty", "mainPurps": "정보없음", "totArea_sum": 0, "area_m2": 2039, "far_pct": 0 }, "geometry": { "type": "Polygon", "coordinates": [ [ [ 127.111039527395391, 37.400878891639053 ], [ 127.111265407225218, 37.400879403017314 ], [ 127.111269036443133, 37.399960455825898 ], [ 127.111043159240182, 37.399959854348928 ], [ 127.111039527395391, 37.400878891639053 ] ] ] } },
{ "type": "Feature", "properties": { "PNU": "4113510900106730000", "JIBUN": "673대", "purp_class": "non_resi", "mainPurps": "업무시설", "totArea_sum": 70426, "area_m2": 10555, "far_pct": 667 }, "geometry": { "type": "Polygon", "coordinates": [ [ [ 127.109846469473666, 37.400825028838149 ], [ 127.109910353766026, 37.400876057764741 ], [ 127.111039527395391, 37.400878891639053 ], [ 127.111043159240182, 37.399959854348928 ], [ 127.109959288060821, 37.399957339367859 ], [ 127.109879306470575, 37.400020934158789 ], [ 127.109846469473666, 37.400825028838149 ] ] ] } },
{ "type": "Feature", "properties": { "PNU": "4113510900106720006", "JIBUN": "672-6도", "purp_class": "empty", "mainPurps": "정보없음", "totArea_sum": 0, "area_m2": 11802, "far_pct": 0 }, "geometry": { "type": "Polygon", "coordinates": [ [ [ 127.109959288060821, 37.399957339367859 ], [ 127.109370312709984, 37.399955355204796 ], [ 127.109450138430248, 37.400019074140438 ], [ 127.109484800645362, 37.400405847676303 ], [ 127.109487407457493, 37.402301577745384 ], [ 127.10945461533251, 37.402983044060775 ], [ 127.109374630105563, 37.403046638483197 ], [ 127.10996351592766, 37.403048082082499 ], [ 127.109883799367253, 37.402984273327256 ], [ 127.109846469473666, 37.400825028838149 ], [ 127.109879306470575, 37.400020934158789 ], [ 127.109959288060821, 37.399957339367859 ] ] ] } },
{ "type": "Feature", "properties": { "PNU": "4113510900106720005", "JIBUN": "672-5대", "purp_class": "empty", "mainPurps": "정보없음", "totArea_sum": 0, "area_m2": 1544, "far_pct": 0 }, "geometry": { "type": "Polygon", "coordinates": [ [ [ 127.109450864898022, 37.400289377589125 ], [ 127.109450138430248, 37.400019074140438 ], [ 127.109370312709984, 37.399955355204796 ], [ 127.10897130117246, 37.399954637256378 ], [ 127.108971890351356, 37.400288191998136 ], [ 127.109450864898022, 37.400289377589125 ] ] ] } },
{ "type": "Feature", "properties": { "PNU": "4113510900106720004", "JIBUN": "672-4대", "purp_class": "empty", "mainPurps": "정보없음", "totArea_sum": 0, "area_m2": 1500, "far_pct": 0 }, "geometry": { "type": "Polygon", "coordinates": [ [ [ 127.108508840017066, 37.400286899958104 ], [ 127.108971890351356, 37.400288191998136 ], [ 127.10897130117246, 37.399954637256378 ], [ 127.108572515387166, 37.399953827655821 ], [ 127.108508840017066, 37.400286899958104 ] ] ] } },
{ "type": "Feature", "properties": { "PNU": "4113510900106720003", "JIBUN": "672-3대", "purp_class": "empty", "mainPurps": "정보없음", "totArea_sum": 0, "area_m2": 1455, "far_pct": 0 }, "geometry": { "type": "Polygon", "coordinates": [ [ [ 127.109450864898022, 37.400289377589125 ], [ 127.108971890351356, 37.400288191998136 ], [ 127.108972308451484, 37.400581021059821 ], [ 127.109484940798282, 37.400582266021686 ], [ 127.109450864898022, 37.400289377589125 ] ] ] } },
{ "type": "Feature", "properties": { "PNU": "4113510900106720002", "JIBUN": "672-2대", "purp_class": "empty", "mainPurps": "정보없음", "totArea_sum": 0, "area_m2": 1332, "far_pct": 0 }, "geometry": { "type": "Polygon", "coordinates": [ [ [ 127.108971890351356, 37.400288191998136 ], [ 127.108508840017066, 37.400286899958104 ], [ 127.108509256571693, 37.400579909226764 ], [ 127.108972308451484, 37.400581021059821 ], [ 127.108971890351356, 37.400288191998136 ] ] ] } },
{ "type": "Feature", "properties": { "PNU": "4113510900106720001", "JIBUN": "672-1대", "purp_class": "empty", "mainPurps": "정보없음", "totArea_sum": 0, "area_m2": 1458, "far_pct": 0 }, "geometry": { "type": "Polygon", "coordinates": [ [ [ 127.109484940798282, 37.400582266021686 ], [ 127.108972308451484, 37.400581021059821 ], [ 127.108972726686233, 37.400873940208115 ], [ 127.109421324006391, 37.400874973315055 ], [ 127.109484940798282, 37.400582266021686 ] ] ] } },
{ "type": "Feature", "properties": { "PNU": "4113510900106720000", "JIBUN": "672대", "purp_class": "non_resi", "mainPurps": "업무시설", "totArea_sum": 60548, "area_m2": 1316, "far_pct": 2000 }, "geometry": { "type": "Polygon", "coordinates": [ [ [ 127.108972308451484, 37.400581021059821 ], [ 127.108509256571693, 37.400579909226764 ], [ 127.108509713826408, 37.400822101276525 ], [ 127.108972726686233, 37.400873940208115 ], [ 127.108972308451484, 37.400581021059821 ] ] ] } },
{ "type": "Feature", "properties": { "PNU": "4113510900106710004", "JIBUN": "671-4도", "purp_class": "empty", "mainPurps": "정보없음", "totArea_sum": 0, "area_m2": 3151, "far_pct": 0 }, "geometry": { "type": "Polygon", "coordinates": [ [ [ 127.108572515387166, 37.399953827655821 ], [ 127.108275109981577, 37.399926165114735 ], [ 127.108338879636008, 37.39997728510415 ], [ 127.108340568056818, 37.401007682803197 ], [ 127.109421630725677, 37.401010125072929 ], [ 127.109485514887993, 37.401061154227641 ], [ 127.109485061599258, 37.40082391776469 ], [ 127.109421324006391, 37.400874973315055 ], [ 127.108573597083534, 37.400873040825466 ], [ 127.108509713826408, 37.400822101276525 ], [ 127.108508325772931, 37.400004612826713 ], [ 127.108572515387166, 37.399953827655821 ] ] ] } },
{ "type": "Feature", "properties": { "PNU": "4113510900106710003", "JIBUN": "671-3대", "purp_class": "non_resi", "mainPurps": "업무시설", "totArea_sum": 11743, "area_m2": 1599, "far_pct": 735 }, "geometry": { "type": "Polygon", "coordinates": [ [ [ 127.108275109981577, 37.399926165114735 ], [ 127.107805624797479, 37.399925146433191 ], [ 127.107806286118276, 37.400233472737085 ], [ 127.108339358075014, 37.400234794393619 ], [ 127.108275109981577, 37.399926165114735 ] ] ] } },
{ "type": "Feature", "properties": { "PNU": "4113510900106710002", "JIBUN": "671-2대", "purp_class": "non_resi", "mainPurps": "교육연구시설", "totArea_sum": 7126, "area_m2": 1348, "far_pct": 529 }, "geometry": { "type": "Polygon", "coordinates": [ [ [ 127.108339358075014, 37.400234794393619 ], [ 127.107806286118276, 37.400233472737085 ], [ 127.107806762866019, 37.400491072121497 ], [ 127.108339723708511, 37.400492393875055 ], [ 127.108339358075014, 37.400234794393619 ] ] ] } },
{ "type": "Feature", "properties": { "PNU": "4113510900106710001", "JIBUN": "671-1대", "purp_class": "non_resi", "mainPurps": "교육연구시설", "totArea_sum": 9246, "area_m2": 1348, "far_pct": 686 }, "geometry": { "type": "Polygon", "coordinates": [ [ [ 127.108339723708511, 37.400492393875055 ], [ 127.107806762866019, 37.400491072121497 ], [ 127.107807352685583, 37.400748761494313 ], [ 127.108340089474481, 37.400750083446425 ], [ 127.108339723708511, 37.400492393875055 ] ] ] } },
{ "type": "Feature", "properties": { "PNU": "4113510900106710000", "JIBUN": "671대", "purp_class": "non_resi", "mainPurps": "교육연구시설", "totArea_sum": 9960, "area_m2": 1348, "far_pct": 739 }, "geometry": { "type": "Polygon", "coordinates": [ [ [ 127.108340089474481, 37.400750083446425 ], [ 127.107807352685583, 37.400748761494313 ], [ 127.107807829826243, 37.40100663115981 ], [ 127.108340568056818, 37.401007682803197 ], [ 127.108340089474481, 37.400750083446425 ] ] ] } },
{ "type": "Feature", "properties": { "PNU": "4113510900106700001", "JIBUN": "670-1도", "purp_class": "empty", "mainPurps": "정보없음", "totArea_sum": 0, "area_m2": 2339, "far_pct": 0 }, "geometry": { "type": "Polygon", "coordinates": [ [ [ 127.107805624797479, 37.399925146433191 ], [ 127.107636217078579, 37.399924757979903 ], [ 127.107639104088094, 37.401331417894447 ], [ 127.107808513827962, 37.401330995427465 ], [ 127.107805624797479, 37.399925146433191 ] ] ] } },
{ "type": "Feature", "properties": { "PNU": "4113510900106700000", "JIBUN": "670대", "purp_class": "non_resi", "mainPurps": "업무시설", "totArea_sum": 136466, "area_m2": 17395, "far_pct": 785 }, "geometry": { "type": "Polygon", "coordinates": [ [ [ 127.106067309534083, 37.401327502119344 ], [ 127.107639104088094, 37.401331417894447 ], [ 127.107636217078579, 37.399924757979903 ], [ 127.106665733627707, 37.400001129903188 ], [ 127.106067309534083, 37.401327502119344 ] ] ] } },
{ "type": "Feature", "properties": { "PNU": "4113510900106690001", "JIBUN": "669-1수", "purp_class": "empty", "mainPurps": "정보없음", "totArea_sum": 0, "area_m2": 3172, "far_pct": 0 }, "geometry": { "type": "Polygon", "coordinates": [ [ [ 127.107596309923466, 37.398454068850761 ], [ 127.109481507524436, 37.398818804995344 ], [ 127.10948075631309, 37.398610040754384 ], [ 127.108356733013096, 37.398392565792037 ], [ 127.107596309923466, 37.398454068850761 ] ] ] } },
{ "type": "Feature", "properties": { "PNU": "4113510900106690000", "JIBUN": "669공", "purp_class": "empty", "mainPurps": "노유자시설", "totArea_sum": 1473, "area_m2": 15425, "far_pct": 10 }, "geometry": { "type": "Polygon", "coordinates": [ [ [ 127.106855441338979, 37.399577304376052 ], [ 127.106960893445688, 37.399715966514009 ], [ 127.107805370303794, 37.39974494390848 ], [ 127.107804355787081, 37.399026566488658 ], [ 127.109482254993083, 37.399024956292017 ], [ 127.109481507524436, 37.398818804995344 ], [ 127.107488720452224, 37.398481375941763 ], [ 127.107179662732818, 37.398595991183136 ], [ 127.106855441338979, 37.399577304376052 ] ] ] } },
{ "type": "Feature", "properties": { "PNU": "4113510900105140005", "JIBUN": "514-5 도", "purp_class": "empty", "mainPurps": "정보없음", "totArea_sum": 0, "area_m2": 1321, "far_pct": 0 }, "geometry": { "type": "Polygon", "coordinates": [ [ [ 127.099749564267711, 37.399264552235906 ], [ 127.100072546267867, 37.39933690520057 ], [ 127.100155764031655, 37.398893086449412 ], [ 127.099898536127867, 37.398838519093204 ], [ 127.099749564267711, 37.399264552235906 ] ] ] } },
{ "type": "Feature", "properties": { "PNU": "4113510900104900002", "JIBUN": "490-2 도", "purp_class": "empty", "mainPurps": "정보없음", "totArea_sum": 0, "area_m2": 280, "far_pct": 0 }, "geometry": { "type": "Polygon", "coordinates": [ [ [ 127.099706361087271, 37.40094894328616 ], [ 127.099806925991402, 37.400986161700452 ], [ 127.100099058522176, 37.400522617271982 ], [ 127.099970848558215, 37.400676797435928 ], [ 127.099706361087271, 37.40094894328616 ] ] ] } },
{ "type": "Feature", "properties": { "PNU": "4113510900104890002", "JIBUN": "489-2 도", "purp_class": "empty", "mainPurps": "정보없음", "totArea_sum": 0, "area_m2": 619, "far_pct": 0 }, "geometry": { "type": "Polygon", "coordinates": [ [ [ 127.099403570908351, 37.400689251886803 ], [ 127.099472677583321, 37.400766681835549 ], [ 127.099735302258495, 37.400278565053092 ], [ 127.099580551701095, 37.400259682101911 ], [ 127.099403570908351, 37.400689251886803 ] ] ] } },
{ "type": "Feature", "properties": { "PNU": "4113510900104790003", "JIBUN": "479-3도", "purp_class": "empty", "mainPurps": "정보없음", "totArea_sum": 0, "area_m2": 3177, "far_pct": 0 }, "geometry": { "type": "Polygon", "coordinates": [ [ [ 127.09807630615424, 37.402711857185487 ], [ 127.098151770394026, 37.402726482054241 ], [ 127.098426909230227, 37.402472171093564 ], [ 127.099710062653344, 37.401102563038435 ], [ 127.098948288193696, 37.401717143838887 ], [ 127.098721558760502, 37.402022593823723 ], [ 127.098525498150337, 37.402026809397434 ], [ 127.098523877002094, 37.40182056873433 ], [ 127.09807630615424, 37.402711857185487 ] ] ] } },
{ "type": "Feature", "properties": { "PNU": "4113510900104780002", "JIBUN": "478-2 도", "purp_class": "empty", "mainPurps": "정보없음", "totArea_sum": 0, "area_m2": 1410, "far_pct": 0 }, "geometry": { "type": "Polygon", "coordinates": [ [ [ 127.099352069369004, 37.400688303394922 ], [ 127.098677555126656, 37.401443908992114 ], [ 127.098535223393597, 37.401773526518845 ], [ 127.0994520658613, 37.400809857464061 ], [ 127.099352069369004, 37.400688303394922 ] ] ] } },
{ "type": "Feature", "properties": { "PNU": "4113510900104430005", "JIBUN": "443-5 도", "purp_class": "empty", "mainPurps": "정보없음", "totArea_sum": 0, "area_m2": 215, "far_pct": 0 }, "geometry": { "type": "Polygon", "coordinates": [ [ [ 127.09573540269048, 37.404827883124021 ], [ 127.095838973929361, 37.404918172161011 ], [ 127.096064144279751, 37.404704001717256 ], [ 127.095804935942311, 37.404795030820495 ], [ 127.09573540269048, 37.404827883124021 ] ] ] } },
{ "type": "Feature", "properties": { "PNU": "4113510900104430003", "JIBUN": "443-3도", "purp_class": "empty", "mainPurps": "정보없음", "totArea_sum": 0, "area_m2": 1494, "far_pct": 0 }, "geometry": { "type": "Polygon", "coordinates": [ [ [ 127.096568201047191, 37.405047334078347 ], [ 127.096753621975495, 37.40519729364798 ], [ 127.097077010959708, 37.405394444681313 ], [ 127.096960570065704, 37.40468742369238 ], [ 127.096568201047191, 37.405047334078347 ] ] ] } },
{ "type": "Feature", "properties": { "PNU": "4113510900104410007", "JIBUN": "441-7 도", "purp_class": "empty", "mainPurps": "정보없음", "totArea_sum": 0, "area_m2": 165, "far_pct": 0 }, "geometry": { "type": "Polygon", "coordinates": [ [ [ 127.096508776129141, 37.40396148080945 ], [ 127.096570907430191, 37.403970981618684 ], [ 127.097052422293871, 37.403641723719836 ], [ 127.097096579791454, 37.403550054984727 ], [ 127.096508776129141, 37.40396148080945 ] ] ] } },
{ "type": "Feature", "properties": { "PNU": "4113510900104370001", "JIBUN": "437-1 도", "purp_class": "empty", "mainPurps": "정보없음", "totArea_sum": 0, "area_m2": 300, "far_pct": 0 }, "geometry": { "type": "Polygon", "coordinates": [ [ [ 127.097096579791454, 37.403550054984727 ], [ 127.097366750170991, 37.403468745091864 ], [ 127.09708265090245, 37.403521053615705 ], [ 127.096467448491708, 37.403969352818571 ], [ 127.097096579791454, 37.403550054984727 ] ] ] } },
{ "type": "Feature", "properties": { "PNU": "4113510900104210000", "JIBUN": "421도", "purp_class": "non_resi", "mainPurps": "창고시설", "totArea_sum": 487, "area_m2": 145817, "far_pct": 0 }, "geometry": { "type": "Polygon", "coordinates": [ [ [ 127.097088253288092, 37.405442189283129 ], [ 127.096094374140748, 37.40476245329117 ], [ 127.096533949033557, 37.405024025370004 ], [ 127.09690444774526, 37.404696479111841 ], [ 127.097117012659993, 37.403986759583304 ], [ 127.099155410690145, 37.402231001193933 ], [ 127.100336033706583, 37.400630811415454 ], [ 127.100835136620091, 37.39919462775601 ], [ 127.100690503074148, 37.399481181465738 ], [ 127.100579908491099, 37.399459289431327 ], [ 127.100792276970751, 37.398809300082348 ], [ 127.100630500544554, 37.39877024168414 ], [ 127.100497134576486, 37.399466296554387 ], [ 127.100678457124303, 37.399510294316109 ], [ 127.100303114715118, 37.400348992819687 ], [ 127.100201800051906, 37.400325209563711 ], [ 127.100376979079243, 37.399903749191303 ], [ 127.100308920100403, 37.39933400491104 ], [ 127.100537531545228, 37.398924933570655 ], [ 127.100333138921954, 37.399114227380508 ], [ 127.100310309713876, 37.399016035936732 ], [ 127.100455633872201, 37.398738942737999 ], [ 127.100718212588703, 37.398568881605335 ], [ 127.100648177814989, 37.398557947967831 ], [ 127.100664826875246, 37.398422511601119 ], [ 127.100784346365998, 37.398276537152384 ], [ 127.100831589006447, 37.397704353529328 ], [ 127.100676212254101, 37.397549239185878 ], [ 127.100222869130434, 37.397617194537638 ], [ 127.100266403132721, 37.39851925350019 ], [ 127.100072546267867, 37.39933690520057 ], [ 127.099536163245304, 37.399216344877324 ], [ 127.099522237692568, 37.399103279171669 ], [ 127.099296975173559, 37.399052197965553 ], [ 127.099386765201146, 37.398795695107673 ], [ 127.099329537290487, 37.398819439127564 ], [ 127.099168276831108, 37.398602995674651 ], [ 127.099269225693575, 37.399747127875521 ], [ 127.099054679663524, 37.400654968298191 ], [ 127.098549462163746, 37.401341929335686 ], [ 127.09759077968377, 37.402279315724684 ], [ 127.097719734732323, 37.402260289594437 ], [ 127.097641226187662, 37.402337660397848 ], [ 127.097407649992405, 37.40250498804356 ], [ 127.097427100171103, 37.402435323929964 ], [ 127.096750985491695, 37.403024862871447 ], [ 127.096122611122894, 37.403325584946209 ], [ 127.095647914581576, 37.403418948371915 ], [ 127.094770860389346, 37.403379458136847 ], [ 127.094114984624582, 37.403459893467797 ], [ 127.092473902383276, 37.404102238189346 ], [ 127.092652713599136, 37.404305459183327 ], [ 127.092689133747697, 37.404627993818039 ], [ 127.092938856299156, 37.405000460020638 ], [ 127.098020840216108, 37.406578050561322 ], [ 127.097385071399074, 37.40605878245178 ], [ 127.097088253288092, 37.405442189283129 ] ], [ [ 127.098151770394026, 37.402726482054241 ], [ 127.09807630615424, 37.402711857185487 ], [ 127.098115459100995, 37.402594242956823 ], [ 127.098523877002094, 37.40182056873433 ], [ 127.098525498150337, 37.402026809397434 ], [ 127.098721558760502, 37.402022593823723 ], [ 127.098948288193696, 37.401717143838887 ], [ 127.099710062653344, 37.401102563038435 ], [ 127.098151770394026, 37.402726482054241 ] ], [ [ 127.099764950044062, 37.400236372979052 ], [ 127.099578878050792, 37.400188683605087 ], [ 127.099725170524238, 37.399784367401708 ], [ 127.099561647532823, 37.399272727220904 ], [ 127.100063575477961, 37.399385927833102 ], [ 127.099800418114711, 37.400153990845475 ], [ 127.099932381350911, 37.400193075185761 ], [ 127.099764950044062, 37.400236372979052 ] ], [ [ 127.098535223393597, 37.401773526518845 ], [ 127.098677555126656, 37.401443908992114 ], [ 127.099352069369004, 37.400688303394922 ], [ 127.0994520658613, 37.400809857464061 ], [ 127.098535223393597, 37.401773526518845 ] ], [ [ 127.095096694642407, 37.405644167539862 ], [ 127.094792954960226, 37.405349866395632 ], [ 127.094979092849471, 37.405169967312148 ], [ 127.095271322446294, 37.40547265653516 ], [ 127.095096694642407, 37.405644167539862 ] ], [ [ 127.099472677583321, 37.400766681835549 ], [ 127.099403570908351, 37.400689251886803 ], [ 127.099580551701095, 37.400259682101911 ], [ 127.099668635271485, 37.400253121720475 ], [ 127.099735302258495, 37.400278565053092 ], [ 127.099472677583321, 37.400766681835549 ] ], [ [ 127.097096579791454, 37.403550054984727 ], [ 127.096467448491708, 37.403969352818571 ], [ 127.09708265090245, 37.403521053615705 ], [ 127.097366750170991, 37.403468745091864 ], [ 127.097096579791454, 37.403550054984727 ] ], [ [ 127.099806925991402, 37.400986161700452 ], [ 127.099706361087271, 37.40094894328616 ], [ 127.100099058522176, 37.400522617271982 ], [ 127.100028185544573, 37.400649178662725 ], [ 127.099806925991402, 37.400986161700452 ] ], [ [ 127.100166557269461, 37.400751508559459 ], [ 127.100082471120047, 37.400706257692583 ], [ 127.100309642130213, 37.400486310869169 ], [ 127.100317799158063, 37.400505675848748 ], [ 127.100166557269461, 37.400751508559459 ] ], [ [ 127.095838973929361, 37.404918172161011 ], [ 127.09573540269048, 37.404827883124021 ], [ 127.096064144279751, 37.404704001717256 ], [ 127.095838973929361, 37.404918172161011 ] ], [ [ 127.097993957297959, 37.40190813029924 ], [ 127.098048327817153, 37.401855827140636 ], [ 127.098231325857753, 37.401706199458189 ], [ 127.098089715177395, 37.401895528042147 ], [ 127.097993957297959, 37.40190813029924 ] ] ] } },
{ "type": "Feature", "properties": { "PNU": "4113510900104200001", "JIBUN": "420-1도", "purp_class": "empty", "mainPurps": "정보없음", "totArea_sum": 0, "area_m2": 12591, "far_pct": 0 }, "geometry": { "type": "Polygon", "coordinates": [ [ [ 127.094626787630091, 37.405513531222894 ], [ 127.092938856299156, 37.405000460020638 ], [ 127.093013032191394, 37.405115561125719 ], [ 127.092671997872728, 37.405167029103673 ], [ 127.092471389214808, 37.405302822092807 ], [ 127.092719772788854, 37.405389650604313 ], [ 127.092910157887431, 37.405643003606954 ], [ 127.093865280648586, 37.406287377730948 ], [ 127.094626787630091, 37.405513531222894 ] ] ] } },
{ "type": "Feature", "properties": { "PNU": "4113510900104190010", "JIBUN": "419-10 도", "purp_class": "empty", "mainPurps": "정보없음", "totArea_sum": 0, "area_m2": 398, "far_pct": 0 }, "geometry": { "type": "Polygon", "coordinates": [ [ [ 127.094599704654414, 37.405542213769792 ], [ 127.094480155082962, 37.405646302740948 ], [ 127.094583820689422, 37.405895378301459 ], [ 127.094670671835615, 37.405845592014941 ], [ 127.094599704654414, 37.405542213769792 ] ] ] } },
{ "type": "Feature", "properties": { "PNU": "4113510900104190006", "JIBUN": "419-6도", "purp_class": "empty", "mainPurps": "정보없음", "totArea_sum": 0, "area_m2": 1883, "far_pct": 0 }, "geometry": { "type": "Polygon", "coordinates": [ [ [ 127.094201638800669, 37.405929754810209 ], [ 127.094315793262041, 37.406102776883351 ], [ 127.094589835757517, 37.406128735910862 ], [ 127.095056952550181, 37.405656353651594 ], [ 127.094626787630091, 37.405513531222894 ], [ 127.094670683130317, 37.405845592006024 ], [ 127.094430643057464, 37.405951235428766 ], [ 127.094287058990247, 37.405845902628165 ], [ 127.094201638800669, 37.405929754810209 ] ] ] } },
{ "type": "Feature", "properties": { "PNU": "4113510900104190004", "JIBUN": "419-4도", "purp_class": "empty", "mainPurps": "정보없음", "totArea_sum": 0, "area_m2": 1051, "far_pct": 0 }, "geometry": { "type": "Polygon", "coordinates": [ [ [ 127.094792954960226, 37.405349866395632 ], [ 127.095096694642407, 37.405644167539862 ], [ 127.095271322446294, 37.40547265653516 ], [ 127.094979092849471, 37.405169967312148 ], [ 127.094792954960226, 37.405349866395632 ] ] ] } },
{ "type": "Feature", "properties": { "PNU": "4113510900104180001", "JIBUN": "418-1도", "purp_class": "empty", "mainPurps": "정보없음", "totArea_sum": 0, "area_m2": 257, "far_pct": 0 }, "geometry": { "type": "Polygon", "coordinates": [ [ [ 127.094315793262041, 37.406102776883351 ], [ 127.094201638800669, 37.405929754810209 ], [ 127.094036834758043, 37.406092759985555 ], [ 127.094109823629267, 37.406103785309327 ], [ 127.094315793262041, 37.406102776883351 ] ] ] } }
]
}
