{
"type": "FeatureCollection",
"name": "wirye_parcels",
"crs": { "type": "name", "properties": { "name": "urn:ogc:def:crs:OGC:1.3:CRS84" } },
"features": [
{ "type": "Feature", "properties": { "PNU": "4113110600106100000", "JIBUN": "610도", "purp_class": "empty", "mainPurps": "정보없음", "totArea_sum": 0, "area_m2": 280, "far_pct": 0 }, "geometry": { "type": "Polygon", "coordinates": [ [ [ 127.161567987258664, 37.457660143485292 ], [ 127.162215758017567, 37.457312891351549 ], [ 127.162159228740194, 37.457246753385661 ], [ 127.161516478973155, 37.457600431587252 ], [ 127.161567987258664, 37.457660143485292 ] ] ] } },
{ "type": "Feature", "properties": { "PNU": "4113110600106220001", "JIBUN": "622-1대", "purp_class": "empty", "mainPurps": "정보없음", "totArea_sum": 0, "area_m2": 22, "far_pct": 0 }, "geometry": { "type": "Polygon", "coordinates": [ [ [ 127.161560721797969, 37.457311032134854 ], [ 127.161516267661867, 37.457225352742022 ], [ 127.161495427701723, 37.457236760639425 ], [ 127.161560721797969, 37.457311032134854 ] ] ] } },
{ "type": "Feature", "properties": { "PNU": "4113110600106340000", "JIBUN": "634도", "purp_class": "empty", "mainPurps": "정보없음", "totArea_sum": 0, "area_m2": 280, "far_pct": 0 }, "geometry": { "type": "Polygon", "coordinates": [ [ [ 127.161297692056834, 37.457343085365792 ], [ 127.161959428933159, 37.457010700331409 ], [ 127.161904658167671, 37.456947461087125 ], [ 127.161260731946953, 37.457300031275715 ], [ 127.161297692056834, 37.457343085365792 ] ] ] } },
{ "type": "Feature", "properties": { "PNU": "4113110600106390000", "JIBUN": "639대", "purp_class": "empty", "mainPurps": "정보없음", "totArea_sum": 0, "area_m2": 145, "far_pct": 0 }, "geometry": { "type": "Polygon", "coordinates": [ [ [ 127.161557117135487, 37.456956032246651 ], [ 127.161483997815253, 37.456996487228722 ], [ 127.161604503059237, 37.457134006555094 ], [ 127.161676179549573, 37.457095337443434 ], [ 127.161557117135487, 37.456956032246651 ] ] ] } },
{ "type": "Feature", "properties": { "PNU": "4113110600106450000", "JIBUN": "645도", "purp_class": "empty", "mainPurps": "정보없음", "totArea_sum": 0, "area_m2": 45, "far_pct": 0 }, "geometry": { "type": "Polygon", "coordinates": [ [ [ 127.161654043235288, 37.45688037875869 ], [ 127.161764828181973, 37.456784641029614 ], [ 127.161634246950456, 37.456856429850212 ], [ 127.161654043235288, 37.45688037875869 ] ] ] } },
{ "type": "Feature", "properties": { "PNU": "4113110600106600000", "JIBUN": "660대", "purp_class": "empty", "mainPurps": "정보없음", "totArea_sum": 0, "area_m2": 396, "far_pct": 0 }, "geometry": { "type": "Polygon", "coordinates": [ [ [ 127.160630507559915, 37.457470252241848 ], [ 127.160819958517621, 37.457368652053319 ], [ 127.160697207785262, 37.457221710449225 ], [ 127.160507183583832, 37.457324716781464 ], [ 127.160630507559915, 37.457470252241848 ] ] ] } },
{ "type": "Feature", "properties": { "PNU": "4113110600106650000", "JIBUN": "665대", "purp_class": "non_resi", "mainPurps": "제1종근린생활시설", "totArea_sum": 252, "area_m2": 117, "far_pct": 215 }, "geometry": { "type": "Polygon", "coordinates": [ [ [ 127.160383024224672, 37.457532087732176 ], [ 127.16030034790947, 37.45743642206709 ], [ 127.160245435931841, 37.457466292045659 ], [ 127.160293295864605, 37.457581096811403 ], [ 127.160383024224672, 37.457532087732176 ] ] ] } },
{ "type": "Feature", "properties": { "PNU": "4113110600107710000", "JIBUN": "771도", "purp_class": "empty", "mainPurps": "정보없음", "totArea_sum": 0, "area_m2": 297, "far_pct": 0 }, "geometry": { "type": "Polygon", "coordinates": [ [ [ 127.160434332175925, 37.456370470773059 ], [ 127.161103143792133, 37.456008176625311 ], [ 127.161051419840987, 37.455947320521695 ], [ 127.160379568134701, 37.456309582426456 ], [ 127.160434332175925, 37.456370470773059 ] ] ] } },
{ "type": "Feature", "properties": { "PNU": "4113110600107810000", "JIBUN": "781도", "purp_class": "empty", "mainPurps": "정보없음", "totArea_sum": 0, "area_m2": 63, "far_pct": 0 }, "geometry": { "type": "Polygon", "coordinates": [ [ [ 127.160641356026019, 37.456237032750998 ], [ 127.160750291292089, 37.456404193576653 ], [ 127.160778368068833, 37.456389090948655 ], [ 127.160641356026019, 37.456237032750998 ] ] ] } },
{ "type": "Feature", "properties": { "PNU": "4113110600107980000", "JIBUN": "798대", "purp_class": "empty", "mainPurps": "정보없음", "totArea_sum": 0, "area_m2": 120, "far_pct": 0 }, "geometry": { "type": "Polygon", "coordinates": [ [ [ 127.160734436802684, 37.456704006184928 ], [ 127.160824688621517, 37.456673286451391 ], [ 127.16072464018967, 37.456561228180874 ], [ 127.160657716593889, 37.456618685274194 ], [ 127.160734436802684, 37.456704006184928 ] ] ] } },
{ "type": "Feature", "properties": { "PNU": "4113110600107990000", "JIBUN": "799도", "purp_class": "empty", "mainPurps": "정보없음", "totArea_sum": 0, "area_m2": 525, "far_pct": 0 }, "geometry": { "type": "Polygon", "coordinates": [ [ [ 127.161033622916406, 37.45653462835736 ], [ 127.160734436802684, 37.456704006184928 ], [ 127.160784913429168, 37.456762818819783 ], [ 127.161440747866948, 37.456403982108903 ], [ 127.161388287629663, 37.456342613580979 ], [ 127.161070959091816, 37.456515530722243 ], [ 127.160966144922895, 37.456389378365252 ], [ 127.161285337335713, 37.456221441537849 ], [ 127.161229772727211, 37.456156401035123 ], [ 127.160944876210266, 37.456337166811437 ], [ 127.160915933599441, 37.456396942454326 ], [ 127.161033622916406, 37.45653462835736 ] ] ] } },
{ "type": "Feature", "properties": { "PNU": "4113110600108070000", "JIBUN": "807대", "purp_class": "empty", "mainPurps": "정보없음", "totArea_sum": 0, "area_m2": 128, "far_pct": 0 }, "geometry": { "type": "Polygon", "coordinates": [ [ [ 127.160922433800295, 37.456914155347043 ], [ 127.161019511019447, 37.456962606535399 ], [ 127.161116024073607, 37.456910389172918 ], [ 127.161054894748631, 37.456838337285255 ], [ 127.160922433800295, 37.456914155347043 ] ] ] } },
{ "type": "Feature", "properties": { "PNU": "4113110600108140000", "JIBUN": "814대", "purp_class": "non_resi", "mainPurps": "제1종근린생활시설", "totArea_sum": 238, "area_m2": 105, "far_pct": 227 }, "geometry": { "type": "Polygon", "coordinates": [ [ [ 127.161576998620276, 37.456563852114229 ], [ 127.16145485029422, 37.456630881024203 ], [ 127.161508750767553, 37.456694400970484 ], [ 127.161595734848817, 37.456647286789376 ], [ 127.161576998620276, 37.456563852114229 ] ] ] } },
{ "type": "Feature", "properties": { "PNU": "4113110600108220000", "JIBUN": "822도", "purp_class": "empty", "mainPurps": "정보없음", "totArea_sum": 0, "area_m2": 138, "far_pct": 0 }, "geometry": { "type": "Polygon", "coordinates": [ [ [ 127.161557214359433, 37.456412888561445 ], [ 127.161869304520081, 37.456238157191152 ], [ 127.161814963880602, 37.456174917312794 ], [ 127.161502476299674, 37.456348721044591 ], [ 127.161557214359433, 37.456412888561445 ] ] ] } },
{ "type": "Feature", "properties": { "PNU": "4113110600108290000", "JIBUN": "829도", "purp_class": "empty", "mainPurps": "정보없음", "totArea_sum": 0, "area_m2": 138, "far_pct": 0 }, "geometry": { "type": "Polygon", "coordinates": [ [ [ 127.161301280071228, 37.456112948039113 ], [ 127.161353796721855, 37.456174379602302 ], [ 127.161665233011959, 37.456000667783783 ], [ 127.161612887317546, 37.455939965939514 ], [ 127.161301280071228, 37.456112948039113 ] ] ] } },
{ "type": "Feature", "properties": { "PNU": "4113110600108300000", "JIBUN": "830대", "purp_class": "non_resi", "mainPurps": "제2종근린생활시설", "totArea_sum": 820, "area_m2": 147, "far_pct": 557 }, "geometry": { "type": "Polygon", "coordinates": [ [ [ 127.161336742032987, 37.456121459634517 ], [ 127.161424927127982, 37.456070694882186 ], [ 127.161342365103394, 37.455975489279673 ], [ 127.161235654186513, 37.456036172039418 ], [ 127.161336742032987, 37.456121459634517 ] ] ] } },
{ "type": "Feature", "properties": { "PNU": "4113110600108300001", "JIBUN": "830-1도", "purp_class": "empty", "mainPurps": "정보없음", "totArea_sum": 0, "area_m2": 1, "far_pct": 0 }, "geometry": { "type": "Polygon", "coordinates": [ [ [ 127.161424927127982, 37.456070694882186 ], [ 127.161336742032987, 37.456121459634517 ], [ 127.161338766184301, 37.456121952449827 ], [ 127.161424927127982, 37.456070694882186 ] ] ] } },
{ "type": "Feature", "properties": { "PNU": "4113110600108310000", "JIBUN": "831대", "purp_class": "empty", "mainPurps": "정보없음", "totArea_sum": 0, "area_m2": 142, "far_pct": 0 }, "geometry": { "type": "Polygon", "coordinates": [ [ [ 127.161443454169628, 37.455918012597031 ], [ 127.161342365103394, 37.455975489279673 ], [ 127.161424927127982, 37.456070694882186 ], [ 127.161526895181453, 37.456011973553359 ], [ 127.161443454169628, 37.455918012597031 ] ] ] } },
{ "type": "Feature", "properties": { "PNU": "4113110600108310001", "JIBUN": "831-1도", "purp_class": "empty", "mainPurps": "정보없음", "totArea_sum": 0, "area_m2": 2, "far_pct": 0 }, "geometry": { "type": "Polygon", "coordinates": [ [ [ 127.161424927127982, 37.456070694882186 ], [ 127.161527869493227, 37.456013062449898 ], [ 127.161526895181453, 37.456011973553359 ], [ 127.161424927127982, 37.456070694882186 ] ] ] } },
{ "type": "Feature", "properties": { "PNU": "4113110600108340000", "JIBUN": "834대", "purp_class": "empty", "mainPurps": "정보없음", "totArea_sum": 0, "area_m2": 148, "far_pct": 0 }, "geometry": { "type": "Polygon", "coordinates": [ [ [ 127.161443454169628, 37.455918012597031 ], [ 127.161355300350607, 37.45581874202631 ], [ 127.161255090026629, 37.455874856929739 ], [ 127.161342365103394, 37.455975489279673 ], [ 127.161443454169628, 37.455918012597031 ] ] ] } },
{ "type": "Feature", "properties": { "PNU": "4113110600108360000", "JIBUN": "836도", "purp_class": "empty", "mainPurps": "정보없음", "totArea_sum": 0, "area_m2": 138, "far_pct": 0 }, "geometry": { "type": "Polygon", "coordinates": [ [ [ 127.161162663913331, 37.455950891456204 ], [ 127.161472959355137, 37.455777722282036 ], [ 127.161420500010365, 37.455716579011465 ], [ 127.161109037339031, 37.455888226927854 ], [ 127.161162663913331, 37.455950891456204 ] ] ] } },
{ "type": "Feature", "properties": { "PNU": "4113110600108390000", "JIBUN": "839종", "purp_class": "empty", "mainPurps": "종교시설", "totArea_sum": 2599, "area_m2": 886, "far_pct": 293 }, "geometry": { "type": "Polygon", "coordinates": [ [ [ 127.161229718382558, 37.455551484596043 ], [ 127.160985793302075, 37.455683730071222 ], [ 127.161109037339031, 37.455888226927854 ], [ 127.161415663873214, 37.45574368777536 ], [ 127.161229718382558, 37.455551484596043 ] ] ] } },
{ "type": "Feature", "properties": { "PNU": "4113110600108410000", "JIBUN": "841도", "purp_class": "empty", "mainPurps": "정보없음", "totArea_sum": 0, "area_m2": 738, "far_pct": 0 }, "geometry": { "type": "Polygon", "coordinates": [ [ [ 127.162112805283726, 37.456367228844663 ], [ 127.161351076387461, 37.455485574222543 ], [ 127.161229718382558, 37.455551484596043 ], [ 127.161980393296631, 37.456438624097522 ], [ 127.162112805283726, 37.456367228844663 ] ] ] } },
{ "type": "Feature", "properties": { "PNU": "4113110600108460000", "JIBUN": "846대", "purp_class": "empty", "mainPurps": "정보없음", "totArea_sum": 0, "area_m2": 113, "far_pct": 0 }, "geometry": { "type": "Polygon", "coordinates": [ [ [ 127.161824569688321, 37.45608966924727 ], [ 127.161930937686222, 37.456032662521039 ], [ 127.161868323152433, 37.45595847767823 ], [ 127.161761504853658, 37.456016295863463 ], [ 127.161824569688321, 37.45608966924727 ] ] ] } },
{ "type": "Feature", "properties": { "PNU": "4113110600108500000", "JIBUN": "850대", "purp_class": "empty", "mainPurps": "노유자시설", "totArea_sum": 454, "area_m2": 132, "far_pct": 343 }, "geometry": { "type": "Polygon", "coordinates": [ [ [ 127.162167241905678, 37.456337773102618 ], [ 127.162251335237386, 37.456292275164451 ], [ 127.162154542794838, 37.456181412006551 ], [ 127.162073419742569, 37.456225842656139 ], [ 127.162167241905678, 37.456337773102618 ] ] ] } },
{ "type": "Feature", "properties": { "PNU": "4113110600108510000", "JIBUN": "851대", "purp_class": "non_resi", "mainPurps": "제1종근린생활시설", "totArea_sum": 495, "area_m2": 160, "far_pct": 310 }, "geometry": { "type": "Polygon", "coordinates": [ [ [ 127.16234991250758, 37.456238945747025 ], [ 127.162254766988909, 37.456126620801584 ], [ 127.162154542794838, 37.456181412006551 ], [ 127.162251335237386, 37.456292275164451 ], [ 127.16234991250758, 37.456238945747025 ] ] ] } },
{ "type": "Feature", "properties": { "PNU": "4113110600108520000", "JIBUN": "852대", "purp_class": "non_resi", "mainPurps": "제2종근린생활시설", "totArea_sum": 494, "area_m2": 146, "far_pct": 338 }, "geometry": { "type": "Polygon", "coordinates": [ [ [ 127.162154542794838, 37.456181412006551 ], [ 127.162254766988909, 37.456126620801584 ], [ 127.162173456740035, 37.456030639215186 ], [ 127.162067941083166, 37.456089744342421 ], [ 127.162154542794838, 37.456181412006551 ] ] ] } },
{ "type": "Feature", "properties": { "PNU": "4113110600108530000", "JIBUN": "853대", "purp_class": "empty", "mainPurps": "정보없음", "totArea_sum": 0, "area_m2": 151, "far_pct": 0 }, "geometry": { "type": "Polygon", "coordinates": [ [ [ 127.161993755610453, 37.456106765963021 ], [ 127.162068802503015, 37.45622836273138 ], [ 127.162147735491686, 37.45618513339771 ], [ 127.162067941083166, 37.456089744342421 ], [ 127.162173456740035, 37.456030639215186 ], [ 127.161993755610453, 37.456106765963021 ] ] ] } },
{ "type": "Feature", "properties": { "PNU": "4113110600108540000", "JIBUN": "854대", "purp_class": "non_resi", "mainPurps": "제2종근린생활시설", "totArea_sum": 1309, "area_m2": 533, "far_pct": 246 }, "geometry": { "type": "Polygon", "coordinates": [ [ [ 127.162161298855295, 37.456016338777722 ], [ 127.161971849288236, 37.455793417281107 ], [ 127.161805606772859, 37.455884175808706 ], [ 127.161993755610453, 37.456106765963021 ], [ 127.162161298855295, 37.456016338777722 ] ] ] } },
{ "type": "Feature", "properties": { "PNU": "4113110600108550000", "JIBUN": "855대", "purp_class": "non_resi", "mainPurps": "제1종근린생활시설", "totArea_sum": 1186, "area_m2": 497, "far_pct": 239 }, "geometry": { "type": "Polygon", "coordinates": [ [ [ 127.161626836300343, 37.455659914792129 ], [ 127.161812955935929, 37.455880156370633 ], [ 127.161971849288236, 37.455793417281107 ], [ 127.161788495641147, 37.455577163649785 ], [ 127.161626836300343, 37.455659914792129 ] ] ] } },
{ "type": "Feature", "properties": { "PNU": "4113110600108560000", "JIBUN": "856대", "purp_class": "non_resi", "mainPurps": "제2종근린생활시설", "totArea_sum": 1520, "area_m2": 579, "far_pct": 262 }, "geometry": { "type": "Polygon", "coordinates": [ [ [ 127.161788495641147, 37.455577163649785 ], [ 127.16159704207729, 37.455351550247009 ], [ 127.161415604891218, 37.455450527954895 ], [ 127.161605782261006, 37.455671422112147 ], [ 127.161788495641147, 37.455577163649785 ] ] ] } },
{ "type": "Feature", "properties": { "PNU": "4113110600108570000", "JIBUN": "857대", "purp_class": "non_resi", "mainPurps": "교육연구시설", "totArea_sum": 953, "area_m2": 566, "far_pct": 168 }, "geometry": { "type": "Polygon", "coordinates": [ [ [ 127.161377363563261, 37.455405151027755 ], [ 127.16155843873554, 37.455306038717346 ], [ 127.161373826491698, 37.455092065668872 ], [ 127.16118787255904, 37.455192815109712 ], [ 127.161377363563261, 37.455405151027755 ] ] ] } },
{ "type": "Feature", "properties": { "PNU": "4113110600108610000", "JIBUN": "861차", "purp_class": "non_resi", "mainPurps": "자동차관련시설", "totArea_sum": 3748, "area_m2": 1788, "far_pct": 210 }, "geometry": { "type": "Polygon", "coordinates": [ [ [ 127.160835404095138, 37.4552350343168 ], [ 127.160649692018097, 37.455349090423553 ], [ 127.16094968561832, 37.455637124762035 ], [ 127.161157249575481, 37.455525210096511 ], [ 127.160984684527051, 37.455305219482796 ], [ 127.161299248731481, 37.455131495375085 ], [ 127.161195261397907, 37.455010766121134 ], [ 127.160790183780719, 37.455181476471694 ], [ 127.160835404095138, 37.4552350343168 ] ] ] } },
{ "type": "Feature", "properties": { "PNU": "4113110600108640000", "JIBUN": "864도", "purp_class": "empty", "mainPurps": "정보없음", "totArea_sum": 0, "area_m2": 80, "far_pct": 0 }, "geometry": { "type": "Polygon", "coordinates": [ [ [ 127.161060974785627, 37.455396099980938 ], [ 127.161163797853462, 37.455373039572756 ], [ 127.161280842239734, 37.455457801108501 ], [ 127.161173470768674, 37.455335013116162 ], [ 127.161060974785627, 37.455396099980938 ] ] ] } },
{ "type": "Feature", "properties": { "PNU": "4113110600108650001", "JIBUN": "865-1대", "purp_class": "non_resi", "mainPurps": "제2종근린생활시설", "totArea_sum": 272, "area_m2": 99, "far_pct": 275 }, "geometry": { "type": "Polygon", "coordinates": [ [ [ 127.160649692018097, 37.455349090423553 ], [ 127.160740183657495, 37.455298962783637 ], [ 127.160674765226972, 37.455223474618009 ], [ 127.160584724764036, 37.455273151098829 ], [ 127.160649692018097, 37.455349090423553 ] ] ] } },
{ "type": "Feature", "properties": { "PNU": "4113110600108650002", "JIBUN": "865-2대", "purp_class": "empty", "mainPurps": "정보없음", "totArea_sum": 0, "area_m2": 106, "far_pct": 0 }, "geometry": { "type": "Polygon", "coordinates": [ [ [ 127.160629098898767, 37.455151383643383 ], [ 127.160584724764036, 37.455273151098829 ], [ 127.160760843203349, 37.455176001858959 ], [ 127.160629098898767, 37.455151383643383 ] ] ] } },
{ "type": "Feature", "properties": { "PNU": "4113110600108660000", "JIBUN": "866대", "purp_class": "non_resi", "mainPurps": "제1종근린생활시설", "totArea_sum": 191, "area_m2": 99, "far_pct": 194 }, "geometry": { "type": "Polygon", "coordinates": [ [ [ 127.160733476373963, 37.455291214168582 ], [ 127.160835404095138, 37.4552350343168 ], [ 127.160790183780719, 37.455181476471694 ], [ 127.160674765226972, 37.455223474618009 ], [ 127.160733476373963, 37.455291214168582 ] ] ] } },
{ "type": "Feature", "properties": { "PNU": "4113110600108770000", "JIBUN": "877도", "purp_class": "empty", "mainPurps": "정보없음", "totArea_sum": 0, "area_m2": 34953, "far_pct": 0 }, "geometry": { "type": "Polygon", "coordinates": [ [ [ 127.160682887710351, 37.454277660877544 ], [ 127.160796124446634, 37.454491929471779 ], [ 127.166141610830223, 37.46068486604058 ], [ 127.170255125754238, 37.463775083932141 ], [ 127.170201211391017, 37.463826671260939 ], [ 127.170882866247808, 37.464153670537399 ], [ 127.170516203630541, 37.463661013258474 ], [ 127.166348099262351, 37.4605281459339 ], [ 127.160922502545006, 37.454150656651734 ], [ 127.160682887710351, 37.454277660877544 ] ] ] } },
{ "type": "Feature", "properties": { "PNU": "4113110600106780000", "JIBUN": "678대", "purp_class": "non_resi", "mainPurps": "제1종근린생활시설", "totArea_sum": 280, "area_m2": 146, "far_pct": 191 }, "geometry": { "type": "Polygon", "coordinates": [ [ [ 127.161438418282188, 37.457640163413302 ], [ 127.161393685215458, 37.457588073800693 ], [ 127.161240682703237, 37.457672650728966 ], [ 127.161298952860051, 37.457739156188048 ], [ 127.161438418282188, 37.457640163413302 ] ] ] } },
{ "type": "Feature", "properties": { "PNU": "4113110600106880000", "JIBUN": "688도", "purp_class": "empty", "mainPurps": "정보없음", "totArea_sum": 0, "area_m2": 328, "far_pct": 0 }, "geometry": { "type": "Polygon", "coordinates": [ [ [ 127.16118132150433, 37.457337440166697 ], [ 127.160432888252743, 37.457744603672289 ], [ 127.160485370727116, 37.4578057022782 ], [ 127.161235063581557, 37.457400753212838 ], [ 127.16118132150433, 37.457337440166697 ] ] ] } },
{ "type": "Feature", "properties": { "PNU": "4113110600106890000", "JIBUN": "689도", "purp_class": "empty", "mainPurps": "정보없음", "totArea_sum": 0, "area_m2": 301, "far_pct": 0 }, "geometry": { "type": "Polygon", "coordinates": [ [ [ 127.161006296046608, 37.457621420801381 ], [ 127.16052630948721, 37.457854265401039 ], [ 127.160582169644215, 37.457919792359668 ], [ 127.1609758318301, 37.45768339695038 ], [ 127.161109347119037, 37.457842514305767 ], [ 127.161187571353224, 37.457799782132618 ], [ 127.161006296046608, 37.457621420801381 ] ] ] } },
{ "type": "Feature", "properties": { "PNU": "4113110600106930000", "JIBUN": "693대", "purp_class": "empty", "mainPurps": "정보없음", "totArea_sum": 0, "area_m2": 95, "far_pct": 0 }, "geometry": { "type": "Polygon", "coordinates": [ [ [ 127.160908104484051, 37.45771933026505 ], [ 127.16082379233103, 37.457764043659822 ], [ 127.160890724507212, 37.457843367945351 ], [ 127.160974989777557, 37.457797843662711 ], [ 127.160908104484051, 37.45771933026505 ] ] ] } },
{ "type": "Feature", "properties": { "PNU": "4113110600106960000", "JIBUN": "696대", "purp_class": "empty", "mainPurps": "정보없음", "totArea_sum": 0, "area_m2": 97, "far_pct": 0 }, "geometry": { "type": "Polygon", "coordinates": [ [ [ 127.160974989777557, 37.457797843662711 ], [ 127.160890724507212, 37.457843367945351 ], [ 127.160959015533649, 37.457923825624086 ], [ 127.161043506060096, 37.457877904547352 ], [ 127.160974989777557, 37.457797843662711 ] ] ] } },
{ "type": "Feature", "properties": { "PNU": "4113110600106970000", "JIBUN": "697대", "purp_class": "empty", "mainPurps": "정보없음", "totArea_sum": 0, "area_m2": 97, "far_pct": 0 }, "geometry": { "type": "Polygon", "coordinates": [ [ [ 127.160806527388999, 37.457889099306783 ], [ 127.160875031833697, 37.457968953072907 ], [ 127.160959015533649, 37.457923825624086 ], [ 127.160890724507212, 37.457843367945351 ], [ 127.160806527388999, 37.457889099306783 ] ] ] } },
{ "type": "Feature", "properties": { "PNU": "4113110600107000000", "JIBUN": "700도", "purp_class": "empty", "mainPurps": "정보없음", "totArea_sum": 0, "area_m2": 343, "far_pct": 0 }, "geometry": { "type": "Polygon", "coordinates": [ [ [ 127.161438418282188, 37.457640163413302 ], [ 127.160689415697135, 37.458046103928396 ], [ 127.160742874810182, 37.45810918331059 ], [ 127.161491774417911, 37.457702494766515 ], [ 127.161438418282188, 37.457640163413302 ] ] ] } },
{ "type": "Feature", "properties": { "PNU": "4113110600107010000", "JIBUN": "701대", "purp_class": "non_resi", "mainPurps": "제2종근린생활시설", "totArea_sum": 238, "area_m2": 100, "far_pct": 239 }, "geometry": { "type": "Polygon", "coordinates": [ [ [ 127.160890684339705, 37.458106731569274 ], [ 127.160832873780208, 37.458038396254601 ], [ 127.160742874810182, 37.45810918331059 ], [ 127.160789466969689, 37.458163919612332 ], [ 127.160890684339705, 37.458106731569274 ] ] ] } },
{ "type": "Feature", "properties": { "PNU": "4113110600107080000", "JIBUN": "708도", "purp_class": "empty", "mainPurps": "정보없음", "totArea_sum": 0, "area_m2": 54, "far_pct": 0 }, "geometry": { "type": "Polygon", "coordinates": [ [ [ 127.161064703954423, 37.457912501529833 ], [ 127.161207762680192, 37.458030736327032 ], [ 127.161092871190846, 37.457897182467377 ], [ 127.161064703954423, 37.457912501529833 ] ] ] } },
{ "type": "Feature", "properties": { "PNU": "4113110600107100000", "JIBUN": "710대", "purp_class": "non_resi", "mainPurps": "제1종근린생활시설", "totArea_sum": 342, "area_m2": 146, "far_pct": 234 }, "geometry": { "type": "Polygon", "coordinates": [ [ [ 127.161607341697263, 37.458015031839885 ], [ 127.161688948666168, 37.457931488267498 ], [ 127.161530004524522, 37.457858731229742 ], [ 127.161492716349187, 37.457879396688625 ], [ 127.161607341697263, 37.458015031839885 ] ] ] } },
{ "type": "Feature", "properties": { "PNU": "4113110600107180000", "JIBUN": "718대", "purp_class": "empty", "mainPurps": "노유자시설", "totArea_sum": 330, "area_m2": 152, "far_pct": 218 }, "geometry": { "type": "Polygon", "coordinates": [ [ [ 127.160825462445644, 37.458332935544682 ], [ 127.160765343110256, 37.458263215765264 ], [ 127.160615666965469, 37.458345048341407 ], [ 127.160675810799745, 37.458415696197477 ], [ 127.160825462445644, 37.458332935544682 ] ] ] } },
{ "type": "Feature", "properties": { "PNU": "4113110600107220000", "JIBUN": "722도", "purp_class": "empty", "mainPurps": "정보없음", "totArea_sum": 0, "area_m2": 53, "far_pct": 0 }, "geometry": { "type": "Polygon", "coordinates": [ [ [ 127.160582427760374, 37.458329839080307 ], [ 127.160765343110256, 37.458263215765264 ], [ 127.160746386721129, 37.458240959470196 ], [ 127.160582427760374, 37.458329839080307 ] ] ] } },
{ "type": "Feature", "properties": { "PNU": "4113110600107240000", "JIBUN": "724차", "purp_class": "empty", "mainPurps": "정보없음", "totArea_sum": 0, "area_m2": 5818, "far_pct": 0 }, "geometry": { "type": "Polygon", "coordinates": [ [ [ 127.159335678921224, 37.457159682213849 ], [ 127.158925849467707, 37.45754595778633 ], [ 127.158798984710685, 37.458174604275563 ], [ 127.160040588741779, 37.457497687680039 ], [ 127.159335678921224, 37.457159682213849 ] ] ] } },
{ "type": "Feature", "properties": { "PNU": "4113110600107250000", "JIBUN": "725대", "purp_class": "empty", "mainPurps": "종교시설", "totArea_sum": 299, "area_m2": 261, "far_pct": 114 }, "geometry": { "type": "Polygon", "coordinates": [ [ [ 127.160214851159722, 37.457396595375123 ], [ 127.160071353925687, 37.457240652912155 ], [ 127.15994607964744, 37.457327200207523 ], [ 127.160106721494799, 37.457423734613592 ], [ 127.160214851159722, 37.457396595375123 ] ] ] } },
{ "type": "Feature", "properties": { "PNU": "4113110600107340000", "JIBUN": "734대", "purp_class": "empty", "mainPurps": "정보없음", "totArea_sum": 0, "area_m2": 134, "far_pct": 0 }, "geometry": { "type": "Polygon", "coordinates": [ [ [ 127.160427674790597, 37.457048737924794 ], [ 127.160499267569975, 37.45712511890143 ], [ 127.160616856726747, 37.457060610923257 ], [ 127.160548236426237, 37.456984235027349 ], [ 127.160427674790597, 37.457048737924794 ] ] ] } },
{ "type": "Feature", "properties": { "PNU": "4113110600107380000", "JIBUN": "738도", "purp_class": "empty", "mainPurps": "정보없음", "totArea_sum": 0, "area_m2": 379, "far_pct": 0 }, "geometry": { "type": "Polygon", "coordinates": [ [ [ 127.160802480017978, 37.456870699447414 ], [ 127.160742620132709, 37.456837497001558 ], [ 127.159875956881848, 37.457315301817708 ], [ 127.159955299226581, 37.457352470033157 ], [ 127.160802480017978, 37.456870699447414 ] ] ] } },
{ "type": "Feature", "properties": { "PNU": "4113110600107440000", "JIBUN": "744대", "purp_class": "empty", "mainPurps": "정보없음", "totArea_sum": 0, "area_m2": 422, "far_pct": 0 }, "geometry": { "type": "Polygon", "coordinates": [ [ [ 127.160379568134701, 37.456309582426456 ], [ 127.160578348693747, 37.456227684047654 ], [ 127.160343391943982, 37.456064855121348 ], [ 127.160298986976073, 37.456220626407408 ], [ 127.160379568134701, 37.456309582426456 ] ] ] } },
{ "type": "Feature", "properties": { "PNU": "4113110600107450000", "JIBUN": "745대", "purp_class": "non_resi", "mainPurps": "제2종근린생활시설", "totArea_sum": 522, "area_m2": 383, "far_pct": 137 }, "geometry": { "type": "Polygon", "coordinates": [ [ [ 127.160343391943982, 37.456064855121348 ], [ 127.160494018985517, 37.456129912370059 ], [ 127.160631139391, 37.456055926555756 ], [ 127.160571231028342, 37.456026174930898 ], [ 127.160630732246076, 37.455938427087453 ], [ 127.160383745988128, 37.455922964731812 ], [ 127.160343391943982, 37.456064855121348 ] ] ] } },
{ "type": "Feature", "properties": { "PNU": "4113110600100010000", "JIBUN": "1 도", "purp_class": "empty", "mainPurps": "정보없음", "totArea_sum": 0, "area_m2": 94, "far_pct": 0 }, "geometry": { "type": "Polygon", "coordinates": [ [ [ 127.170179672272795, 37.463718266250446 ], [ 127.170076196892467, 37.463761743134519 ], [ 127.170201211391017, 37.463826671260939 ], [ 127.170255125754238, 37.463775083932141 ], [ 127.170179672272795, 37.463718266250446 ] ] ] } },
{ "type": "Feature", "properties": { "PNU": "4113110600100010001", "JIBUN": "1-1 도", "purp_class": "empty", "mainPurps": "정보없음", "totArea_sum": 0, "area_m2": 26, "far_pct": 0 }, "geometry": { "type": "Polygon", "coordinates": [ [ [ 127.170143293526579, 37.463691125882598 ], [ 127.170067856566362, 37.463757412193949 ], [ 127.170179672272795, 37.463718266250446 ], [ 127.170143293526579, 37.463691125882598 ] ] ] } },
{ "type": "Feature", "properties": { "PNU": "4113110600100020000", "JIBUN": "2대", "purp_class": "empty", "mainPurps": "정보없음", "totArea_sum": 0, "area_m2": 2, "far_pct": 0 }, "geometry": { "type": "Polygon", "coordinates": [ [ [ 127.169949817313423, 37.463587029560003 ], [ 127.169987541648496, 37.46357413648979 ], [ 127.169975596417842, 37.463565143483969 ], [ 127.169949817313423, 37.463587029560003 ] ] ] } },
{ "type": "Feature", "properties": { "PNU": "4113110600100020001", "JIBUN": "2-1 도", "purp_class": "empty", "mainPurps": "정보없음", "totArea_sum": 0, "area_m2": 273, "far_pct": 0 }, "geometry": { "type": "Polygon", "coordinates": [ [ [ 127.170143293526579, 37.463691125882598 ], [ 127.169987541648496, 37.46357413648979 ], [ 127.169837562462817, 37.463682362482345 ], [ 127.170067856566362, 37.463757412193949 ], [ 127.170143293526579, 37.463691125882598 ] ] ] } },
{ "type": "Feature", "properties": { "PNU": "4113110600100030000", "JIBUN": "3주", "purp_class": "empty", "mainPurps": "위험물저장및처리시설", "totArea_sum": 434, "area_m2": 533, "far_pct": 81 }, "geometry": { "type": "Polygon", "coordinates": [ [ [ 127.169975596417842, 37.463565143483969 ], [ 127.169782967050679, 37.463420041013478 ], [ 127.169508491417446, 37.463648980018995 ], [ 127.16967852686598, 37.463658487047496 ], [ 127.169975596417842, 37.463565143483969 ] ] ] } },
{ "type": "Feature", "properties": { "PNU": "4113110600100030002", "JIBUN": "3-2 도", "purp_class": "empty", "mainPurps": "정보없음", "totArea_sum": 0, "area_m2": 63, "far_pct": 0 }, "geometry": { "type": "Polygon", "coordinates": [ [ [ 127.169949817313423, 37.463587029560003 ], [ 127.169829015268718, 37.463631116574099 ], [ 127.169705254495952, 37.463661359253535 ], [ 127.169837562462817, 37.463682362482345 ], [ 127.169949817313423, 37.463587029560003 ] ] ] } },
{ "type": "Feature", "properties": { "PNU": "4113110600100040000", "JIBUN": "4대", "purp_class": "empty", "mainPurps": "정보없음", "totArea_sum": 0, "area_m2": 549, "far_pct": 0 }, "geometry": { "type": "Polygon", "coordinates": [ [ [ 127.169601040055241, 37.463571695505443 ], [ 127.169782967050679, 37.463420041013478 ], [ 127.169588731747496, 37.463274219705802 ], [ 127.169406830721954, 37.463427396561499 ], [ 127.169601040055241, 37.463571695505443 ] ] ] } },
{ "type": "Feature", "properties": { "PNU": "4113110600100050000", "JIBUN": "5대", "purp_class": "non_resi", "mainPurps": "제2종근린생활시설", "totArea_sum": 976, "area_m2": 336, "far_pct": 290 }, "geometry": { "type": "Polygon", "coordinates": [ [ [ 127.169406830721954, 37.463427396561499 ], [ 127.169164968643372, 37.463633024526189 ], [ 127.169354591058678, 37.463641765410522 ], [ 127.169515014263183, 37.463507873616649 ], [ 127.169406830721954, 37.463427396561499 ] ] ] } },
{ "type": "Feature", "properties": { "PNU": "4113110600100050001", "JIBUN": "5-1대", "purp_class": "non_resi", "mainPurps": "제2종근린생활시설", "totArea_sum": 488, "area_m2": 168, "far_pct": 290 }, "geometry": { "type": "Polygon", "coordinates": [ [ [ 127.169601040055241, 37.463571695505443 ], [ 127.169515014263183, 37.463507873616649 ], [ 127.169354591058678, 37.463641765410522 ], [ 127.169508491417446, 37.463648980018995 ], [ 127.169601040055241, 37.463571695505443 ] ] ] } },
{ "type": "Feature", "properties": { "PNU": "4113110600100070000", "JIBUN": "7도", "purp_class": "empty", "mainPurps": "정보없음", "totArea_sum": 0, "area_m2": 78, "far_pct": 0 }, "geometry": { "type": "Polygon", "coordinates": [ [ [ 127.169303149094887, 37.463515175401085 ], [ 127.169176291180349, 37.463570731109641 ], [ 127.169106976359714, 37.463630358719151 ], [ 127.169303149094887, 37.463515175401085 ] ] ] } },
{ "type": "Feature", "properties": { "PNU": "4113110600100090000", "JIBUN": "9대", "purp_class": "non_resi", "mainPurps": "제1종근린생활시설", "totArea_sum": 513, "area_m2": 140, "far_pct": 367 }, "geometry": { "type": "Polygon", "coordinates": [ [ [ 127.169091215449626, 37.463507006674462 ], [ 127.168952205919268, 37.463623234920803 ], [ 127.169106976359714, 37.463630358719151 ], [ 127.169176291180349, 37.463570731109641 ], [ 127.169091215449626, 37.463507006674462 ] ] ] } },
{ "type": "Feature", "properties": { "PNU": "4113110600100100000", "JIBUN": "10도", "purp_class": "empty", "mainPurps": "정보없음", "totArea_sum": 0, "area_m2": 66, "far_pct": 0 }, "geometry": { "type": "Polygon", "coordinates": [ [ [ 127.168952205919268, 37.463623234920803 ], [ 127.169088984052081, 37.463469474036756 ], [ 127.168907666092792, 37.463621207688298 ], [ 127.168952205919268, 37.463623234920803 ] ] ] } },
{ "type": "Feature", "properties": { "PNU": "4113110600107540000", "JIBUN": "754대", "purp_class": "non_resi", "mainPurps": "제2종근린생활시설", "totArea_sum": 118, "area_m2": 116, "far_pct": 101 }, "geometry": { "type": "Polygon", "coordinates": [ [ [ 127.160530061513029, 37.455409033103159 ], [ 127.160501318759771, 37.455509822120391 ], [ 127.160613138861379, 37.455529538802843 ], [ 127.160633387957617, 37.455458115928522 ], [ 127.160530061513029, 37.455409033103159 ] ] ] } },
{ "type": "Feature", "properties": { "PNU": "4113110600100180000", "JIBUN": "18대", "purp_class": "non_resi", "mainPurps": "제2종근린생활시설", "totArea_sum": 494, "area_m2": 141, "far_pct": 350 }, "geometry": { "type": "Polygon", "coordinates": [ [ [ 127.168322758256693, 37.463472170818349 ], [ 127.168314868352113, 37.463594222865609 ], [ 127.168492665900573, 37.463602360129904 ], [ 127.168438985177588, 37.463561233078138 ], [ 127.168322758256693, 37.463472170818349 ] ] ] } },
{ "type": "Feature", "properties": { "PNU": "4113110600100220000", "JIBUN": "22대", "purp_class": "empty", "mainPurps": "정보없음", "totArea_sum": 0, "area_m2": 135, "far_pct": 0 }, "geometry": { "type": "Polygon", "coordinates": [ [ [ 127.169183990924537, 37.463257837740592 ], [ 127.169034954346344, 37.463145351581105 ], [ 127.168978646604401, 37.463193355756957 ], [ 127.169124635326966, 37.463307648316011 ], [ 127.169183990924537, 37.463257837740592 ] ] ] } },
{ "type": "Feature", "properties": { "PNU": "4113110600100240000", "JIBUN": "24대", "purp_class": "non_resi", "mainPurps": "제2종근린생활시설", "totArea_sum": 231, "area_m2": 661, "far_pct": 35 }, "geometry": { "type": "Polygon", "coordinates": [ [ [ 127.168978646604401, 37.463193355756957 ], [ 127.169214823784827, 37.462993484628313 ], [ 127.169042725498727, 37.462864218470322 ], [ 127.168796867109961, 37.46307175248284 ], [ 127.168978646604401, 37.463193355756957 ] ] ] } },
{ "type": "Feature", "properties": { "PNU": "4113110600100250000", "JIBUN": "25대", "purp_class": "non_resi", "mainPurps": "제2종근린생활시설", "totArea_sum": 796, "area_m2": 374, "far_pct": 213 }, "geometry": { "type": "Polygon", "coordinates": [ [ [ 127.168814707114961, 37.462692774167728 ], [ 127.168680202464728, 37.462806220641085 ], [ 127.168858051839067, 37.462939876082707 ], [ 127.168992081220765, 37.462826204832226 ], [ 127.168814707114961, 37.462692774167728 ] ] ] } },
{ "type": "Feature", "properties": { "PNU": "4113110600100280002", "JIBUN": "28-2대", "purp_class": "non_resi", "mainPurps": "제2종근린생활시설", "totArea_sum": 1586, "area_m2": 438, "far_pct": 362 }, "geometry": { "type": "Polygon", "coordinates": [ [ [ 127.168670054768455, 37.462583975443685 ], [ 127.168468024157718, 37.462758253814492 ], [ 127.168593853997805, 37.462850636080425 ], [ 127.168814707114961, 37.462692774167728 ], [ 127.168670054768455, 37.462583975443685 ] ] ] } },
{ "type": "Feature", "properties": { "PNU": "4113110600100290000", "JIBUN": "29대", "purp_class": "non_resi", "mainPurps": "자동차관련시설", "totArea_sum": 482, "area_m2": 248, "far_pct": 194 }, "geometry": { "type": "Polygon", "coordinates": [ [ [ 127.168516940966683, 37.462715954665065 ], [ 127.168670054768455, 37.462583975443685 ], [ 127.168568302506515, 37.462507461935246 ], [ 127.168413801692253, 37.462640929641168 ], [ 127.168516940966683, 37.462715954665065 ] ] ] } },
{ "type": "Feature", "properties": { "PNU": "4113110600100300000", "JIBUN": "30대", "purp_class": "empty", "mainPurps": "정보없음", "totArea_sum": 0, "area_m2": 163, "far_pct": 0 }, "geometry": { "type": "Polygon", "coordinates": [ [ [ 127.168415448814585, 37.462639512739493 ], [ 127.168568302506515, 37.462507461935246 ], [ 127.168501570259394, 37.462457487476456 ], [ 127.16834629887029, 37.462590082210632 ], [ 127.168415448814585, 37.462639512739493 ] ] ] } },
{ "type": "Feature", "properties": { "PNU": "4113110600100310000", "JIBUN": "31대", "purp_class": "non_resi", "mainPurps": "제2종근린생활시설", "totArea_sum": 848, "area_m2": 374, "far_pct": 227 }, "geometry": { "type": "Polygon", "coordinates": [ [ [ 127.168342290809278, 37.46233775280902 ], [ 127.168191421265107, 37.462462385267102 ], [ 127.168354094618792, 37.462583430809318 ], [ 127.168501570259394, 37.462457487476456 ], [ 127.168342290809278, 37.46233775280902 ] ] ] } },
{ "type": "Feature", "properties": { "PNU": "4113110600100320000", "JIBUN": "32대", "purp_class": "non_resi", "mainPurps": "제2종근린생활시설", "totArea_sum": 750, "area_m2": 356, "far_pct": 211 }, "geometry": { "type": "Polygon", "coordinates": [ [ [ 127.168038803845661, 37.462359732832468 ], [ 127.168191421265107, 37.462462385267102 ], [ 127.168342290809278, 37.46233775280902 ], [ 127.168193260139049, 37.462226535974182 ], [ 127.168038803845661, 37.462359732832468 ] ] ] } },
{ "type": "Feature", "properties": { "PNU": "4113110600100330000", "JIBUN": "33대", "purp_class": "non_resi", "mainPurps": "제1종근린생활시설", "totArea_sum": 339, "area_m2": 175, "far_pct": 194 }, "geometry": { "type": "Polygon", "coordinates": [ [ [ 127.168038803845661, 37.462359732832468 ], [ 127.168193260139049, 37.462226535974182 ], [ 127.168121275725298, 37.462172955680579 ], [ 127.167967059416, 37.462307341432776 ], [ 127.168038803845661, 37.462359732832468 ] ] ] } },
{ "type": "Feature", "properties": { "PNU": "4113110600100340000", "JIBUN": "34대", "purp_class": "non_resi", "mainPurps": "제1종근린생활시설", "totArea_sum": 282, "area_m2": 189, "far_pct": 149 }, "geometry": { "type": "Polygon", "coordinates": [ [ [ 127.168044807967476, 37.462116038936621 ], [ 127.167967059416, 37.462307341432776 ], [ 127.168121275725298, 37.462172955680579 ], [ 127.168044807967476, 37.462116038936621 ] ] ] } },
{ "type": "Feature", "properties": { "PNU": "4113110600100350000", "JIBUN": "35대", "purp_class": "non_resi", "mainPurps": "제2종근린생활시설", "totArea_sum": 443, "area_m2": 172, "far_pct": 258 }, "geometry": { "type": "Polygon", "coordinates": [ [ [ 127.167976543885956, 37.462063084013799 ], [ 127.16781805689503, 37.462198349562868 ], [ 127.167888205038935, 37.462249689127219 ], [ 127.168044807967476, 37.462116038936621 ], [ 127.167976543885956, 37.462063084013799 ] ] ] } },
{ "type": "Feature", "properties": { "PNU": "4113110600100360000", "JIBUN": "36대", "purp_class": "non_resi", "mainPurps": "제2종근린생활시설", "totArea_sum": 432, "area_m2": 177, "far_pct": 244 }, "geometry": { "type": "Polygon", "coordinates": [ [ [ 127.167976543885956, 37.462063084013799 ], [ 127.167904852965307, 37.462009187821906 ], [ 127.167747422134696, 37.462146704299592 ], [ 127.16781805689503, 37.462198349562868 ], [ 127.167976543885956, 37.462063084013799 ] ] ] } },
{ "type": "Feature", "properties": { "PNU": "4113110600100370000", "JIBUN": "37대", "purp_class": "non_resi", "mainPurps": "제1종근린생활시설", "totArea_sum": 704, "area_m2": 538, "far_pct": 131 }, "geometry": { "type": "Polygon", "coordinates": [ [ [ 127.16752106126404, 37.462104044604423 ], [ 127.167659490754247, 37.462206141017802 ], [ 127.167904852965307, 37.462009187821906 ], [ 127.16775884435026, 37.461899245602133 ], [ 127.16752106126404, 37.462104044604423 ] ] ] } },
{ "type": "Feature", "properties": { "PNU": "4113110600100420000", "JIBUN": "42도", "purp_class": "empty", "mainPurps": "정보없음", "totArea_sum": 0, "area_m2": 59, "far_pct": 0 }, "geometry": { "type": "Polygon", "coordinates": [ [ [ 127.167662684457014, 37.462331556230026 ], [ 127.167844051085282, 37.46221736920797 ], [ 127.16781805689503, 37.462198349562868 ], [ 127.167662684457014, 37.462331556230026 ] ] ] } },
{ "type": "Feature", "properties": { "PNU": "4113110600100480000", "JIBUN": "48대", "purp_class": "non_resi", "mainPurps": "업무시설", "totArea_sum": 1991, "area_m2": 110, "far_pct": 1808 }, "geometry": { "type": "Polygon", "coordinates": [ [ [ 127.167980189680392, 37.462443194279686 ], [ 127.167901540496061, 37.462508826014933 ], [ 127.167994809596692, 37.462577954809269 ], [ 127.168068393070556, 37.46251148320863 ], [ 127.167980189680392, 37.462443194279686 ] ] ] } },
{ "type": "Feature", "properties": { "PNU": "4113110600100490000", "JIBUN": "49대", "purp_class": "empty", "mainPurps": "정보없음", "totArea_sum": 0, "area_m2": 158, "far_pct": 0 }, "geometry": { "type": "Polygon", "coordinates": [ [ [ 127.167994809596692, 37.462577954809269 ], [ 127.168169217010615, 37.462455145481798 ], [ 127.168060892164661, 37.462375874721268 ], [ 127.167980189680392, 37.462443194279686 ], [ 127.168068393070556, 37.46251148320863 ], [ 127.167994809596692, 37.462577954809269 ] ] ] } },
{ "type": "Feature", "properties": { "PNU": "4113110600100500000", "JIBUN": "50대", "purp_class": "empty", "mainPurps": "정보없음", "totArea_sum": 0, "area_m2": 99, "far_pct": 0 }, "geometry": { "type": "Polygon", "coordinates": [ [ [ 127.168092884511026, 37.462520494766054 ], [ 127.168170607951595, 37.462577670994861 ], [ 127.168251653885079, 37.462507233351047 ], [ 127.168175015819983, 37.462450172774751 ], [ 127.168092884511026, 37.462520494766054 ] ] ] } },
{ "type": "Feature", "properties": { "PNU": "4113110600100510000", "JIBUN": "51대", "purp_class": "empty", "mainPurps": "정보없음", "totArea_sum": 0, "area_m2": 99, "far_pct": 0 }, "geometry": { "type": "Polygon", "coordinates": [ [ [ 127.168092884511026, 37.462520494766054 ], [ 127.168011396031403, 37.462590230141664 ], [ 127.168088463797204, 37.462647362297339 ], [ 127.168170607951595, 37.462577670994861 ], [ 127.168092884511026, 37.462520494766054 ] ] ] } },
{ "type": "Feature", "properties": { "PNU": "4113110600100520000", "JIBUN": "52도", "purp_class": "empty", "mainPurps": "정보없음", "totArea_sum": 0, "area_m2": 61, "far_pct": 0 }, "geometry": { "type": "Polygon", "coordinates": [ [ [ 127.168088463797204, 37.462647362297339 ], [ 127.168276516773787, 37.462525713893797 ], [ 127.168251653885079, 37.462507233351047 ], [ 127.168088463797204, 37.462647362297339 ] ] ] } },
{ "type": "Feature", "properties": { "PNU": "4113110600100600000", "JIBUN": "60도", "purp_class": "empty", "mainPurps": "정보없음", "totArea_sum": 0, "area_m2": 606, "far_pct": 0 }, "geometry": { "type": "Polygon", "coordinates": [ [ [ 127.168694812904391, 37.463078285008287 ], [ 127.167461878759482, 37.462155547998371 ], [ 127.167400099658437, 37.462208505622876 ], [ 127.168629658953577, 37.463133365399301 ], [ 127.168694812904391, 37.463078285008287 ] ] ] } },
{ "type": "Feature", "properties": { "PNU": "4113110600100610000", "JIBUN": "61대", "purp_class": "non_resi", "mainPurps": "제1종근린생활시설", "totArea_sum": 128, "area_m2": 261, "far_pct": 49 }, "geometry": { "type": "Polygon", "coordinates": [ [ [ 127.168542482557129, 37.463207199732572 ], [ 127.168630498868907, 37.463104451010402 ], [ 127.168489322541376, 37.462998548389152 ], [ 127.168382927606189, 37.463086312241749 ], [ 127.168542482557129, 37.463207199732572 ] ] ] } },
{ "type": "Feature", "properties": { "PNU": "4113110600100620000", "JIBUN": "62대", "purp_class": "empty", "mainPurps": "정보없음", "totArea_sum": 0, "area_m2": 1072, "far_pct": 0 }, "geometry": { "type": "Polygon", "coordinates": [ [ [ 127.168035197867724, 37.462996765436031 ], [ 127.168418039072009, 37.463286186317291 ], [ 127.168542482557129, 37.463207199732572 ], [ 127.168382927606189, 37.463086312241749 ], [ 127.168489322541376, 37.462998548389152 ], [ 127.168248959328409, 37.462815785814826 ], [ 127.168035197867724, 37.462996765436031 ] ] ] } },
{ "type": "Feature", "properties": { "PNU": "4113110600100630000", "JIBUN": "63차", "purp_class": "empty", "mainPurps": "정보없음", "totArea_sum": 0, "area_m2": 654, "far_pct": 0 }, "geometry": { "type": "Polygon", "coordinates": [ [ [ 127.168248959328409, 37.462815785814826 ], [ 127.168081713349252, 37.462692133667623 ], [ 127.167816514059794, 37.462792978050125 ], [ 127.168035197867724, 37.462996765436031 ], [ 127.168248959328409, 37.462815785814826 ] ] ] } },
{ "type": "Feature", "properties": { "PNU": "4113110600100660003", "JIBUN": "66-3도", "purp_class": "empty", "mainPurps": "정보없음", "totArea_sum": 0, "area_m2": 37, "far_pct": 0 }, "geometry": { "type": "Polygon", "coordinates": [ [ [ 127.167802708242121, 37.462484665052202 ], [ 127.167727533010961, 37.462582772961618 ], [ 127.167826846492574, 37.462502642147314 ], [ 127.167802708242121, 37.462484665052202 ] ] ] } },
{ "type": "Feature", "properties": { "PNU": "4113110600100670000", "JIBUN": "67대", "purp_class": "empty", "mainPurps": "정보없음", "totArea_sum": 0, "area_m2": 194, "far_pct": 0 }, "geometry": { "type": "Polygon", "coordinates": [ [ [ 127.167588614270656, 37.462576688262949 ], [ 127.167802708242121, 37.462484665052202 ], [ 127.167686002334435, 37.46239769314969 ], [ 127.167534980584165, 37.462525604636689 ], [ 127.167588614270656, 37.462576688262949 ] ] ] } },
{ "type": "Feature", "properties": { "PNU": "4113110600100690000", "JIBUN": "69대", "purp_class": "non_resi", "mainPurps": "제2종근린생활시설", "totArea_sum": 494, "area_m2": 97, "far_pct": 508 }, "geometry": { "type": "Polygon", "coordinates": [ [ [ 127.16746401703324, 37.462325231006417 ], [ 127.167523760235952, 37.462276763207299 ], [ 127.167400099658437, 37.462208505622876 ], [ 127.167356664768988, 37.462245769021266 ], [ 127.16746401703324, 37.462325231006417 ] ] ] } },
{ "type": "Feature", "properties": { "PNU": "4113110600100700000", "JIBUN": "70대", "purp_class": "empty", "mainPurps": "정보없음", "totArea_sum": 0, "area_m2": 112, "far_pct": 0 }, "geometry": { "type": "Polygon", "coordinates": [ [ [ 127.16746401703324, 37.462325231006417 ], [ 127.167356664768988, 37.462245769021266 ], [ 127.167297141931257, 37.462296813297471 ], [ 127.167392766768685, 37.462388896837226 ], [ 127.16746401703324, 37.462325231006417 ] ] ] } },
{ "type": "Feature", "properties": { "PNU": "4113110600100760000", "JIBUN": "76대", "purp_class": "empty", "mainPurps": "정보없음", "totArea_sum": 0, "area_m2": 44, "far_pct": 0 }, "geometry": { "type": "Polygon", "coordinates": [ [ [ 127.167614444087377, 37.462925061019327 ], [ 127.167716528320511, 37.462860648918969 ], [ 127.167570744186094, 37.462883514087828 ], [ 127.167614444087377, 37.462925061019327 ] ] ] } },
{ "type": "Feature", "properties": { "PNU": "4113110600100770000", "JIBUN": "77대", "purp_class": "empty", "mainPurps": "노유자시설", "totArea_sum": 551, "area_m2": 372, "far_pct": 148 }, "geometry": { "type": "Polygon", "coordinates": [ [ [ 127.167755998549453, 37.46305942685661 ], [ 127.167924817974097, 37.462949356938132 ], [ 127.167785246609782, 37.462817304089683 ], [ 127.167614444087377, 37.462925061019327 ], [ 127.167755998549453, 37.46305942685661 ] ] ] } },
{ "type": "Feature", "properties": { "PNU": "4113110600100780000", "JIBUN": "78도", "purp_class": "empty", "mainPurps": "정보없음", "totArea_sum": 0, "area_m2": 312, "far_pct": 0 }, "geometry": { "type": "Polygon", "coordinates": [ [ [ 127.167785246609782, 37.462817304089683 ], [ 127.168392494603637, 37.463332434856589 ], [ 127.168451797636536, 37.463284174448795 ], [ 127.167785246609782, 37.462817304089683 ] ] ] } },
{ "type": "Feature", "properties": { "PNU": "4113110600100830001", "JIBUN": "83-1대", "purp_class": "empty", "mainPurps": "정보없음", "totArea_sum": 0, "area_m2": 15, "far_pct": 0 }, "geometry": { "type": "Polygon", "coordinates": [ [ [ 127.16829583200456, 37.463252589234322 ], [ 127.168372990473515, 37.463309441758049 ], [ 127.168374646121023, 37.463347461765437 ], [ 127.168388904391378, 37.463308914726362 ], [ 127.16829583200456, 37.463252589234322 ] ] ] } },
{ "type": "Feature", "properties": { "PNU": "4113110600100910002", "JIBUN": "91-2대", "purp_class": "empty", "mainPurps": "정보없음", "totArea_sum": 0, "area_m2": 139, "far_pct": 0 }, "geometry": { "type": "Polygon", "coordinates": [ [ [ 127.16763660361859, 37.463525170257689 ], [ 127.167709039694884, 37.463475963728712 ], [ 127.167591360667288, 37.463363620860513 ], [ 127.167516440104251, 37.463413830921908 ], [ 127.16763660361859, 37.463525170257689 ] ] ] } },
{ "type": "Feature", "properties": { "PNU": "4113110600100920000", "JIBUN": "92도", "purp_class": "empty", "mainPurps": "정보없음", "totArea_sum": 0, "area_m2": 249, "far_pct": 0 }, "geometry": { "type": "Polygon", "coordinates": [ [ [ 127.167762489553738, 37.463178169983792 ], [ 127.167292108916598, 37.463519094693297 ], [ 127.167346268317061, 37.463572538311844 ], [ 127.167819385493587, 37.463232087070814 ], [ 127.167762489553738, 37.463178169983792 ] ] ] } },
{ "type": "Feature", "properties": { "PNU": "4113110600100930004", "JIBUN": "93-4대", "purp_class": "empty", "mainPurps": "정보없음", "totArea_sum": 0, "area_m2": 39, "far_pct": 0 }, "geometry": { "type": "Polygon", "coordinates": [ [ [ 127.166816157468276, 37.463226061279897 ], [ 127.16672643564155, 37.463140501310342 ], [ 127.166638571676586, 37.463056722662358 ], [ 127.166625221635542, 37.463066616312737 ], [ 127.166816157468276, 37.463226061279897 ] ] ] } },
{ "type": "Feature", "properties": { "PNU": "4113110600101020000", "JIBUN": "102도", "purp_class": "empty", "mainPurps": "정보없음", "totArea_sum": 0, "area_m2": 85, "far_pct": 0 }, "geometry": { "type": "Polygon", "coordinates": [ [ [ 127.167407183424203, 37.46314332290013 ], [ 127.167565785439876, 37.462992389308781 ], [ 127.167378197774951, 37.463115937038275 ], [ 127.167407183424203, 37.46314332290013 ] ] ] } },
{ "type": "Feature", "properties": { "PNU": "4113110600101080000", "JIBUN": "108대", "purp_class": "non_resi", "mainPurps": "제2종근린생활시설", "totArea_sum": 387, "area_m2": 141, "far_pct": 275 }, "geometry": { "type": "Polygon", "coordinates": [ [ [ 127.167134743533268, 37.462581253565347 ], [ 127.167035658953822, 37.462647670203076 ], [ 127.167125163733388, 37.462732302215834 ], [ 127.167224408895976, 37.462666930442886 ], [ 127.167134743533268, 37.462581253565347 ] ] ] } },
{ "type": "Feature", "properties": { "PNU": "4113110600101150000", "JIBUN": "115도", "purp_class": "empty", "mainPurps": "정보없음", "totArea_sum": 0, "area_m2": 187, "far_pct": 0 }, "geometry": { "type": "Polygon", "coordinates": [ [ [ 127.166791386059941, 37.46266877119249 ], [ 127.16719365090789, 37.462973458926548 ], [ 127.166859397107345, 37.462622337446625 ], [ 127.166791386059941, 37.46266877119249 ] ] ] } },
{ "type": "Feature", "properties": { "PNU": "4113110600101240000", "JIBUN": "124도", "purp_class": "empty", "mainPurps": "정보없음", "totArea_sum": 0, "area_m2": 190, "far_pct": 0 }, "geometry": { "type": "Polygon", "coordinates": [ [ [ 127.166916709908904, 37.463158498503034 ], [ 127.166611012042253, 37.462788379247591 ], [ 127.166542366145862, 37.462834101943166 ], [ 127.166916709908904, 37.463158498503034 ] ] ] } },
{ "type": "Feature", "properties": { "PNU": "4113110600101250000", "JIBUN": "125대", "purp_class": "empty", "mainPurps": "정보없음", "totArea_sum": 0, "area_m2": 144, "far_pct": 0 }, "geometry": { "type": "Polygon", "coordinates": [ [ [ 127.166816157468276, 37.463226061279897 ], [ 127.166916709908904, 37.463158498503034 ], [ 127.166826320839192, 37.463072795381635 ], [ 127.16672643564155, 37.463140501310342 ], [ 127.166816157468276, 37.463226061279897 ] ] ] } },
{ "type": "Feature", "properties": { "PNU": "4113110600101260000", "JIBUN": "126대", "purp_class": "empty", "mainPurps": "정보없음", "totArea_sum": 0, "area_m2": 139, "far_pct": 0 }, "geometry": { "type": "Polygon", "coordinates": [ [ [ 127.16672643564155, 37.463140501310342 ], [ 127.166826320839192, 37.463072795381635 ], [ 127.166739171464911, 37.462990160082384 ], [ 127.166638571676586, 37.463056722662358 ], [ 127.16672643564155, 37.463140501310342 ] ] ] } },
{ "type": "Feature", "properties": { "PNU": "4113110600108780000", "JIBUN": "878도", "purp_class": "empty", "mainPurps": "정보없음", "totArea_sum": 0, "area_m2": 19336, "far_pct": 0 }, "geometry": { "type": "Polygon", "coordinates": [ [ [ 127.162535278116309, 37.460333820861244 ], [ 127.164802687247118, 37.459114741857029 ], [ 127.164752227793556, 37.459055606581003 ], [ 127.164084152801422, 37.459381393480712 ], [ 127.163379512632602, 37.458550589643593 ], [ 127.16399913632668, 37.458170623839237 ], [ 127.163947148599746, 37.458109778401642 ], [ 127.163281771612461, 37.458436998712138 ], [ 127.162581976155067, 37.457611832635592 ], [ 127.163203855374093, 37.457236526062552 ], [ 127.163152672998066, 37.457176417986432 ], [ 127.162484784446107, 37.457500276545922 ], [ 127.161777594239069, 37.45667078179774 ], [ 127.162399349330656, 37.45629731761889 ], [ 127.16234991250758, 37.456238945747025 ], [ 127.16168221356024, 37.456559339702672 ], [ 127.160973616660812, 37.455729670709474 ], [ 127.16159704207729, 37.455351550247009 ], [ 127.16155843873554, 37.455306038717346 ], [ 127.16094968561832, 37.455637124762035 ], [ 127.160572726869106, 37.455259480983699 ], [ 127.160530061513029, 37.455409033103159 ], [ 127.161595734848817, 37.456647286789376 ], [ 127.160958414963886, 37.456954120421358 ], [ 127.160298986976073, 37.456220626407408 ], [ 127.160241238815985, 37.456303884722921 ], [ 127.160895787326467, 37.457028132312715 ], [ 127.160168225765858, 37.457422012238744 ], [ 127.159427689167046, 37.457072414158262 ], [ 127.159335678921224, 37.457159682213849 ], [ 127.160104052925689, 37.45748740316764 ], [ 127.160872767171682, 37.458387815011484 ], [ 127.160530862716286, 37.458611508345925 ], [ 127.160568332684932, 37.45865503950052 ], [ 127.160955592008392, 37.458483389958154 ], [ 127.162535278116309, 37.460333820861244 ] ], [ [ 127.161837900199359, 37.459390768993494 ], [ 127.162596454272361, 37.458976555070002 ], [ 127.163289888727874, 37.45984933861709 ], [ 127.162550088531688, 37.460224824251469 ], [ 127.161837900199359, 37.459390768993494 ] ], [ [ 127.161798286583107, 37.459286017924683 ], [ 127.161044253035698, 37.458405171265198 ], [ 127.161788343263751, 37.458042816765648 ], [ 127.162483887463026, 37.45891167395849 ], [ 127.161798286583107, 37.459286017924683 ] ], [ [ 127.160233572621266, 37.457511096908028 ], [ 127.160984327397728, 37.457106652550728 ], [ 127.161688948666168, 37.457931488267498 ], [ 127.160994151832242, 37.458348124220549 ], [ 127.160233572621266, 37.457511096908028 ] ], [ [ 127.163210237870558, 37.458479182510366 ], [ 127.162568328176945, 37.458831901139646 ], [ 127.161872855224928, 37.457959467348303 ], [ 127.16250639399675, 37.457652841214838 ], [ 127.163210237870558, 37.458479182510366 ] ], [ [ 127.1624051761451, 37.457534830343128 ], [ 127.161764783206209, 37.457891885436865 ], [ 127.161055633129209, 37.457063569393277 ], [ 127.161646984239766, 37.456707773877802 ], [ 127.1624051761451, 37.457534830343128 ] ], [ [ 127.163429552809276, 37.459773742330064 ], [ 127.162679963946772, 37.45889483727224 ], [ 127.163250665743831, 37.45858343645223 ], [ 127.164008146635027, 37.459420160091959 ], [ 127.163429552809276, 37.459773742330064 ] ] ] } },
{ "type": "Feature", "properties": { "PNU": "4113110600108780001", "JIBUN": "878-1잡", "purp_class": "empty", "mainPurps": "정보없음", "totArea_sum": 0, "area_m2": 433, "far_pct": 0 }, "geometry": { "type": "Polygon", "coordinates": [ [ [ 127.159511768727725, 37.457851976968421 ], [ 127.160154349129897, 37.457546396506928 ], [ 127.160104052925689, 37.45748740316764 ], [ 127.160036170534497, 37.457455346397978 ], [ 127.159473144002263, 37.457807059468507 ], [ 127.159511768727725, 37.457851976968421 ] ] ] } },
{ "type": "Feature", "properties": { "PNU": "4113110600108780002", "JIBUN": "878-2공", "purp_class": "empty", "mainPurps": "정보없음", "totArea_sum": 0, "area_m2": 3408, "far_pct": 0 }, "geometry": { "type": "Polygon", "coordinates": [ [ [ 127.158719596547002, 37.458283082700547 ], [ 127.159444257870362, 37.45792676947304 ], [ 127.161828506180811, 37.460719104924266 ], [ 127.162535278116309, 37.460333820861244 ], [ 127.162475448689719, 37.460263741181926 ], [ 127.161823700728391, 37.460617703451483 ], [ 127.160302782200759, 37.45883908431054 ], [ 127.160568332684932, 37.45865503950052 ], [ 127.160530862716286, 37.458611508345925 ], [ 127.16022028359491, 37.458742571429255 ], [ 127.159473144002263, 37.457807059468507 ], [ 127.158756382668258, 37.458151721392866 ], [ 127.158719596547002, 37.458283082700547 ] ] ] } },
{ "type": "Feature", "properties": { "PNU": "4113110600108790000", "JIBUN": "879도", "purp_class": "empty", "mainPurps": "정보없음", "totArea_sum": 0, "area_m2": 5739, "far_pct": 0 }, "geometry": { "type": "Polygon", "coordinates": [ [ [ 127.168322758256693, 37.463472170818349 ], [ 127.169042725498727, 37.462864218470322 ], [ 127.168992081220765, 37.462826204832226 ], [ 127.168181854784791, 37.463463855132467 ], [ 127.167143704623498, 37.462477688666254 ], [ 127.16775884435026, 37.461899245602133 ], [ 127.167707159774835, 37.461860458006058 ], [ 127.167043803113984, 37.462383673758602 ], [ 127.166221552212079, 37.461620852550119 ], [ 127.166748032980976, 37.461140729583505 ], [ 127.166697537747083, 37.461102615629869 ], [ 127.165433316682169, 37.462012479500601 ], [ 127.166331850119647, 37.462863119711365 ], [ 127.16604399059915, 37.4630955832788 ], [ 127.166087915254664, 37.463136860160006 ], [ 127.167072240653397, 37.462521514503386 ], [ 127.168122617891868, 37.463587916726866 ], [ 127.168314868352113, 37.463594222865609 ], [ 127.168322758256693, 37.463472170818349 ] ], [ [ 127.166977483476785, 37.462433240736566 ], [ 127.166381401808906, 37.462826253611311 ], [ 127.165556670921717, 37.462039779946025 ], [ 127.166097274503386, 37.461641307279805 ], [ 127.166977483476785, 37.462433240736566 ] ] ] } },
{ "type": "Feature", "properties": { "PNU": "4113110600108800000", "JIBUN": "880도", "purp_class": "empty", "mainPurps": "정보없음", "totArea_sum": 0, "area_m2": 7301, "far_pct": 0 }, "geometry": { "type": "Polygon", "coordinates": [ [ [ 127.166540699349582, 37.463649512411585 ], [ 127.169711019828014, 37.463797880087242 ], [ 127.170787864935846, 37.464265864426103 ], [ 127.171155874604111, 37.464286969828102 ], [ 127.169837562462817, 37.463682362482345 ], [ 127.16673181345017, 37.463555459942206 ], [ 127.166387769149893, 37.463404481739445 ], [ 127.16604399059915, 37.4630955832788 ], [ 127.165911606327597, 37.463183336036806 ], [ 127.166540699349582, 37.463649512411585 ] ], [ [ 127.170801935643027, 37.464199746671532 ], [ 127.170751618193037, 37.464207233995175 ], [ 127.170768439789271, 37.464127903596378 ], [ 127.170801935643027, 37.464199746671532 ] ] ] } },
{ "type": "Feature", "properties": { "PNU": "4113110600108810000", "JIBUN": "881도", "purp_class": "empty", "mainPurps": "정보없음", "totArea_sum": 0, "area_m2": 280, "far_pct": 0 }, "geometry": { "type": "Polygon", "coordinates": [ [ [ 127.163758941503019, 37.459126153429558 ], [ 127.163121351751698, 37.459470796099325 ], [ 127.163177021386986, 37.459535466116797 ], [ 127.163810545726989, 37.459187107586025 ], [ 127.163758941503019, 37.459126153429558 ] ] ] } },
{ "type": "Feature", "properties": { "PNU": "4113110600108820000", "JIBUN": "882도", "purp_class": "empty", "mainPurps": "정보없음", "totArea_sum": 0, "area_m2": 280, "far_pct": 0 }, "geometry": { "type": "Polygon", "coordinates": [ [ [ 127.162918386321095, 37.459233253425964 ], [ 127.163555362436867, 37.458887585534825 ], [ 127.163503023625381, 37.458826479099613 ], [ 127.162863055768099, 37.459168375589044 ], [ 127.162918386321095, 37.459233253425964 ] ] ] } },
{ "type": "Feature", "properties": { "PNU": "4113110600109870001", "JIBUN": "987-1임", "purp_class": "empty", "mainPurps": "정보없음", "totArea_sum": 0, "area_m2": 61301, "far_pct": 0 }, "geometry": { "type": "Polygon", "coordinates": [ [ [ 127.158267617919734, 37.460552087125464 ], [ 127.159078200740367, 37.460242226153142 ], [ 127.159913082981475, 37.460041934188212 ], [ 127.160138370886784, 37.460384274842696 ], [ 127.160716257758494, 37.460594080450299 ], [ 127.1603988358289, 37.461148769174613 ], [ 127.16018567975496, 37.461307370933746 ], [ 127.160415376966128, 37.461455538742747 ], [ 127.160437574878728, 37.461631186616046 ], [ 127.160595759955029, 37.461811886342687 ], [ 127.16071160710267, 37.461785988671075 ], [ 127.161095859326721, 37.462181128208769 ], [ 127.161334415608536, 37.462262229549047 ], [ 127.161890730619518, 37.462207154413157 ], [ 127.162033587996575, 37.462052249121712 ], [ 127.161946120444995, 37.461886439045664 ], [ 127.162285795037363, 37.461698532634422 ], [ 127.162168785932622, 37.461556098894683 ], [ 127.162165267301546, 37.460851797990927 ], [ 127.162296416396387, 37.46076771816066 ], [ 127.162502244489545, 37.460351831882484 ], [ 127.161828506180811, 37.460719104924266 ], [ 127.159864951753107, 37.45842125437936 ], [ 127.159351850289113, 37.457938398744318 ], [ 127.158767592630298, 37.458258646682161 ], [ 127.158710124914904, 37.458461250880497 ], [ 127.158803031790157, 37.458671484740108 ], [ 127.159987979958188, 37.459235182833282 ], [ 127.159871813656807, 37.459826262092022 ], [ 127.159653859653275, 37.459819958580447 ], [ 127.158920350637999, 37.459576288145499 ], [ 127.158488766654614, 37.459349637931652 ], [ 127.158442018594997, 37.459858127628884 ], [ 127.158309767118553, 37.459734919659837 ], [ 127.158088064297914, 37.460516303000318 ], [ 127.158267617919734, 37.460552087125464 ] ] ] } },
{ "type": "Feature", "properties": { "PNU": "4113110600109110000", "JIBUN": "911 도", "purp_class": "empty", "mainPurps": "정보없음", "totArea_sum": 0, "area_m2": 1871, "far_pct": 0 }, "geometry": { "type": "Polygon", "coordinates": [ [ [ 127.172260180369364, 37.464705084808926 ], [ 127.172507435670212, 37.465013564166263 ], [ 127.173318434108481, 37.465438436272429 ], [ 127.173825435637923, 37.465841861047181 ], [ 127.174064387299438, 37.466162674903998 ], [ 127.1740190926579, 37.466378945689208 ], [ 127.17427684867576, 37.466991133967802 ], [ 127.174509425124512, 37.467289980718874 ], [ 127.174720058333904, 37.467356760856767 ], [ 127.174308514981377, 37.466766990249468 ], [ 127.17418942042427, 37.466728889723989 ], [ 127.174059306025455, 37.466361785947647 ], [ 127.174095547011802, 37.466150772205452 ], [ 127.173876038437186, 37.465850004401688 ], [ 127.173671010814331, 37.465686924380499 ], [ 127.173687692363089, 37.465587159044389 ], [ 127.173913655457341, 37.465721250264338 ], [ 127.173934636439995, 37.465667682056718 ], [ 127.173690257332765, 37.465552232430099 ], [ 127.173551801164749, 37.46556810251009 ], [ 127.172543129026508, 37.46500215987691 ], [ 127.172260180369364, 37.464705084808926 ] ] ] } },
{ "type": "Feature", "properties": { "PNU": "4113110600109110001", "JIBUN": "911-1 도", "purp_class": "empty", "mainPurps": "정보없음", "totArea_sum": 0, "area_m2": 185, "far_pct": 0 }, "geometry": { "type": "Polygon", "coordinates": [ [ [ 127.172282534025712, 37.464702998223025 ], [ 127.172138115062708, 37.464322767223521 ], [ 127.171825001746043, 37.464175220075241 ], [ 127.171602127438973, 37.464148510953379 ], [ 127.17155587927499, 37.464170940406966 ], [ 127.171820873597639, 37.464189119494613 ], [ 127.172115876675292, 37.464330764196959 ], [ 127.172282534025712, 37.464702998223025 ] ] ] } },
{ "type": "Feature", "properties": { "PNU": "4113110600109120000", "JIBUN": "912전", "purp_class": "non_resi", "mainPurps": "제1종근린생활시설", "totArea_sum": 62, "area_m2": 1494, "far_pct": 4 }, "geometry": { "type": "Polygon", "coordinates": [ [ [ 127.17351225979246, 37.465636690355545 ], [ 127.173318434108481, 37.465438436272429 ], [ 127.172582918850296, 37.465077110796443 ], [ 127.172837635889366, 37.465231480082842 ], [ 127.173130312675028, 37.465668213100507 ], [ 127.173308476887897, 37.465725546353227 ], [ 127.17351225979246, 37.465636690355545 ] ] ] } },
{ "type": "Feature", "properties": { "PNU": "4113110600109130000", "JIBUN": "913도", "purp_class": "empty", "mainPurps": "정보없음", "totArea_sum": 0, "area_m2": 68, "far_pct": 0 }, "geometry": { "type": "Polygon", "coordinates": [ [ [ 127.172155278020853, 37.464747430303959 ], [ 127.172328006024344, 37.4649206869517 ], [ 127.172437801654809, 37.464952252525322 ], [ 127.172320793672711, 37.464870700711373 ], [ 127.172155278020853, 37.464747430303959 ] ] ] } },
{ "type": "Feature", "properties": { "PNU": "4113110600109130001", "JIBUN": "913-1도", "purp_class": "empty", "mainPurps": "정보없음", "totArea_sum": 0, "area_m2": 311, "far_pct": 0 }, "geometry": { "type": "Polygon", "coordinates": [ [ [ 127.172582918850296, 37.465077110796443 ], [ 127.172020566332932, 37.464699403048947 ], [ 127.172249328035633, 37.464903519404452 ], [ 127.172582918850296, 37.465077110796443 ] ] ] } },
{ "type": "Feature", "properties": { "PNU": "4113110600109150001", "JIBUN": "915-1도", "purp_class": "empty", "mainPurps": "정보없음", "totArea_sum": 0, "area_m2": 60, "far_pct": 0 }, "geometry": { "type": "Polygon", "coordinates": [ [ [ 127.172121236250675, 37.464719566374022 ], [ 127.172047024183314, 37.464662919294533 ], [ 127.171882522126339, 37.464587427237177 ], [ 127.172020566332932, 37.464699403048947 ], [ 127.172121236250675, 37.464719566374022 ] ] ] } },
{ "type": "Feature", "properties": { "PNU": "4113110600109160000", "JIBUN": "916임", "purp_class": "empty", "mainPurps": "정보없음", "totArea_sum": 0, "area_m2": 1001, "far_pct": 0 }, "geometry": { "type": "Polygon", "coordinates": [ [ [ 127.172260180369364, 37.464705084808926 ], [ 127.172031885754748, 37.464278329895031 ], [ 127.172051860811749, 37.464358760661455 ], [ 127.171950948103969, 37.464395748260813 ], [ 127.171661302527241, 37.4643437182281 ], [ 127.172047024183314, 37.464662919294533 ], [ 127.172260180369364, 37.464705084808926 ] ] ] } },
{ "type": "Feature", "properties": { "PNU": "4113110600109160001", "JIBUN": "916-1임", "purp_class": "empty", "mainPurps": "정보없음", "totArea_sum": 0, "area_m2": 185, "far_pct": 0 }, "geometry": { "type": "Polygon", "coordinates": [ [ [ 127.172047024183314, 37.464662919294533 ], [ 127.172320793672711, 37.464870700711373 ], [ 127.172456549140321, 37.464949990921461 ], [ 127.172260180369364, 37.464705084808926 ], [ 127.172047024183314, 37.464662919294533 ] ] ] } },
{ "type": "Feature", "properties": { "PNU": "4113110600109240003", "JIBUN": "924-3원", "purp_class": "empty", "mainPurps": "정보없음", "totArea_sum": 0, "area_m2": 57, "far_pct": 0 }, "geometry": { "type": "Polygon", "coordinates": [ [ [ 127.170080531782503, 37.463925404207643 ], [ 127.169975857858148, 37.464049477458502 ], [ 127.170158378353662, 37.463965622054502 ], [ 127.170080531782503, 37.463925404207643 ] ] ] } },
{ "type": "Feature", "properties": { "PNU": "4113110600109250001", "JIBUN": "925-1원", "purp_class": "empty", "mainPurps": "정보없음", "totArea_sum": 0, "area_m2": 395, "far_pct": 0 }, "geometry": { "type": "Polygon", "coordinates": [ [ [ 127.169913099662168, 37.463942969199032 ], [ 127.169766385995473, 37.464227606887263 ], [ 127.169867111024672, 37.464262818811591 ], [ 127.170080531782503, 37.463925404207643 ], [ 127.169913099662168, 37.463942969199032 ] ] ] } },
{ "type": "Feature", "properties": { "PNU": "4113110600109250002", "JIBUN": "925-2 도", "purp_class": "empty", "mainPurps": "정보없음", "totArea_sum": 0, "area_m2": 27, "far_pct": 0 }, "geometry": { "type": "Polygon", "coordinates": [ [ [ 127.169913099662168, 37.463942969199032 ], [ 127.170044238870091, 37.463906318657671 ], [ 127.169989807916878, 37.463878906654145 ], [ 127.169913099662168, 37.463942969199032 ] ] ] } },
{ "type": "Feature", "properties": { "PNU": "4113110600109260000", "JIBUN": "926원", "purp_class": "empty", "mainPurps": "정보없음", "totArea_sum": 0, "area_m2": 440, "far_pct": 0 }, "geometry": { "type": "Polygon", "coordinates": [ [ [ 127.169766385995473, 37.464227606887263 ], [ 127.169673668110562, 37.464133701139176 ], [ 127.16933294954201, 37.464250676173897 ], [ 127.169636909195162, 37.464355796686277 ], [ 127.169766385995473, 37.464227606887263 ] ] ] } },
{ "type": "Feature", "properties": { "PNU": "4113110600109260001", "JIBUN": "926-1 도", "purp_class": "empty", "mainPurps": "정보없음", "totArea_sum": 0, "area_m2": 826, "far_pct": 0 }, "geometry": { "type": "Polygon", "coordinates": [ [ [ 127.16891335646406, 37.463831232523447 ], [ 127.169218675271139, 37.463938604704424 ], [ 127.16970263647822, 37.463910589516004 ], [ 127.169883031121543, 37.463836468396742 ], [ 127.169637017537667, 37.463869047519104 ], [ 127.169149782829336, 37.4637673225999 ], [ 127.16891335646406, 37.463831232523447 ] ] ] } },
{ "type": "Feature", "properties": { "PNU": "4113110600109260002", "JIBUN": "926-2 도", "purp_class": "empty", "mainPurps": "정보없음", "totArea_sum": 0, "area_m2": 82, "far_pct": 0 }, "geometry": { "type": "Polygon", "coordinates": [ [ [ 127.168921579531656, 37.463843834922365 ], [ 127.169041386474092, 37.463910636729125 ], [ 127.169218675271139, 37.463938604704424 ], [ 127.168921579531656, 37.463843834922365 ] ] ] } },
{ "type": "Feature", "properties": { "PNU": "4113110600109260003", "JIBUN": "926-3원", "purp_class": "empty", "mainPurps": "정보없음", "totArea_sum": 0, "area_m2": 1006, "far_pct": 0 }, "geometry": { "type": "Polygon", "coordinates": [ [ [ 127.169913099662168, 37.463942969199032 ], [ 127.169140625007046, 37.464156280706916 ], [ 127.169073512026998, 37.46420498500845 ], [ 127.16933294954201, 37.464250676173897 ], [ 127.169673668110562, 37.464133701139176 ], [ 127.169766385995473, 37.464227606887263 ], [ 127.169913099662168, 37.463942969199032 ] ] ] } },
{ "type": "Feature", "properties": { "PNU": "4113110600109260004", "JIBUN": "926-4 도", "purp_class": "empty", "mainPurps": "정보없음", "totArea_sum": 0, "area_m2": 1328, "far_pct": 0 }, "geometry": { "type": "Polygon", "coordinates": [ [ [ 127.169989807916878, 37.463878906654145 ], [ 127.169883031121543, 37.463836468396742 ], [ 127.16970263647822, 37.463910589516004 ], [ 127.168966202275556, 37.463908328593796 ], [ 127.169112738067213, 37.464120244086068 ], [ 127.16907945166642, 37.464192173330098 ], [ 127.169989807916878, 37.463878906654145 ] ] ] } },
{ "type": "Feature", "properties": { "PNU": "4113110600109270000", "JIBUN": "927 도", "purp_class": "empty", "mainPurps": "정보없음", "totArea_sum": 0, "area_m2": 199, "far_pct": 0 }, "geometry": { "type": "Polygon", "coordinates": [ [ [ 127.169831012533365, 37.463821207417915 ], [ 127.169711019828014, 37.463797880087242 ], [ 127.169427196376049, 37.463779903220448 ], [ 127.169637017537667, 37.463869047519104 ], [ 127.169831012533365, 37.463821207417915 ] ] ] } },
{ "type": "Feature", "properties": { "PNU": "4113110600109280000", "JIBUN": "928 도", "purp_class": "empty", "mainPurps": "정보없음", "totArea_sum": 0, "area_m2": 141, "far_pct": 0 }, "geometry": { "type": "Polygon", "coordinates": [ [ [ 127.16891335646406, 37.463831232523447 ], [ 127.169131697788046, 37.463813074171881 ], [ 127.169149782829336, 37.4637673225999 ], [ 127.168833582941858, 37.463752732950084 ], [ 127.16891335646406, 37.463831232523447 ] ] ] } },
{ "type": "Feature", "properties": { "PNU": "4113110600109290000", "JIBUN": "929 도", "purp_class": "empty", "mainPurps": "정보없음", "totArea_sum": 0, "area_m2": 400, "far_pct": 0 }, "geometry": { "type": "Polygon", "coordinates": [ [ [ 127.168767870703093, 37.463902464603798 ], [ 127.168715436220921, 37.464147062091762 ], [ 127.168931276707497, 37.464117086485267 ], [ 127.168936612592987, 37.463945014321922 ], [ 127.168767870703093, 37.463902464603798 ] ] ] } },
{ "type": "Feature", "properties": { "PNU": "4113110600109290001", "JIBUN": "929-1 도", "purp_class": "empty", "mainPurps": "정보없음", "totArea_sum": 0, "area_m2": 37, "far_pct": 0 }, "geometry": { "type": "Polygon", "coordinates": [ [ [ 127.168766071038561, 37.463835405471507 ], [ 127.168858685745874, 37.463843113094043 ], [ 127.168782736032412, 37.463771131336202 ], [ 127.168766071038561, 37.463835405471507 ] ] ] } },
{ "type": "Feature", "properties": { "PNU": "4113110600109290002", "JIBUN": "929-2 도", "purp_class": "empty", "mainPurps": "정보없음", "totArea_sum": 0, "area_m2": 72, "far_pct": 0 }, "geometry": { "type": "Polygon", "coordinates": [ [ [ 127.168767870703093, 37.463902464603798 ], [ 127.168907319128394, 37.463906700105284 ], [ 127.168766071038561, 37.463835405471507 ], [ 127.168767870703093, 37.463902464603798 ] ] ] } },
{ "type": "Feature", "properties": { "PNU": "4113110600109300000", "JIBUN": "930 도", "purp_class": "empty", "mainPurps": "정보없음", "totArea_sum": 0, "area_m2": 126, "far_pct": 0 }, "geometry": { "type": "Polygon", "coordinates": [ [ [ 127.168664833980429, 37.463899745189693 ], [ 127.168693851575711, 37.464078210924505 ], [ 127.168689159518522, 37.464138629833954 ], [ 127.168738559262806, 37.463901713199853 ], [ 127.168664833980429, 37.463899745189693 ] ] ] } },
{ "type": "Feature", "properties": { "PNU": "4113110600109300001", "JIBUN": "930-1 도", "purp_class": "empty", "mainPurps": "정보없음", "totArea_sum": 0, "area_m2": 44, "far_pct": 0 }, "geometry": { "type": "Polygon", "coordinates": [ [ [ 127.168671108623315, 37.4637632072765 ], [ 127.16874214131461, 37.463835223094151 ], [ 127.168746583002189, 37.463748693456296 ], [ 127.168671108623315, 37.4637632072765 ] ] ] } },
{ "type": "Feature", "properties": { "PNU": "4113110600109300002", "JIBUN": "930-2 도", "purp_class": "empty", "mainPurps": "정보없음", "totArea_sum": 0, "area_m2": 50, "far_pct": 0 }, "geometry": { "type": "Polygon", "coordinates": [ [ [ 127.168662949372674, 37.463845264182687 ], [ 127.168738559262806, 37.463901713199853 ], [ 127.16874214131461, 37.463835223094151 ], [ 127.168662949372674, 37.463845264182687 ] ] ] } },
{ "type": "Feature", "properties": { "PNU": "4113110600109300003", "JIBUN": "930-3 도", "purp_class": "empty", "mainPurps": "정보없음", "totArea_sum": 0, "area_m2": 239, "far_pct": 0 }, "geometry": { "type": "Polygon", "coordinates": [ [ [ 127.168461019411566, 37.46394940826552 ], [ 127.168689159518522, 37.464138629833954 ], [ 127.168665087236192, 37.463906880777969 ], [ 127.168461019411566, 37.46394940826552 ] ] ] } },
{ "type": "Feature", "properties": { "PNU": "4113110600109300004", "JIBUN": "930-4 도", "purp_class": "empty", "mainPurps": "정보없음", "totArea_sum": 0, "area_m2": 90, "far_pct": 0 }, "geometry": { "type": "Polygon", "coordinates": [ [ [ 127.168387581342657, 37.463888505047919 ], [ 127.168461019411566, 37.46394940826552 ], [ 127.168665087236192, 37.463906880777969 ], [ 127.168664833980429, 37.463899745189693 ], [ 127.168387581342657, 37.463888505047919 ] ] ] } },
{ "type": "Feature", "properties": { "PNU": "4113110600109320004", "JIBUN": "932-4 도", "purp_class": "empty", "mainPurps": "정보없음", "totArea_sum": 0, "area_m2": 322, "far_pct": 0 }, "geometry": { "type": "Polygon", "coordinates": [ [ [ 127.168896721429732, 37.464299354338323 ], [ 127.169065769785618, 37.464200202647817 ], [ 127.168931276707497, 37.464117086485267 ], [ 127.168729672776948, 37.464169837332655 ], [ 127.168896721429732, 37.464299354338323 ] ] ] } },
{ "type": "Feature", "properties": { "PNU": "4113110600109330000", "JIBUN": "933 도", "purp_class": "empty", "mainPurps": "정보없음", "totArea_sum": 0, "area_m2": 1198, "far_pct": 0 }, "geometry": { "type": "Polygon", "coordinates": [ [ [ 127.168142438979103, 37.463972779401203 ], [ 127.16804527178553, 37.463991855451994 ], [ 127.167810668261609, 37.463853701589635 ], [ 127.167648974340196, 37.463936073480703 ], [ 127.167843865850827, 37.464016754497628 ], [ 127.167702765424963, 37.464481681494348 ], [ 127.167764171611012, 37.464499498061876 ], [ 127.167867167540905, 37.464248748074596 ], [ 127.168126095734522, 37.464161950071272 ], [ 127.168142438979103, 37.463972779401203 ] ] ] } },
{ "type": "Feature", "properties": { "PNU": "4113110600109330001", "JIBUN": "933-1 도", "purp_class": "empty", "mainPurps": "정보없음", "totArea_sum": 0, "area_m2": 4744, "far_pct": 0 }, "geometry": { "type": "Polygon", "coordinates": [ [ [ 127.16863916506378, 37.464220214313023 ], [ 127.168142567089987, 37.46411201126498 ], [ 127.168031552250653, 37.464222504603654 ], [ 127.167867167540905, 37.464248748074596 ], [ 127.167764171611012, 37.464499498061876 ], [ 127.16770713065003, 37.464441760910915 ], [ 127.167843865850827, 37.464016754497628 ], [ 127.167648974340196, 37.463936073480703 ], [ 127.167375562335792, 37.464164195122358 ], [ 127.16723062167857, 37.464160704338212 ], [ 127.167142336162925, 37.464332442202497 ], [ 127.167179168520974, 37.464468189791766 ], [ 127.167535391696987, 37.464603155740775 ], [ 127.167888952213062, 37.464484717197692 ], [ 127.168149978779638, 37.464492503513618 ], [ 127.16863916506378, 37.464220214313023 ] ] ] } },
{ "type": "Feature", "properties": { "PNU": "4113110600109330002", "JIBUN": "933-2 도", "purp_class": "empty", "mainPurps": "정보없음", "totArea_sum": 0, "area_m2": 982, "far_pct": 0 }, "geometry": { "type": "Polygon", "coordinates": [ [ [ 127.168142567089987, 37.46411201126498 ], [ 127.16863916506378, 37.464220214313023 ], [ 127.168791498269727, 37.464137403819855 ], [ 127.168689159518522, 37.464138629833954 ], [ 127.168461019411566, 37.46394940826552 ], [ 127.168146564238029, 37.463941995310584 ], [ 127.168142567089987, 37.46411201126498 ] ] ] } },
{ "type": "Feature", "properties": { "PNU": "4113110600109340000", "JIBUN": "934 도", "purp_class": "empty", "mainPurps": "정보없음", "totArea_sum": 0, "area_m2": 71, "far_pct": 0 }, "geometry": { "type": "Polygon", "coordinates": [ [ [ 127.168121454250823, 37.464000839200509 ], [ 127.168084908672171, 37.46393898277617 ], [ 127.167971987053235, 37.463954098536171 ], [ 127.168121454250823, 37.464000839200509 ] ] ] } },
{ "type": "Feature", "properties": { "PNU": "4113110600109340001", "JIBUN": "934-1 도", "purp_class": "empty", "mainPurps": "정보없음", "totArea_sum": 0, "area_m2": 441, "far_pct": 0 }, "geometry": { "type": "Polygon", "coordinates": [ [ [ 127.168119843155452, 37.463850391932901 ], [ 127.167981560692184, 37.463729591053692 ], [ 127.167504159850765, 37.463713341704128 ], [ 127.167448943454744, 37.463785256244599 ], [ 127.168119843155452, 37.463850391932901 ] ] ] } },
{ "type": "Feature", "properties": { "PNU": "4113110600109340002", "JIBUN": "934-2 도", "purp_class": "empty", "mainPurps": "정보없음", "totArea_sum": 0, "area_m2": 108, "far_pct": 0 }, "geometry": { "type": "Polygon", "coordinates": [ [ [ 127.167420160073348, 37.463793261524998 ], [ 127.168087974509433, 37.463853536307056 ], [ 127.168121581468114, 37.463854398947248 ], [ 127.167786476970946, 37.463801756743436 ], [ 127.167420160073348, 37.463793261524998 ] ] ] } },
{ "type": "Feature", "properties": { "PNU": "4113110600109340003", "JIBUN": "934-3 도", "purp_class": "empty", "mainPurps": "정보없음", "totArea_sum": 0, "area_m2": 827, "far_pct": 0 }, "geometry": { "type": "Polygon", "coordinates": [ [ [ 127.167612146546603, 37.463961065019106 ], [ 127.167810668261609, 37.463853701589635 ], [ 127.167971987053235, 37.463954098536171 ], [ 127.168149393037638, 37.463933134459097 ], [ 127.168121581468114, 37.463854398947248 ], [ 127.167367631530709, 37.463807877449106 ], [ 127.167355520431897, 37.46394372971217 ], [ 127.167612146546603, 37.463961065019106 ] ] ] } },
{ "type": "Feature", "properties": { "PNU": "4113110600109350000", "JIBUN": "935 도", "purp_class": "empty", "mainPurps": "정보없음", "totArea_sum": 0, "area_m2": 151, "far_pct": 0 }, "geometry": { "type": "Polygon", "coordinates": [ [ [ 127.168119843155452, 37.463850391932901 ], [ 127.168186234795925, 37.46373628535234 ], [ 127.167981560692184, 37.463729591053692 ], [ 127.167981095198101, 37.463779651456889 ], [ 127.168119843155452, 37.463850391932901 ] ] ] } },
{ "type": "Feature", "properties": { "PNU": "4113110600109350001", "JIBUN": "935-1 도", "purp_class": "empty", "mainPurps": "정보없음", "totArea_sum": 0, "area_m2": 435, "far_pct": 0 }, "geometry": { "type": "Polygon", "coordinates": [ [ [ 127.168186234795925, 37.46373628535234 ], [ 127.168121581468114, 37.463854398947248 ], [ 127.168700017879246, 37.463811802544669 ], [ 127.168702110846482, 37.463746630010533 ], [ 127.168186234795925, 37.46373628535234 ] ] ] } },
{ "type": "Feature", "properties": { "PNU": "4113110600109350002", "JIBUN": "935-2 도", "purp_class": "empty", "mainPurps": "정보없음", "totArea_sum": 0, "area_m2": 114, "far_pct": 0 }, "geometry": { "type": "Polygon", "coordinates": [ [ [ 127.168169470037142, 37.463852601499276 ], [ 127.168688875043017, 37.463833154066954 ], [ 127.168707528916883, 37.463824460026032 ], [ 127.168476763232022, 37.463806234611809 ], [ 127.168169470037142, 37.463852601499276 ] ] ] } },
{ "type": "Feature", "properties": { "PNU": "4113110600109350003", "JIBUN": "935-3 도", "purp_class": "empty", "mainPurps": "정보없음", "totArea_sum": 0, "area_m2": 244, "far_pct": 0 }, "geometry": { "type": "Polygon", "coordinates": [ [ [ 127.168461019411566, 37.46394940826552 ], [ 127.168336757944004, 37.463846346773451 ], [ 127.168121581468114, 37.463854398947248 ], [ 127.168146564238029, 37.463941995310584 ], [ 127.168461019411566, 37.46394940826552 ] ] ] } },
{ "type": "Feature", "properties": { "PNU": "4113110600109370003", "JIBUN": "937-3 도", "purp_class": "empty", "mainPurps": "정보없음", "totArea_sum": 0, "area_m2": 3166, "far_pct": 0 }, "geometry": { "type": "Polygon", "coordinates": [ [ [ 127.165351449036635, 37.46316303944981 ], [ 127.166209116016049, 37.463681059583351 ], [ 127.166633363281761, 37.463746637287301 ], [ 127.16661777360757, 37.463673623732355 ], [ 127.166274349455989, 37.463506633505403 ], [ 127.165691727472151, 37.463056131681668 ], [ 127.165549311697646, 37.46282589778717 ], [ 127.165351449036635, 37.46316303944981 ] ] ] } },
{ "type": "Feature", "properties": { "PNU": "4113110600109370004", "JIBUN": "937-4임", "purp_class": "empty", "mainPurps": "정보없음", "totArea_sum": 0, "area_m2": 39, "far_pct": 0 }, "geometry": { "type": "Polygon", "coordinates": [ [ [ 127.165667273183132, 37.462914113435993 ], [ 127.165594176000866, 37.462831836191064 ], [ 127.16553151180841, 37.462775403222835 ], [ 127.165523511313822, 37.462817815553052 ], [ 127.165667273183132, 37.462914113435993 ] ] ] } },
{ "type": "Feature", "properties": { "PNU": "4113110600109370006", "JIBUN": "937-6임", "purp_class": "empty", "mainPurps": "정보없음", "totArea_sum": 0, "area_m2": 884, "far_pct": 0 }, "geometry": { "type": "Polygon", "coordinates": [ [ [ 127.16609591088843, 37.46306141701259 ], [ 127.165559022623839, 37.462629934053666 ], [ 127.16553151180841, 37.462775403222835 ], [ 127.165667273183132, 37.462914113435993 ], [ 127.166039419410168, 37.463098617014381 ], [ 127.16609591088843, 37.46306141701259 ] ] ] } },
{ "type": "Feature", "properties": { "PNU": "4113110600109370007", "JIBUN": "937-7임", "purp_class": "empty", "mainPurps": "정보없음", "totArea_sum": 0, "area_m2": 573, "far_pct": 0 }, "geometry": { "type": "Polygon", "coordinates": [ [ [ 127.165856137537162, 37.462809902176531 ], [ 127.16609591088843, 37.46306141701259 ], [ 127.166325770083787, 37.462909980373936 ], [ 127.166331850119647, 37.462863119711365 ], [ 127.165856137537162, 37.462809902176531 ] ] ] } },
{ "type": "Feature", "properties": { "PNU": "4113110600109370008", "JIBUN": "937-8 도", "purp_class": "empty", "mainPurps": "정보없음", "totArea_sum": 0, "area_m2": 168, "far_pct": 0 }, "geometry": { "type": "Polygon", "coordinates": [ [ [ 127.16585045311048, 37.463120305794071 ], [ 127.165667273183132, 37.462914113435993 ], [ 127.165562753513925, 37.462847620344824 ], [ 127.165691727472151, 37.463056131681668 ], [ 127.16585045311048, 37.463120305794071 ] ] ] } },
{ "type": "Feature", "properties": { "PNU": "4113110600109370009", "JIBUN": "937-9 도", "purp_class": "empty", "mainPurps": "정보없음", "totArea_sum": 0, "area_m2": 310, "far_pct": 0 }, "geometry": { "type": "Polygon", "coordinates": [ [ [ 127.165667273183132, 37.462914113435993 ], [ 127.165911606327597, 37.463183336036806 ], [ 127.166039419410168, 37.463098617014381 ], [ 127.165667273183132, 37.462914113435993 ] ] ] } },
{ "type": "Feature", "properties": { "PNU": "4113110600109480000", "JIBUN": "948전", "purp_class": "empty", "mainPurps": "정보없음", "totArea_sum": 0, "area_m2": 3747, "far_pct": 0 }, "geometry": { "type": "Polygon", "coordinates": [ [ [ 127.165216620077757, 37.467324905910488 ], [ 127.165054746045243, 37.467235912728619 ], [ 127.164900524104837, 37.466964635856613 ], [ 127.164808186745049, 37.466446749850618 ], [ 127.164355397456532, 37.46576727950449 ], [ 127.164488178475878, 37.466249962032776 ], [ 127.164438329152958, 37.466448062220444 ], [ 127.164547478169567, 37.466650853605991 ], [ 127.164474664711662, 37.466731665879713 ], [ 127.164502215476702, 37.467009163820208 ], [ 127.164936347184778, 37.467193639281199 ], [ 127.164969752904824, 37.467361008424241 ], [ 127.1651554849348, 37.467437417716788 ], [ 127.165216620077757, 37.467324905910488 ] ] ] } },
{ "type": "Feature", "properties": { "PNU": "4113110600109490000", "JIBUN": "949묘", "purp_class": "empty", "mainPurps": "정보없음", "totArea_sum": 0, "area_m2": 6803, "far_pct": 0 }, "geometry": { "type": "Polygon", "coordinates": [ [ [ 127.165216146519342, 37.467004023399497 ], [ 127.165244141512801, 37.46650422531259 ], [ 127.165011718535141, 37.465878863557414 ], [ 127.164476183477433, 37.465275255392172 ], [ 127.164055742568763, 37.465253210216986 ], [ 127.164154005603976, 37.465457026105327 ], [ 127.164452268747709, 37.465605145622597 ], [ 127.164475792315571, 37.465964793626483 ], [ 127.164835308828813, 37.466438315023247 ], [ 127.164904470803265, 37.466747227401939 ], [ 127.165216146519342, 37.467004023399497 ] ] ] } },
{ "type": "Feature", "properties": { "PNU": "4113110600109510000", "JIBUN": "951전", "purp_class": "empty", "mainPurps": "정보없음", "totArea_sum": 0, "area_m2": 661, "far_pct": 0 }, "geometry": { "type": "Polygon", "coordinates": [ [ [ 127.164623137347817, 37.465398030583096 ], [ 127.164828536653445, 37.465694609429001 ], [ 127.165011718535141, 37.465878863557414 ], [ 127.164872984671547, 37.465555207863595 ], [ 127.16488784119808, 37.465343820997354 ], [ 127.164623137347817, 37.465398030583096 ] ] ] } },
{ "type": "Feature", "properties": { "PNU": "4113110600109520000", "JIBUN": "952전", "purp_class": "empty", "mainPurps": "정보없음", "totArea_sum": 0, "area_m2": 898, "far_pct": 0 }, "geometry": { "type": "Polygon", "coordinates": [ [ [ 127.164623137347817, 37.465398030583096 ], [ 127.16488784119808, 37.465343820997354 ], [ 127.16485000381806, 37.465071725285533 ], [ 127.164476183477433, 37.465275255392172 ], [ 127.164623137347817, 37.465398030583096 ] ] ] } },
{ "type": "Feature", "properties": { "PNU": "4113110600109530000", "JIBUN": "953전", "purp_class": "empty", "mainPurps": "정보없음", "totArea_sum": 0, "area_m2": 1553, "far_pct": 0 }, "geometry": { "type": "Polygon", "coordinates": [ [ [ 127.164055742568763, 37.465253210216986 ], [ 127.164476183477433, 37.465275255392172 ], [ 127.16485000381806, 37.465071725285533 ], [ 127.164419342138245, 37.464787629726132 ], [ 127.164360135991885, 37.465064724769469 ], [ 127.164008586043579, 37.465186321518296 ], [ 127.164055742568763, 37.465253210216986 ] ] ] } },
{ "type": "Feature", "properties": { "PNU": "4113110600109540000", "JIBUN": "954답", "purp_class": "non_resi", "mainPurps": "제1종근린생활시설", "totArea_sum": 31, "area_m2": 3925, "far_pct": 1 }, "geometry": { "type": "Polygon", "coordinates": [ [ [ 127.163678362963523, 37.464631847207542 ], [ 127.164008586043579, 37.465186321518296 ], [ 127.164360135991885, 37.465064724769469 ], [ 127.164399321973448, 37.464682690440782 ], [ 127.164161526398232, 37.464436016907435 ], [ 127.164011397900296, 37.4643441228692 ], [ 127.163678362963523, 37.464631847207542 ] ] ] } },
{ "type": "Feature", "properties": { "PNU": "4113110600109550000", "JIBUN": "955전", "purp_class": "non_resi", "mainPurps": "제1종근린생활시설", "totArea_sum": 32, "area_m2": 841, "far_pct": 4 }, "geometry": { "type": "Polygon", "coordinates": [ [ [ 127.163725077206152, 37.465174511414389 ], [ 127.163993833386556, 37.465488628368334 ], [ 127.164120453726412, 37.465455810870779 ], [ 127.163838567974821, 37.46504495350267 ], [ 127.163725077206152, 37.465174511414389 ] ] ] } },
{ "type": "Feature", "properties": { "PNU": "4113110600109560000", "JIBUN": "956도", "purp_class": "empty", "mainPurps": "정보없음", "totArea_sum": 0, "area_m2": 999, "far_pct": 0 }, "geometry": { "type": "Polygon", "coordinates": [ [ [ 127.165225735727233, 37.467306314603881 ], [ 127.165084192844716, 37.467225573511847 ], [ 127.164933035852528, 37.466939488961636 ], [ 127.164964737051505, 37.466832802413428 ], [ 127.16506853772421, 37.46684194814204 ], [ 127.16515653639847, 37.466991482907005 ], [ 127.165221204583347, 37.467021973380774 ], [ 127.16535314482941, 37.466996643543631 ], [ 127.16542736275197, 37.467026156591402 ], [ 127.165653355004878, 37.467049070776362 ], [ 127.165721239368708, 37.467035614597734 ], [ 127.165354751621948, 37.466976675091537 ], [ 127.165216146519342, 37.467004023399497 ], [ 127.165083834704518, 37.466832880901002 ], [ 127.164962603274518, 37.466818443377747 ], [ 127.164835308828813, 37.466438315023247 ], [ 127.164475792315571, 37.465964793626483 ], [ 127.164452268747709, 37.465605145622597 ], [ 127.164348173354455, 37.465516612368383 ], [ 127.164154005603976, 37.465457026105327 ], [ 127.163678362963523, 37.464631847207542 ], [ 127.164120453726412, 37.465455810870779 ], [ 127.164433446650179, 37.465614884385666 ], [ 127.164456819704711, 37.465967721017037 ], [ 127.164808186745049, 37.466446749850618 ], [ 127.164900524104837, 37.466964635856613 ], [ 127.165054746045243, 37.467235912728619 ], [ 127.165225735727233, 37.467306314603881 ] ] ] } },
{ "type": "Feature", "properties": { "PNU": "4113110600109570000", "JIBUN": "957구", "purp_class": "empty", "mainPurps": "정보없음", "totArea_sum": 0, "area_m2": 1366, "far_pct": 0 }, "geometry": { "type": "Polygon", "coordinates": [ [ [ 127.163665918024449, 37.464522040991483 ], [ 127.163653905020112, 37.464675065853271 ], [ 127.163812276108189, 37.465034628075621 ], [ 127.163725077206152, 37.465174511414389 ], [ 127.163838567974821, 37.46504495350267 ], [ 127.163685051488443, 37.464562343645277 ], [ 127.163863032329488, 37.464487126794459 ], [ 127.164011397900296, 37.4643441228692 ], [ 127.164261652746575, 37.464529862719324 ], [ 127.164419342138245, 37.464787629726132 ], [ 127.164910235516416, 37.46515246201119 ], [ 127.164872984671547, 37.465555207863595 ], [ 127.165199675281656, 37.466298182473636 ], [ 127.165202431152679, 37.466924528890331 ], [ 127.165265088949482, 37.46699209839489 ], [ 127.165230863978081, 37.46627816403393 ], [ 127.164892757857359, 37.465551423346405 ], [ 127.164930757745736, 37.465139720480011 ], [ 127.164444107667464, 37.464776954736919 ], [ 127.16425509381591, 37.464492020602798 ], [ 127.164038694945901, 37.464307162216166 ], [ 127.163903961397253, 37.46409469261684 ], [ 127.163965165829424, 37.463925769477193 ], [ 127.163860406916399, 37.464098861031701 ], [ 127.163964994774986, 37.464269907949102 ], [ 127.163933314954235, 37.464407543710891 ], [ 127.163665918024449, 37.464522040991483 ] ] ] } },
{ "type": "Feature", "properties": { "PNU": "4113110600109580000", "JIBUN": "958전", "purp_class": "empty", "mainPurps": "정보없음", "totArea_sum": 0, "area_m2": 538, "far_pct": 0 }, "geometry": { "type": "Polygon", "coordinates": [ [ [ 127.164023720383611, 37.463806945735072 ], [ 127.163903961397253, 37.46409469261684 ], [ 127.164025850900344, 37.464248191190201 ], [ 127.164125987011261, 37.463939612966101 ], [ 127.164023720383611, 37.463806945735072 ] ] ] } },
{ "type": "Feature", "properties": { "PNU": "4113110600109590000", "JIBUN": "959답", "purp_class": "empty", "mainPurps": "정보없음", "totArea_sum": 0, "area_m2": 2870, "far_pct": 0 }, "geometry": { "type": "Polygon", "coordinates": [ [ [ 127.163665918024449, 37.464522040991483 ], [ 127.163933314954235, 37.464407543710891 ], [ 127.163964994774986, 37.464269907949102 ], [ 127.163860406916399, 37.464098861031701 ], [ 127.163987827710542, 37.463669105521376 ], [ 127.163850386408825, 37.463803453804147 ], [ 127.163510733956443, 37.463946575741225 ], [ 127.163426969982808, 37.463917777332206 ], [ 127.163318091613206, 37.464031416837948 ], [ 127.163665918024449, 37.464522040991483 ] ] ] } },
{ "type": "Feature", "properties": { "PNU": "4113110600109600000", "JIBUN": "960전", "purp_class": "non_resi", "mainPurps": "업무시설", "totArea_sum": 76, "area_m2": 1227, "far_pct": 6 }, "geometry": { "type": "Polygon", "coordinates": [ [ [ 127.163665918024449, 37.464522040991483 ], [ 127.163144100629992, 37.463827947065631 ], [ 127.16300304024216, 37.463531223227683 ], [ 127.163057992406607, 37.46401237405702 ], [ 127.163631303697031, 37.464588726684084 ], [ 127.163665918024449, 37.464522040991483 ] ] ] } },
{ "type": "Feature", "properties": { "PNU": "4113110600109610000", "JIBUN": "961도", "purp_class": "empty", "mainPurps": "정보없음", "totArea_sum": 0, "area_m2": 341, "far_pct": 0 }, "geometry": { "type": "Polygon", "coordinates": [ [ [ 127.162784292407196, 37.463334103060326 ], [ 127.162988506029393, 37.463511087639532 ], [ 127.162976996561738, 37.463925141474796 ], [ 127.163033335163078, 37.464015561270884 ], [ 127.163646895429082, 37.464648243592187 ], [ 127.163591489937986, 37.464498428681807 ], [ 127.163057992406607, 37.46401237405702 ], [ 127.163012318343931, 37.463509289134848 ], [ 127.162784292407196, 37.463334103060326 ] ] ] } },
{ "type": "Feature", "properties": { "PNU": "4113110600109610001", "JIBUN": "961-1도", "purp_class": "empty", "mainPurps": "정보없음", "totArea_sum": 0, "area_m2": 35, "far_pct": 0 }, "geometry": { "type": "Polygon", "coordinates": [ [ [ 127.162751823932496, 37.463284258798332 ], [ 127.162685705915592, 37.463208268249488 ], [ 127.162799593794091, 37.463311503031349 ], [ 127.162751823932496, 37.463284258798332 ] ] ] } },
{ "type": "Feature", "properties": { "PNU": "4113110600109660000", "JIBUN": "966전", "purp_class": "empty", "mainPurps": "정보없음", "totArea_sum": 0, "area_m2": 208, "far_pct": 0 }, "geometry": { "type": "Polygon", "coordinates": [ [ [ 127.162784292407196, 37.463334103060326 ], [ 127.162880810850623, 37.463475780250853 ], [ 127.162985618837922, 37.463677047411188 ], [ 127.162988506029393, 37.463511087639532 ], [ 127.162784292407196, 37.463334103060326 ] ] ] } },
{ "type": "Feature", "properties": { "PNU": "4113110600109670002", "JIBUN": "967-2도", "purp_class": "empty", "mainPurps": "정보없음", "totArea_sum": 0, "area_m2": 184, "far_pct": 0 }, "geometry": { "type": "Polygon", "coordinates": [ [ [ 127.162192193065366, 37.462828500512927 ], [ 127.162359509894046, 37.462910453449553 ], [ 127.162685672596211, 37.463245407659905 ], [ 127.162373902514503, 37.462875177590512 ], [ 127.162294844816941, 37.462831703628062 ], [ 127.162192193065366, 37.462828500512927 ] ] ] } },
{ "type": "Feature", "properties": { "PNU": "4113110600109680000", "JIBUN": "968답", "purp_class": "empty", "mainPurps": "정보없음", "totArea_sum": 0, "area_m2": 1889, "far_pct": 0 }, "geometry": { "type": "Polygon", "coordinates": [ [ [ 127.163318091613206, 37.464031416837948 ], [ 127.16347346620438, 37.463904486891181 ], [ 127.16319904835477, 37.463597827706081 ], [ 127.163183066207139, 37.463393456933119 ], [ 127.163303382855588, 37.463395247459339 ], [ 127.163233867213492, 37.463195770329961 ], [ 127.162988639654856, 37.463231560133693 ], [ 127.162799593794091, 37.463311503031349 ], [ 127.163012318343931, 37.463509289134848 ], [ 127.163318091613206, 37.464031416837948 ] ] ] } },
{ "type": "Feature", "properties": { "PNU": "4113110600109680002", "JIBUN": "968-2 도", "purp_class": "empty", "mainPurps": "정보없음", "totArea_sum": 0, "area_m2": 1447, "far_pct": 0 }, "geometry": { "type": "Polygon", "coordinates": [ [ [ 127.162392078356163, 37.462906922235561 ], [ 127.162715881469921, 37.463243122959561 ], [ 127.162851144330958, 37.463125528612039 ], [ 127.162988535495529, 37.463183122326946 ], [ 127.163216388753014, 37.463157384466193 ], [ 127.162995838651312, 37.46290510770541 ], [ 127.162392078356163, 37.462906922235561 ] ] ] } },
{ "type": "Feature", "properties": { "PNU": "4113110600109680003", "JIBUN": "968-3 도", "purp_class": "empty", "mainPurps": "정보없음", "totArea_sum": 0, "area_m2": 386, "far_pct": 0 }, "geometry": { "type": "Polygon", "coordinates": [ [ [ 127.162799593794091, 37.463311503031349 ], [ 127.162988639654856, 37.463231560133693 ], [ 127.163229198213358, 37.463179684796089 ], [ 127.162851144330958, 37.463125528612039 ], [ 127.162715881469921, 37.463243122959561 ], [ 127.162799593794091, 37.463311503031349 ] ] ] } },
{ "type": "Feature", "properties": { "PNU": "4113110600109710000", "JIBUN": "971답", "purp_class": "empty", "mainPurps": "정보없음", "totArea_sum": 0, "area_m2": 548, "far_pct": 0 }, "geometry": { "type": "Polygon", "coordinates": [ [ [ 127.163310619335334, 37.463742565375313 ], [ 127.163480487948362, 37.463732628886312 ], [ 127.163303382855588, 37.463395247459339 ], [ 127.163213848714051, 37.463384584985285 ], [ 127.16319904835477, 37.463597827706081 ], [ 127.163310619335334, 37.463742565375313 ] ] ] } },
{ "type": "Feature", "properties": { "PNU": "4113110600109720000", "JIBUN": "972답", "purp_class": "empty", "mainPurps": "정보없음", "totArea_sum": 0, "area_m2": 2485, "far_pct": 0 }, "geometry": { "type": "Polygon", "coordinates": [ [ [ 127.16347456679334, 37.463922136039542 ], [ 127.163850386408825, 37.463803453804147 ], [ 127.163987827710542, 37.463669105521376 ], [ 127.163826413778779, 37.463495803066628 ], [ 127.163811086111139, 37.463286466948517 ], [ 127.163689687478197, 37.463265117637825 ], [ 127.163569943583241, 37.463439590031669 ], [ 127.163405774123348, 37.463481720706298 ], [ 127.163303382855588, 37.463395247459339 ], [ 127.163480487948362, 37.463732628886312 ], [ 127.163310619335334, 37.463742565375313 ], [ 127.16347456679334, 37.463922136039542 ] ] ] } },
{ "type": "Feature", "properties": { "PNU": "4113110600109730000", "JIBUN": "973답", "purp_class": "empty", "mainPurps": "정보없음", "totArea_sum": 0, "area_m2": 853, "far_pct": 0 }, "geometry": { "type": "Polygon", "coordinates": [ [ [ 127.163689687478197, 37.463265117637825 ], [ 127.163629093977377, 37.46310448877572 ], [ 127.163519881265699, 37.463214407795867 ], [ 127.163587616114071, 37.463332112121577 ], [ 127.163486131854427, 37.463372679279736 ], [ 127.163395699693751, 37.463170915331148 ], [ 127.163233867213492, 37.463195770329961 ], [ 127.163405774123348, 37.463481720706298 ], [ 127.163569943583241, 37.463439590031669 ], [ 127.163689687478197, 37.463265117637825 ] ] ] } },
{ "type": "Feature", "properties": { "PNU": "4113110600109730001", "JIBUN": "973-1 도", "purp_class": "empty", "mainPurps": "정보없음", "totArea_sum": 0, "area_m2": 243, "far_pct": 0 }, "geometry": { "type": "Polygon", "coordinates": [ [ [ 127.163518055063562, 37.462818509343698 ], [ 127.1634680295587, 37.462704465804791 ], [ 127.16321574625843, 37.462785532169988 ], [ 127.163261461446297, 37.462861244012096 ], [ 127.163518055063562, 37.462818509343698 ] ] ] } },
{ "type": "Feature", "properties": { "PNU": "4113110600109730002", "JIBUN": "973-2 도", "purp_class": "empty", "mainPurps": "정보없음", "totArea_sum": 0, "area_m2": 776, "far_pct": 0 }, "geometry": { "type": "Polygon", "coordinates": [ [ [ 127.163518055063562, 37.462818509343698 ], [ 127.163261461446297, 37.462861244012096 ], [ 127.163217899567812, 37.463019132416974 ], [ 127.163112061098673, 37.463058461828631 ], [ 127.163216388753014, 37.463157384466193 ], [ 127.16358593153771, 37.462949629427406 ], [ 127.163518055063562, 37.462818509343698 ] ] ] } },
{ "type": "Feature", "properties": { "PNU": "4113110600109730003", "JIBUN": "973-3 도", "purp_class": "empty", "mainPurps": "정보없음", "totArea_sum": 0, "area_m2": 655, "far_pct": 0 }, "geometry": { "type": "Polygon", "coordinates": [ [ [ 127.16358593153771, 37.462949629427406 ], [ 127.163216388753014, 37.463157384466193 ], [ 127.163395699693751, 37.463170915331148 ], [ 127.163486131854427, 37.463372679279736 ], [ 127.163587616114071, 37.463332112121577 ], [ 127.163519881265699, 37.463214407795867 ], [ 127.163629093977377, 37.46310448877572 ], [ 127.16358593153771, 37.462949629427406 ] ] ] } },
{ "type": "Feature", "properties": { "PNU": "4113110600109740000", "JIBUN": "974도", "purp_class": "empty", "mainPurps": "정보없음", "totArea_sum": 0, "area_m2": 501, "far_pct": 0 }, "geometry": { "type": "Polygon", "coordinates": [ [ [ 127.16321574625843, 37.462785532169988 ], [ 127.1634680295587, 37.462704465804791 ], [ 127.163298815945211, 37.462529425339042 ], [ 127.163117003837471, 37.462597744912671 ], [ 127.16321574625843, 37.462785532169988 ] ] ] } },
{ "type": "Feature", "properties": { "PNU": "4113110600109750000", "JIBUN": "975답", "purp_class": "empty", "mainPurps": "정보없음", "totArea_sum": 0, "area_m2": 127, "far_pct": 0 }, "geometry": { "type": "Polygon", "coordinates": [ [ [ 127.162968032226615, 37.462563214834084 ], [ 127.16301782703755, 37.462586158428977 ], [ 127.163206254911472, 37.462482636754977 ], [ 127.163129111527056, 37.462477849824538 ], [ 127.162968032226615, 37.462563214834084 ] ] ] } },
{ "type": "Feature", "properties": { "PNU": "4113110600109750001", "JIBUN": "975-1 도", "purp_class": "empty", "mainPurps": "정보없음", "totArea_sum": 0, "area_m2": 107, "far_pct": 0 }, "geometry": { "type": "Polygon", "coordinates": [ [ [ 127.163010153354207, 37.462586718527533 ], [ 127.163298815945211, 37.462529425339042 ], [ 127.163206254911472, 37.462482636754977 ], [ 127.163010153354207, 37.462586718527533 ] ] ] } },
{ "type": "Feature", "properties": { "PNU": "4113110600109760000", "JIBUN": "976 도", "purp_class": "empty", "mainPurps": "정보없음", "totArea_sum": 0, "area_m2": 308, "far_pct": 0 }, "geometry": { "type": "Polygon", "coordinates": [ [ [ 127.163112061098673, 37.463058461828631 ], [ 127.163217899567812, 37.463019132416974 ], [ 127.163261461446297, 37.462861244012096 ], [ 127.162995838651312, 37.46290510770541 ], [ 127.163112061098673, 37.463058461828631 ] ] ] } },
{ "type": "Feature", "properties": { "PNU": "4113110600109760001", "JIBUN": "976-1 도", "purp_class": "empty", "mainPurps": "정보없음", "totArea_sum": 0, "area_m2": 193, "far_pct": 0 }, "geometry": { "type": "Polygon", "coordinates": [ [ [ 127.16321574625843, 37.462785532169988 ], [ 127.162929876623338, 37.462854318144998 ], [ 127.162995838651312, 37.46290510770541 ], [ 127.163261461446297, 37.462861244012096 ], [ 127.16321574625843, 37.462785532169988 ] ] ] } },
{ "type": "Feature", "properties": { "PNU": "4113110600109770000", "JIBUN": "977 도", "purp_class": "empty", "mainPurps": "정보없음", "totArea_sum": 0, "area_m2": 682, "far_pct": 0 }, "geometry": { "type": "Polygon", "coordinates": [ [ [ 127.163117003837471, 37.462597744912671 ], [ 127.162760794733316, 37.462734931724725 ], [ 127.162698362158807, 37.462759046656572 ], [ 127.162929876623338, 37.462854318144998 ], [ 127.16321574625843, 37.462785532169988 ], [ 127.163117003837471, 37.462597744912671 ] ] ] } },
{ "type": "Feature", "properties": { "PNU": "4113110600109780000", "JIBUN": "978전", "purp_class": "empty", "mainPurps": "정보없음", "totArea_sum": 0, "area_m2": 783, "far_pct": 0 }, "geometry": { "type": "Polygon", "coordinates": [ [ [ 127.16279154599566, 37.462548463107808 ], [ 127.163084945050457, 37.462470341783771 ], [ 127.162889233184146, 37.462214066416308 ], [ 127.162596635162885, 37.462064538575724 ], [ 127.162788111755134, 37.462291474526047 ], [ 127.162856883649511, 37.462477167610167 ], [ 127.16279154599566, 37.462548463107808 ] ] ] } },
{ "type": "Feature", "properties": { "PNU": "4113110600109790000", "JIBUN": "979도", "purp_class": "empty", "mainPurps": "정보없음", "totArea_sum": 0, "area_m2": 95, "far_pct": 0 }, "geometry": { "type": "Polygon", "coordinates": [ [ [ 127.164155616254519, 37.462135294605687 ], [ 127.164304356206074, 37.462120457518374 ], [ 127.164472839179027, 37.462005032002068 ], [ 127.164155616254519, 37.462135294605687 ] ] ] } },
{ "type": "Feature", "properties": { "PNU": "4113110600109790001", "JIBUN": "979-1 도", "purp_class": "empty", "mainPurps": "정보없음", "totArea_sum": 0, "area_m2": 5707, "far_pct": 0 }, "geometry": { "type": "Polygon", "coordinates": [ [ [ 127.165351449036635, 37.46316303944981 ], [ 127.165523511313822, 37.462817815553052 ], [ 127.165005580745515, 37.462655019060129 ], [ 127.16469211518644, 37.462418956863502 ], [ 127.164117978931955, 37.46247038460028 ], [ 127.163926996680303, 37.462578605466099 ], [ 127.163877378115401, 37.462736628584025 ], [ 127.163582476266967, 37.462830809816509 ], [ 127.16361292182485, 37.462933022955148 ], [ 127.164153419487192, 37.462791048061845 ], [ 127.16489212101105, 37.462858604549083 ], [ 127.165351449036635, 37.46316303944981 ] ] ] } },
{ "type": "Feature", "properties": { "PNU": "4113110600109790002", "JIBUN": "979-2임", "purp_class": "empty", "mainPurps": "정보없음", "totArea_sum": 0, "area_m2": 34, "far_pct": 0 }, "geometry": { "type": "Polygon", "coordinates": [ [ [ 127.165501798226046, 37.462812854124202 ], [ 127.165444888332615, 37.462736104504792 ], [ 127.16542642329253, 37.462738148364302 ], [ 127.165501798226046, 37.462812854124202 ] ] ] } },
{ "type": "Feature", "properties": { "PNU": "4113110600109790003", "JIBUN": "979-3 도", "purp_class": "empty", "mainPurps": "정보없음", "totArea_sum": 0, "area_m2": 693, "far_pct": 0 }, "geometry": { "type": "Polygon", "coordinates": [ [ [ 127.164117978931955, 37.46247038460028 ], [ 127.16469211518644, 37.462418956863502 ], [ 127.164941310537785, 37.462587487634238 ], [ 127.164638823723962, 37.462259084268055 ], [ 127.164117978931955, 37.46247038460028 ] ] ] } },
{ "type": "Feature", "properties": { "PNU": "4113110600109790004", "JIBUN": "979-4도", "purp_class": "non_resi", "mainPurps": "제1종근린생활시설", "totArea_sum": 110, "area_m2": 2119, "far_pct": 5 }, "geometry": { "type": "Polygon", "coordinates": [ [ [ 127.16458893270412, 37.461957740364205 ], [ 127.163481287078625, 37.462436651343594 ], [ 127.164774757935746, 37.462083354020656 ], [ 127.164982557451964, 37.462188340045692 ], [ 127.165153247391331, 37.462484407878861 ], [ 127.16542642329253, 37.462738148364302 ], [ 127.16553151180841, 37.462775403222835 ], [ 127.165559022623839, 37.462629934053666 ], [ 127.165833796225058, 37.462786462099508 ], [ 127.16564442815536, 37.462587801677145 ], [ 127.165306878652885, 37.462524983488798 ], [ 127.165180553712716, 37.462275940899303 ], [ 127.164846838067817, 37.462000190896525 ], [ 127.164648276554004, 37.462031702946319 ], [ 127.16458893270412, 37.461957740364205 ] ] ] } },
{ "type": "Feature", "properties": { "PNU": "4113110600109790005", "JIBUN": "979-5도", "purp_class": "empty", "mainPurps": "정보없음", "totArea_sum": 0, "area_m2": 462, "far_pct": 0 }, "geometry": { "type": "Polygon", "coordinates": [ [ [ 127.163446588028847, 37.462610448430475 ], [ 127.163495697668438, 37.46267723559744 ], [ 127.163851826502039, 37.462618695285293 ], [ 127.164117978931955, 37.46247038460028 ], [ 127.163446588028847, 37.462610448430475 ] ] ] } },
{ "type": "Feature", "properties": { "PNU": "4113110600109790006", "JIBUN": "979-6임", "purp_class": "empty", "mainPurps": "정보없음", "totArea_sum": 0, "area_m2": 3741, "far_pct": 0 }, "geometry": { "type": "Polygon", "coordinates": [ [ [ 127.165856137537162, 37.462809902176531 ], [ 127.166331850119647, 37.462863119711365 ], [ 127.165433316682169, 37.462012479500601 ], [ 127.165130341184948, 37.462217120828193 ], [ 127.16502659614234, 37.46212157782319 ], [ 127.165306878652885, 37.462524983488798 ], [ 127.16564442815536, 37.462587801677145 ], [ 127.165856137537162, 37.462809902176531 ] ] ] } },
{ "type": "Feature", "properties": { "PNU": "4113110600109790007", "JIBUN": "979-7임", "purp_class": "empty", "mainPurps": "정보없음", "totArea_sum": 0, "area_m2": 503, "far_pct": 0 }, "geometry": { "type": "Polygon", "coordinates": [ [ [ 127.164640567228091, 37.46176606165713 ], [ 127.164472839179027, 37.462005032002068 ], [ 127.16458893270412, 37.461957740364205 ], [ 127.164648276554004, 37.462031702946319 ], [ 127.164846838067817, 37.462000190896525 ], [ 127.16502659614234, 37.46212157782319 ], [ 127.164640567228091, 37.46176606165713 ] ] ] } },
{ "type": "Feature", "properties": { "PNU": "4113110600109790008", "JIBUN": "979-8임", "purp_class": "empty", "mainPurps": "정보없음", "totArea_sum": 0, "area_m2": 28305, "far_pct": 0 }, "geometry": { "type": "Polygon", "coordinates": [ [ [ 127.164558546169573, 37.461690517558417 ], [ 127.164199538433905, 37.461341368777148 ], [ 127.16329819798861, 37.460873237141925 ], [ 127.163180316127125, 37.461065997038368 ], [ 127.162769824623595, 37.460497177446619 ], [ 127.162502244489545, 37.460351831882484 ], [ 127.162296416396387, 37.46076771816066 ], [ 127.162165267301546, 37.460851797990927 ], [ 127.162168785932622, 37.461556098894683 ], [ 127.162285795037363, 37.461698532634422 ], [ 127.161992051351959, 37.461847092923222 ], [ 127.162329840221176, 37.461823829360121 ], [ 127.162505135393545, 37.462169603153839 ], [ 127.162788111755134, 37.462291474526047 ], [ 127.162596635162885, 37.462064538575724 ], [ 127.162889233184146, 37.462214066416308 ], [ 127.163084945050457, 37.462470341783771 ], [ 127.163237509728958, 37.462467565248794 ], [ 127.163717698762895, 37.462376293236247 ], [ 127.164155616254519, 37.462135294605687 ], [ 127.164244606098606, 37.461916273260414 ], [ 127.164558546169573, 37.461690517558417 ] ] ] } },
{ "type": "Feature", "properties": { "PNU": "4113110600109790009", "JIBUN": "979-9도", "purp_class": "empty", "mainPurps": "정보없음", "totArea_sum": 0, "area_m2": 16, "far_pct": 0 }, "geometry": { "type": "Polygon", "coordinates": [ [ [ 127.163367913028253, 37.46250345390493 ], [ 127.163332449653637, 37.462516774251007 ], [ 127.163421398417881, 37.46257619975524 ], [ 127.163367913028253, 37.46250345390493 ] ] ] } },
{ "type": "Feature", "properties": { "PNU": "4113110600109790010", "JIBUN": "979-10 도", "purp_class": "empty", "mainPurps": "정보없음", "totArea_sum": 0, "area_m2": 63, "far_pct": 0 }, "geometry": { "type": "Polygon", "coordinates": [ [ [ 127.165313516470292, 37.4627698310209 ], [ 127.165501798226046, 37.462812854124202 ], [ 127.16542642329253, 37.462738148364302 ], [ 127.165313516470292, 37.4627698310209 ] ] ] } },
{ "type": "Feature", "properties": { "PNU": "4113110600109790011", "JIBUN": "979-11도", "purp_class": "empty", "mainPurps": "정보없음", "totArea_sum": 0, "area_m2": 4192, "far_pct": 0 }, "geometry": { "type": "Polygon", "coordinates": [ [ [ 127.163367913028253, 37.46250345390493 ], [ 127.163446588028847, 37.462610448430475 ], [ 127.164117978931955, 37.46247038460028 ], [ 127.164638823723962, 37.462259084268055 ], [ 127.165005580745515, 37.462655019060129 ], [ 127.165313516470292, 37.4627698310209 ], [ 127.16542642329253, 37.462738148364302 ], [ 127.165153247391331, 37.462484407878861 ], [ 127.164982557451964, 37.462188340045692 ], [ 127.164717029127061, 37.46207647800631 ], [ 127.163367913028253, 37.46250345390493 ] ] ] } },
{ "type": "Feature", "properties": { "PNU": "4113110600109790012", "JIBUN": "979-12 도", "purp_class": "empty", "mainPurps": "정보없음", "totArea_sum": 0, "area_m2": 79, "far_pct": 0 }, "geometry": { "type": "Polygon", "coordinates": [ [ [ 127.163237509728958, 37.462467565248794 ], [ 127.163367913028253, 37.46250345390493 ], [ 127.163481287078625, 37.462436651343594 ], [ 127.163237509728958, 37.462467565248794 ] ] ] } },
{ "type": "Feature", "properties": { "PNU": "4113110600109790013", "JIBUN": "979-13 도", "purp_class": "empty", "mainPurps": "정보없음", "totArea_sum": 0, "area_m2": 16055, "far_pct": 0 }, "geometry": { "type": "Polygon", "coordinates": [ [ [ 127.16361292182485, 37.462933022955148 ], [ 127.163662860589938, 37.46310618138849 ], [ 127.164041667097706, 37.463168388911996 ], [ 127.16435859907277, 37.463344900706623 ], [ 127.164535477980351, 37.46334688232772 ], [ 127.164999755851568, 37.463535911220625 ], [ 127.165266553983017, 37.463766180700794 ], [ 127.165760984848362, 37.463816743651819 ], [ 127.16584994451263, 37.464050006886353 ], [ 127.166612535689296, 37.464159992666872 ], [ 127.167008300678702, 37.464276587570275 ], [ 127.1670544381995, 37.464403285106137 ], [ 127.167215589561081, 37.463956485979324 ], [ 127.167282142033315, 37.464006731704188 ], [ 127.167298543097274, 37.463904237586561 ], [ 127.167004855755025, 37.463759776875065 ], [ 127.166633363281761, 37.463746637287301 ], [ 127.166651351205701, 37.463830792899969 ], [ 127.166223897928248, 37.463731260912262 ], [ 127.16489212101105, 37.462858604549083 ], [ 127.164153419487192, 37.462791048061845 ], [ 127.16361292182485, 37.462933022955148 ] ] ] } },
{ "type": "Feature", "properties": { "PNU": "4113110600109790014", "JIBUN": "979-14 도", "purp_class": "empty", "mainPurps": "정보없음", "totArea_sum": 0, "area_m2": 519, "far_pct": 0 }, "geometry": { "type": "Polygon", "coordinates": [ [ [ 127.163495697668438, 37.46267723559744 ], [ 127.163582476266967, 37.462830809816509 ], [ 127.163877378115401, 37.462736628584025 ], [ 127.163926996680303, 37.462578605466099 ], [ 127.163495697668438, 37.46267723559744 ] ] ] } },
{ "type": "Feature", "properties": { "PNU": "4113110600109800000", "JIBUN": "980답", "purp_class": "empty", "mainPurps": "정보없음", "totArea_sum": 0, "area_m2": 883, "far_pct": 0 }, "geometry": { "type": "Polygon", "coordinates": [ [ [ 127.164640567228091, 37.46176606165713 ], [ 127.164521449003445, 37.461700732053608 ], [ 127.164244606098606, 37.461916273260414 ], [ 127.164155616254519, 37.462135294605687 ], [ 127.164472839179027, 37.462005032002068 ], [ 127.164640567228091, 37.46176606165713 ] ] ] } },
{ "type": "Feature", "properties": { "PNU": "4113110600109800001", "JIBUN": "980-1답", "purp_class": "empty", "mainPurps": "정보없음", "totArea_sum": 0, "area_m2": 429, "far_pct": 0 }, "geometry": { "type": "Polygon", "coordinates": [ [ [ 127.16498214265826, 37.461681048512204 ], [ 127.164920470064985, 37.461523854587107 ], [ 127.164558546169573, 37.461690517558417 ], [ 127.164640567228091, 37.46176606165713 ], [ 127.16498214265826, 37.461681048512204 ] ] ] } },
{ "type": "Feature", "properties": { "PNU": "4113110600109810001", "JIBUN": "981-1구", "purp_class": "empty", "mainPurps": "정보없음", "totArea_sum": 0, "area_m2": 1318, "far_pct": 0 }, "geometry": { "type": "Polygon", "coordinates": [ [ [ 127.163237509728958, 37.462467565248794 ], [ 127.163084945050457, 37.462470341783771 ], [ 127.162911943179836, 37.462556804220497 ], [ 127.16253596666138, 37.462536846279924 ], [ 127.16197364622019, 37.462210375579197 ], [ 127.161236609746666, 37.462246522128424 ], [ 127.160933488869347, 37.462047764536031 ], [ 127.16071160710267, 37.461785988671075 ], [ 127.160595759955029, 37.461811886342687 ], [ 127.160438139745949, 37.46170582500973 ], [ 127.160435310094911, 37.46181081377388 ], [ 127.160547209511051, 37.461868895121903 ], [ 127.160723705947021, 37.46182011140516 ], [ 127.160856221029732, 37.462042642917559 ], [ 127.161259928943537, 37.462321264905711 ], [ 127.161756926993633, 37.462293426813638 ], [ 127.161896883600321, 37.462224931875923 ], [ 127.16249612347201, 37.462584599690835 ], [ 127.162835566018529, 37.462598282587805 ], [ 127.163237509728958, 37.462467565248794 ] ] ] } },
{ "type": "Feature", "properties": { "PNU": "4113110600109810002", "JIBUN": "981-2구", "purp_class": "empty", "mainPurps": "정보없음", "totArea_sum": 0, "area_m2": 309, "far_pct": 0 }, "geometry": { "type": "Polygon", "coordinates": [ [ [ 127.163662860589938, 37.46310618138849 ], [ 127.163632326967772, 37.463156958785902 ], [ 127.163689687478197, 37.463265117637825 ], [ 127.163811086111139, 37.463286466948517 ], [ 127.163826413778779, 37.463495803066628 ], [ 127.163987842983289, 37.463660491907547 ], [ 127.163965165829424, 37.463925769477193 ], [ 127.164022246883746, 37.463669274438146 ], [ 127.163858676148877, 37.463486541487043 ], [ 127.163840158631487, 37.463270947779975 ], [ 127.163706652625848, 37.463233189822013 ], [ 127.163662860589938, 37.46310618138849 ] ] ] } },
{ "type": "Feature", "properties": { "PNU": "4113110600109810003", "JIBUN": "981-3 도", "purp_class": "empty", "mainPurps": "정보없음", "totArea_sum": 0, "area_m2": 268, "far_pct": 0 }, "geometry": { "type": "Polygon", "coordinates": [ [ [ 127.163662860589938, 37.46310618138849 ], [ 127.163525251931347, 37.462717433906633 ], [ 127.163421398417881, 37.46257619975524 ], [ 127.16321649349446, 37.46247115297033 ], [ 127.16350807958456, 37.4627423701954 ], [ 127.163662860589938, 37.46310618138849 ] ] ] } },
{ "type": "Feature", "properties": { "PNU": "4113110600109850000", "JIBUN": "985답", "purp_class": "empty", "mainPurps": "정보없음", "totArea_sum": 0, "area_m2": 1547, "far_pct": 0 }, "geometry": { "type": "Polygon", "coordinates": [ [ [ 127.162030112487173, 37.462292947967043 ], [ 127.161716774785461, 37.462509100433586 ], [ 127.16183807172871, 37.462510125271329 ], [ 127.161858613089819, 37.462591133670003 ], [ 127.162450012267911, 37.46270867662902 ], [ 127.162465349671592, 37.462592146965534 ], [ 127.162784237470888, 37.462603263111042 ], [ 127.163010153354207, 37.462586718527533 ], [ 127.16249612347201, 37.462584599690835 ], [ 127.162030112487173, 37.462292947967043 ] ] ] } },
{ "type": "Feature", "properties": { "PNU": "4113110600109850003", "JIBUN": "985-3 도", "purp_class": "empty", "mainPurps": "정보없음", "totArea_sum": 0, "area_m2": 665, "far_pct": 0 }, "geometry": { "type": "Polygon", "coordinates": [ [ [ 127.162450012267911, 37.46270867662902 ], [ 127.162760794733316, 37.462734931724725 ], [ 127.163117003837471, 37.462597744912671 ], [ 127.162465349671592, 37.462592146965534 ], [ 127.162450012267911, 37.46270867662902 ] ] ] } },
{ "type": "Feature", "properties": { "PNU": "4113110600109860000", "JIBUN": "986답", "purp_class": "empty", "mainPurps": "정보없음", "totArea_sum": 0, "area_m2": 1708, "far_pct": 0 }, "geometry": { "type": "Polygon", "coordinates": [ [ [ 127.162329795881391, 37.462420663275338 ], [ 127.16253596666138, 37.462536846279924 ], [ 127.162851024226413, 37.462517225220566 ], [ 127.162788111755134, 37.462291474526047 ], [ 127.162285741710747, 37.462069593072272 ], [ 127.162329795881391, 37.462420663275338 ] ] ] } },
{ "type": "Feature", "properties": { "PNU": "4113110600107610000", "JIBUN": "761도", "purp_class": "empty", "mainPurps": "정보없음", "totArea_sum": 0, "area_m2": 33, "far_pct": 0 }, "geometry": { "type": "Polygon", "coordinates": [ [ [ 127.160909631451105, 37.45578127646791 ], [ 127.160785074454594, 37.455815394241647 ], [ 127.160803644590729, 37.455837002337468 ], [ 127.160909631451105, 37.45578127646791 ] ] ] } },
{ "type": "Feature", "properties": { "PNU": "4113110600107680000", "JIBUN": "768도", "purp_class": "empty", "mainPurps": "정보없음", "totArea_sum": 0, "area_m2": 23, "far_pct": 0 }, "geometry": { "type": "Polygon", "coordinates": [ [ [ 127.160783294951273, 37.456026213710139 ], [ 127.160735231767163, 37.456034009089123 ], [ 127.160798431816005, 37.456107653140378 ], [ 127.160783294951273, 37.456026213710139 ] ] ] } },
{ "type": "Feature", "properties": { "PNU": "4113110600107690000", "JIBUN": "769대", "purp_class": "empty", "mainPurps": "정보없음", "totArea_sum": 0, "area_m2": 100, "far_pct": 0 }, "geometry": { "type": "Polygon", "coordinates": [ [ [ 127.160646086448281, 37.456047851450251 ], [ 127.160573947585632, 37.456086781857252 ], [ 127.160658524738096, 37.456183958482264 ], [ 127.160728506529949, 37.456145787773949 ], [ 127.160646086448281, 37.456047851450251 ] ] ] } },
{ "type": "Feature", "properties": { "PNU": "4113110600101720000", "JIBUN": "172도", "purp_class": "empty", "mainPurps": "정보없음", "totArea_sum": 0, "area_m2": 138, "far_pct": 0 }, "geometry": { "type": "Polygon", "coordinates": [ [ [ 127.166034665855918, 37.462033006697474 ], [ 127.166380073663646, 37.461860920195925 ], [ 127.166316980099339, 37.461804452193455 ], [ 127.166034665855918, 37.462033006697474 ] ] ] } },
{ "type": "Feature", "properties": { "PNU": "4113110600600000001", "JIBUN": "0-1가", "purp_class": "empty", "mainPurps": "정보없음", "totArea_sum": 0, "area_m2": 157, "far_pct": 0 }, "geometry": { "type": "Polygon", "coordinates": [ [ [ 127.168664833980429, 37.463899745189693 ], [ 127.168688875043017, 37.463833154066954 ], [ 127.168336757944004, 37.463846346773451 ], [ 127.168387581342657, 37.463888505047919 ], [ 127.168664833980429, 37.463899745189693 ] ] ] } },
{ "type": "Feature", "properties": { "PNU": "4113110600101760000", "JIBUN": "176대", "purp_class": "non_resi", "mainPurps": "제1종근린생활시설", "totArea_sum": 331, "area_m2": 128, "far_pct": 258 }, "geometry": { "type": "Polygon", "coordinates": [ [ [ 127.166366047097029, 37.461995063169205 ], [ 127.166452131749082, 37.461933305398318 ], [ 127.16634707058499, 37.461856686463328 ], [ 127.166274480506019, 37.461907523201802 ], [ 127.166366047097029, 37.461995063169205 ] ] ] } },
{ "type": "Feature", "properties": { "PNU": "4113110600101770000", "JIBUN": "177도", "purp_class": "empty", "mainPurps": "정보없음", "totArea_sum": 0, "area_m2": 83, "far_pct": 0 }, "geometry": { "type": "Polygon", "coordinates": [ [ [ 127.166244560326504, 37.462118408777265 ], [ 127.166452131749082, 37.461933305398318 ], [ 127.166222891536805, 37.462097499653844 ], [ 127.166244560326504, 37.462118408777265 ] ] ] } },
{ "type": "Feature", "properties": { "PNU": "4113110600101860000", "JIBUN": "186대", "purp_class": "empty", "mainPurps": "정보없음", "totArea_sum": 0, "area_m2": 104, "far_pct": 0 }, "geometry": { "type": "Polygon", "coordinates": [ [ [ 127.166364379534087, 37.462332157986438 ], [ 127.166679685396687, 37.462148768966308 ], [ 127.166656374592634, 37.462126528731964 ], [ 127.166364379534087, 37.462332157986438 ] ] ] } },
{ "type": "Feature", "properties": { "PNU": "4113110600101910000", "JIBUN": "191도", "purp_class": "empty", "mainPurps": "정보없음", "totArea_sum": 0, "area_m2": 137, "far_pct": 0 }, "geometry": { "type": "Polygon", "coordinates": [ [ [ 127.166479601055912, 37.462438784157065 ], [ 127.166815519174875, 37.462278846158455 ], [ 127.166756414739069, 37.462222282715253 ], [ 127.166479601055912, 37.462438784157065 ] ] ] } },
{ "type": "Feature", "properties": { "PNU": "4113110600101980000", "JIBUN": "198대", "purp_class": "non_resi", "mainPurps": "제1종근린생활시설", "totArea_sum": 131, "area_m2": 156, "far_pct": 84 }, "geometry": { "type": "Polygon", "coordinates": [ [ [ 127.166901400164676, 37.4623607173341 ], [ 127.166800789068006, 37.462431965292808 ], [ 127.166901478028734, 37.462524375517042 ], [ 127.166977483476785, 37.462433240736566 ], [ 127.166901400164676, 37.4623607173341 ] ] ] } },
{ "type": "Feature", "properties": { "PNU": "4113110600101990000", "JIBUN": "199학", "purp_class": "non_resi", "mainPurps": "교육연구시설", "totArea_sum": 27212, "area_m2": 8362, "far_pct": 325 }, "geometry": { "type": "Polygon", "coordinates": [ [ [ 127.167707159774835, 37.461860458006058 ], [ 127.167109331398152, 37.461411444049368 ], [ 127.166995968689349, 37.461512001682259 ], [ 127.166629799966245, 37.461236770640021 ], [ 127.166220147388728, 37.461567839448648 ], [ 127.167043803113984, 37.462383673758602 ], [ 127.167707159774835, 37.461860458006058 ] ] ] } },
{ "type": "Feature", "properties": { "PNU": "4113110600102110000", "JIBUN": "211대", "purp_class": "non_resi", "mainPurps": "제2종근린생활시설", "totArea_sum": 1221, "area_m2": 334, "far_pct": 366 }, "geometry": { "type": "Polygon", "coordinates": [ [ [ 127.16693022075755, 37.46127685065612 ], [ 127.166748032980976, 37.461140729583505 ], [ 127.166629799966245, 37.461236770640021 ], [ 127.166816086828177, 37.461376237893369 ], [ 127.16693022075755, 37.46127685065612 ] ] ] } },
{ "type": "Feature", "properties": { "PNU": "4113110600102110001", "JIBUN": "211-1대", "purp_class": "non_resi", "mainPurps": "제2종근린생활시설", "totArea_sum": 1223, "area_m2": 327, "far_pct": 374 }, "geometry": { "type": "Polygon", "coordinates": [ [ [ 127.16693022075755, 37.46127685065612 ], [ 127.166816086828177, 37.461376237893369 ], [ 127.166995968689349, 37.461512001682259 ], [ 127.167109331398152, 37.461411444049368 ], [ 127.16693022075755, 37.46127685065612 ] ] ] } },
{ "type": "Feature", "properties": { "PNU": "4113110600102120000", "JIBUN": "212학", "purp_class": "non_resi", "mainPurps": "교육연구시설", "totArea_sum": 66561, "area_m2": 43196, "far_pct": 154 }, "geometry": { "type": "Polygon", "coordinates": [ [ [ 127.163336466102649, 37.459890603905833 ], [ 127.165433316682169, 37.462012479500601 ], [ 127.166697537747083, 37.461102615629869 ], [ 127.166141610830223, 37.46068486604058 ], [ 127.164802687247118, 37.459114741857029 ], [ 127.163336466102649, 37.459890603905833 ] ] ] } },
{ "type": "Feature", "properties": { "PNU": "4113110600102230000", "JIBUN": "223대", "purp_class": "non_resi", "mainPurps": "제2종근린생활시설", "totArea_sum": 1413, "area_m2": 341, "far_pct": 414 }, "geometry": { "type": "Polygon", "coordinates": [ [ [ 127.164452577352051, 37.458881468543488 ], [ 127.164648997524651, 37.4591115573132 ], [ 127.164752227793556, 37.459055606581003 ], [ 127.164556791191202, 37.45882570583484 ], [ 127.164452577352051, 37.458881468543488 ] ] ] } },
{ "type": "Feature", "properties": { "PNU": "4113110600102240000", "JIBUN": "224대", "purp_class": "non_resi", "mainPurps": "제2종근린생활시설", "totArea_sum": 1927, "area_m2": 368, "far_pct": 523 }, "geometry": { "type": "Polygon", "coordinates": [ [ [ 127.164291270374633, 37.458967051954978 ], [ 127.164556791191202, 37.45882570583484 ], [ 127.164473403273064, 37.458728151989362 ], [ 127.164208913056086, 37.4588703614696 ], [ 127.164291270374633, 37.458967051954978 ] ] ] } },
{ "type": "Feature", "properties": { "PNU": "4113110600102260000", "JIBUN": "226대", "purp_class": "non_resi", "mainPurps": "교육연구시설", "totArea_sum": 1372, "area_m2": 389, "far_pct": 353 }, "geometry": { "type": "Polygon", "coordinates": [ [ [ 127.164385649985704, 37.45862410785886 ], [ 127.164122736610068, 37.458768891847498 ], [ 127.164208913056086, 37.4588703614696 ], [ 127.164473403273064, 37.458728151989362 ], [ 127.164385649985704, 37.45862410785886 ] ] ] } },
{ "type": "Feature", "properties": { "PNU": "4113110600102270000", "JIBUN": "227대", "purp_class": "empty", "mainPurps": "정보없음", "totArea_sum": 0, "area_m2": 99, "far_pct": 0 }, "geometry": { "type": "Polygon", "coordinates": [ [ [ 127.164149930484527, 37.458643488705583 ], [ 127.164057636777542, 37.458692134750827 ], [ 127.164122736610068, 37.458768891847498 ], [ 127.1642135002228, 37.458718265649182 ], [ 127.164149930484527, 37.458643488705583 ] ] ] } },
{ "type": "Feature", "properties": { "PNU": "4113110600102290000", "JIBUN": "229대", "purp_class": "non_resi", "mainPurps": "제1종근린생활시설", "totArea_sum": 987, "area_m2": 374, "far_pct": 264 }, "geometry": { "type": "Polygon", "coordinates": [ [ [ 127.164113078021103, 37.458552015404528 ], [ 127.1642135002228, 37.458718265649182 ], [ 127.164385649985704, 37.45862410785886 ], [ 127.164257377404965, 37.458473267243562 ], [ 127.164113078021103, 37.458552015404528 ] ] ] } },
{ "type": "Feature", "properties": { "PNU": "4113110600102300000", "JIBUN": "230대", "purp_class": "non_resi", "mainPurps": "제1종근린생활시설", "totArea_sum": 1270, "area_m2": 359, "far_pct": 354 }, "geometry": { "type": "Polygon", "coordinates": [ [ [ 127.163913360607197, 37.458520556634944 ], [ 127.163993715666493, 37.458616817603385 ], [ 127.164257377404965, 37.458473267243562 ], [ 127.16417718535503, 37.458379294778624 ], [ 127.163913360607197, 37.458520556634944 ] ] ] } },
{ "type": "Feature", "properties": { "PNU": "4113110600102320000", "JIBUN": "232대", "purp_class": "non_resi", "mainPurps": "제1종근린생활시설", "totArea_sum": 308, "area_m2": 253, "far_pct": 122 }, "geometry": { "type": "Polygon", "coordinates": [ [ [ 127.16417718535503, 37.458379294778624 ], [ 127.164078296883829, 37.458263435552091 ], [ 127.163926094755141, 37.458346275906464 ], [ 127.164023286819557, 37.458461723129524 ], [ 127.16417718535503, 37.458379294778624 ] ] ] } },
{ "type": "Feature", "properties": { "PNU": "4113110600102350000", "JIBUN": "235대", "purp_class": "non_resi", "mainPurps": "제1종근린생활시설", "totArea_sum": 255, "area_m2": 202, "far_pct": 127 }, "geometry": { "type": "Polygon", "coordinates": [ [ [ 127.163918423172746, 37.458337150265358 ], [ 127.164078296883829, 37.458263435552091 ], [ 127.16399913632668, 37.458170623839237 ], [ 127.163848257960652, 37.45825404792744 ], [ 127.163918423172746, 37.458337150265358 ] ] ] } },
{ "type": "Feature", "properties": { "PNU": "4113110600102360000", "JIBUN": "236대", "purp_class": "non_resi", "mainPurps": "제1종근린생활시설", "totArea_sum": 138, "area_m2": 131, "far_pct": 105 }, "geometry": { "type": "Polygon", "coordinates": [ [ [ 127.163848257960652, 37.45825404792744 ], [ 127.163755054848579, 37.458305388991178 ], [ 127.16380949892779, 37.458399334034262 ], [ 127.163918423172746, 37.458337150265358 ], [ 127.163848257960652, 37.45825404792744 ] ] ] } },
{ "type": "Feature", "properties": { "PNU": "4113110600102370000", "JIBUN": "237도", "purp_class": "empty", "mainPurps": "정보없음", "totArea_sum": 0, "area_m2": 482, "far_pct": 0 }, "geometry": { "type": "Polygon", "coordinates": [ [ [ 127.164510352363678, 37.459186793240598 ], [ 127.163755054848579, 37.458305388991178 ], [ 127.163679384084162, 37.458347263401492 ], [ 127.164430784505271, 37.459229961936678 ], [ 127.164510352363678, 37.459186793240598 ] ] ] } },
{ "type": "Feature", "properties": { "PNU": "4113110600102380000", "JIBUN": "238대", "purp_class": "non_resi", "mainPurps": "제2종근린생활시설", "totArea_sum": 463, "area_m2": 192, "far_pct": 241 }, "geometry": { "type": "Polygon", "coordinates": [ [ [ 127.163679384084162, 37.458347263401492 ], [ 127.163529131245298, 37.458427577757512 ], [ 127.16359519429389, 37.458505847515696 ], [ 127.163768880764536, 37.458416580965661 ], [ 127.163679384084162, 37.458347263401492 ] ] ] } },
{ "type": "Feature", "properties": { "PNU": "4113110600102460000", "JIBUN": "246도", "purp_class": "empty", "mainPurps": "정보없음", "totArea_sum": 0, "area_m2": 25, "far_pct": 0 }, "geometry": { "type": "Polygon", "coordinates": [ [ [ 127.163977728118198, 37.458854560527627 ], [ 127.164102954291991, 37.458809419201728 ], [ 127.164089968781397, 37.458794327225071 ], [ 127.163977728118198, 37.458854560527627 ] ] ] } },
{ "type": "Feature", "properties": { "PNU": "4113110600102640000", "JIBUN": "264대", "purp_class": "empty", "mainPurps": "정보없음", "totArea_sum": 0, "area_m2": 136, "far_pct": 0 }, "geometry": { "type": "Polygon", "coordinates": [ [ [ 127.163839996307956, 37.458792922872426 ], [ 127.163674532156207, 37.458900702886389 ], [ 127.163920095290081, 37.458885661311712 ], [ 127.163839996307956, 37.458792922872426 ] ] ] } },
{ "type": "Feature", "properties": { "PNU": "4113110600102700000", "JIBUN": "270대", "purp_class": "non_resi", "mainPurps": "제2종근린생활시설", "totArea_sum": 460, "area_m2": 185, "far_pct": 248 }, "geometry": { "type": "Polygon", "coordinates": [ [ [ 127.163529131245298, 37.458427577757512 ], [ 127.16338960294695, 37.458502038725776 ], [ 127.163418890065159, 37.458597369906137 ], [ 127.16359519429389, 37.458505847515696 ], [ 127.163529131245298, 37.458427577757512 ] ] ] } },
{ "type": "Feature", "properties": { "PNU": "4113110600102720000", "JIBUN": "272대", "purp_class": "empty", "mainPurps": "정보없음", "totArea_sum": 0, "area_m2": 167, "far_pct": 0 }, "geometry": { "type": "Polygon", "coordinates": [ [ [ 127.163187786706501, 37.458729259916119 ], [ 127.163345708399035, 37.458640637247839 ], [ 127.163305741507742, 37.458593046864387 ], [ 127.163121572123444, 37.458653999494302 ], [ 127.163187786706501, 37.458729259916119 ] ] ] } },
{ "type": "Feature", "properties": { "PNU": "4113110600102740000", "JIBUN": "274대", "purp_class": "empty", "mainPurps": "정보없음", "totArea_sum": 0, "area_m2": 148, "far_pct": 0 }, "geometry": { "type": "Polygon", "coordinates": [ [ [ 127.163161532421455, 37.458835100750512 ], [ 127.163042004743673, 37.458697500630414 ], [ 127.162967607436556, 37.4587380033161 ], [ 127.163086953890783, 37.458875459597621 ], [ 127.163161532421455, 37.458835100750512 ] ] ] } },
{ "type": "Feature", "properties": { "PNU": "4113110600102990000", "JIBUN": "299도", "purp_class": "empty", "mainPurps": "정보없음", "totArea_sum": 0, "area_m2": 61, "far_pct": 0 }, "geometry": { "type": "Polygon", "coordinates": [ [ [ 127.163323983314299, 37.459175070588991 ], [ 127.163484027196219, 37.459299703503298 ], [ 127.163363406413254, 37.45915374390011 ], [ 127.163323983314299, 37.459175070588991 ] ] ] } },
{ "type": "Feature", "properties": { "PNU": "4113110600201090000", "JIBUN": "산109임", "purp_class": "empty", "mainPurps": "정보없음", "totArea_sum": 0, "area_m2": 13302, "far_pct": 0 }, "geometry": { "type": "Polygon", "coordinates": [ [ [ 127.162671317049629, 37.464161666649126 ], [ 127.163014619841192, 37.463985502344585 ], [ 127.163002883644509, 37.463668644488848 ], [ 127.162767056350219, 37.463324287621205 ], [ 127.162127766693786, 37.463627507912619 ], [ 127.161636282106883, 37.463589296541869 ], [ 127.161412613088828, 37.463712388129203 ], [ 127.161157044441254, 37.463574645844659 ], [ 127.160930710861081, 37.463726139749433 ], [ 127.160684355750476, 37.463593943205055 ], [ 127.160032867113074, 37.463451243948136 ], [ 127.160329312794488, 37.463902041458141 ], [ 127.161030264389666, 37.464553009404781 ], [ 127.161182424023352, 37.464506564434828 ], [ 127.161557055569361, 37.464076648497098 ], [ 127.161827032318783, 37.463973207790225 ], [ 127.161593677954201, 37.463832381920085 ], [ 127.161796349236838, 37.46371112047936 ], [ 127.162073380225621, 37.463661747865089 ], [ 127.162455890580645, 37.463758463863975 ], [ 127.162671317049629, 37.464161666649126 ] ] ] } },
{ "type": "Feature", "properties": { "PNU": "4113110600201070000", "JIBUN": "산107임", "purp_class": "empty", "mainPurps": "정보없음", "totArea_sum": 0, "area_m2": 4175, "far_pct": 0 }, "geometry": { "type": "Polygon", "coordinates": [ [ [ 127.161593677954201, 37.463832381920085 ], [ 127.162059299736754, 37.464229083793512 ], [ 127.162002372584297, 37.464386395210141 ], [ 127.162671317049629, 37.464161666649126 ], [ 127.162455890580645, 37.463758463863975 ], [ 127.162073380225621, 37.463661747865089 ], [ 127.161593677954201, 37.463832381920085 ] ] ] } },
{ "type": "Feature", "properties": { "PNU": "4113110600201050002", "JIBUN": "산105-2 임", "purp_class": "empty", "mainPurps": "정보없음", "totArea_sum": 0, "area_m2": 3266, "far_pct": 0 }, "geometry": { "type": "Polygon", "coordinates": [ [ [ 127.162739066239268, 37.464112541639494 ], [ 127.162805967603461, 37.464289704744232 ], [ 127.163112852622433, 37.465343342204292 ], [ 127.163535313648509, 37.465096618709445 ], [ 127.162739066239268, 37.464112541639494 ] ] ] } },
{ "type": "Feature", "properties": { "PNU": "4113110600201050001", "JIBUN": "산105-1임", "purp_class": "empty", "mainPurps": "관광휴게시설", "totArea_sum": 50, "area_m2": 4044, "far_pct": 1 }, "geometry": { "type": "Polygon", "coordinates": [ [ [ 127.163803931806697, 37.464996977599689 ], [ 127.163568050605363, 37.46450558776138 ], [ 127.163014619841192, 37.463985502344585 ], [ 127.162779413086909, 37.464093736710005 ], [ 127.163535313648509, 37.465096618709445 ], [ 127.163803931806697, 37.464996977599689 ] ] ] } },
{ "type": "Feature", "properties": { "PNU": "4113110600201050000", "JIBUN": "산105임", "purp_class": "empty", "mainPurps": "정보없음", "totArea_sum": 0, "area_m2": 12614, "far_pct": 0 }, "geometry": { "type": "Polygon", "coordinates": [ [ [ 127.163112852622433, 37.465343342204292 ], [ 127.162739066239268, 37.464112541639494 ], [ 127.162403313180761, 37.464294091873164 ], [ 127.162002372584297, 37.464386395210141 ], [ 127.161587995415985, 37.465270742317237 ], [ 127.161941607808345, 37.465466978847985 ], [ 127.162153852244458, 37.465343442310399 ], [ 127.162601428017027, 37.465310405972716 ], [ 127.162751219458769, 37.465545282439926 ], [ 127.163112852622433, 37.465343342204292 ] ] ] } },
{ "type": "Feature", "properties": { "PNU": "4113110600103080000", "JIBUN": "308대", "purp_class": "empty", "mainPurps": "정보없음", "totArea_sum": 0, "area_m2": 110, "far_pct": 0 }, "geometry": { "type": "Polygon", "coordinates": [ [ [ 127.163192190993939, 37.45935756012782 ], [ 127.163135702274388, 37.459290377434066 ], [ 127.163020230862529, 37.459352163968738 ], [ 127.163077374772826, 37.459419201660744 ], [ 127.163192190993939, 37.45935756012782 ] ] ] } },
{ "type": "Feature", "properties": { "PNU": "4113110600105020000", "JIBUN": "502대", "purp_class": "non_resi", "mainPurps": "제2종근린생활시설", "totArea_sum": 471, "area_m2": 161, "far_pct": 293 }, "geometry": { "type": "Polygon", "coordinates": [ [ [ 127.163201180761547, 37.458178196407154 ], [ 127.16310584081026, 37.45822939572254 ], [ 127.163206202036605, 37.458347560320973 ], [ 127.163301121468081, 37.458295244255915 ], [ 127.163201180761547, 37.458178196407154 ] ] ] } },
{ "type": "Feature", "properties": { "PNU": "4113110600105030000", "JIBUN": "503대", "purp_class": "non_resi", "mainPurps": "제2종근린생활시설", "totArea_sum": 533, "area_m2": 154, "far_pct": 346 }, "geometry": { "type": "Polygon", "coordinates": [ [ [ 127.163401163762828, 37.458412084647435 ], [ 127.163301121468081, 37.458295244255915 ], [ 127.163206202036605, 37.458347560320973 ], [ 127.163281771612461, 37.458436998712138 ], [ 127.163401163762828, 37.458412084647435 ] ] ] } },
{ "type": "Feature", "properties": { "PNU": "4113110600200950002", "JIBUN": "산95-2임", "purp_class": "empty", "mainPurps": "정보없음", "totArea_sum": 0, "area_m2": 10988, "far_pct": 0 }, "geometry": { "type": "Polygon", "coordinates": [ [ [ 127.163112852622433, 37.465343342204292 ], [ 127.163370479924225, 37.466085542360325 ], [ 127.163561230068893, 37.466310468648736 ], [ 127.164059348037227, 37.46663150571672 ], [ 127.164405269177919, 37.466126701993382 ], [ 127.164355397456532, 37.46576727950449 ], [ 127.163737062227199, 37.46536957116431 ], [ 127.163665313147177, 37.465184117034312 ], [ 127.163767375826183, 37.465007353291526 ], [ 127.163112852622433, 37.465343342204292 ] ] ] } },
{ "type": "Feature", "properties": { "PNU": "4113110600200950001", "JIBUN": "산95-1임", "purp_class": "empty", "mainPurps": "정보없음", "totArea_sum": 0, "area_m2": 1051, "far_pct": 0 }, "geometry": { "type": "Polygon", "coordinates": [ [ [ 127.163767375826183, 37.465007353291526 ], [ 127.163665313147177, 37.465184117034312 ], [ 127.163737062227199, 37.46536957116431 ], [ 127.164415579958757, 37.46578885667688 ], [ 127.164433446650179, 37.465614884385666 ], [ 127.164340498715717, 37.465537715426336 ], [ 127.164120453726412, 37.465455810870779 ], [ 127.163993833386556, 37.465488628368334 ], [ 127.16379099698446, 37.465324852408941 ], [ 127.16371280758365, 37.465166869727568 ], [ 127.163767375826183, 37.465007353291526 ] ] ] } },
{ "type": "Feature", "properties": { "PNU": "4113110600200950000", "JIBUN": "산95임", "purp_class": "empty", "mainPurps": "정보없음", "totArea_sum": 0, "area_m2": 7042, "far_pct": 0 }, "geometry": { "type": "Polygon", "coordinates": [ [ [ 127.164059348037227, 37.46663150571672 ], [ 127.163561230068893, 37.466310468648736 ], [ 127.163370479924225, 37.466085542360325 ], [ 127.163112852622433, 37.465343342204292 ], [ 127.162751219458769, 37.465545282439926 ], [ 127.163005095165786, 37.466016115375119 ], [ 127.162963269947866, 37.46630460162266 ], [ 127.163188546944298, 37.466757885588002 ], [ 127.163945978095526, 37.466796941579112 ], [ 127.164059348037227, 37.46663150571672 ] ] ] } },
{ "type": "Feature", "properties": { "PNU": "4113110600103300000", "JIBUN": "330대", "purp_class": "empty", "mainPurps": "정보없음", "totArea_sum": 0, "area_m2": 106, "far_pct": 0 }, "geometry": { "type": "Polygon", "coordinates": [ [ [ 127.162982482600739, 37.45980560980756 ], [ 127.162929282191769, 37.459643465710172 ], [ 127.162873670180062, 37.459673941527967 ], [ 127.162982482600739, 37.45980560980756 ] ] ] } },
{ "type": "Feature", "properties": { "PNU": "4113110600103320000", "JIBUN": "332대", "purp_class": "empty", "mainPurps": "정보없음", "totArea_sum": 0, "area_m2": 193, "far_pct": 0 }, "geometry": { "type": "Polygon", "coordinates": [ [ [ 127.162900905870231, 37.459882459745813 ], [ 127.16300831324611, 37.460007084063918 ], [ 127.163096886481028, 37.459956515784931 ], [ 127.162974636182625, 37.45980981019612 ], [ 127.162900905870231, 37.459882459745813 ] ] ] } },
{ "type": "Feature", "properties": { "PNU": "4113110600200640002", "JIBUN": "산64-2임", "purp_class": "empty", "mainPurps": "정보없음", "totArea_sum": 0, "area_m2": 8361, "far_pct": 0 }, "geometry": { "type": "Polygon", "coordinates": [ [ [ 127.164014537892982, 37.460629226583706 ], [ 127.163336466102649, 37.459890603905833 ], [ 127.163056931198099, 37.460045940992707 ], [ 127.162942651336692, 37.460173607227752 ], [ 127.163007145793429, 37.460294659101351 ], [ 127.162769824623595, 37.460497177446619 ], [ 127.163180316127125, 37.461065997038368 ], [ 127.16329819798861, 37.460873237141925 ], [ 127.163721636261911, 37.461096087666029 ], [ 127.164014537892982, 37.460629226583706 ] ] ] } },
{ "type": "Feature", "properties": { "PNU": "4113110600200630002", "JIBUN": "산63-2임", "purp_class": "empty", "mainPurps": "정보없음", "totArea_sum": 0, "area_m2": 4808, "far_pct": 0 }, "geometry": { "type": "Polygon", "coordinates": [ [ [ 127.164558546169573, 37.461690517558417 ], [ 127.164920470064985, 37.461523854587107 ], [ 127.164014537892982, 37.460629226583706 ], [ 127.163721636261911, 37.461096087666029 ], [ 127.164199538433905, 37.461341368777148 ], [ 127.164558546169573, 37.461690517558417 ] ] ] } },
{ "type": "Feature", "properties": { "PNU": "4113110600200560001", "JIBUN": "산56-1임", "purp_class": "empty", "mainPurps": "정보없음", "totArea_sum": 0, "area_m2": 2111, "far_pct": 0 }, "geometry": { "type": "Polygon", "coordinates": [ [ [ 127.164640567228091, 37.46176606165713 ], [ 127.165130341184948, 37.462217120828193 ], [ 127.165433316682169, 37.462012479500601 ], [ 127.165012883438607, 37.461611899001952 ], [ 127.165012195004849, 37.461674681894515 ], [ 127.164640567228091, 37.46176606165713 ] ] ] } },
{ "type": "Feature", "properties": { "PNU": "4113110600200540004", "JIBUN": "산54-4임", "purp_class": "empty", "mainPurps": "정보없음", "totArea_sum": 0, "area_m2": 5672, "far_pct": 0 }, "geometry": { "type": "Polygon", "coordinates": [ [ [ 127.163662860589938, 37.46310618138849 ], [ 127.163706652625848, 37.463233189822013 ], [ 127.163840158631487, 37.463270947779975 ], [ 127.163858676148877, 37.463486541487043 ], [ 127.164022246883746, 37.463669274438146 ], [ 127.163994802321781, 37.463805120419487 ], [ 127.164125987011261, 37.463939612966101 ], [ 127.164038694945901, 37.464307162216166 ], [ 127.164413572139651, 37.464675823174282 ], [ 127.164692451402544, 37.464487840543072 ], [ 127.164102415147994, 37.46320158842299 ], [ 127.163662860589938, 37.46310618138849 ] ] ] } },
{ "type": "Feature", "properties": { "PNU": "4113110600200540000", "JIBUN": "산54임", "purp_class": "empty", "mainPurps": "정보없음", "totArea_sum": 0, "area_m2": 5111, "far_pct": 0 }, "geometry": { "type": "Polygon", "coordinates": [ [ [ 127.164692451402544, 37.464487840543072 ], [ 127.165063302423064, 37.46427760136384 ], [ 127.164884729779573, 37.464064445712047 ], [ 127.164948433187533, 37.46385542395894 ], [ 127.164783651772836, 37.463481005488909 ], [ 127.164102415147994, 37.46320158842299 ], [ 127.164692451402544, 37.464487840543072 ] ] ] } },
{ "type": "Feature", "properties": { "PNU": "4113110600200460003", "JIBUN": "산46-3 임", "purp_class": "empty", "mainPurps": "정보없음", "totArea_sum": 0, "area_m2": 5294, "far_pct": 0 }, "geometry": { "type": "Polygon", "coordinates": [ [ [ 127.165791998085382, 37.465075879679787 ], [ 127.165596901296368, 37.464777369038515 ], [ 127.164956953587875, 37.465147387831223 ], [ 127.165027727873593, 37.465745411859622 ], [ 127.165660094544066, 37.465923005907683 ], [ 127.165491387021845, 37.465369438552528 ], [ 127.165791998085382, 37.465075879679787 ] ] ] } },
{ "type": "Feature", "properties": { "PNU": "4113110600103410000", "JIBUN": "341도", "purp_class": "empty", "mainPurps": "정보없음", "totArea_sum": 0, "area_m2": 339, "far_pct": 0 }, "geometry": { "type": "Polygon", "coordinates": [ [ [ 127.163051538056223, 37.459509166195815 ], [ 127.162291510287105, 37.459922691237054 ], [ 127.162346795192576, 37.459987335134258 ], [ 127.163101066164828, 37.459571934514202 ], [ 127.163051538056223, 37.459509166195815 ] ] ] } },
{ "type": "Feature", "properties": { "PNU": "4113110600103420000", "JIBUN": "342차", "purp_class": "empty", "mainPurps": "정보없음", "totArea_sum": 0, "area_m2": 317, "far_pct": 0 }, "geometry": { "type": "Polygon", "coordinates": [ [ [ 127.162353558044828, 37.459714655078351 ], [ 127.162189742598741, 37.459802545597491 ], [ 127.162323706014291, 37.459930441118857 ], [ 127.162467544966944, 37.459850974980689 ], [ 127.162353558044828, 37.459714655078351 ] ] ] } },
{ "type": "Feature", "properties": { "PNU": "4113110600200460002", "JIBUN": "산46-2임", "purp_class": "empty", "mainPurps": "정보없음", "totArea_sum": 0, "area_m2": 4921, "far_pct": 0 }, "geometry": { "type": "Polygon", "coordinates": [ [ [ 127.164956953587875, 37.465147387831223 ], [ 127.165596901296368, 37.464777369038515 ], [ 127.165464217741089, 37.464574340908207 ], [ 127.165063302423064, 37.46427760136384 ], [ 127.164523485256993, 37.464601789349757 ], [ 127.164956953587875, 37.465147387831223 ] ] ] } },
{ "type": "Feature", "properties": { "PNU": "4113110600200460001", "JIBUN": "산46-1임", "purp_class": "empty", "mainPurps": "정보없음", "totArea_sum": 0, "area_m2": 1073, "far_pct": 0 }, "geometry": { "type": "Polygon", "coordinates": [ [ [ 127.164523485256993, 37.464601789349757 ], [ 127.164413572139651, 37.464675823174282 ], [ 127.164444107667464, 37.464776954736919 ], [ 127.164930757745736, 37.465139720480011 ], [ 127.164892757857359, 37.465551423346405 ], [ 127.165027727873593, 37.465745411859622 ], [ 127.164981141772287, 37.465177835314385 ], [ 127.164523485256993, 37.464601789349757 ] ] ] } },
{ "type": "Feature", "properties": { "PNU": "4113110600103490000", "JIBUN": "349도", "purp_class": "empty", "mainPurps": "정보없음", "totArea_sum": 0, "area_m2": 56, "far_pct": 0 }, "geometry": { "type": "Polygon", "coordinates": [ [ [ 127.162719502260586, 37.459564319518208 ], [ 127.162844796447942, 37.459644644253729 ], [ 127.16275847356863, 37.45954296661828 ], [ 127.162719502260586, 37.459564319518208 ] ] ] } },
{ "type": "Feature", "properties": { "PNU": "4113110600103580000", "JIBUN": "358대", "purp_class": "empty", "mainPurps": "정보없음", "totArea_sum": 0, "area_m2": 160, "far_pct": 0 }, "geometry": { "type": "Polygon", "coordinates": [ [ [ 127.162372965599829, 37.459704411278764 ], [ 127.16245356215336, 37.459660521765919 ], [ 127.162337540611986, 37.459523997383123 ], [ 127.162254515919159, 37.4595687640942 ], [ 127.162372965599829, 37.459704411278764 ] ] ] } },
{ "type": "Feature", "properties": { "PNU": "4113110600103620000", "JIBUN": "362도", "purp_class": "empty", "mainPurps": "정보없음", "totArea_sum": 0, "area_m2": 340, "far_pct": 0 }, "geometry": { "type": "Polygon", "coordinates": [ [ [ 127.162087082222598, 37.459682356030136 ], [ 127.162849662213191, 37.459273676205996 ], [ 127.162793119980833, 37.459207718785834 ], [ 127.162035208788467, 37.459621870013059 ], [ 127.162087082222598, 37.459682356030136 ] ] ] } },
{ "type": "Feature", "properties": { "PNU": "4113110600200210000", "JIBUN": "산21임", "purp_class": "empty", "mainPurps": "정보없음", "totArea_sum": 0, "area_m2": 26867, "far_pct": 0 }, "geometry": { "type": "Polygon", "coordinates": [ [ [ 127.170708805911516, 37.464370088564927 ], [ 127.170807816882331, 37.464542191560874 ], [ 127.170741398402598, 37.464507516972766 ], [ 127.170618322585725, 37.464681766967587 ], [ 127.17031615314356, 37.464861309381725 ], [ 127.170441413831966, 37.465537189083243 ], [ 127.170402850498093, 37.465855910958219 ], [ 127.170638280657883, 37.466411357958144 ], [ 127.170804082170037, 37.466560614968593 ], [ 127.171044686915351, 37.466551908749814 ], [ 127.17143781418639, 37.466323516540989 ], [ 127.171461726413099, 37.466225723336365 ], [ 127.171301310320601, 37.466023867959372 ], [ 127.171233146890756, 37.46613305030106 ], [ 127.17109416018198, 37.465859669272881 ], [ 127.170988101817031, 37.465936731030467 ], [ 127.171115207377596, 37.465754437956427 ], [ 127.171073378075889, 37.465586767252574 ], [ 127.171177052050268, 37.465495256748405 ], [ 127.171025330179319, 37.465238057886445 ], [ 127.171136678446885, 37.464991239504251 ], [ 127.171456840023183, 37.465095629278821 ], [ 127.171719766565715, 37.465661243011795 ], [ 127.172031177925874, 37.465843148095971 ], [ 127.172965286127734, 37.465404071310054 ], [ 127.172837635889366, 37.465231480082842 ], [ 127.172020566332932, 37.464699403048947 ], [ 127.171406075869498, 37.464641146171182 ], [ 127.171306496642757, 37.464553324338439 ], [ 127.17138797785509, 37.464500777866924 ], [ 127.17129374755693, 37.464323929212128 ], [ 127.170776210366412, 37.464290631678381 ], [ 127.170708805911516, 37.464370088564927 ] ] ] } },
{ "type": "Feature", "properties": { "PNU": "4113110600200200000", "JIBUN": "산20도", "purp_class": "empty", "mainPurps": "정보없음", "totArea_sum": 0, "area_m2": 373, "far_pct": 0 }, "geometry": { "type": "Polygon", "coordinates": [ [ [ 127.174058002267572, 37.466301096295417 ], [ 127.174064387299438, 37.466162674903998 ], [ 127.173890213873875, 37.465919189764811 ], [ 127.17351225979246, 37.465636690355545 ], [ 127.173947477626527, 37.466046769335172 ], [ 127.174058002267572, 37.466301096295417 ] ] ] } },
{ "type": "Feature", "properties": { "PNU": "4113110600200190000", "JIBUN": "산19임", "purp_class": "empty", "mainPurps": "정보없음", "totArea_sum": 0, "area_m2": 5337, "far_pct": 0 }, "geometry": { "type": "Polygon", "coordinates": [ [ [ 127.172869326416759, 37.465481976060943 ], [ 127.173100008782299, 37.465896309973168 ], [ 127.173719873448178, 37.466607164621799 ], [ 127.173796872408587, 37.466601060726589 ], [ 127.174058002267572, 37.466301096295417 ], [ 127.173947477626527, 37.466046769335172 ], [ 127.17351225979246, 37.465636690355545 ], [ 127.173308476887897, 37.465725546353227 ], [ 127.173130312675028, 37.465668213100507 ], [ 127.172965286127734, 37.465404071310054 ], [ 127.172869326416759, 37.465481976060943 ] ] ] } },
{ "type": "Feature", "properties": { "PNU": "4113110600200180000", "JIBUN": "산18임", "purp_class": "empty", "mainPurps": "정보없음", "totArea_sum": 0, "area_m2": 8199, "far_pct": 0 }, "geometry": { "type": "Polygon", "coordinates": [ [ [ 127.173658423136786, 37.4673060719335 ], [ 127.173795890875169, 37.466941803412411 ], [ 127.173658354535675, 37.466985269991255 ], [ 127.173468851229941, 37.466825140348263 ], [ 127.173686861761794, 37.466738290616952 ], [ 127.173643387462207, 37.466595427862863 ], [ 127.173707219934016, 37.466536184033068 ], [ 127.173367549822643, 37.466199586248877 ], [ 127.172996890636085, 37.46636403512877 ], [ 127.172717451768406, 37.466707019599028 ], [ 127.172721092655053, 37.467351916099801 ], [ 127.173202908489841, 37.467212093256578 ], [ 127.173658423136786, 37.4673060719335 ] ] ] } },
{ "type": "Feature", "properties": { "PNU": "4113110600200170000", "JIBUN": "산17임", "purp_class": "empty", "mainPurps": "정보없음", "totArea_sum": 0, "area_m2": 13571, "far_pct": 0 }, "geometry": { "type": "Polygon", "coordinates": [ [ [ 127.173367549822643, 37.466199586248877 ], [ 127.172869326416759, 37.465481976060943 ], [ 127.171716824128424, 37.466013755667532 ], [ 127.171759640061623, 37.4661023346683 ], [ 127.171683387968301, 37.466148548812932 ], [ 127.171859623953566, 37.466262749317771 ], [ 127.172721092655053, 37.467351916099801 ], [ 127.172717451768406, 37.466707019599028 ], [ 127.172996890636085, 37.46636403512877 ], [ 127.173367549822643, 37.466199586248877 ] ] ] } },
{ "type": "Feature", "properties": { "PNU": "4113110600110180002", "JIBUN": "1018-2 도", "purp_class": "empty", "mainPurps": "정보없음", "totArea_sum": 0, "area_m2": 129, "far_pct": 0 }, "geometry": { "type": "Polygon", "coordinates": [ [ [ 127.168966202275556, 37.463908328593796 ], [ 127.168833582941858, 37.463752732950084 ], [ 127.168746583002189, 37.463748693456296 ], [ 127.168738559262806, 37.463901713199853 ], [ 127.168782736032412, 37.463771131336202 ], [ 127.168966202275556, 37.463908328593796 ] ] ] } },
{ "type": "Feature", "properties": { "PNU": "4113110600110180001", "JIBUN": "1018-1 도", "purp_class": "empty", "mainPurps": "정보없음", "totArea_sum": 0, "area_m2": 62, "far_pct": 0 }, "geometry": { "type": "Polygon", "coordinates": [ [ [ 127.168715436220921, 37.464147062091762 ], [ 127.168756801375906, 37.464093844365919 ], [ 127.168767870703093, 37.463902464603798 ], [ 127.168738559262806, 37.463901713199853 ], [ 127.168715436220921, 37.464147062091762 ] ] ] } },
{ "type": "Feature", "properties": { "PNU": "4113110600110180000", "JIBUN": "1018 도", "purp_class": "empty", "mainPurps": "정보없음", "totArea_sum": 0, "area_m2": 282, "far_pct": 0 }, "geometry": { "type": "Polygon", "coordinates": [ [ [ 127.16907945166642, 37.464192173330098 ], [ 127.169112738067213, 37.464120244086068 ], [ 127.168907319128394, 37.463906700105284 ], [ 127.168931276707497, 37.464117086485267 ], [ 127.16907945166642, 37.464192173330098 ] ] ] } },
{ "type": "Feature", "properties": { "PNU": "4113110600110170001", "JIBUN": "1017-1전", "purp_class": "empty", "mainPurps": "정보없음", "totArea_sum": 0, "area_m2": 827, "far_pct": 0 }, "geometry": { "type": "Polygon", "coordinates": [ [ [ 127.163056931198099, 37.460045940992707 ], [ 127.162612319240367, 37.460291981367391 ], [ 127.162769824623595, 37.460497177446619 ], [ 127.163007145793429, 37.460294659101351 ], [ 127.162942651336692, 37.460173607227752 ], [ 127.163056931198099, 37.460045940992707 ] ] ] } },
{ "type": "Feature", "properties": { "PNU": "4113110600110170000", "JIBUN": "1017전", "purp_class": "empty", "mainPurps": "정보없음", "totArea_sum": 0, "area_m2": 138, "far_pct": 0 }, "geometry": { "type": "Polygon", "coordinates": [ [ [ 127.162612319240367, 37.460291981367391 ], [ 127.162541374565322, 37.460330505870424 ], [ 127.162769824623595, 37.460497177446619 ], [ 127.162688586926251, 37.460390122853624 ], [ 127.162612319240367, 37.460291981367391 ] ] ] } },
{ "type": "Feature", "properties": { "PNU": "4113110600110140004", "JIBUN": "1014-4임", "purp_class": "empty", "mainPurps": "정보없음", "totArea_sum": 0, "area_m2": 337, "far_pct": 0 }, "geometry": { "type": "Polygon", "coordinates": [ [ [ 127.159351850289113, 37.457938398744318 ], [ 127.159864918589506, 37.458453771668417 ], [ 127.159444257870362, 37.45792676947304 ], [ 127.159351850289113, 37.457938398744318 ] ] ] } },
{ "type": "Feature", "properties": { "PNU": "4113110600103860000", "JIBUN": "386학", "purp_class": "non_resi", "mainPurps": "교육연구시설", "totArea_sum": 8764, "area_m2": 17170, "far_pct": 51 }, "geometry": { "type": "Polygon", "coordinates": [ [ [ 127.160955592008392, 37.458483389958154 ], [ 127.160302782200759, 37.45883908431054 ], [ 127.161823700728391, 37.460617703451483 ], [ 127.162466761775761, 37.460308262608926 ], [ 127.160955592008392, 37.458483389958154 ] ] ] } },
{ "type": "Feature", "properties": { "PNU": "4113110600105090000", "JIBUN": "509도", "purp_class": "empty", "mainPurps": "정보없음", "totArea_sum": 0, "area_m2": 42, "far_pct": 0 }, "geometry": { "type": "Polygon", "coordinates": [ [ [ 127.163308566234008, 37.458141405603889 ], [ 127.163377593616588, 37.458058743053513 ], [ 127.163283468022343, 37.458112130290296 ], [ 127.163308566234008, 37.458141405603889 ] ] ] } },
{ "type": "Feature", "properties": { "PNU": "4113110600105180000", "JIBUN": "518도", "purp_class": "empty", "mainPurps": "정보없음", "totArea_sum": 0, "area_m2": 486, "far_pct": 0 }, "geometry": { "type": "Polygon", "coordinates": [ [ [ 127.163649806382296, 37.458274502837384 ], [ 127.162896304658588, 37.457404551256985 ], [ 127.162824166460155, 37.457443852439525 ], [ 127.16357015034049, 37.458318490995161 ], [ 127.163649806382296, 37.458274502837384 ] ] ] } },
{ "type": "Feature", "properties": { "PNU": "4113110600105190000", "JIBUN": "519대", "purp_class": "empty", "mainPurps": "정보없음", "totArea_sum": 0, "area_m2": 153, "far_pct": 0 }, "geometry": { "type": "Polygon", "coordinates": [ [ [ 127.163161795814688, 37.457523841821512 ], [ 127.163034313472409, 37.457591285100385 ], [ 127.163106503365142, 37.457675808750999 ], [ 127.163233237826248, 37.457607438384009 ], [ 127.163161795814688, 37.457523841821512 ] ] ] } },
{ "type": "Feature", "properties": { "PNU": "4113110600110140002", "JIBUN": "1014-2임", "purp_class": "empty", "mainPurps": "정보없음", "totArea_sum": 0, "area_m2": 10434, "far_pct": 0 }, "geometry": { "type": "Polygon", "coordinates": [ [ [ 127.158488766654614, 37.459349637931652 ], [ 127.158920350637999, 37.459576288145499 ], [ 127.159653859653275, 37.459819958580447 ], [ 127.159871813656807, 37.459826262092022 ], [ 127.159987979958188, 37.459235182833282 ], [ 127.158803031790157, 37.458671484740108 ], [ 127.158745964845409, 37.458876665280528 ], [ 127.158509510976018, 37.459027041869128 ], [ 127.158488766654614, 37.459349637931652 ] ] ] } },
{ "type": "Feature", "properties": { "PNU": "4113110600105250000", "JIBUN": "525대", "purp_class": "empty", "mainPurps": "정보없음", "totArea_sum": 0, "area_m2": 171, "far_pct": 0 }, "geometry": { "type": "Polygon", "coordinates": [ [ [ 127.163450119101952, 37.458078357677785 ], [ 127.163517709174585, 37.458157355205479 ], [ 127.16366757484704, 37.458075951176774 ], [ 127.163602221457495, 37.457996428083796 ], [ 127.163450119101952, 37.458078357677785 ] ] ] } },
{ "type": "Feature", "properties": { "PNU": "4113110600105260000", "JIBUN": "526대", "purp_class": "non_resi", "mainPurps": "제2종근린생활시설", "totArea_sum": 499, "area_m2": 167, "far_pct": 298 }, "geometry": { "type": "Polygon", "coordinates": [ [ [ 127.163718296929488, 37.458236458558297 ], [ 127.163610304186165, 37.458107060326618 ], [ 127.163517709174585, 37.458157355205479 ], [ 127.163615791828505, 37.458272134804275 ], [ 127.163718296929488, 37.458236458558297 ] ] ] } },
{ "type": "Feature", "properties": { "PNU": "4113110600105270000", "JIBUN": "527대", "purp_class": "non_resi", "mainPurps": "제1종근린생활시설", "totArea_sum": 570, "area_m2": 161, "far_pct": 354 }, "geometry": { "type": "Polygon", "coordinates": [ [ [ 127.163718296929488, 37.458236458558297 ], [ 127.163804771580331, 37.458188784839898 ], [ 127.163698371924312, 37.458059159249053 ], [ 127.163610304186165, 37.458107060326618 ], [ 127.163718296929488, 37.458236458558297 ] ] ] } },
{ "type": "Feature", "properties": { "PNU": "4113110600105280000", "JIBUN": "528대", "purp_class": "empty", "mainPurps": "정보없음", "totArea_sum": 0, "area_m2": 260, "far_pct": 0 }, "geometry": { "type": "Polygon", "coordinates": [ [ [ 127.163804771580331, 37.458188784839898 ], [ 127.163947148599746, 37.458109778401642 ], [ 127.163838832761314, 37.457982642341051 ], [ 127.163698371924312, 37.458059159249053 ], [ 127.163804771580331, 37.458188784839898 ] ] ] } },
{ "type": "Feature", "properties": { "PNU": "4113110600105290000", "JIBUN": "529대", "purp_class": "non_resi", "mainPurps": "제1종근린생활시설", "totArea_sum": 489, "area_m2": 164, "far_pct": 298 }, "geometry": { "type": "Polygon", "coordinates": [ [ [ 127.163611920606044, 37.458007632285096 ], [ 127.16366757484704, 37.458075951176774 ], [ 127.163838832761314, 37.457982642341051 ], [ 127.163781791713006, 37.457915938230848 ], [ 127.163611920606044, 37.458007632285096 ] ] ] } },
{ "type": "Feature", "properties": { "PNU": "4113110600105300000", "JIBUN": "530대", "purp_class": "non_resi", "mainPurps": "제2종근린생활시설", "totArea_sum": 488, "area_m2": 223, "far_pct": 219 }, "geometry": { "type": "Polygon", "coordinates": [ [ [ 127.163781791713006, 37.457915938230848 ], [ 127.163703300116666, 37.457823765108266 ], [ 127.16353409865043, 37.457916701519054 ], [ 127.163611920606044, 37.458007632285096 ], [ 127.163781791713006, 37.457915938230848 ] ] ] } },
{ "type": "Feature", "properties": { "PNU": "4113110600105310000", "JIBUN": "531대", "purp_class": "non_resi", "mainPurps": "제2종근린생활시설", "totArea_sum": 934, "area_m2": 374, "far_pct": 250 }, "geometry": { "type": "Polygon", "coordinates": [ [ [ 127.163573037643204, 37.457671349700128 ], [ 127.163402092088504, 37.457762576407376 ], [ 127.16353409865043, 37.457916701519054 ], [ 127.163703300116666, 37.457823765108266 ], [ 127.163573037643204, 37.457671349700128 ] ] ] } },
{ "type": "Feature", "properties": { "PNU": "4113110600105320000", "JIBUN": "532대", "purp_class": "non_resi", "mainPurps": "제1종근린생활시설", "totArea_sum": 494, "area_m2": 227, "far_pct": 218 }, "geometry": { "type": "Polygon", "coordinates": [ [ [ 127.163573037643204, 37.457671349700128 ], [ 127.163493604881737, 37.457577519876466 ], [ 127.163323578823864, 37.457670547220005 ], [ 127.163402092088504, 37.457762576407376 ], [ 127.163573037643204, 37.457671349700128 ] ] ] } },
{ "type": "Feature", "properties": { "PNU": "4113110600105330000", "JIBUN": "533대", "purp_class": "non_resi", "mainPurps": "제2종근린생활시설", "totArea_sum": 491, "area_m2": 127, "far_pct": 387 }, "geometry": { "type": "Polygon", "coordinates": [ [ [ 127.163449673621031, 37.457525763315502 ], [ 127.163279205840553, 37.457618331688977 ], [ 127.163323578823864, 37.457670547220005 ], [ 127.163493604881737, 37.457577519876466 ], [ 127.163449673621031, 37.457525763315502 ] ] ] } },
{ "type": "Feature", "properties": { "PNU": "4113110600105340000", "JIBUN": "534대", "purp_class": "non_resi", "mainPurps": "자동차관련시설", "totArea_sum": 3802, "area_m2": 293, "far_pct": 1299 }, "geometry": { "type": "Polygon", "coordinates": [ [ [ 127.163233237826248, 37.457607438384009 ], [ 127.163449673621031, 37.457525763315502 ], [ 127.163358967697292, 37.45741915458165 ], [ 127.163161795814688, 37.457523841821512 ], [ 127.163233237826248, 37.457607438384009 ] ] ] } },
{ "type": "Feature", "properties": { "PNU": "4113110600105350000", "JIBUN": "535대", "purp_class": "empty", "mainPurps": "정보없음", "totArea_sum": 0, "area_m2": 835, "far_pct": 0 }, "geometry": { "type": "Polygon", "coordinates": [ [ [ 127.163034313472409, 37.457591285100385 ], [ 127.163358967697292, 37.45741915458165 ], [ 127.163203855374093, 37.457236526062552 ], [ 127.162896304658588, 37.457404551256985 ], [ 127.163034313472409, 37.457591285100385 ] ] ] } },
{ "type": "Feature", "properties": { "PNU": "4113110600105360000", "JIBUN": "536대", "purp_class": "non_resi", "mainPurps": "제2종근린생활시설", "totArea_sum": 390, "area_m2": 155, "far_pct": 252 }, "geometry": { "type": "Polygon", "coordinates": [ [ [ 127.162931235403221, 37.457296995707821 ], [ 127.162842263316037, 37.457192042052455 ], [ 127.162737972930032, 37.457248542191884 ], [ 127.16281333813096, 37.457338323561402 ], [ 127.162931235403221, 37.457296995707821 ] ] ] } },
{ "type": "Feature", "properties": { "PNU": "4113110600105390000", "JIBUN": "539도", "purp_class": "empty", "mainPurps": "정보없음", "totArea_sum": 0, "area_m2": 41, "far_pct": 0 }, "geometry": { "type": "Polygon", "coordinates": [ [ [ 127.162958408501098, 37.457282182119975 ], [ 127.162842263316037, 37.457192042052455 ], [ 127.162931235403221, 37.457296995707821 ], [ 127.162958408501098, 37.457282182119975 ] ] ] } },
{ "type": "Feature", "properties": { "PNU": "4113110600105400000", "JIBUN": "540대", "purp_class": "non_resi", "mainPurps": "제2종근린생활시설", "totArea_sum": 393, "area_m2": 157, "far_pct": 250 }, "geometry": { "type": "Polygon", "coordinates": [ [ [ 127.162974403851905, 37.457120321851917 ], [ 127.162870079970901, 37.457176921264704 ], [ 127.162958408501098, 37.457282182119975 ], [ 127.16306349955029, 37.457224896818161 ], [ 127.162974403851905, 37.457120321851917 ] ] ] } },
{ "type": "Feature", "properties": { "PNU": "4113110600103980000", "JIBUN": "398대", "purp_class": "empty", "mainPurps": "정보없음", "totArea_sum": 0, "area_m2": 21, "far_pct": 0 }, "geometry": { "type": "Polygon", "coordinates": [ [ [ 127.161292267434902, 37.458751254344129 ], [ 127.161380972108617, 37.458682937379656 ], [ 127.16127991722675, 37.458736999133109 ], [ 127.161292267434902, 37.458751254344129 ] ] ] } },
{ "type": "Feature", "properties": { "PNU": "4113110600110020000", "JIBUN": "1002구", "purp_class": "empty", "mainPurps": "정보없음", "totArea_sum": 0, "area_m2": 24, "far_pct": 0 }, "geometry": { "type": "Polygon", "coordinates": [ [ [ 127.16498214265826, 37.461681048512204 ], [ 127.165012883438607, 37.461611899001952 ], [ 127.164981792024633, 37.461582280967647 ], [ 127.164983247176309, 37.461596505804025 ], [ 127.16498214265826, 37.461681048512204 ] ] ] } },
{ "type": "Feature", "properties": { "PNU": "4113110600104120000", "JIBUN": "412도", "purp_class": "empty", "mainPurps": "정보없음", "totArea_sum": 0, "area_m2": 42, "far_pct": 0 }, "geometry": { "type": "Polygon", "coordinates": [ [ [ 127.161473350303908, 37.458508639256507 ], [ 127.161633893081813, 37.458450568377884 ], [ 127.161615797707213, 37.4584294012719 ], [ 127.161473350303908, 37.458508639256507 ] ] ] } },
{ "type": "Feature", "properties": { "PNU": "4113110600104150001", "JIBUN": "415-1도", "purp_class": "empty", "mainPurps": "정보없음", "totArea_sum": 0, "area_m2": 17, "far_pct": 0 }, "geometry": { "type": "Polygon", "coordinates": [ [ [ 127.161649034610221, 37.458644849429042 ], [ 127.161762280617737, 37.458599501561316 ], [ 127.161753079712227, 37.458588638915266 ], [ 127.161649034610221, 37.458644849429042 ] ] ] } },
{ "type": "Feature", "properties": { "PNU": "4113110600104160001", "JIBUN": "416-1도", "purp_class": "empty", "mainPurps": "정보없음", "totArea_sum": 0, "area_m2": 18, "far_pct": 0 }, "geometry": { "type": "Polygon", "coordinates": [ [ [ 127.161762280617737, 37.458599501561316 ], [ 127.161669065807374, 37.458667428482514 ], [ 127.161771537846633, 37.45861027402988 ], [ 127.161762280617737, 37.458599501561316 ] ] ] } },
{ "type": "Feature", "properties": { "PNU": "4113110600105410000", "JIBUN": "541대", "purp_class": "non_resi", "mainPurps": "제2종근린생활시설", "totArea_sum": 546, "area_m2": 254, "far_pct": 215 }, "geometry": { "type": "Polygon", "coordinates": [ [ [ 127.16306349955029, 37.457224896818161 ], [ 127.163152672998066, 37.457176417986432 ], [ 127.162984474693616, 37.456978562071377 ], [ 127.16289408021386, 37.457026808183819 ], [ 127.16306349955029, 37.457224896818161 ] ] ] } },
{ "type": "Feature", "properties": { "PNU": "4113110600104230000", "JIBUN": "423도", "purp_class": "empty", "mainPurps": "정보없음", "totArea_sum": 0, "area_m2": 488, "far_pct": 0 }, "geometry": { "type": "Polygon", "coordinates": [ [ [ 127.162231917805201, 37.459049347929529 ], [ 127.161484167480012, 37.458169297393141 ], [ 127.161403111970003, 37.458209483748242 ], [ 127.162151129919991, 37.459093372705958 ], [ 127.162231917805201, 37.459049347929529 ] ] ] } },
{ "type": "Feature", "properties": { "PNU": "4113110600104320000", "JIBUN": "432대", "purp_class": "empty", "mainPurps": "정보없음", "totArea_sum": 0, "area_m2": 143, "far_pct": 0 }, "geometry": { "type": "Polygon", "coordinates": [ [ [ 127.161784676364675, 37.458347730603471 ], [ 127.161660856104405, 37.45841642883375 ], [ 127.161730505209334, 37.458497082438207 ], [ 127.161848247417652, 37.458419048967414 ], [ 127.161784676364675, 37.458347730603471 ] ] ] } },
{ "type": "Feature", "properties": { "PNU": "4113110600104340000", "JIBUN": "434대", "purp_class": "empty", "mainPurps": "정보없음", "totArea_sum": 0, "area_m2": 132, "far_pct": 0 }, "geometry": { "type": "Polygon", "coordinates": [ [ [ 127.16160881373807, 37.458355654522819 ], [ 127.161753898678612, 37.458273214232058 ], [ 127.161701266222266, 37.45821132351508 ], [ 127.161555319834562, 37.458292584592975 ], [ 127.16160881373807, 37.458355654522819 ] ] ] } },
{ "type": "Feature", "properties": { "PNU": "4113110600105420000", "JIBUN": "542대", "purp_class": "non_resi", "mainPurps": "제2종근린생활시설", "totArea_sum": 427, "area_m2": 238, "far_pct": 179 }, "geometry": { "type": "Polygon", "coordinates": [ [ [ 127.162898654076983, 37.456877847877998 ], [ 127.162733227703313, 37.456965038602654 ], [ 127.162819423072762, 37.45706663538769 ], [ 127.162984474693616, 37.456978562071377 ], [ 127.162898654076983, 37.456877847877998 ] ] ] } },
{ "type": "Feature", "properties": { "PNU": "4113110600104410000", "JIBUN": "441대", "purp_class": "empty", "mainPurps": "노유자시설", "totArea_sum": 599, "area_m2": 321, "far_pct": 187 }, "geometry": { "type": "Polygon", "coordinates": [ [ [ 127.161944345274961, 37.458494620937984 ], [ 127.162065221524031, 37.458634977416139 ], [ 127.162222764456814, 37.458548411050046 ], [ 127.162101920516605, 37.458407378933998 ], [ 127.161944345274961, 37.458494620937984 ] ] ] } },
{ "type": "Feature", "properties": { "PNU": "4113110600104530000", "JIBUN": "453대", "purp_class": "non_resi", "mainPurps": "제1종근린생활시설", "totArea_sum": 336, "area_m2": 144, "far_pct": 234 }, "geometry": { "type": "Polygon", "coordinates": [ [ [ 127.16303454955343, 37.458615528445833 ], [ 127.163135922345631, 37.458562798243811 ], [ 127.16304981850061, 37.45846271527958 ], [ 127.162948954572755, 37.458515525803904 ], [ 127.16303454955343, 37.458615528445833 ] ] ] } },
{ "type": "Feature", "properties": { "PNU": "4113110600105430000", "JIBUN": "543대", "purp_class": "non_resi", "mainPurps": "제1종근린생활시설", "totArea_sum": 228, "area_m2": 155, "far_pct": 147 }, "geometry": { "type": "Polygon", "coordinates": [ [ [ 127.162671776185036, 37.456906863462095 ], [ 127.16272511062057, 37.456969383506355 ], [ 127.162898654076983, 37.456877847877998 ], [ 127.1628450808591, 37.456814697533979 ], [ 127.162671776185036, 37.456906863462095 ] ] ] } },
{ "type": "Feature", "properties": { "PNU": "4113110600105440000", "JIBUN": "544대", "purp_class": "non_resi", "mainPurps": "제2종근린생활시설", "totArea_sum": 488, "area_m2": 264, "far_pct": 185 }, "geometry": { "type": "Polygon", "coordinates": [ [ [ 127.162671776185036, 37.456906863462095 ], [ 127.1628450808591, 37.456814697533979 ], [ 127.162754738598792, 37.456708213966081 ], [ 127.162580549347695, 37.456798921341488 ], [ 127.162671776185036, 37.456906863462095 ] ] ] } },
{ "type": "Feature", "properties": { "PNU": "4113110600105450000", "JIBUN": "545대", "purp_class": "non_resi", "mainPurps": "제1종근린생활시설", "totArea_sum": 198, "area_m2": 183, "far_pct": 108 }, "geometry": { "type": "Polygon", "coordinates": [ [ [ 127.162754738598792, 37.456708213966081 ], [ 127.16266566246459, 37.456612270353638 ], [ 127.16253799095368, 37.456680587338894 ], [ 127.162620426212172, 37.456778855680703 ], [ 127.162754738598792, 37.456708213966081 ] ] ] } },
{ "type": "Feature", "properties": { "PNU": "4113110600104620000", "JIBUN": "462도", "purp_class": "empty", "mainPurps": "정보없음", "totArea_sum": 0, "area_m2": 284, "far_pct": 0 }, "geometry": { "type": "Polygon", "coordinates": [ [ [ 127.162962020239149, 37.458184208688849 ], [ 127.162322890222853, 37.458535940109691 ], [ 127.162369979154477, 37.458600315852387 ], [ 127.163016895780984, 37.458248032937725 ], [ 127.162962020239149, 37.458184208688849 ] ] ] } },
{ "type": "Feature", "properties": { "PNU": "4113110600109960006", "JIBUN": "996-6 도", "purp_class": "empty", "mainPurps": "정보없음", "totArea_sum": 0, "area_m2": 4288, "far_pct": 0 }, "geometry": { "type": "Polygon", "coordinates": [ [ [ 127.161648734380393, 37.46340718686497 ], [ 127.161633082121568, 37.46349865091728 ], [ 127.1614781814786, 37.463551992860012 ], [ 127.161380844248228, 37.463438652191108 ], [ 127.161202635833817, 37.463401546528509 ], [ 127.160663987070677, 37.463529945328631 ], [ 127.160326625294346, 37.463497143119689 ], [ 127.160930710861081, 37.463726139749433 ], [ 127.161157044441254, 37.463574645844659 ], [ 127.161412613088828, 37.463712388129203 ], [ 127.161636282106883, 37.463589296541869 ], [ 127.162127766693786, 37.463627507912619 ], [ 127.162767056350219, 37.463324287621205 ], [ 127.162440652084783, 37.463119565022126 ], [ 127.161926745581155, 37.463436173539073 ], [ 127.161648734380393, 37.46340718686497 ] ] ] } },
{ "type": "Feature", "properties": { "PNU": "4113110600109960002", "JIBUN": "996-2 도", "purp_class": "empty", "mainPurps": "정보없음", "totArea_sum": 0, "area_m2": 9282, "far_pct": 0 }, "geometry": { "type": "Polygon", "coordinates": [ [ [ 127.162662402855133, 37.463220841996062 ], [ 127.162359509894046, 37.462910453449553 ], [ 127.160889061081818, 37.463104557563547 ], [ 127.159880923112595, 37.463116896031359 ], [ 127.160032867113074, 37.463451243948136 ], [ 127.160663987070677, 37.463529945328631 ], [ 127.161202635833817, 37.463401546528509 ], [ 127.161380844248228, 37.463438652191108 ], [ 127.161582500584061, 37.463292317554696 ], [ 127.161648734380393, 37.46340718686497 ], [ 127.161926745581155, 37.463436173539073 ], [ 127.162440652084783, 37.463119565022126 ], [ 127.162662402855133, 37.463220841996062 ] ] ] } },
{ "type": "Feature", "properties": { "PNU": "4113110600104710000", "JIBUN": "471대", "purp_class": "empty", "mainPurps": "노유자시설", "totArea_sum": 768, "area_m2": 483, "far_pct": 159 }, "geometry": { "type": "Polygon", "coordinates": [ [ [ 127.16240085480031, 37.458118723084517 ], [ 127.162518003641622, 37.458254831442169 ], [ 127.162763808630018, 37.458121679288119 ], [ 127.162646668709598, 37.457984571044328 ], [ 127.16240085480031, 37.458118723084517 ] ] ] } },
{ "type": "Feature", "properties": { "PNU": "4113110600104730000", "JIBUN": "473대", "purp_class": "empty", "mainPurps": "정보없음", "totArea_sum": 0, "area_m2": 193, "far_pct": 0 }, "geometry": { "type": "Polygon", "coordinates": [ [ [ 127.16240085480031, 37.458118723084517 ], [ 127.162303370793168, 37.458171744700877 ], [ 127.162418746740215, 37.458308648451478 ], [ 127.162518003641622, 37.458254831442169 ], [ 127.16240085480031, 37.458118723084517 ] ] ] } },
{ "type": "Feature", "properties": { "PNU": "4113110600104760000", "JIBUN": "476도", "purp_class": "empty", "mainPurps": "정보없음", "totArea_sum": 0, "area_m2": 285, "far_pct": 0 }, "geometry": { "type": "Polygon", "coordinates": [ [ [ 127.16270310566297, 37.457886104413667 ], [ 127.162062500273791, 37.458234394618749 ], [ 127.162115469191278, 37.458294915190571 ], [ 127.162758337494267, 37.457947621729247 ], [ 127.16270310566297, 37.457886104413667 ] ] ] } },
{ "type": "Feature", "properties": { "PNU": "4113110600104790000", "JIBUN": "479대", "purp_class": "non_resi", "mainPurps": "제2종근린생활시설", "totArea_sum": 370, "area_m2": 119, "far_pct": 311 }, "geometry": { "type": "Polygon", "coordinates": [ [ [ 127.161929009070093, 37.457929072348293 ], [ 127.16186341742187, 37.458001728246444 ], [ 127.161926654722308, 37.458075641917866 ], [ 127.162013997080379, 37.458026310481834 ], [ 127.161929009070093, 37.457929072348293 ] ] ] } },
{ "type": "Feature", "properties": { "PNU": "4113110600104890000", "JIBUN": "489대", "purp_class": "empty", "mainPurps": "정보없음", "totArea_sum": 0, "area_m2": 108, "far_pct": 0 }, "geometry": { "type": "Polygon", "coordinates": [ [ [ 127.162336176103523, 37.45801586236044 ], [ 127.162391176283691, 37.458080137234852 ], [ 127.162508980705155, 37.45801593343316 ], [ 127.16245289819328, 37.457952948522973 ], [ 127.162336176103523, 37.45801586236044 ] ] ] } },
{ "type": "Feature", "properties": { "PNU": "4113110600101530000", "JIBUN": "153도", "purp_class": "empty", "mainPurps": "공장", "totArea_sum": 350, "area_m2": 249, "far_pct": 141 }, "geometry": { "type": "Polygon", "coordinates": [ [ [ 127.165684238261676, 37.461915741833167 ], [ 127.166168206370173, 37.462329232898846 ], [ 127.166200517371692, 37.462306428526759 ], [ 127.165750853113479, 37.461871770398837 ], [ 127.165684238261676, 37.461915741833167 ] ] ] } },
{ "type": "Feature", "properties": { "PNU": "4113110600101540000", "JIBUN": "154도", "purp_class": "empty", "mainPurps": "정보없음", "totArea_sum": 0, "area_m2": 181, "far_pct": 0 }, "geometry": { "type": "Polygon", "coordinates": [ [ [ 127.16661554251759, 37.462715436681556 ], [ 127.166468413344759, 37.462573689019578 ], [ 127.166194716525652, 37.462310527166473 ], [ 127.166168206370173, 37.462329232898846 ], [ 127.16661554251759, 37.462715436681556 ] ] ] } },
{ "type": "Feature", "properties": { "PNU": "4113110600101600000", "JIBUN": "160대", "purp_class": "empty", "mainPurps": "정보없음", "totArea_sum": 0, "area_m2": 96, "far_pct": 0 }, "geometry": { "type": "Polygon", "coordinates": [ [ [ 127.166277734125984, 37.462251918301817 ], [ 127.166199598692415, 37.462181307433141 ], [ 127.166121836835671, 37.462234647062161 ], [ 127.166200517371692, 37.462306428526759 ], [ 127.166277734125984, 37.462251918301817 ] ] ] } },
{ "type": "Feature", "properties": { "PNU": "4113110600101680000", "JIBUN": "168대", "purp_class": "non_resi", "mainPurps": "제2종근린생활시설", "totArea_sum": 584, "area_m2": 202, "far_pct": 289 }, "geometry": { "type": "Polygon", "coordinates": [ [ [ 127.166002309204515, 37.461704680942333 ], [ 127.166114297069669, 37.461806383492338 ], [ 127.166231485023459, 37.461722733216895 ], [ 127.166097274503386, 37.461641307279805 ], [ 127.166002309204515, 37.461704680942333 ] ] ] } },
{ "type": "Feature", "properties": { "PNU": "4113110600105460000", "JIBUN": "546대", "purp_class": "empty", "mainPurps": "정보없음", "totArea_sum": 0, "area_m2": 178, "far_pct": 0 }, "geometry": { "type": "Polygon", "coordinates": [ [ [ 127.162455216707443, 37.456582256329035 ], [ 127.16253799095368, 37.456680587338894 ], [ 127.16266566246459, 37.456612270353638 ], [ 127.16258303592619, 37.456514344682873 ], [ 127.162455216707443, 37.456582256329035 ] ] ] } },
{ "type": "Feature", "properties": { "PNU": "4113110600105470000", "JIBUN": "547대", "purp_class": "non_resi", "mainPurps": "제2종근린생활시설", "totArea_sum": 334, "area_m2": 176, "far_pct": 190 }, "geometry": { "type": "Polygon", "coordinates": [ [ [ 127.16258303592619, 37.456514344682873 ], [ 127.162501622633954, 37.456418138218666 ], [ 127.162373168763594, 37.456485203697298 ], [ 127.162455216707443, 37.456582256329035 ], [ 127.16258303592619, 37.456514344682873 ] ] ] } },
{ "type": "Feature", "properties": { "PNU": "4113110600105480000", "JIBUN": "548대", "purp_class": "non_resi", "mainPurps": "제2종근린생활시설", "totArea_sum": 490, "area_m2": 218, "far_pct": 225 }, "geometry": { "type": "Polygon", "coordinates": [ [ [ 127.162373168763594, 37.456485203697298 ], [ 127.162501622633954, 37.456418138218666 ], [ 127.162399349330656, 37.45629731761889 ], [ 127.162272324460531, 37.45636662454536 ], [ 127.162373168763594, 37.456485203697298 ] ] ] } },
{ "type": "Feature", "properties": { "PNU": "4113110600105560000", "JIBUN": "556도", "purp_class": "empty", "mainPurps": "정보없음", "totArea_sum": 0, "area_m2": 212, "far_pct": 0 }, "geometry": { "type": "Polygon", "coordinates": [ [ [ 127.162476447692356, 37.456737641687234 ], [ 127.162157423380052, 37.45642908524195 ], [ 127.162413923455986, 37.456727239130693 ], [ 127.162356314322906, 37.456800614261951 ], [ 127.162476447692356, 37.456737641687234 ] ] ] } },
{ "type": "Feature", "properties": { "PNU": "4113110600105640000", "JIBUN": "564대", "purp_class": "empty", "mainPurps": "정보없음", "totArea_sum": 0, "area_m2": 99, "far_pct": 0 }, "geometry": { "type": "Polygon", "coordinates": [ [ [ 127.162582074954486, 37.457067616819828 ], [ 127.162656620004356, 37.457154597286262 ], [ 127.162736583358424, 37.457111933793485 ], [ 127.162661304359659, 37.457025305769392 ], [ 127.162582074954486, 37.457067616819828 ] ] ] } },
{ "type": "Feature", "properties": { "PNU": "4113110600105650000", "JIBUN": "565도", "purp_class": "empty", "mainPurps": "정보없음", "totArea_sum": 0, "area_m2": 473, "far_pct": 0 }, "geometry": { "type": "Polygon", "coordinates": [ [ [ 127.162846238370363, 37.45734305397896 ], [ 127.162100988845253, 37.45645978708 ], [ 127.162021430412153, 37.456501377401807 ], [ 127.162770413453629, 37.457381351036616 ], [ 127.162846238370363, 37.45734305397896 ] ] ] } },
{ "type": "Feature", "properties": { "PNU": "4113110600105870000", "JIBUN": "587대", "purp_class": "empty", "mainPurps": "정보없음", "totArea_sum": 0, "area_m2": 122, "far_pct": 0 }, "geometry": { "type": "Polygon", "coordinates": [ [ [ 127.162187265294875, 37.457149433823773 ], [ 127.162336967895357, 37.457071311346859 ], [ 127.162289376479507, 37.457014612814959 ], [ 127.162137319640152, 37.457091143653926 ], [ 127.162187265294875, 37.457149433823773 ] ] ] } },
{ "type": "Feature", "properties": { "PNU": "4113110600100030001", "JIBUN": "3-1대", "purp_class": "empty", "mainPurps": "정보없음", "totArea_sum": 0, "area_m2": 11, "far_pct": 0 }, "geometry": { "type": "Polygon", "coordinates": [ [ [ 127.169949817313423, 37.463587029560003 ], [ 127.169848164892912, 37.463621790944593 ], [ 127.16967852686598, 37.463658487047496 ], [ 127.169829015268718, 37.463631116574099 ], [ 127.169949817313423, 37.463587029560003 ] ] ] } }
]
}
