{"type": "FeatureCollection", "features": [{"id": "0", "type": "Feature", "properties": {}, "geometry": {"type": "MultiPolygon", "coordinates": [[[[127.13820159752996, 37.46324361853781], [127.13824747287323, 37.463278200054916], [127.138334175038, 37.46331850972946], [127.13837470892848, 37.46333718565403], [127.13840221984454, 37.46334986772879], [127.13834713594491, 37.463372131477236], [127.13837411493915, 37.46338338981432], [127.13832517947333, 37.463362975668645], [127.13829495396543, 37.46337518321557], [127.1383090395498, 37.463382275831954], [127.13829345518327, 37.463396304478124], [127.13813179537652, 37.463465012801905], [127.13814999321144, 37.46352681863999], [127.13812434930642, 37.46354734612031], [127.13818933118318, 37.463689521453844], [127.13814640238688, 37.46370276178692], [127.1379881371535, 37.46373032615794], [127.13789715841565, 37.46374404534983], [127.13772022898478, 37.463757989703375], [127.13756256343072, 37.46379227430083], [127.13753391541549, 37.46380189395584], [127.13744794942016, 37.46383738429157], [127.1372961657968, 37.46386162458669], [127.13713372053058, 37.46385323355868], [127.13709289731624, 37.463830809366605], [127.13708620357859, 37.46382963673072], [127.13703817924471, 37.4638505680679], [127.13705290502776, 37.46385540759005], [127.13709510256957, 37.46386897335296], [127.13715526531017, 37.46388478000195], [127.13725223359167, 37.463882695469664], [127.13743482733834, 37.46385677096335], [127.13753355577765, 37.463815517545584], [127.13756860731615, 37.46380285413641], [127.13758891316418, 37.4637993348635], [127.13765161021254, 37.4637977039205], [127.13775588688773, 37.46377429280859], [127.13771610881828, 37.4639106244762], [127.13767729238766, 37.46396023341716], [127.13762875305422, 37.46402126926008], [127.1376299311061, 37.464035116329455], [127.13762679545005, 37.4640450490012], [127.13760163781681, 37.46408458698349], [127.13748126285846, 37.46416949195906], [127.13746604262776, 37.46419752167198], [127.13749183786618, 37.46421664733218], [127.13752861007364, 37.464236481156654], [127.1375716309304, 37.464230151640706], [127.13769471268714, 37.4641793194124], [127.13773870534911, 37.46414793180468], [127.13779371918491, 37.46413541650822], [127.13783403560869, 37.464146209084376], [127.13787117327948, 37.4641680786491], [127.13792849790477, 37.46420180914009], [127.13796648308842, 37.46422973244071], [127.13801860945807, 37.464208192317244], [127.13814069471324, 37.464156558882316], [127.13818461007237, 37.46412007151744], [127.13818302075184, 37.464141156840455], [127.13818606563991, 37.46414349592861], [127.13834794913134, 37.46407270596001], [127.13834825407756, 37.46407257045637], [127.13835550532677, 37.46406951666808], [127.13883032489461, 37.46386931252143], [127.13884670222713, 37.463862409823236], [127.13885550101179, 37.46385881360363], [127.13925882268535, 37.46371335469228], [127.1388737092842, 37.46387033429888], [127.13886180435615, 37.46387518652487], [127.13885288126549, 37.46387880090947], [127.13884412787317, 37.46388249618649], [127.13882938832593, 37.46388873924876], [127.13835444447584, 37.46408904264534], [127.13834677521125, 37.46409221404804], [127.13819896958177, 37.4641533830349], [127.1381821965877, 37.464160331150865], [127.13817903408469, 37.464161686313496], [127.13798171447445, 37.46424525716589], [127.13681630701325, 37.46473647281329], [127.13662089883918, 37.46481607478383], [127.13661615475756, 37.46481797231474], [127.13658272027084, 37.464831345384404], [127.13657518620616, 37.4648343543367], [127.13654228259867, 37.46484751955734], [127.13650240911446, 37.46486315246985], [127.13648783855439, 37.4648692959359], [127.1364782265081, 37.46487335241936], [127.1362606959521, 37.46496524171319], [127.13619933473505, 37.464987458326874], [127.13617360189149, 37.464996786007205], [127.13614649078181, 37.46500654773377], [127.13612322255531, 37.46501612487631], [127.13589494449053, 37.46510972863313], [127.13590287747843, 37.46512116235688], [127.13546925370653, 37.46530149495698], [127.13531880263238, 37.4653650960407], [127.1354669458112, 37.46557285278517], [127.13549867549484, 37.465617344406], [127.13559003457135, 37.46574547160018], [127.13560980903522, 37.46577319105908], [127.13608782302732, 37.46557298534038], [127.13670781408547, 37.46531323922286], [127.13681144893529, 37.465239688839304], [127.13717955493873, 37.465085195245244], [127.13721942514225, 37.46506776010161], [127.13739956406484, 37.46498294888231], [127.13745795389465, 37.46495549122332], [127.13750147933249, 37.465021574805064], [127.1379214273217, 37.46484566544787], [127.1381630873466, 37.465212725394586], [127.1377430245127, 37.465388455532405], [127.13768293465877, 37.465413572680234], [127.13733414168519, 37.465559396006896], [127.1369857993388, 37.4657051276846], [127.1366374554758, 37.46585076823441], [127.13634987878469, 37.46597102024366], [127.1362419931925, 37.465944293385704], [127.13642119404136, 37.466216372167935], [127.1364551770448, 37.4661304677515], [127.13664685761006, 37.46605032973039], [127.13686203178256, 37.46596034355653], [127.13705235600985, 37.46588074703148], [127.13724290574382, 37.46580105983984], [127.13735755176236, 37.465753174933305], [127.1375010001306, 37.465693183330785], [127.13764444826921, 37.46563319155395], [127.13778778314173, 37.46557319973316], [127.13784776005151, 37.465548082662885], [127.1380174122568, 37.46547715805844], [127.13818706397704, 37.46540614311007], [127.13832170092668, 37.46534985481295], [127.13837654367262, 37.46536087365517], [127.13844575946166, 37.46544341549201], [127.13855281393342, 37.46557213489108], [127.13863879704984, 37.46567520004463], [127.13872206175628, 37.46577511477797], [127.13870835111071, 37.46581882935915], [127.1385797001308, 37.46587267844117], [127.13844427200145, 37.465929418446215], [127.13830884350293, 37.46598606819577], [127.13817341496369, 37.46604280789012], [127.13811343776867, 37.46606792512412], [127.13796919857054, 37.46612827878085], [127.13782495914013, 37.4661886322614], [127.13768071964084, 37.46624907566586], [127.13756844523023, 37.466296057148675], [127.13751450197572, 37.466282694289866], [127.13760382169818, 37.466418372663796], [127.13762047468968, 37.46637609643123], [127.1377572597198, 37.46631881520713], [127.1378702116166, 37.46627147236218], [127.13804133360932, 37.466199825232316], [127.13816603234447, 37.46614769321504], [127.13822600958541, 37.4661225759546], [127.13835082093668, 37.46607035351128], [127.13840476402193, 37.466083625888665], [127.13848025624424, 37.466198326242605], [127.13857161771413, 37.466336974830185], [127.13866286648411, 37.4664756234744], [127.13870027285961, 37.466532433363554], [127.1387184116196, 37.46656124441022], [127.13873530779837, 37.466590507398394], [127.13875073548331, 37.46662031269125], [127.13875232411, 37.46662364455844], [127.1387649204199, 37.466650479826605], [127.13877763669525, 37.46668109916751], [127.13878899718121, 37.46671208048309], [127.13879900154679, 37.46674324357344], [127.1388074240433, 37.46677476890181], [127.1388101595349, 37.46678710946794], [127.13881460361915, 37.46680656597437], [127.13882020082808, 37.46683845498518], [127.13882444190979, 37.46687052577188], [127.13882710062076, 37.46690268849715], [127.13882883706438, 37.46692503135893], [127.13879103026876, 37.466958502500546], [127.1386497418967, 37.46696407255791], [127.13858203654202, 37.466966764014316], [127.13844108725398, 37.46697233342895], [127.13824870897867, 37.46697994439836], [127.13811194190572, 37.466985418481094], [127.13795392485619, 37.46699163774379], [127.13790854741768, 37.46696475012906], [127.13794307234669, 37.467115628311674], [127.13797906868678, 37.467080898128025], [127.13811323637981, 37.46707560740425], [127.13827136646682, 37.46706929769735], [127.1384293836522, 37.467063078010014], [127.13858751368497, 37.467056767880166], [127.13859753096241, 37.46721884673098], [127.13843951346385, 37.467225066643614], [127.13828138289949, 37.467231286475844], [127.1381233653473, 37.46723750596581], [127.13799575313806, 37.467242518829565], [127.1377804286697, 37.46725096643781], [127.13763179245709, 37.467256723951294], [127.13745376818615, 37.46726368639073], [127.13729168108722, 37.46726990944986], [127.13705352402567, 37.467279192867416], [127.13696322081903, 37.467224965912], [127.13701568252074, 37.46748187187022], [127.13708869503266, 37.46741313169274], [127.13731973152912, 37.467404126688066], [127.13757326131189, 37.46739428443424], [127.13778813438577, 37.46738601792448], [127.13783057824972, 37.4674157921773], [127.13783629614666, 37.467514355323665], [127.13784629632403, 37.4676678747171], [127.13785293330577, 37.46777454582583], [127.13786166802306, 37.467915903129736], [127.13786504436305, 37.467969959417395], [127.13787389609482, 37.46811347898797], [127.13788297885199, 37.46825970129676], [127.13789066325785, 37.46838285953849], [127.1378983486716, 37.468506558377754], [127.13781661746081, 37.46850521106883], [127.13774653093981, 37.46850466118274], [127.13772052972797, 37.46850370005061], [127.1376759906219, 37.468503210774955], [127.13765462408936, 37.46850224428818], [127.137646823612, 37.468501892873014], [127.13763393449614, 37.46850055621544], [127.13761166020761, 37.46849769866024], [127.1375897222673, 37.46849330900852], [127.13756834724823, 37.4684876573004], [127.13754753482478, 37.46848056333613], [127.13752762444707, 37.468472206925775], [127.13750850307503, 37.468462588199934], [127.13749039695409, 37.46845179699892], [127.13747760702103, 37.46844280168486], [127.13740249718727, 37.46841486688328], [127.13737682893729, 37.46841048148126], [127.13728830854853, 37.46840535739937], [127.13728832842746, 37.468416349613], [127.13704925559529, 37.46842130926079], [127.13661437998528, 37.468417572501465], [127.13661514805618, 37.468429798233984], [127.13661768482145, 37.46847007016738], [127.13662183915042, 37.468536063886134], [127.13662206021941, 37.468539559524935], [127.13662782433687, 37.46853901233302], [127.13665054427766, 37.46853826555214], [127.13703658200185, 37.46853935518552], [127.13705331369422, 37.46854023699963], [127.13705670524911, 37.468540413310336], [127.13705874014953, 37.468540501076674], [127.13708169169982, 37.46854281735734], [127.13710407886015, 37.46854558478263], [127.13712624205587, 37.46854952376454], [127.13714829009682, 37.46855229157058], [127.13726123565347, 37.4685618927176], [127.13730623559334, 37.4685671569357], [127.13735067457279, 37.46857476438914], [127.13739432635056, 37.46858462523841], [127.13743719093037, 37.468596739484305], [127.13747892919241, 37.468611107517916], [127.1377994158458, 37.468743636287996], [127.13875681340483, 37.4691414022784], [127.13880839477582, 37.469160083222675], [127.13886132740093, 37.46917587936476], [127.1389156109452, 37.469188610502684], [127.13897090627673, 37.46919827702907], [127.13902687426318, 37.46920487933717], [127.13908340152568, 37.469208237357435], [127.13927547473243, 37.46921612263216], [127.13926806747713, 37.46943011943839], [127.13927261231586, 37.46944272817983], [127.13927862621071, 37.46945506490765], [127.1392861083356, 37.46946667912122], [127.1392948331023, 37.469477841384055], [127.13930446121864, 37.46948846199127], [127.13931544435829, 37.46949827011512], [127.13932699155521, 37.469507446878154], [127.13933932905961, 37.46951608211666], [127.13935200503252, 37.46952435655798], [127.13937056351827, 37.4695349667431], [127.13938957351735, 37.46954521599735], [127.13940835429221, 37.469553753610725], [127.13942769829774, 37.46956120936045], [127.13944771890684, 37.46956776331445], [127.1394679641144, 37.469573506100396], [127.13948843441656, 37.46957870801837], [127.13950924285552, 37.46958336893622], [127.1395302757258, 37.46958712858556], [127.13955141981837, 37.46958989699816], [127.13957278867208, 37.46959194434219], [127.13959438228636, 37.46959327061749], [127.13961597424395, 37.469593695887994], [127.13963767725512, 37.46959303982142], [127.13965926490222, 37.469591122481795], [127.13968051126487, 37.46958803423368], [127.13970164275892, 37.46958395501298], [127.1397223200901, 37.4695787951163], [127.13974254392113, 37.469572914944244], [127.13976242745998, 37.469566404464864], [127.13978231033164, 37.46955953358181], [127.13980275642054, 37.46955158083296], [127.13982274917323, 37.46954299790921], [127.13984353537681, 37.469535585356894], [127.13986488894712, 37.469529343440364], [127.13988669684255, 37.4695242722916], [127.13990895923013, 37.46952046201045], [127.13993144985987, 37.46951782276142], [127.13995416889898, 37.46951644464441], [127.13997689126072, 37.46951686852474], [127.13999938886747, 37.469518013466306], [127.14002211405582, 37.46951996903936], [127.14008961287001, 37.469526647428424], [127.14013393516221, 37.4695318212626], [127.1401783715014, 37.469537535548014], [127.14022269264073, 37.46954207864828], [127.14026735174718, 37.469545990633165], [127.14031178410688, 37.469549542466396], [127.1403565550984, 37.46955282358418], [127.14037701762325, 37.469553790644284], [127.14038261049217, 37.4696439744499], [127.14038318703841, 37.46965010059122], [127.14039044189606, 37.46972208218627], [127.14039470164965, 37.469763793607655], [127.14039540240819, 37.4697759563212], [127.14045949017792, 37.47081014194806], [127.14038274216311, 37.4708762756508], [127.14003922456725, 37.470890013665866], [127.13990442192858, 37.4709224274994], [127.13743038724945, 37.471020174461806], [127.13731961108573, 37.471024536530486], [127.13723584852376, 37.47096408538712], [127.13726053264526, 37.47136148926604], [127.13733649096554, 37.47129445749902], [127.13744907706422, 37.471290543833724], [127.13750813515855, 37.47225328712189], [127.13762106084525, 37.47224883230003], [127.13762665028777, 37.4723388360006], [127.1388665723226, 37.472289738305996], [127.13886098139743, 37.47219973466622], [127.1387995950077, 37.47120960428684], [127.14036685250079, 37.47114758619211], [127.14045027931444, 37.47120839590781], [127.14046729421202, 37.47148408266875], [127.14050784777295, 37.471590082968376], [127.14065234779899, 37.473922517740746], [127.13761922487377, 37.474041919005], [127.13762575152556, 37.47414994164065], [127.13820034206857, 37.4741274741629], [127.13833669474718, 37.474135605585616], [127.13975932106935, 37.4740794392149], [127.13989311215917, 37.47404711684443], [127.14010144764778, 37.474039124078736], [127.14057893279588, 37.47401973218611], [127.14096468033487, 37.47403198173098], [127.14167062233793, 37.47400411648945], [127.142122108569, 37.47398637099872], [127.14221242843254, 37.47398283968673], [127.14228013997773, 37.473980146141095], [127.14325681368462, 37.47394140689016], [127.14352777274786, 37.473930720045786], [127.14360893618276, 37.47392755907086], [127.1457469892552, 37.473843338020224], [127.14597399896148, 37.473846935034025], [127.14626722721829, 37.47383585428212], [127.14639502624054, 37.47380497349464], [127.14675087426596, 37.47378912954134], [127.14686560924588, 37.473784032959706], [127.14694226648056, 37.4737891644571], [127.14743737303814, 37.473822341686265], [127.14751776148917, 37.473827738503296], [127.147433874729, 37.47376738488051], [127.14741123383537, 37.47340241688846], [127.14737123426174, 37.47329614801523], [127.1473004090686, 37.47216088250975], [127.14729633871058, 37.47210232238061], [127.14729182439783, 37.47204799750938], [127.14746205921446, 37.47204121006731], [127.14763229382415, 37.472034332280046], [127.14937069986135, 37.47196549580778], [127.14947402310618, 37.47362816602961], [127.14935947470765, 37.47372778002605], [127.14966321425753, 37.473716046995015], [127.15028776020091, 37.473690935301725], [127.15070934074187, 37.47370148611502], [127.15062522582524, 37.47364131524703], [127.15061434774799, 37.473457794852344], [127.15057320955347, 37.47334972650033], [127.15049049763522, 37.47200256221425], [127.15048536357698, 37.471921928979825], [127.15418473139799, 37.47177529968791], [127.15418588164596, 37.471785029026705], [127.15418865943082, 37.47181683081893], [127.15419154953094, 37.471848272064896], [127.15429240740256, 37.473469224804084], [127.15421668797961, 37.47353617702545], [127.15460237943054, 37.473521081764034], [127.15449708867824, 37.47183616388663], [127.15449546857877, 37.47181778553729], [127.15449245649344, 37.47178201964558], [127.15449095770443, 37.47176769564935], [127.15448842736674, 37.47174643527065], [127.15448383283196, 37.471710761526985], [127.15447844734939, 37.47167526900722], [127.15447272273533, 37.47163977692597], [127.15447123717111, 37.47163194012866], [127.1544662069917, 37.47160437596842], [127.15445912602699, 37.47156897574181], [127.15445136716366, 37.47153375659238], [127.15444281717375, 37.47149862856625], [127.15443358910362, 37.47146359151697], [127.15442334400196, 37.47142873598322], [127.15441196882493, 37.471394062110996], [127.15440036775166, 37.47135947862994], [127.15438831487573, 37.4713250759325], [127.15437535783403, 37.471290764503415], [127.15436888142742, 37.471274644938255], [127.15436160985617, 37.47125663429618], [127.1543477492128, 37.471222684433314], [127.15433287154487, 37.47118891608435], [127.15432401167702, 37.47116811438623], [127.15431320052605, 37.47113280907183], [127.15425623992948, 37.471028636730594], [127.15422040253802, 37.470972009993964], [127.15419080445297, 37.4709260971139], [127.15417016567899, 37.47089431839102], [127.15414896225009, 37.47086281069435], [127.15412708093928, 37.47083148406967], [127.15410474820207, 37.4708005184246], [127.15408185044517, 37.47076964360487], [127.154058162313, 37.470739220302015], [127.1540340225726, 37.47070906787781], [127.15400909227485, 37.47067927686968], [127.15398359750847, 37.4706498469854], [127.15395742522973, 37.47062077837042], [127.15393080134409, 37.4705919806327], [127.15390349976389, 37.47056345406348], [127.15387574694314, 37.47053537857083], [127.15384742947236, 37.47050757410014], [127.1538186605784, 37.47048013060528], [127.15378921417387, 37.47045304837732], [127.15375942939023, 37.47042632697884], [127.15372896709628, 37.47039996684638], [127.15369816642338, 37.47037396754272], [127.15366680146676, 37.47034841945866], [127.15363475918278, 37.47032332273932], [127.15360226547611, 37.47029858699314], [127.15356943339035, 37.47027421207432], [127.15353603683829, 37.470250198273426], [127.15350218922828, 37.47022672564463], [127.15346789019527, 37.47020361398749], [127.15343313992155, 37.47018095340166], [127.15339793840684, 37.470158743886756], [127.15336239851199, 37.470136895197086], [127.15332629451466, 37.470115587822846], [127.15328985213667, 37.47009464127311], [127.15325295869881, 37.47007423589274], [127.15321572706173, 37.47005428143619], [127.15317804418196, 37.47003477804824], [127.15314002310222, 37.470015725583444], [127.15310166400403, 37.469997214141436], [127.15306274080068, 37.4699792440119], [127.153023592439, 37.469961724659434], [127.15298421891846, 37.46994465608384], [127.15294439415253, 37.46992803857455], [127.15290434404501, 37.46991178174154], [127.15286395609746, 37.46989615602937], [127.15282323012751, 37.46988107133774], [127.15278227917732, 37.469866527521546], [127.15274099002177, 37.469852434625196], [127.15269925034328, 37.46983915319313], [127.15265751122367, 37.4698261420463], [127.15261543371538, 37.46981349171845], [127.15257313158601, 37.46980156246478], [127.15253060410943, 37.46978999388498], [127.15248785182867, 37.469779056278846], [127.15244487456165, 37.46976865954615], [127.15240167248862, 37.46975889378666], [127.15235835828922, 37.4697495786558], [127.15231481910101, 37.469740804397745], [127.15227116796581, 37.46973257086798], [127.15222729202085, 37.46972496831065], [127.15218319090354, 37.4697178165254], [127.15213909105998, 37.469711295423885], [127.15192210115148, 37.46968111791005], [127.15186376556011, 37.469678399034656], [127.15174572922388, 37.469668638120304], [127.15046132284766, 37.469719098308715], [127.15037800247119, 37.46965820541627], [127.15036667254559, 37.46947423494103], [127.15032610569224, 37.469367967713154], [127.15029831438909, 37.46892029444266], [127.15030948853264, 37.46891172084735], [127.15053100601808, 37.46888936715778], [127.15084576013226, 37.46885563273723], [127.15102745084428, 37.468815308381544], [127.15116914324963, 37.46878431473491], [127.15146517914313, 37.46871771576543], [127.15167929522748, 37.46866896993268], [127.15215694511421, 37.468637547724754], [127.15219197934333, 37.46863326834703], [127.15218978093188, 37.468608043071505], [127.15172715993981, 37.468636563100894], [127.15164033719942, 37.468633069418054], [127.15121761740394, 37.468603872577106], [127.15065775238594, 37.46856133234467], [127.1505948756746, 37.46854834714035], [127.15061710340338, 37.46852750593216], [127.15064474294275, 37.468499539968064], [127.15067102436075, 37.46847076480899], [127.15073542632739, 37.46839806267629], [127.15128691832341, 37.46843718934415], [127.15165706746683, 37.46846356953268], [127.15183148364613, 37.468460464598515], [127.1532834267533, 37.46837013035973], [127.15428450345422, 37.46830775248043], [127.15432270730928, 37.46830581098084], [127.15436113981143, 37.468305130577114], [127.15439957451456, 37.46830553136147], [127.15443789856326, 37.46830710358019], [127.15447611177584, 37.46830975713332], [127.15451421433747, 37.46831358212103], [127.15455209302574, 37.46831848858974], [127.15458974784225, 37.46832447653973], [127.1546270659317, 37.46833163621758], [127.154664047112, 37.46833987752367], [127.15470057834399, 37.46834920060479], [127.1547187881785, 37.46835422261453], [127.15473677266971, 37.468359605314795], [127.15475464449068, 37.46836516835896], [127.15477736510647, 37.4683648685938], [127.15492476899072, 37.46847477987568], [127.15506764484964, 37.46858136314461], [127.15528371186511, 37.468713799904656], [127.15545201744204, 37.46881764660366], [127.15567329423448, 37.468954220470856], [127.15575806617777, 37.46900465610795], [127.15582461611818, 37.46904421334633], [127.15606218192733, 37.469185450421804], [127.15616766166937, 37.46924585980896], [127.15621689303174, 37.469273996753856], [127.1562500537056, 37.46929305459499], [127.15630746577031, 37.46923171122587], [127.15643118290971, 37.46931020664051], [127.15637918743047, 37.46936694785724], [127.15646904963027, 37.469418547612584], [127.15661788628437, 37.46950845262187], [127.15676194290438, 37.469582596176075], [127.15680619487598, 37.46960785620653], [127.15685741543086, 37.469613735504204], [127.15689789676851, 37.469619538800536], [127.15693804477164, 37.46957353487171], [127.1569555598209, 37.46957035832543], [127.15710912093583, 37.46959403280757], [127.15712723144979, 37.469605451693944], [127.15719347939323, 37.4696077971467], [127.15721540141479, 37.469603803853865], [127.15723699907092, 37.46960692890497], [127.15740295812908, 37.46966725747256], [127.1574239988313, 37.4696743476355], [127.15744447675728, 37.469682609840575], [127.15748157794228, 37.46969373331211], [127.15745599062876, 37.46983792749109], [127.15744438351213, 37.46990984281108], [127.15743767522733, 37.46994562146354], [127.15744302399204, 37.469962823554646], [127.15745153702898, 37.46997957096878], [127.1574769210037, 37.47000954085495], [127.15749153295329, 37.47002366730942], [127.15747562232505, 37.47003738354715], [127.15747088218735, 37.470041083913245], [127.15747145077223, 37.47004270496743], [127.15752912315638, 37.470215621324606], [127.15783937605694, 37.47062489713877], [127.15768276562113, 37.47071241134179], [127.15733201650627, 37.4702901239891], [127.15728605191154, 37.47014800639153], [127.15709455341747, 37.469983104897715], [127.15700549396199, 37.46999214203911], [127.15698266448578, 37.469994694882615], [127.15696006090756, 37.46999715732429], [127.15694378382325, 37.46999771933552], [127.15679101830102, 37.46986718469241], [127.15677753563773, 37.46985242596531], [127.15675692816433, 37.46989083574784], [127.15675186768891, 37.4699036366319], [127.15676255755854, 37.47004381858521], [127.1567503675291, 37.47005284462431], [127.15673738563557, 37.47006160140149], [127.15669742049917, 37.47008688196035], [127.15653642552938, 37.47018620354292], [127.15645762744144, 37.470237754128625], [127.156363818245, 37.47030085716426], [127.15613339199075, 37.47044468857675], [127.15597985714595, 37.470544360036286], [127.15594413584314, 37.47059963817355], [127.15590900137134, 37.47077537955944], [127.15596225973658, 37.470892260079445], [127.15612857920719, 37.471016921522136], [127.1562733477926, 37.47116107260376], [127.15628184565959, 37.47117052199957], [127.15628751499216, 37.47117880379625], [127.1562920548061, 37.47118753757324], [127.1562954645437, 37.471196453030686], [127.15629774420468, 37.47120555016868], [127.15629878074365, 37.47121482913534], [127.15630453722076, 37.47137501981299], [127.15676447281147, 37.471297921365746], [127.15858138272898, 37.47099530643858], [127.15911802846462, 37.471059464119016], [127.16031130270605, 37.47120626174381], [127.1630049785022, 37.47153769410478], [127.16276968346732, 37.47093695679207], [127.16275199413289, 37.470911653753475], [127.16167273935419, 37.46936728045882], [127.16178769401606, 37.469256931991374], [127.16189334317305, 37.46907694853682], [127.16173665165277, 37.46906977286233], [127.1601324585513, 37.46906301702109], [127.16042426838439, 37.46753713720531], [127.15950744807661, 37.466430222919406], [127.15887911500776, 37.46569674372698], [127.15859635281669, 37.465345368256685], [127.15825890363087, 37.46494928476787], [127.15789399053347, 37.46455323662981], [127.15750612898573, 37.46420857482314], [127.15747114148446, 37.464179788889936], [127.15559525043206, 37.4641952239736], [127.15558695726017, 37.464196964712386], [127.15550874839852, 37.464213410850554], [127.1541257496533, 37.464504192712695], [127.15333878178507, 37.46455151791714], [127.15238318922553, 37.46427370092478], [127.15120210653603, 37.4636021531528], [127.14939221820451, 37.46172374855024], [127.14887073910933, 37.46118251811713], [127.14876720757482, 37.46107506728288], [127.14874687730388, 37.46105395505808], [127.1477303695134, 37.4600518588911], [127.14742316587251, 37.45993943283531], [127.147234646833, 37.459887416193745], [127.1471557222464, 37.45986564610829], [127.14708536980936, 37.45984623505288], [127.14693564068065, 37.45980497318897], [127.14680176377286, 37.459655562131], [127.14677899603399, 37.45963015476796], [127.146766490767, 37.45961619556206], [127.14673435543578, 37.45958033003343], [127.14540973120208, 37.46031987268478], [127.14539064991479, 37.460330617865], [127.14537382660512, 37.460340008787405], [127.14514642635599, 37.46046543484537], [127.14509968170466, 37.460491260364], [127.14509392343567, 37.460494510974584], [127.14498011464254, 37.46055970168119], [127.14488120948741, 37.460616494861085], [127.14485535318578, 37.46063085218935], [127.14475192822398, 37.46068846164599], [127.1445630302611, 37.46079356731329], [127.14431756381045, 37.46093018608519], [127.14406238600198, 37.461072131982526], [127.14415846774011, 37.46095641723361], [127.14380653469526, 37.46115740498353], [127.14353254823196, 37.46073822704767], [127.14339171178969, 37.46079714166997], [127.14350513188701, 37.46100369579299], [127.1434394002484, 37.46103107517044], [127.14327010486079, 37.461103358677825], [127.14325994034536, 37.46110769568868], [127.14324435499083, 37.46111447191061], [127.14313138293178, 37.460965401064016], [127.14300582228738, 37.46079363987388], [127.14299397475017, 37.46080455620692], [127.14298304824743, 37.460824391376846], [127.14294441000914, 37.460893905036706], [127.14292761171613, 37.460916810641685], [127.14290677522465, 37.46095611934971], [127.14287521141465, 37.46100102711055], [127.1428357134475, 37.46103423129758], [127.14281200061367, 37.46104669350652], [127.14277076545737, 37.46105773504867], [127.14268648420527, 37.461138655817784], [127.14256203654254, 37.46125818744251], [127.14253823560398, 37.46128398456099], [127.14248213832214, 37.46132594817369], [127.1426709460423, 37.46147123496315], [127.1427241590694, 37.461518384003625], [127.14270463225502, 37.46153300359806], [127.14263894083632, 37.46158218677682], [127.14258871082149, 37.4616187374079], [127.14253419100936, 37.461658176348955], [127.1425467917229, 37.461687083540156], [127.14252358169792, 37.46166647824439], [127.14237751309318, 37.46176954708753], [127.14228385581197, 37.46185408275144], [127.14221426736407, 37.4618144313447], [127.14217733695195, 37.46177050631253], [127.14215751930301, 37.461810984975735], [127.14202480754153, 37.46186430206741], [127.14190350212037, 37.46191246973827], [127.14180800894765, 37.461801219047636], [127.14173814987306, 37.46185860580741], [127.1417025797871, 37.461877208687234], [127.14199047477736, 37.46218176656317], [127.14198822782916, 37.462183039649446], [127.14201865899146, 37.462214871982304], [127.14203031122516, 37.46220811861955], [127.14197159841542, 37.46224215625965], [127.1419343379564, 37.462263554329155], [127.14191841769602, 37.462272763483554], [127.1413608447079, 37.4625830996093], [127.14069972588823, 37.46295266093444], [127.14068583724455, 37.46296042592322], [127.1406328797206, 37.462990041198715], [127.14067323583367, 37.46296746859161], [127.14063339981419, 37.462965713484174], [127.14061259080471, 37.4629597913529], [127.1405951625957, 37.462948369116184], [127.14050270292256, 37.462839068998335], [127.14043914520299, 37.462808806930155], [127.14038275479027, 37.46275463277456], [127.14038515652149, 37.46270867875714], [127.14039003089735, 37.4627040148395], [127.1403876293996, 37.46270119751951], [127.14044635981365, 37.462553904463824], [127.14046949104882, 37.46251376457727], [127.14050266400191, 37.462439410769896], [127.140555528434, 37.462359699844], [127.14058431288686, 37.4623327079394], [127.14062525214668, 37.46228951969113], [127.14074584973918, 37.4622245954956], [127.14082780109462, 37.4621654831639], [127.14105071524375, 37.46205232439188], [127.14112507703526, 37.46203322538789], [127.14132773589156, 37.46198117808465], [127.14139857399354, 37.4619637048841], [127.14144370880018, 37.46195232583325], [127.14159182258132, 37.46188436784603], [127.14161109915933, 37.46190509511756], [127.14161921372434, 37.4619045178656], [127.14164607625771, 37.4618836728261], [127.14168287355595, 37.461856418869836], [127.14166508902866, 37.461835716870574], [127.14183441848955, 37.46171946663469], [127.14192702297075, 37.4616278416742], [127.14191009464862, 37.46162981696406], [127.14178674335759, 37.46167781575634], [127.1416898957893, 37.461742974142595], [127.14168202800607, 37.46175464246555], [127.14167245186756, 37.46178363011015], [127.14164764444435, 37.46181546496747], [127.14161821332391, 37.46185298162574], [127.14157267178688, 37.46185835152902], [127.14156792549706, 37.46185889775611], [127.1414895428437, 37.46189160696106], [127.1414323881271, 37.461912577932544], [127.14130539278749, 37.46194038903662], [127.14111896595654, 37.46198061397712], [127.14102655874876, 37.46200883442076], [127.14090559973954, 37.46206141557716], [127.14081616158353, 37.46210603062551], [127.14076985618432, 37.46212626768438], [127.14098673681481, 37.46199005044073], [127.14101046079442, 37.46198326491119], [127.14107372773302, 37.46196679194592], [127.14125748830142, 37.4618300727062], [127.14136026534575, 37.46178643264346], [127.14144321992023, 37.4617202908633], [127.14140224305675, 37.46168826363125], [127.14139338672297, 37.461666830219016], [127.14126355987302, 37.4615091279079], [127.14107638172395, 37.46157025696463], [127.14093975704016, 37.461647003564764], [127.14074814108339, 37.46175345783618], [127.14049148680976, 37.46189674925659], [127.1401469859417, 37.46209032911596], [127.14009335062914, 37.46211994494881], [127.14005342015945, 37.46216477165886], [127.14003502496445, 37.462180470689304], [127.14000081067991, 37.462199071467225], [127.13974437155714, 37.462338036185876], [127.13965177727061, 37.46238796996619], [127.1396531157451, 37.46231678909406], [127.13958116701367, 37.462283896427316], [127.13937102830442, 37.462221621073795], [127.13912271356907, 37.46212544898484], [127.1390662610666, 37.46204892035797], [127.13900059147386, 37.462346174896425], [127.13818664341258, 37.46262888993704], [127.13818461112363, 37.46266120228582], [127.13816709262092, 37.462792471774605], [127.13816716943849, 37.46293406443771], [127.13818509667803, 37.46308945785391], [127.13819002328712, 37.46313203359568], [127.13820159752996, 37.46324361853781]], [[127.14171789924967, 37.46856849251198], [127.14072763310577, 37.46855515706635], [127.14069755718666, 37.4685514082802], [127.14065774705526, 37.46854082332583], [127.14064809866584, 37.468519300715556], [127.14062578352349, 37.468494459304935], [127.14061668318391, 37.46840265781665], [127.1405509879984, 37.46735504879548], [127.14061170426089, 37.46730163796175], [127.14085754692046, 37.46729197791069], [127.14099098632944, 37.46725965468472], [127.14163537563908, 37.467234114812015], [127.1417031941589, 37.46723142147201], [127.14179350591745, 37.467227890492396], [127.1418612113867, 37.46722519719591], [127.14185293316847, 37.4670901466569], [127.14178556693705, 37.46709283954595], [127.14176239126631, 37.466728321168084], [127.1418304352326, 37.466725537387326], [127.14182811570338, 37.46669409512954], [127.14182580560524, 37.466667698478325], [127.14182112221368, 37.466641574945626], [127.14181576076538, 37.46661554231793], [127.14180870425547, 37.46658978200314], [127.14179950087039, 37.46656447473792], [127.14178894137281, 37.46653934928223], [127.14177747825225, 37.46651458529924], [127.14176465952632, 37.466490273425464], [127.14174935565902, 37.466466865502426], [127.14173269652542, 37.46644408988763], [127.14171547254963, 37.46642149514113], [127.14124712688898, 37.465859193077755], [127.1421752574815, 37.4653670451883], [127.14228606621928, 37.465384663015044], [127.1425423317056, 37.465691869933295], [127.14264499534487, 37.46576589995106], [127.14325281434223, 37.466494444576114], [127.14331546620424, 37.4665695130853], [127.14481914817401, 37.4683709667763], [127.14486503666058, 37.46842695350244], [127.14492610556395, 37.46850013094439], [127.14465888720996, 37.4685058609415], [127.14368450423808, 37.46858236102266], [127.14333594156125, 37.468612332738715], [127.14330214262318, 37.468612553496285], [127.14271011908565, 37.46865876297272], [127.14188116128184, 37.468645244354015], [127.14179049944045, 37.46864382030072], [127.14178583908289, 37.46856958319251], [127.14171789924967, 37.46856849251198]], [[127.14007354306398, 37.46290937513824], [127.14007871193392, 37.46297080708865], [127.14024403988591, 37.462863997351334], [127.14025969364614, 37.46288166567967], [127.14032674514434, 37.46284524945861], [127.14023449005245, 37.4628953634937], [127.1400793360595, 37.46297825765829], [127.14007672428087, 37.46294723915979], [127.14007354306398, 37.46290937513824]], [[127.14012558726999, 37.462744573132575], [127.14011652190689, 37.46273224001216], [127.1400138361617, 37.46264262041354], [127.13996051166606, 37.46259583069315], [127.13994846582489, 37.46256088585414], [127.13997928982718, 37.4625425593657], [127.13994044214066, 37.46250043789323], [127.13998788911285, 37.462486056347856], [127.1400794334236, 37.46241846386016], [127.14017055538852, 37.46236708986641], [127.1401750708327, 37.46236393105504], [127.1402684028538, 37.4622852539744], [127.14034052548035, 37.46228976439551], [127.1404284280329, 37.46227019942154], [127.14040593004717, 37.462328791117166], [127.14049355820693, 37.4622830973044], [127.14060253202092, 37.46222809796656], [127.14064585881354, 37.462186330486716], [127.14066368171292, 37.46216684781871], [127.14071363556772, 37.46216354537791], [127.14070784906306, 37.46216393061493], [127.14058010199724, 37.46226227241006], [127.14054816695862, 37.46229087180734], [127.14050146611238, 37.462341833458424], [127.14042175741011, 37.46245257044856], [127.14038372411316, 37.46254532844317], [127.14037024674806, 37.46259210637892], [127.1403660941419, 37.462669237186994], [127.14033443288368, 37.462723785113496], [127.14029514846067, 37.46275131186838], [127.14018094206364, 37.46278892768461], [127.14017834448333, 37.46279010203737], [127.14019420178738, 37.46280783320606], [127.14007255332666, 37.46289759791161], [127.14006766375005, 37.46283951675725], [127.1401634366947, 37.46279687705655], [127.14012558726999, 37.462744573132575]], [[127.13918080933712, 37.463554517551124], [127.13931637824751, 37.463478576129454], [127.13915230890431, 37.46357048950289], [127.13918080933712, 37.463554517551124]], [[127.13844508968319, 37.46391703516651], [127.13845185295992, 37.46390673786813], [127.13839259533987, 37.46399696995219], [127.13844508968319, 37.46391703516651]], [[127.13870739104246, 37.46361682287153], [127.13871205753863, 37.46365295671289], [127.13871315825125, 37.46366148794014], [127.13870739104246, 37.46361682287153]], [[127.13850437118708, 37.463852355491625], [127.13862928489574, 37.4638026464188], [127.13870983094036, 37.46377059434015], [127.13850437118708, 37.463852355491625]], [[127.13905273504633, 37.46342721969559], [127.13903082132157, 37.46347232241327], [127.13910282343552, 37.46332411359447], [127.13905273504633, 37.46342721969559]], [[127.13961324588138, 37.46327368373353], [127.13956348758751, 37.46320362158587], [127.13956348782615, 37.46320362141924], [127.13956354080112, 37.46320368876284], [127.13961324588138, 37.46327368373353]], [[127.13949019979133, 37.46795590961462], [127.13947983109897, 37.467788245052745], [127.13966034727132, 37.4677834390553], [127.13967071222108, 37.46794885109795], [127.13985111141, 37.467941702337846], [127.13986136160422, 37.46810594318934], [127.13968084881563, 37.468113001997736], [127.13969109866201, 37.46827724285994], [127.13987161184448, 37.468270184035276], [127.1398802327324, 37.46840901849995], [127.1398330530666, 37.468447816857946], [127.13970146922374, 37.46844562818903], [127.13955914601239, 37.46844318161816], [127.13951839384461, 37.468411964412155], [127.13951058561037, 37.46828439150899], [127.1395003361578, 37.46812015063058], [127.13949019979133, 37.46795590961462]], [[127.139646720286, 37.46756532213923], [127.1397860882062, 37.46755984323699], [127.13982909699455, 37.46758898540724], [127.13983759870611, 37.4677245764197], [127.13965708268742, 37.46772938268764], [127.13947645360503, 37.46773418881181], [127.13946841629146, 37.46760490425257], [127.13950565708345, 37.46757098305727], [127.139646720286, 37.46756532213923]], [[127.1396922595826, 37.46731109592315], [127.13992465140804, 37.467301813940495], [127.13993444519507, 37.46746371273001], [127.13970273094021, 37.46747290383945], [127.1395004048793, 37.46748097898017], [127.13945886314288, 37.4674503933722], [127.13945269179214, 37.4673522813358], [127.139490838104, 37.467319079889386], [127.1396922595826, 37.46731109592315]], [[127.13944057174216, 37.46715416489061], [127.13943451165902, 37.46705506161491], [127.13947231821562, 37.467021590268466], [127.13967419121875, 37.46701369590648], [127.13990658262435, 37.467004684261084], [127.13991648986885, 37.46716685322843], [127.13968421133318, 37.467176044962144], [127.13948279021595, 37.46718402891414], [127.13944057174216, 37.46715416489061]], [[127.1394002738823, 37.466508192615045], [127.13939887721966, 37.466486299865394], [127.13939840587445, 37.4664758487775], [127.13939599402346, 37.466455128516394], [127.13939211284783, 37.46643450006976], [127.13938664964185, 37.466414143769576], [127.13937960440678, 37.46639405961567], [127.13937846890074, 37.46639126783019], [127.13937120338466, 37.46637433744412], [127.13936122066643, 37.46635506761851], [127.13934988249393, 37.466336339974895], [127.13933945607069, 37.46632166578156], [127.13935158341732, 37.46627768267684], [127.13948777426974, 37.46620544348815], [127.13958613412984, 37.46615325062069], [127.13964142664699, 37.46616255644204], [127.13965899170464, 37.46618659269899], [127.13967474784252, 37.46621045086731], [127.13968926140694, 37.46623476098794], [127.13970253256284, 37.46625961316142], [127.13971444793995, 37.466284827320095], [127.13972500770294, 37.46631049356449], [127.13972739393218, 37.46631724829841], [127.13973432455661, 37.46633643156255], [127.13974217242433, 37.46636264157892], [127.13974877738013, 37.46638912334951], [127.13975391318134, 37.466415787038805], [127.1397575796605, 37.46644254254693], [127.13976000305767, 37.46646947970961], [127.13976151651292, 37.46649335452549], [127.13977025350528, 37.46663408101155], [127.1397791035695, 37.46677480736127], [127.13978609261721, 37.466887064183446], [127.13974839947281, 37.46692062559853], [127.13960733715798, 37.46692610643593], [127.1394668400148, 37.46693158644522], [127.13942484727013, 37.46690145185021], [127.1394178584301, 37.46678901480565], [127.13940900904107, 37.466648288427855], [127.1394002738823, 37.466508192615045]], [[127.13898305296023, 37.46589239241345], [127.1388932174625, 37.46578473687586], [127.13904397557387, 37.46570482272933], [127.1391943947499, 37.4656251790855], [127.13928423065245, 37.46573292449675], [127.13937429321786, 37.46584084977375], [127.13946424283978, 37.465948685011426], [127.13953527359912, 37.466033746891156], [127.13952416406572, 37.46607790902851], [127.13940671948212, 37.46614021535206], [127.13928938757552, 37.46620243132667], [127.13923398253044, 37.46619339577278], [127.13916329156775, 37.466108603619375], [127.13907322881776, 37.46600058808637], [127.13898305296023, 37.46589239241345]], [[127.13870087446209, 37.46519128915696], [127.13889864937795, 37.46510852748977], [127.13901227293815, 37.46524417656959], [127.13879529630864, 37.465334979662764], [127.13862327321073, 37.46540689923927], [127.13856865580996, 37.46539551984893], [127.13849955313083, 37.46531306805273], [127.13851394218729, 37.465269442805884], [127.13870087446209, 37.46519128915696]], [[127.13860557709769, 37.467353807668744], [127.13861604611985, 37.46751561568476], [127.13845780191951, 37.46752183588503], [127.13829978377123, 37.46752805561177], [127.13814165255666, 37.467534275257954], [127.13801381376533, 37.46753928840334], [127.13797182126166, 37.467509153294664], [127.13796599096669, 37.46741104078625], [127.13800379819436, 37.46737747980987], [127.13813163671088, 37.467372466675755], [127.1382897675856, 37.46736624704345], [127.13844778539423, 37.4673600273306], [127.13860557709769, 37.467353807668744]], [[127.1393330034907, 37.467609747465666], [127.13934092488547, 37.46773759056448], [127.13917318163513, 37.46774202079479], [127.13901052498944, 37.46774635476864], [127.13884549448869, 37.46775069127724], [127.13883605745474, 37.4675971713178], [127.13900097061928, 37.4675906725516], [127.13916339704991, 37.467584266552066], [127.13929134887667, 37.467579252031385], [127.1393330034907, 37.467609747465666]], [[127.13918623100854, 37.46795410171254], [127.13902356994367, 37.46795627330243], [127.13885830878155, 37.467958357589936], [127.13884887136436, 37.46780465743681], [127.1390139019835, 37.46780032092329], [127.13917644570604, 37.46779598707628], [127.13934418907672, 37.467791556841156], [127.13935211084153, 37.46791958013541], [127.13931351134208, 37.46795242166116], [127.13918623100854, 37.46795410171254]], [[127.13884165701181, 37.46750670409938], [127.1386837519682, 37.46751292420808], [127.13867339583967, 37.46735111606709], [127.13883163966146, 37.467344895578655], [127.13898965737806, 37.467338675141434], [127.13914778810697, 37.46733245436125], [127.13927551342746, 37.46732744012164], [127.13931728060348, 37.467357755231], [127.13932333857305, 37.467455777306455], [127.13928553173186, 37.4674892486033], [127.13915780613684, 37.467494262854174], [127.13899978810747, 37.467500483516694], [127.13884165701181, 37.46750670409938]], [[127.13929910133567, 37.46706071568877], [127.13930504704418, 37.467159188402576], [127.139266900731, 37.467192389789936], [127.13913940171756, 37.467197403756636], [127.13898138447624, 37.467203714493785], [127.13882325400397, 37.46720993505091], [127.1386652365438, 37.46721615526533], [127.13865533215937, 37.467054076289266], [127.13881323624058, 37.46704785621994], [127.13897136620741, 37.46704154557659], [127.13912938327347, 37.467035324953486], [127.13925168256273, 37.46703049725873], [127.13925699571234, 37.467030671266706], [127.13929910133567, 37.46706071568877]], [[127.13920919158855, 37.466358848865596], [127.13921734947074, 37.466369290998266], [127.13922505553482, 37.466379913857494], [127.13923333075614, 37.46639269846082], [127.13924070233928, 37.466405844517936], [127.13924705708078, 37.46641926206066], [127.13925239514549, 37.46643304118925], [127.13925671620238, 37.46644700170364], [127.13926002008554, 37.46646105350375], [127.13926093579384, 37.46646726935894], [127.13926219408721, 37.46647537692167], [127.13926323771084, 37.46648970165713], [127.13927208862542, 37.466631419151625], [127.13928151981035, 37.46678133509484], [127.13928943656168, 37.466906745512105], [127.13925162998103, 37.46694021680072], [127.13911701062501, 37.466945599443044], [127.13898205196843, 37.466950892226386], [127.13894163963771, 37.466919494216754], [127.13894001817818, 37.46689823242677], [127.13893896834362, 37.46688048388447], [127.13893517326447, 37.46684507887146], [127.13892968294323, 37.466809856030004], [127.13892831428011, 37.46680319019763], [127.1389227234588, 37.46677481509692], [127.13891406873671, 37.4667399563349], [127.13890394518538, 37.46670545968091], [127.13889689939231, 37.466685015098484], [127.13889212640069, 37.46667114519717], [127.13887895199368, 37.46663728278938], [127.13886408268698, 37.46660378275106], [127.13885489281763, 37.46658532286481], [127.13884774488825, 37.466570825019204], [127.13882993826951, 37.46653822939287], [127.1388106633267, 37.46650626617181], [127.13880034804593, 37.46649051059826], [127.13879910116951, 37.46648861993986], [127.13873188313823, 37.46638661433529], [127.13865616360843, 37.46627155400869], [127.13857579711362, 37.46614956129518], [127.1385049521426, 37.4660418834405], [127.1385220553768, 37.465998885754075], [127.13864200934181, 37.46594865084098], [127.13877506555538, 37.465892994568584], [127.1388299087642, 37.465904013198525], [127.13890535726895, 37.46599456644532], [127.13900063087054, 37.46610879296739], [127.1390909200517, 37.46621698849074], [127.13919015945766, 37.46633607565618], [127.13920919158855, 37.466358848865596]], [[127.13873943478339, 37.468230057995484], [127.13872814117549, 37.46805023090729], [127.13889374149984, 37.468048056307104], [127.13905176828338, 37.4680459803897], [127.13920968201731, 37.468043904392765], [127.13932023304521, 37.46804251412622], [127.13936166201344, 37.46807309991117], [127.13937144824018, 37.46823148482411], [127.13938123401293, 37.468389599431525], [127.1393418420072, 37.46842190128688], [127.13921738012294, 37.46841988397296], [127.13905934380911, 37.46841718480767], [127.13890119463008, 37.468414575662536], [127.13875084544026, 37.46841204734823], [127.13873943478339, 37.468230057995484]], [[127.13800837544063, 37.468092060068884], [127.13804686221597, 37.46805903889932], [127.1381825077355, 37.46805735040114], [127.13834607336922, 37.46805517892139], [127.13850975203303, 37.46805300708429], [127.13866031851242, 37.46805112053903], [127.1386714969423, 37.46822986656388], [127.1386829057883, 37.468410954922454], [127.1385169564912, 37.468408174115964], [127.1383532681855, 37.46840548055864], [127.13818957989078, 37.46840278677458], [127.13806636135006, 37.468400676710075], [127.13802560982455, 37.468369458987794], [127.13801687539849, 37.46822846210808], [127.13800837544063, 37.468092060068884]], [[127.14048337624935, 37.466370241731205], [127.14048300828608, 37.466354654807326], [127.14048433605464, 37.46633915598966], [127.14048735955389, 37.466323745278174], [127.14049207928318, 37.466308692973115], [127.14049849524149, 37.46629399907431], [127.14050649455716, 37.466279753814526], [127.14051596452555, 37.46626613752672], [127.14052701851719, 37.46625333027782], [127.14053931725229, 37.46624124236616], [127.1405529742686, 37.46623014395876], [127.14056776332427, 37.46621994522113], [127.14058368492006, 37.4662109164531], [127.14105887936049, 37.46595897637756], [127.14152790196191, 37.46652100807506], [127.14154217885164, 37.466539281525016], [127.14155510046896, 37.46655818728148], [127.1415664405691, 37.46657763551266], [127.14157642539512, 37.46659771605118], [127.14158482836591, 37.46661815886497], [127.14159164964833, 37.46663905405452], [127.1415967756988, 37.466660131453686], [127.14160043276028, 37.46668148089486], [127.14160239441904, 37.46670292244588], [127.14162709799413, 37.46709915435669], [127.14063536603432, 37.46713834834041], [127.14056835725357, 37.46708995323602], [127.14054982581439, 37.46678849937525], [127.14050938734687, 37.46668222856489], [127.14049773228481, 37.466492490991], [127.14049517924006, 37.46645672416435], [127.1404911570402, 37.466421139265755], [127.14048543961185, 37.46638573656102], [127.14048337624935, 37.466370241731205]], [[127.14189153411289, 37.468812187869], [127.14271823276448, 37.46882561901217], [127.14417636564583, 37.468711242384146], [127.14418958575314, 37.46882718549267], [127.14431233207249, 37.468818297507475], [127.14429899736521, 37.468701633748864], [127.14467197832523, 37.46867235041721], [127.14505709452662, 37.46866404453586], [127.14557005513109, 37.46865296871842], [127.14590316382237, 37.46905179654625], [127.14584212250932, 37.46905250181395], [127.14577407087725, 37.46905231460522], [127.14538023060165, 37.469051263015906], [127.14526300547959, 37.469050955165656], [127.14500187153739, 37.469047308108905], [127.14484338155272, 37.469044617231084], [127.14482065844953, 37.469043743785846], [127.14479793362723, 37.46904196933553], [127.14477769469183, 37.46903965126552], [127.14477532030031, 37.4690393838431], [127.14475293133933, 37.46903589707162], [127.14473076691685, 37.469031599121195], [127.14470882703363, 37.469026489992025], [127.1446791955087, 37.46901886736924], [127.14464978852708, 37.46901043356451], [127.14462083251638, 37.469001368504365], [127.14459198903917, 37.46899203300001], [127.1444046682857, 37.468927207240796], [127.1443820457479, 37.46891975626883], [127.14435942390033, 37.468912665692855], [127.14433646378953, 37.468906026022744], [127.14431294104598, 37.468900738532334], [127.14428908089471, 37.46889635244768], [127.14426510976055, 37.46889304769568], [127.14424080070305, 37.46889037404895], [127.14420891803974, 37.46888779964271], [127.14417703572094, 37.46888540542804], [127.14414515545828, 37.4688840924057], [127.14411316335317, 37.46888341021169], [127.14408105923371, 37.46888326874586], [127.14404906986644, 37.46888402813578], [127.14401708169561, 37.46888541821758], [127.14398509574633, 37.46888797959174], [127.14395345216721, 37.46889225245], [127.14392203654744, 37.4688975161282], [127.1438909612438, 37.46890341009005], [127.14350496381722, 37.46898442416015], [127.14346902884685, 37.46899095455191], [127.14343275355301, 37.46899685463945], [127.14339647689124, 37.46900203391524], [127.14335997260902, 37.46900640255054], [127.14332323951616, 37.46900932984461], [127.14328639116687, 37.469011085961796], [127.14324942773298, 37.46901176100219], [127.14321257529934, 37.46901135469448], [127.14263410280847, 37.46899168423278], [127.14259713785376, 37.468991548168354], [127.1425601730684, 37.46899150219247], [127.14252332217086, 37.46899190657056], [127.1424863600922, 37.4689933021729], [127.14244962646345, 37.46899595889523], [127.14241289452299, 37.46899951660694], [127.14237650423975, 37.46900442540428], [127.14234034189415, 37.46901032502193], [127.14224032940362, 37.46902612161108], [127.142218295392, 37.469031013263], [127.14203400920395, 37.46907655298044], [127.14201502628029, 37.46908090036475], [127.14199581676502, 37.46908497771447], [127.1419764925202, 37.46908815419467], [127.14195682611445, 37.469089709273206], [127.14193715886525, 37.46909081384806], [127.14191737705715, 37.469091107653185], [127.14190889824876, 37.469090757325326], [127.14189759322716, 37.469090320254], [127.14187792109173, 37.469088811916535], [127.14185858505071, 37.469085681371574], [127.14183936087419, 37.469081919988604], [127.14182036177283, 37.469077617733596], [127.1418175340447, 37.469076720088], [127.14180087190135, 37.46881067372405], [127.14189153411289, 37.468812187869]], [[127.14083858193918, 37.47199604559615], [127.1407906840134, 37.47122214094327], [127.1408668661271, 37.471155647245794], [127.14121162827304, 37.47114190535336], [127.14134518808241, 37.47110994200184], [127.14187408628017, 37.47108868202985], [127.14192781712461, 37.47195322016346], [127.14083858193918, 37.47199604559615]], [[127.1407423240634, 37.47044238019523], [127.14070608458275, 37.46985839294433], [127.14160834936362, 37.47001545274253], [127.14162135370194, 37.470017779932355], [127.14164781169461, 37.47002090207032], [127.14167449325262, 37.47002267243314], [127.1417011722882, 37.4700230912889], [127.1417145103758, 37.4700225348639], [127.14180832982989, 37.470018999710334], [127.14185950138778, 37.47084569896446], [127.14088399680409, 37.470883974774445], [127.1407996594609, 37.4708198327252], [127.14078287811364, 37.470548740819936], [127.1407423240634, 37.47044238019523]], [[127.1419525278531, 37.46951129359364], [127.14197244219976, 37.469521361156936], [127.14199179235099, 37.46953196998914], [127.14201012714886, 37.46954366122864], [127.14202767200409, 37.46955607420674], [127.14205280251997, 37.46957478518059], [127.14207804288571, 37.4695917841131], [127.14210373425206, 37.4696081518017], [127.14212987712494, 37.46962415854632], [127.14215635863044, 37.469639894581285], [127.1421834035032, 37.4696546388366], [127.14221112562933, 37.46966884167773], [127.1422391858807, 37.46968250350802], [127.14226781034219, 37.46969562405794], [127.14229665988537, 37.4697082037311], [127.14232607329991, 37.46972006192313], [127.14235593737348, 37.469731108668256], [127.14238670326196, 37.46974080282667], [127.14241791913109, 37.46974932513696], [127.14244969819154, 37.46975676556407], [127.14248181435649, 37.4697631243772], [127.14251426711692, 37.46976813127589], [127.14254683173968, 37.46977250733024], [127.14257962109744, 37.469776162305195], [127.14261240893433, 37.46977900637042], [127.14264530795327, 37.46978085919074], [127.1426784310265, 37.469781630531], [127.14271143936293, 37.469781500996355], [127.14274444549572, 37.46978020015156], [127.14277744993203, 37.46977799829685], [127.1428102265849, 37.46977489570258], [127.14284288815684, 37.46977071203352], [127.14287520873052, 37.46976553766039], [127.14290741455996, 37.46975946241299], [127.14293939311045, 37.469752756726876], [127.14297103082922, 37.46974515043739], [127.14300210129005, 37.46973646361527], [127.14303294395974, 37.46972687605508], [127.14306344613428, 37.469716568092466], [127.14309338138769, 37.469705359798446], [127.14312286310177, 37.46969343123814], [127.14315166451057, 37.469680422282515], [127.14317955935788, 37.46966624310312], [127.14320688762106, 37.46965134379422], [127.14323319661901, 37.469635454598304], [127.14333074833189, 37.469573348581974], [127.14335333112984, 37.46955971633768], [127.14337670674917, 37.469546894039695], [127.1434006485945, 37.46953461165895], [127.14342515768789, 37.469523409795414], [127.14345057332781, 37.469513378141535], [127.14347655621745, 37.46950442700408], [127.14350321957049, 37.46949664634692], [127.14353033730329, 37.46949003644126], [127.14355836295022, 37.46948531754389], [127.14358673147187, 37.46948258043373], [127.14361498950717, 37.469481194953744], [127.14364347567307, 37.46948089039594], [127.14374600544465, 37.469480947239155], [127.14377765611322, 37.46948027843917], [127.14380919237264, 37.46947888896624], [127.14384061388041, 37.46947659862034], [127.14387191926856, 37.46947268660103], [127.14390288347575, 37.469467693781205], [127.14393361937205, 37.469461529924814], [127.14396356071879, 37.46945365511297], [127.14399338799092, 37.469445239829355], [127.14402310170094, 37.46943655437439], [127.14406388636307, 37.469424071346346], [127.14410410443125, 37.46941086818567], [127.14414420824477, 37.469397034447276], [127.14418397206069, 37.46938275060432], [127.14422339553596, 37.46936783645701], [127.14426259256854, 37.46935274236951], [127.1444425286096, 37.46927891295349], [127.14446037553115, 37.469271683344694], [127.1444786758185, 37.469265083886675], [127.1444973162583, 37.46925902461594], [127.14451629753738, 37.469253865932586], [127.14453596015554, 37.46925032822662], [127.14455585108756, 37.46924796154464], [127.14457597016266, 37.469246675786465], [127.14459609164108, 37.469246651425856], [127.14477888040419, 37.469246339870594], [127.14554180006334, 37.46924496201254], [127.14565600952243, 37.469381865283594], [127.14539160378648, 37.46938218749204], [127.1455963424426, 37.469627551392506], [127.1456515232279, 37.4696946989039], [127.14570523576714, 37.46976247888204], [127.1457575932738, 37.46983098129102], [127.14580859557249, 37.469900116032555], [127.145858242834, 37.469969973208414], [127.14590642166615, 37.47004037275831], [127.14595324510925, 37.4701113145459], [127.14599860029047, 37.47018288881103], [127.14604248720673, 37.47025509555527], [127.14608535785595, 37.47032784412715], [127.14588109832943, 37.47039224522215], [127.14576716306856, 37.47045788724461], [127.14531345171999, 37.47060079862024], [127.14525300817388, 37.47061916250748], [127.1451921100076, 37.47063626551298], [127.14513064417963, 37.47065210777332], [127.14506872390922, 37.4706667792504], [127.14500634902681, 37.47068018984345], [127.14494351953522, 37.470692339551725], [127.14488034848164, 37.47070322823739], [127.14481694891329, 37.4707128557628], [127.14475309474483, 37.47072122240164], [127.14468912511205, 37.47072832774229], [127.14462492697388, 37.470734171921464], [127.14456061320611, 37.470738664701884], [127.14449607093947, 37.470741896320185], [127.14425383574988, 37.470752010087864], [127.1440681146012, 37.47075782048703], [127.14397497414066, 37.470762167518664], [127.14306164311704, 37.47079876453118], [127.1430074161577, 37.469917378596655], [127.14196308673755, 37.469958809105], [127.14193465215128, 37.469503295911], [127.1419525278531, 37.46951129359364]], [[127.14186267384805, 37.46982161558813], [127.14183888701169, 37.4697960553584], [127.14181306777816, 37.46977175894052], [127.14178521648485, 37.469748906533255], [127.14175555921746, 37.46972749786698], [127.14172432239786, 37.469707712872165], [127.14169139315078, 37.4696896417818], [127.14165711060315, 37.469673284192254], [127.14162158796434, 37.46965873006849], [127.14158493844326, 37.469646069375514], [127.14154727508026, 37.46963530197827], [127.14150882429419, 37.46962660780812], [127.14146981183136, 37.46961980639648], [127.14143023819271, 37.469615168042985], [127.14139044233485, 37.469612602245604], [127.14135042425447, 37.46961210900412], [127.14133053010285, 37.46961285334542], [127.14069776249039, 37.469637747173145], [127.14069763758788, 37.4696313502006], [127.14069262776066, 37.46955098665364], [127.14071455583206, 37.469549789522574], [127.14075931514282, 37.4695467634821], [127.1408038471948, 37.46954310699059], [127.14084849245208, 37.46953954044907], [127.14089302432801, 37.46953579382388], [127.14159173230739, 37.46947036578272], [127.14163671627375, 37.46946661834143], [127.1416819278343, 37.46946368151556], [127.14170543845682, 37.46946248232356], [127.14172883637275, 37.46946146346116], [127.14175234918173, 37.469461435560845], [127.14177597755805, 37.46946275902285], [127.1417992696703, 37.469465614584074], [127.14182233721506, 37.4694692813098], [127.14184224075467, 37.46947358249015], [127.14186403356314, 37.46982332587848], [127.14186267384805, 37.46982161558813]], [[127.14150330942657, 37.4697002262661], [127.14153565527043, 37.46970856727048], [127.14156732589053, 37.4697185308712], [127.14159809520325, 37.469730117336724], [127.14162784999914, 37.46974323670174], [127.14165647740491, 37.46975797920112], [127.14168375083145, 37.46977407480362], [127.14170967044764, 37.469791613610205], [127.14173412304282, 37.46981050565586], [127.14175699523777, 37.46983057087547], [127.14177817398928, 37.4698518094041], [127.1417975460856, 37.46987413127678], [127.14181511118919, 37.469897356294254], [127.14183064321293, 37.469921484725774], [127.14184414181861, 37.46994633637194], [127.14185174736943, 37.46996326619111], [127.14171113133574, 37.46996856881094], [127.14168897538993, 37.4699688653945], [127.14166681708907, 37.46996790057296], [127.14164465677061, 37.469965854546395], [127.14162283339671, 37.469962636812674], [127.14070270260021, 37.469802444657844], [127.14069944134961, 37.46975064084119], [127.1406988006323, 37.4697099162715], [127.14133495979767, 37.46968483822474], [127.14136898497571, 37.46968443756117], [127.14140301334325, 37.469685748789246], [127.14143681881717, 37.46968877217665], [127.14147028869304, 37.469693688057625], [127.14150330942657, 37.4697002262661]], [[127.14747617527607, 37.46488191386397], [127.14737579187738, 37.46476157364368], [127.14752608673426, 37.46468164924364], [127.14762703614393, 37.46480234903938], [127.14772719287564, 37.46492214872344], [127.14782735027842, 37.465042128519755], [127.14786598553152, 37.46508830215493], [127.1479285272569, 37.46516309806899], [127.14777766668824, 37.465243023674894], [127.14767694216285, 37.46512214353878], [127.14757655847106, 37.46500198369554], [127.14747617527607, 37.46488191386397]], [[127.14805019220364, 37.46489300665532], [127.14816649869363, 37.4648314139513], [127.14822190273816, 37.464839904718595], [127.14811517275241, 37.46471164417457], [127.14777119472134, 37.46429968108124], [127.14760520467185, 37.46438764413147], [127.14746224951836, 37.46446332485512], [127.14745047201026, 37.46445207685566], [127.1474099339574, 37.46441527586458], [127.14736804145345, 37.46437946763482], [127.14733102067598, 37.46434941980151], [127.14732502021786, 37.464344471685735], [127.14728075756618, 37.4643104683558], [127.14723547956729, 37.464277457364915], [127.1472026555035, 37.464254792544956], [127.147188959977, 37.46424534889046], [127.14714153824801, 37.46421432271337], [127.14709287527621, 37.464184379250305], [127.14705677626891, 37.46416325012956], [127.14688411037494, 37.46407282168901], [127.14683580169586, 37.464050626314005], [127.14678183907198, 37.464027266564536], [127.1467347799264, 37.46400822312462], [127.14672708750798, 37.464005079064314], [127.14667154717621, 37.46398415391243], [127.14661533076031, 37.46396431076875], [127.1465954242333, 37.46395784798236], [127.14657330165873, 37.46391597847186], [127.14658322166815, 37.463902000739694], [127.14659416037199, 37.46388874255899], [127.14660634366376, 37.46387611355179], [127.14661965868328, 37.46386420395658], [127.1466338795368, 37.46385310415081], [127.14664923229215, 37.46384281385646], [127.14666537819606, 37.46383351368994], [127.14671991779305, 37.46380461457599], [127.14686625979412, 37.46372703846919], [127.1470126014925, 37.46364946218077], [127.1471289067394, 37.46358778038695], [127.14728958843892, 37.46350261765394], [127.14740115073481, 37.46344346425155], [127.14751248696355, 37.46338440112303], [127.14767316779188, 37.46329923786736], [127.14778484234022, 37.46323999386202], [127.14788974176551, 37.463184362157065], [127.14795622617862, 37.4631950918373], [127.14804913046281, 37.463306340734384], [127.14816560118518, 37.46344585182924], [127.1482819593074, 37.46358536294545], [127.14839843089611, 37.46372487380238], [127.14851490309451, 37.46386447464046], [127.14861234116549, 37.463981213562874], [127.14871895686255, 37.46410893321428], [127.14880087309113, 37.46420695043561], [127.14888245007651, 37.46430478782064], [127.14898951989416, 37.464433047255916], [127.14905988018357, 37.46451729335857], [127.14904630705672, 37.464570289307254], [127.14894614907698, 37.46462339330198], [127.14881471275166, 37.46469311466455], [127.14868350189926, 37.46476265539888], [127.14855217812107, 37.46483237632808], [127.14844580884011, 37.46488873123715], [127.14828591656895, 37.46497380444276], [127.14816927120215, 37.465035577884116], [127.148022702111, 37.46511324597005], [127.14795993355946, 37.465038089984986], [127.14792583023947, 37.464997316786075], [127.14793670859986, 37.46495315414145], [127.14805019220364, 37.46489300665532]], [[127.14393185227367, 37.4621533139126], [127.14416570021139, 37.462026711134214], [127.14395998530284, 37.46178954472853], [127.14424396867099, 37.461637112636595], [127.14452670463447, 37.461483149662016], [127.14480808015362, 37.46132765595058], [127.14540650275634, 37.460994548483825], [127.14563367378724, 37.46086686970512], [127.14585959812602, 37.4607378405042], [127.14608427542012, 37.460607280687675], [127.14689935701765, 37.4614972836981], [127.14696752873112, 37.46162135815928], [127.14697252301669, 37.46163216405967], [127.1469755966569, 37.461643422825794], [127.14697697518848, 37.46165486387896], [127.1469765454056, 37.46166639725823], [127.14697419375321, 37.461677752802125], [127.14691872840244, 37.461869824989314], [127.14691525654422, 37.461886407732464], [127.1469144979506, 37.461903257438564], [127.14691622586358, 37.461920013985036], [127.14692066599791, 37.46193649689332], [127.14692759159537, 37.46195234604057], [127.1469370024829, 37.46196747132617], [127.14694855887055, 37.461981512766116], [127.14696237344107, 37.46199429002035], [127.14697788069039, 37.462005623583316], [127.14713598152294, 37.4621067017158], [127.14714843295847, 37.46211596671252], [127.14715896566125, 37.46212667567869], [127.14716746590081, 37.46213846835341], [127.14723890973642, 37.462259024695946], [127.14724537805935, 37.46227217137595], [127.14724947412147, 37.462286041784], [127.14725108384094, 37.4623000954587], [127.14725009400986, 37.46231424243934], [127.14724672999061, 37.46232812204651], [127.14724087840054, 37.46234155421901], [127.14723276442749, 37.46235408817686], [127.14722250092743, 37.462365633680115], [127.14721031343866, 37.4623759201491], [127.14719631464307, 37.46238476724344], [127.1471810691749, 37.46239190396551], [127.14716457703487, 37.46239733031476], [127.14714740285804, 37.46240077529382], [127.1471297728838, 37.46240232872394], [127.14711202603384, 37.46240190008706], [127.14709857456324, 37.462401556256644], [127.14708523961768, 37.4624030142888], [127.14707236011668, 37.46240618366577], [127.14706027480527, 37.46241088376971], [127.14704932260345, 37.46241702408318], [127.14701184477849, 37.462442208235366], [127.14697266848455, 37.462465862759636], [127.14693224567516, 37.462487896997786], [127.14689035028815, 37.462508311226635], [127.14684732124623, 37.462527014927474], [127.14682620328782, 37.46253686183648], [127.1468064451934, 37.46254850907752], [127.14678849874136, 37.46256177589511], [127.14665725035609, 37.46266942690941], [127.14664359140754, 37.46267872402249], [127.1466285732842, 37.46268658119681], [127.14661242187665, 37.46269290805426], [127.14659547610805, 37.462697614077854], [127.14657784901136, 37.46270069912852], [127.14645433391443, 37.46271589743666], [127.1464414532896, 37.46271852614387], [127.1464293670189, 37.462722775682415], [127.1464181881339, 37.462728645913984], [127.14640859447958, 37.46273595580699], [127.14639144035475, 37.46274985229515], [127.14637270116502, 37.46276239921807], [127.1463526028013, 37.4627735061977], [127.14633137115496, 37.46278308285617], [127.14630900622683, 37.46279112919293], [127.14628584659373, 37.46279737449146], [127.14626211849539, 37.46280190857455], [127.14623793479196, 37.462804641203256], [127.14621340851745, 37.46280557223896], [127.14618187371836, 37.46280624154784], [127.14615271658874, 37.462808980247026], [127.1461239025447, 37.46281379082788], [127.14604266351974, 37.462830108273266], [127.14603690043072, 37.462830926224335], [127.14603113664799, 37.4628313837745], [127.14598445532806, 37.46283198145105], [127.14593777054161, 37.4628307771059], [127.14589119515104, 37.46282768050074], [127.14584484219226, 37.46282269149767], [127.1457989380796, 37.46281599002131], [127.14575348246994, 37.4628073958718], [127.1457085887449, 37.46279708911206], [127.14565555238406, 37.46278453975734], [127.14560195416433, 37.46277370297092], [127.14554779373671, 37.46276439855178], [127.14550742740177, 37.46275723971092], [127.14546773564064, 37.46274818792663], [127.14542860576928, 37.4627374235376], [127.14539037671402, 37.46272485603137], [127.145353161682, 37.46271057537138], [127.1453169606751, 37.462694581558594], [127.14525518958867, 37.462665644382845], [127.1452369765898, 37.46265791790071], [127.14521786192434, 37.462651544017824], [127.14519807182809, 37.46264661255907], [127.14517783236415, 37.462643123249336], [127.14515725673581, 37.46264116605116], [127.14503731576421, 37.46263401364033], [127.1450179862495, 37.46263349651066], [127.14499854628535, 37.46263433101761], [127.14497933496693, 37.46263651674955], [127.14489413253393, 37.462649054001226], [127.14488350975472, 37.46265023819335], [127.14487288525508, 37.46265052138283], [127.14483332368246, 37.46265038916491], [127.1448232629674, 37.46264995086317], [127.144813314081, 37.4626488817223], [127.14478889210353, 37.462645217216526], [127.14474977080364, 37.46263886751065], [127.14471924372666, 37.46263448958659], [127.14440415034048, 37.46259648821287], [127.14438956424068, 37.46259389293644], [127.14437554055927, 37.46258985537231], [127.14436230536096, 37.46258437524729], [127.14429566801942, 37.46255210973679], [127.14428243266224, 37.46254653950262], [127.14426829596347, 37.4625425020622], [127.14425371005008, 37.46253999686913], [127.14388559578224, 37.46249701251651], [127.1437573622879, 37.46234859139301], [127.1436987966439, 37.46228090637719], [127.14393185227367, 37.4621533139126]], [[127.14654403628619, 37.464038460775555], [127.14655421597416, 37.464041872096274], [127.14659776285315, 37.46405668520312], [127.14665092636481, 37.46407599150196], [127.14670330110306, 37.4640965601508], [127.14671744170926, 37.464102399300806], [127.14675499958129, 37.46411812071136], [127.14680590911532, 37.46414085352374], [127.14685602970685, 37.46416475858895], [127.14689517797025, 37.46418453251472], [127.14690536100858, 37.46418965570771], [127.14695378998725, 37.46421554502005], [127.14700131681839, 37.46424251662726], [127.14704794150317, 37.46427057053042], [127.14706231452512, 37.46427965296543], [127.14709366369316, 37.464299526530226], [127.14713825766927, 37.464329565106624], [127.14718183594233, 37.46436041582113], [127.1472173807459, 37.46438713180788], [127.14722439903709, 37.46439234897522], [127.14726583339467, 37.46442509440903], [127.14730613918992, 37.46445874222385], [127.14734531624771, 37.46449320232064], [127.14735924473393, 37.46450615958266], [127.14738336474284, 37.464528564800666], [127.14742005843013, 37.46456473984403], [127.14745562320373, 37.46460163707261], [127.14748779398275, 37.464637006776584], [127.14733738631395, 37.464717021368045], [127.14730238461992, 37.4646790422058], [127.14726602828944, 37.46464196570712], [127.14722831714836, 37.464605701770566], [127.1472224290121, 37.46460039310988], [127.14718925137225, 37.464570340494966], [127.14714883113626, 37.4645359719792], [127.14710716947565, 37.464502596082596], [127.14709256666742, 37.46449162182915], [127.14706426639023, 37.46447021280386], [127.14702012188005, 37.46443882214165], [127.14697484932863, 37.46440860415577], [127.14695017756951, 37.46439304715947], [127.14692844838625, 37.46437937864466], [127.14688103243587, 37.46435132566821], [127.14683260130202, 37.46432435512511], [127.14679695949404, 37.464305838273525], [127.14678304229777, 37.46429864735335], [127.14673269417683, 37.464274021734525], [127.14668133121717, 37.46425065874569], [127.14663415700682, 37.464230624303966], [127.14662917948606, 37.464228558107884], [127.14657623898157, 37.46420771982011], [127.14652250952766, 37.46418805378118], [127.14648450509803, 37.46417521605608], [127.14646810450463, 37.46416974005165], [127.14641291087577, 37.464152778769254], [127.1463572675677, 37.4641370794171], [127.14630094868308, 37.46412273237169], [127.14634728889109, 37.4640034728181], [127.14640311470295, 37.46399664686234], [127.14645016262737, 37.46400992402534], [127.14649721178615, 37.46402383187054], [127.14654403628619, 37.464038460775555]], [[127.14418749852491, 37.46695553448284], [127.14403396151526, 37.46682047917163], [127.14388055836689, 37.466636499022826], [127.14402137543472, 37.466561816335094], [127.1461184669025, 37.46544986358505], [127.146839391092, 37.46631403251159], [127.14782756587618, 37.465790862030055], [127.14889613130886, 37.4670710310585], [127.14887094984647, 37.467084397305776], [127.14887151663164, 37.46708520750179], [127.14784313046079, 37.46762915947215], [127.14835460060286, 37.46824697347704], [127.14847878134559, 37.46839413308275], [127.14826073285762, 37.46839800805993], [127.14682675771805, 37.46843050421537], [127.146191384686, 37.468446420628915], [127.14561998400785, 37.46845784072067], [127.14560981189031, 37.46845866402687], [127.14560449395691, 37.46845605760268], [127.14540317602902, 37.46846035740843], [127.14529338892748, 37.46832966540971], [127.14457235020461, 37.467465577589095], [127.14447527406493, 37.46730054120038], [127.14418749852491, 37.46695553448284]], [[127.14271502315742, 37.46507537740202], [127.14276053130813, 37.46505126622812], [127.14289321627629, 37.46498100950205], [127.14298688100288, 37.46489872589736], [127.14385762404272, 37.46443690713685], [127.14389929355406, 37.464415593256845], [127.1439415300952, 37.46439526978261], [127.14398478631892, 37.464376206468884], [127.14402849619835, 37.46435795349545], [127.1440729991805, 37.46434069065298], [127.14411795633394, 37.46432450844999], [127.14416359355828, 37.464309316512846], [127.144209684957, 37.46429520521395], [127.14425656997808, 37.464282354343496], [127.14430390934852, 37.464270674210034], [127.14435170289887, 37.46426007471296], [127.14439983793946, 37.46425073618866], [127.1444483141296, 37.464242478436404], [127.1444970186083, 37.46423539169268], [127.1445460645839, 37.46422956592054], [127.14459533885261, 37.46422491115631], [127.14464461534786, 37.46422142767342], [127.14469412014078, 37.46421911519805], [127.14474362733671, 37.46421806410403], [127.14479324962866, 37.46421809405399], [127.14484276146587, 37.46421947562238], [127.14489216319517, 37.464222389009684], [127.1449414534426, 37.464226113414824], [127.14499074507218, 37.464230558600555], [127.145951067894, 37.46433759934707], [127.14599369113256, 37.464342322565095], [127.14603609021471, 37.46434803714573], [127.14607826531555, 37.46435483318934], [127.14612021608987, 37.464362530495926], [127.14616182985151, 37.46437130940427], [127.14620310625496, 37.46438098971453], [127.14624981267617, 37.46439291586906], [127.1462959560233, 37.46440592389919], [127.14634164933277, 37.464420013666945], [127.14638677974546, 37.464435275411596], [127.1464312338805, 37.46445152907209], [127.146475124948, 37.46446886461068], [127.14651833974067, 37.46448719206648], [127.14656087843375, 37.46450660154042], [127.14660262781953, 37.46452700307184], [127.1466435878991, 37.46454839666155], [127.1466837586734, 37.46457078231035], [127.146723026934, 37.46459407005784], [127.14676150571661, 37.4646182597659], [127.14676908899882, 37.46462338616536], [127.14645155863529, 37.46479172306073], [127.14666682714869, 37.46505085774396], [127.14395872304553, 37.46648683830157], [127.14381790605553, 37.466561520915434], [127.14312103285839, 37.46572640715753], [127.14307392421252, 37.46562122640429], [127.14269212971534, 37.46516361298959], [127.14271502315742, 37.46507537740202]], [[127.14373564946376, 37.46425270866149], [127.14353995648725, 37.46435646931011], [127.14344640556651, 37.46443848292195], [127.14328628232649, 37.464523459550726], [127.1426710023597, 37.463786184016485], [127.14320579625179, 37.46350244869172], [127.14375842837026, 37.46416447299716], [127.14373564946376, 37.46425270866149]], [[127.1445122486846, 37.470985778132494], [127.14458063381895, 37.47098209135173], [127.14464890384032, 37.47097732346781], [127.1447170584021, 37.47097129428085], [127.14478498462812, 37.47096409402813], [127.1448526825154, 37.47095572271006], [127.14492015223291, 37.47094627042705], [127.1449873934334, 37.47093555697943], [127.14505146730025, 37.47092376613771], [127.14511508672823, 37.47091080451016], [127.14517836458667, 37.470896581860096], [127.14524107495615, 37.47088118856304], [127.14530333070597, 37.47086453438231], [127.14531847037726, 37.47086019114778], [127.14537658554158, 37.47180932650328], [127.14538297885017, 37.471901040762035], [127.1465175326476, 37.47185361283268], [127.1465306278864, 37.472078306749424], [127.14664547401046, 37.47207357064675], [127.14674512951838, 37.473682998557265], [127.14352030953911, 37.47381017493533], [127.14335413428687, 37.47112160343477], [127.14343008742249, 37.47105483805975], [127.14377891771008, 37.47104081349151], [127.14390829409723, 37.471009122580604], [127.1445122486846, 37.470985778132494]], [[127.14265844234572, 37.47081438363785], [127.14252788183632, 37.470817602913584], [127.14244525585973, 37.4708227470948], [127.14208534813915, 37.4708368710038], [127.14203417393217, 37.47001008175115], [127.14289787420205, 37.46997580457768], [127.14294871961127, 37.470803044348116], [127.14265844234572, 37.47081438363785]], [[127.14845328512814, 37.46605209743793], [127.14835346536637, 37.46593256827691], [127.1482536457467, 37.46581294892836], [127.14815371340877, 37.46569332963261], [127.14805389460193, 37.46557380020924], [127.14795396272548, 37.465454090638254], [127.14785289817297, 37.46533303087762], [127.14800353294552, 37.465253195557025], [127.14806630154536, 37.465328261415614], [127.1481047106688, 37.465374255050016], [127.14820464267845, 37.465493964494875], [127.14830446179447, 37.46561358389237], [127.14840439426555, 37.46573320306197], [127.14850421384217, 37.465852732184445], [127.14860403373694, 37.46597226121951], [127.14870374073598, 37.46609170020781], [127.14880356109008, 37.466211138968], [127.14890326890134, 37.46633066788187], [127.14898484780556, 37.46642823485537], [127.1489739700281, 37.46647248768462], [127.14892484952422, 37.466498497857], [127.14885641966308, 37.46653480352108], [127.14875263293138, 37.46641050433717], [127.14865281239207, 37.466291065538385], [127.1485531052081, 37.466171626511574], [127.14845328512814, 37.46605209743793]], [[127.14942676714895, 37.466340735765506], [127.14948228601862, 37.46634949609584], [127.14955706761695, 37.466439052255716], [127.1495459639221, 37.466483215319954], [127.14944512605503, 37.46653659087473], [127.14931876824129, 37.46660360341105], [127.1491922973408, 37.46667070605332], [127.14906593907523, 37.466737718318726], [127.1489469685279, 37.46659505780299], [127.14898739401274, 37.46657356348827], [127.14907332666044, 37.46652804566345], [127.14919968474443, 37.46646112348859], [127.14932615546323, 37.46639411093688], [127.14942676714895, 37.466340735765506]], [[127.15059060907075, 37.46605798016544], [127.1506059560068, 37.4660448061581], [127.15061994327112, 37.46603001205842], [127.15063110263365, 37.4660142304218], [127.15063999999694, 37.465997820936174], [127.1506470871527, 37.46598060283131], [127.15065146052143, 37.46596293764908], [127.15065650620419, 37.46594229830757], [127.15066370066063, 37.465922196855765], [127.15067349567902, 37.46590245252248], [127.15068611947929, 37.46588414622292], [127.15070055347488, 37.465866648539695], [127.15071668498622, 37.465850139815146], [127.15073519312922, 37.46583506969266], [127.1507560777244, 37.46582134807103], [127.15077696786443, 37.46581041954876], [127.15080000551832, 37.465799398209704], [127.15082429302005, 37.46579161889878], [127.15084960035647, 37.46578509969868], [127.15087525092103, 37.46578065236686], [127.15092881779631, 37.46577427763109], [127.15098238968449, 37.46577042567379], [127.15103596228475, 37.465766934092585], [127.15109066973453, 37.465765693558915], [127.1511444750432, 37.465765535346065], [127.15119794591136, 37.46576772014075], [127.15125209823735, 37.46577152585366], [127.15145548139365, 37.465786314737144], [127.15159228019623, 37.465798304635975], [127.15172523290659, 37.46580885765985], [127.15179476208095, 37.465814535685084], [127.15246545039818, 37.465834043582014], [127.15248127464942, 37.465833572866806], [127.1524975474242, 37.465831299570006], [127.15251313835313, 37.465827225135705], [127.1525275958315, 37.465821620442206], [127.15326400272608, 37.46547126807776], [127.15327834631492, 37.46546530303716], [127.15329348479796, 37.465461138980444], [127.15330919192148, 37.46545868609766], [127.15332546841518, 37.465458304788896], [127.15334163569837, 37.46545981572506], [127.1533571276799, 37.46546276913198], [127.15337217170871, 37.465467795419976], [127.15338620151107, 37.465474354715], [127.15339853795844, 37.465481997388615], [127.15340952180027, 37.465491533906274], [127.15341903927138, 37.465502604013345], [127.15390131960805, 37.46614782222108], [127.15389590734908, 37.466154496623304], [127.1538901578057, 37.46616207246332], [127.15388463488438, 37.46616991831185], [127.1538791123276, 37.46617794436022], [127.15381849342862, 37.46627424963634], [127.15379685418918, 37.466305812632406], [127.15371446026849, 37.46642259868122], [127.15335431093158, 37.46692059587199], [127.1533426991255, 37.46693601794302], [127.15333018173129, 37.46695081047411], [127.15331596693242, 37.46696470418112], [127.15330028062347, 37.46697760867308], [127.15328368836138, 37.46698970342366], [127.15326596370485, 37.46700080852266], [127.15324778616034, 37.46701155379926], [127.15322938162305, 37.46702184886293], [127.15321018435391, 37.467031424138874], [127.15319053310513, 37.46704009899135], [127.15316952138402, 37.46704679337971], [127.15314782851567, 37.467052047033455], [127.15312602151398, 37.467056760227855], [127.1531040994698, 37.46706048246243], [127.15308183794362, 37.46706402492775], [127.15304850153323, 37.467069023195116], [127.15160425674894, 37.467265843326366], [127.15155884642769, 37.46705533658134], [127.15120792618889, 37.46663474286561], [127.15064299078756, 37.46693450003851], [127.15012041673656, 37.46630842054247], [127.15053460378579, 37.466088865110024], [127.150555160644, 37.466080820257915], [127.15057345102983, 37.46606989505067], [127.15059060907075, 37.46605798016544]], [[127.15591494138495, 37.465308717187156], [127.15622152384125, 37.46526741069198], [127.15628932671211, 37.46558726816672], [127.1559828560248, 37.465628574690626], [127.15591494138495, 37.465308717187156]], [[127.14824438991103, 37.465125584980534], [127.14836080946019, 37.46506390184685], [127.14841621475566, 37.465072933123025], [127.1484913329157, 37.46516248956062], [127.14847932431633, 37.465206563559654], [127.14836335661192, 37.46526815614692], [127.14824438991103, 37.465125584980534]], [[127.14918802492275, 37.464670844492076], [127.14925861226048, 37.46475536048993], [127.1493653435487, 37.46488325959562], [127.14945643936153, 37.46499243730551], [127.14956702377901, 37.46512501661724], [127.14967760823187, 37.46525741562143], [127.14978808003895, 37.46538981466014], [127.14989877866496, 37.46552239350815], [127.15000936464573, 37.465654972390666], [127.15012006387595, 37.46578746092363], [127.15023053742328, 37.46591994963358], [127.15032016252204, 37.466027236400166], [127.15030613768836, 37.4660801429478], [127.15020518804539, 37.466133609394895], [127.15006381348063, 37.46620866055274], [127.15000727381157, 37.46614097616846], [127.149948014583, 37.46606987135987], [127.14983742845283, 37.46593747263061], [127.14972672932055, 37.465804893735566], [127.14961614361626, 37.46567231459139], [127.14950544544409, 37.46553982558155], [127.14939486069925, 37.46540733632276], [127.14928427634509, 37.465274846956675], [127.14917369238161, 37.46514235748326], [127.14908259697361, 37.46503326965785], [127.14909370055251, 37.46498901652602], [127.14893290487328, 37.46507427193391], [127.1489884227492, 37.465083032500274], [127.14907181375753, 37.46518302988332], [127.14917344666691, 37.46530480869571], [127.14927519311986, 37.465426677376165], [127.14937693972603, 37.46554845586574], [127.14947891344607, 37.46567059438187], [127.14958066106925, 37.46579255288977], [127.14968240884556, 37.465914421206726], [127.14976580152572, 37.46601432798191], [127.14975503730514, 37.466058580743265], [127.14964042400764, 37.46611927187282], [127.14952479443157, 37.46618059486586], [127.14946938800911, 37.46617147401303], [127.14938599554748, 37.46607156703092], [127.14928413464592, 37.46594951840255], [127.14918238746718, 37.46582764974215], [127.1490805274053, 37.46570569103194], [127.14897889410159, 37.465583912148844], [127.14887714791482, 37.46546204321592], [127.14877540205865, 37.46534017419217], [127.14869212483488, 37.465240446761726], [127.14858528096944, 37.46511245709506], [127.1485101625714, 37.46502281061643], [127.14852115362713, 37.46497864777833], [127.14862684529514, 37.46492256394679], [127.14875828237324, 37.46485293289475], [127.14888971903045, 37.464783211596114], [127.14902115544332, 37.46471349015102], [127.14912153938278, 37.464660295710914], [127.14918802492275, 37.464670844492076]], [[127.14957634810725, 37.46629955280941], [127.14958779086986, 37.46625538931611], [127.14970421105966, 37.46619370486954], [127.14981713046097, 37.46613382670743], [127.14987264868846, 37.466142316554624], [127.14991332560264, 37.46619109985648], [127.14996963861562, 37.46625851426891], [127.14982318204878, 37.466336184430816], [127.14970664887673, 37.466397959235195], [127.14965124298305, 37.46638919886879], [127.14957634810725, 37.46629955280941]], [[127.14936410955656, 37.46626576060584], [127.14924881810967, 37.46632681260366], [127.14913465578907, 37.466387322476244], [127.14907925032321, 37.46637874204168], [127.14899540529065, 37.466278474951004], [127.14889354474111, 37.46615642598956], [127.14879191130429, 37.46603473705576], [127.1486902780207, 37.46591295793123], [127.14858853185387, 37.465791088756596], [127.14848678619406, 37.46566930959129], [127.14838504051218, 37.46554735013491], [127.14830165036288, 37.465447532472595], [127.14831275463885, 37.465403369516274], [127.14842759329001, 37.4653423189855], [127.14854254479023, 37.465281268202226], [127.14859795009126, 37.46529020929234], [127.14868111420935, 37.46538993692919], [127.14878297319352, 37.46551189599253], [127.14888483250895, 37.4656338549648], [127.14898657894196, 37.46575572388699], [127.14908832570563, 37.46587759271837], [127.14919007279993, 37.46599946145892], [127.14929193343951, 37.46612142006736], [127.149375552439, 37.46622159713259], [127.14936410955656, 37.46626576060584]], [[127.1473722552696, 37.460322152143654], [127.14720643681935, 37.46020297362432], [127.14734801520156, 37.460062602761774], [127.14751032705887, 37.46018043391097], [127.1473722552696, 37.460322152143654]], [[127.14845157776321, 37.46928057347494], [127.14845939900513, 37.469406974433205], [127.14829030050242, 37.469413671798264], [127.14812108875051, 37.46942027896161], [127.14811326772477, 37.469293697779904], [127.14815129796314, 37.46926040359504], [127.14828049530007, 37.46925528769521], [127.14840980566086, 37.4692501715137], [127.14845157776321, 37.46928057347494]], [[127.14933043630559, 37.469601946314356], [127.14950168276472, 37.46959515467078], [127.14968174597382, 37.46958808142412], [127.149884981078, 37.469580077809916], [127.15001033575258, 37.46957514504383], [127.15011229240169, 37.469571142571496], [127.15011672908658, 37.469642406304075], [127.15003999096858, 37.469708636371635], [127.14989327278553, 37.46971449699774], [127.14969094183792, 37.46972258959288], [127.14969003785195, 37.4697227709269], [127.14955784131644, 37.46975510240556], [127.14951172324736, 37.469756872076246], [127.14934036266787, 37.46976330347619], [127.14916888919265, 37.469769824869], [127.14899752943761, 37.46977670627217], [127.14882616947357, 37.46978349732687], [127.14865492181409, 37.46978992759218], [127.14848356231636, 37.46979698845033], [127.14847363796703, 37.46963572131364], [127.14864488458488, 37.469628930911355], [127.14881624439026, 37.46962223022012], [127.1489876039872, 37.4696154391804], [127.1491590767721, 37.4696087378511], [127.14933043630559, 37.469601946314356]], [[127.14993948736827, 37.469189785089526], [127.15004777330941, 37.4691855044226], [127.1500902230405, 37.46921527425081], [127.15009758113467, 37.46933473796105], [127.1501066882087, 37.46948113944985], [127.15000518385084, 37.46948514134901], [127.1499580487557, 37.46948700257196], [127.14991605037966, 37.46945687172989], [127.14990892808491, 37.469342183028886], [127.14990157118055, 37.469223169806675], [127.14993948736827, 37.469189785089526]], [[127.14941280026804, 37.46912043750927], [127.14924664123268, 37.46912695236306], [127.14908036912593, 37.469133467124514], [127.14891409716638, 37.469140071752086], [127.14874793804202, 37.46914658590485], [127.14858166602262, 37.46915319006477], [127.14841550683882, 37.469159703750265], [127.1482493478015, 37.46916630730223], [127.14808307551635, 37.46917282066076], [127.14807303766541, 37.469010832811016], [127.14823919655112, 37.46900431960752], [127.14840546827251, 37.46899771592989], [127.14857174014043, 37.46899120211842], [127.1487378987604, 37.46898459811386], [127.1489041705688, 37.46897808383477], [127.14907032930603, 37.46897156946296], [127.14923660087793, 37.46896496461618], [127.14940287259729, 37.46895844963556], [127.14956903106777, 37.468951844462644], [127.14973530272766, 37.46894532901445], [127.14990146113828, 37.468938723374215], [127.15007248012566, 37.46893202128997], [127.15008076460488, 37.46906265627675], [127.15004216940231, 37.46909559139185], [127.14991150292369, 37.46910071106229], [127.14974523111377, 37.46910731685904], [127.14957907213787, 37.46911383218016], [127.14941280026804, 37.46912043750927]], [[127.14893769187515, 37.4695272031927], [127.14876723663751, 37.46953390293279], [127.14862074459957, 37.46953967159687], [127.14857908532682, 37.46950926955654], [127.14857173492533, 37.469392508751824], [127.14856449758936, 37.46927574780361], [127.14860264083657, 37.469242543433175], [127.14874890621228, 37.46923677507419], [127.14891936077711, 37.46923007536157], [127.14908970226878, 37.46922337554434], [127.14926015659383, 37.46921658524025], [127.14943049802284, 37.469209884931885], [127.14960083942061, 37.46920318437803], [127.14974687855502, 37.46919741506742], [127.14978865098986, 37.46922772645516], [127.1497958902246, 37.46934448732534], [127.1498031298384, 37.4694614283928], [127.14976498701255, 37.46949463314857], [127.14961917320854, 37.4695003120991], [127.14944883131594, 37.469507102780504], [127.14927848921434, 37.469513803116406], [127.14910803403917, 37.46952050334793], [127.14893769187515, 37.4695272031927]], [[127.1515539987165, 37.46994657071578], [127.15155207716505, 37.469946663255726], [127.1515499925118, 37.46992170813017], [127.15170552417051, 37.469913761940155], [127.15189286454589, 37.469927579335774], [127.15200729079488, 37.46994076850971], [127.15206631461038, 37.469948351851194], [127.15210521225758, 37.4699537083054], [127.15214456370946, 37.46995987507075], [127.1521838030289, 37.469966492467215], [127.15222293057825, 37.469973740694996], [127.15226183277267, 37.469981349598314], [127.15230062283663, 37.469989409133206], [127.15233930077088, 37.469997919299715], [127.15237775371399, 37.47000697034235], [127.15241609452877, 37.47001647201693], [127.15245421035378, 37.470026514567955], [127.15249210082743, 37.47003691779559], [127.15252965381325, 37.470048132344665], [127.15256709431088, 37.470059617326335], [127.15260430945884, 37.47007146298526], [127.1526414123008, 37.47008366917706], [127.15267828979395, 37.47009623604648], [127.15271482962137, 37.47010952413848], [127.15275103105786, 37.4701231730532], [127.1527871201904, 37.470137182501574], [127.1528228712959, 37.4701517329732], [127.1528581715133, 37.470166914713246], [127.15289324638492, 37.47018245713233], [127.15292798304942, 37.47019845047562], [127.15296238132552, 37.4702148046433], [127.15299655425686, 37.47023151949079], [127.15303038898222, 37.470248685263265], [127.15306388568379, 37.47026639206098], [127.15309693095472, 37.47028445982918], [127.15312975070036, 37.47030279817823], [127.15316223224124, 37.47032158745332], [127.15319426253414, 37.4703408277999], [127.15322595462291, 37.47036051907316], [127.1532573079615, 37.47038039097332], [127.15328809737322, 37.47040089429112], [127.15331843553774, 37.47042184868172], [127.15334820959379, 37.47044334439073], [127.153377870623, 37.47046484023741], [127.15340719308462, 37.47048660681248], [127.15343595143791, 37.470508914706876], [127.15346425836215, 37.47053158357564], [127.15349211367496, 37.47055452331909], [127.15351951774102, 37.470577914137486], [127.1535462444725, 37.4706017563221], [127.15357251959226, 37.470625869382424], [127.15359834328272, 37.47065034341873], [127.15362371536123, 37.47067508833132], [127.15364886173333, 37.47070001372943], [127.15367378239903, 37.470725119613164], [127.15369802554659, 37.47075058676499], [127.15372170421998, 37.4707764150398], [127.15374493128058, 37.4708025141922], [127.1537672549162, 37.470829065005105], [127.15378890103236, 37.47085597708768], [127.15381032125794, 37.4708829795575], [127.15383128986953, 37.470910252906116], [127.1538515807778, 37.47093779742528], [127.15387142007134, 37.47096561282377], [127.1538906947053, 37.47099369924759], [127.15390940449629, 37.471021966597036], [127.15392777535031, 37.47105032448076], [127.15394569477114, 37.4710790433447], [127.15396248448987, 37.471108124064195], [127.15397848327392, 37.47113738600201], [127.15399448225354, 37.47116673803752], [127.15400980334229, 37.471196271145935], [127.15402444653958, 37.47122598532757], [127.15403875097964, 37.47125588014494], [127.1540522646651, 37.471286046281826], [127.15406521331916, 37.471316303246645], [127.15407759694118, 37.4713466510396], [127.15408918980636, 37.471377270152786], [127.15410033068332, 37.47140797994845], [127.15411079366416, 37.4714388708188], [127.15412080465556, 37.47146985237194], [127.15413002452091, 37.471500925046044], [127.15413879257866, 37.47153217850323], [127.15414688255424, 37.471563522935654], [127.1541538422648, 37.47159495892749], [127.15416080198128, 37.471626394918765], [127.15416719684205, 37.47165801183959], [127.15417200082408, 37.47168557630462], [127.15111785387494, 37.47180661255761], [127.15109811698115, 37.47148939461466], [127.15106821902909, 37.47100838726783], [127.15161712178607, 37.47098669797222], [127.15158605443857, 37.47048776225312], [127.15158729774078, 37.47048767057394], [127.1515539987165, 37.46994657071578]]], [[[127.13693902704735, 37.47415383909158], [127.13696534185051, 37.4745780908086], [127.13753491971491, 37.474532476558515], [127.13764705747839, 37.47452802261774], [127.13765369726477, 37.47463604511246], [127.14065360961787, 37.47451785336746], [127.14066619684272, 37.474721645198386], [127.14070675411863, 37.47482854636721], [127.14074124821167, 37.47538442391898], [127.14074494891716, 37.4754291993521], [127.14075023234689, 37.47547397291987], [127.14075709816939, 37.47551856442212], [127.14076565943901, 37.475562973725296], [127.1407759159915, 37.47560711072907], [127.1407877549452, 37.47565106566624], [127.14080128902023, 37.47569465820309], [127.14081640516747, 37.47573788847232], [127.14083310355669, 37.4757808465733], [127.14085138385586, 37.47582335230538], [127.14087124590014, 37.47586531556787], [127.14089269002632, 37.47590691655992], [127.14091560284984, 37.47594797521413], [127.14094009725756, 37.47598840129623], [127.14131416771421, 37.47658460269087], [127.14133594121301, 37.476620707097105], [127.1413562460486, 37.476657353838114], [127.14137508221924, 37.47669454291469], [127.14139256244066, 37.47673209399379], [127.14140846077225, 37.47677009744364], [127.14142289026537, 37.476808553131036], [127.1414357375286, 37.4768472809904], [127.14144711561316, 37.4768862808884], [127.14145691163128, 37.47692564305934], [127.14146523813027, 37.47696509706977], [127.14147186933643, 37.47700482338776], [127.14147703118668, 37.477044731645826], [127.1414806104568, 37.477084731878094], [127.14033455165085, 37.47712987248531], [127.13788224350176, 37.47722652224052], [127.13788783364643, 37.477316525851045], [127.1378202318169, 37.47731912665412], [127.13782442335103, 37.47738606623856], [127.13783031054528, 37.47745291376583], [127.13783800645862, 37.47751966910526], [127.13784728498665, 37.477586332517355], [127.13785837207926, 37.477652813640866], [127.1378711545227, 37.47771902250576], [127.13788563248507, 37.477785049211484], [127.13790191886194, 37.477850803526906], [127.13791978771141, 37.477916375812335], [127.13793935160142, 37.477981495636584], [127.13796061102741, 37.478046433298694], [127.13798356550211, 37.47811091849794], [127.13800821502949, 37.478174951233264], [127.13802399939283, 37.47821322556235], [127.13803444688565, 37.47823871183416], [127.1380623736382, 37.4783019298691], [127.1379327077771, 37.478307035143594], [127.13783923147113, 37.478256326539515], [127.13803768542519, 37.47865172715186], [127.13807181748048, 37.478707820099416], [127.13810730544355, 37.47876346096846], [127.1381440359322, 37.47881846968867], [127.13868998007005, 37.47961891743983], [127.13876807716238, 37.47979019718716], [127.13900398472515, 37.480135997491416], [127.13945528763271, 37.48079770733274], [127.1394949676078, 37.48085703697416], [127.13953317869925, 37.48091681881786], [127.1395700341298, 37.48097714283307], [127.13960564695672, 37.48103800888892], [127.139639791058, 37.48109941725082], [127.1396726923849, 37.48116127755574], [127.13970412464887, 37.48122349996929], [127.13973408817859, 37.48128626469244], [127.13976280875961, 37.48134939126189], [127.13979006043449, 37.481412970043095], [127.13996540343601, 37.48183434305879], [127.14020986961641, 37.481849373377784], [127.14000465780259, 37.48135622596114], [127.1399760437586, 37.48128967552215], [127.13994607370938, 37.48122348706444], [127.13991463476441, 37.481157750819314], [127.13988172709304, 37.48109255688556], [127.13984723730641, 37.48102772519445], [127.13981150491928, 37.480963435547466], [127.13977419075528, 37.48089968834038], [127.13973552093664, 37.4808364833072], [127.13969549529996, 37.48077373034668], [127.13965400128625, 37.48071169988934], [127.13923931353287, 37.48010364779743], [127.13919215445993, 37.48003459596374], [127.13831507629452, 37.478748534290034], [127.13828083968495, 37.478697216841695], [127.13824773302767, 37.47864553767493], [127.13821575599265, 37.47859331659073], [127.13818502179825, 37.47854064355918], [127.14146590022503, 37.47841147402785], [127.14154967451451, 37.47847192207266], [127.14156215231722, 37.47867598409835], [127.14160179881732, 37.47877766015673], [127.1416745109692, 37.47993680215716], [127.1417783743569, 37.4816105586539], [127.14179737541161, 37.481916606100214], [127.14149700470615, 37.481928414044006], [127.14122108074474, 37.481911450394634], [127.1412381756377, 37.48192967544915], [127.14133109312552, 37.48202872068438], [127.14136319634541, 37.48206783118031], [127.1416995075475, 37.48196397974526], [127.14184052618339, 37.481950342395585], [127.14194944788136, 37.481943410435655], [127.1420255753279, 37.48194512193524], [127.14202759408296, 37.48193035213047], [127.14213838310631, 37.481930445582535], [127.14213309145231, 37.48194230905137], [127.14216157803989, 37.48195779939212], [127.1421901992248, 37.48193049202487], [127.14220866216495, 37.48190034958366], [127.14215693639999, 37.48190238237136], [127.14239960863338, 37.481892823963335], [127.14275323822552, 37.48187888678471], [127.14310731992701, 37.48186494800607], [127.14317503854923, 37.48186225393694], [127.14326500607699, 37.48185874025976], [127.14326536783821, 37.48185872180574], [127.14324959095187, 37.48160474858243], [127.14324636098274, 37.48155276470442], [127.14462966901735, 37.481498208612926], [127.14449809859629, 37.47937894308092], [127.14450657737684, 37.47937866252057], [127.14563345213504, 37.47933557714246], [127.14557500232294, 37.478275890677004], [127.14556794237696, 37.47824959004325], [127.14701845139999, 37.47819267156208], [127.14713398517917, 37.47818793413489], [127.1472182168676, 37.478248828096575], [127.14719347642477, 37.477850796178], [127.14715893458217, 37.47729555154409], [127.14714511289922, 37.47722231715458], [127.14696299632878, 37.47722947917033], [127.14437108193316, 37.47733166114954], [127.1443334072816, 37.476723080113146], [127.1443320057234, 37.47669947556403], [127.14432739375907, 37.476652268651634], [127.1443210861756, 37.476605153888016], [127.14431297009457, 37.476558221509485], [127.14430315857227, 37.47651147137909], [127.14429153873034, 37.47646499373293], [127.1442781107433, 37.47641887867044], [127.1442631005485, 37.47637303581792], [127.14424628238595, 37.47632764564779], [127.14422776913996, 37.476282617922784], [127.14420756098453, 37.47623804274206], [127.14418565809365, 37.47619401020477], [127.14416217352218, 37.47615052017342], [127.1441371072724, 37.476107572647145], [127.1441237268651, 37.47608641525502], [127.14391643798884, 37.47575500648655], [127.14373840713534, 37.4754705043197], [127.14371753449717, 37.47543295766276], [127.14369813069321, 37.47539495873359], [127.14368030860204, 37.47535641729692], [127.14366395534118, 37.47531742358948], [127.14364929718141, 37.47527806743989], [127.14363622106929, 37.475238348984725], [127.14362472700242, 37.47519826822447], [127.14361481531967, 37.47515800535964], [127.14360659889878, 37.475117470154636], [127.14359996485692, 37.47507675284578], [127.1435950262423, 37.47503585329736], [127.14359178322269, 37.474994861609645], [127.14355505854219, 37.474406371279], [127.14355295970968, 37.474372586226515], [127.1435256702908, 37.473930857722735], [127.14325471122673, 37.473941544562294], [127.14227803751692, 37.47398028379586], [127.14221032597153, 37.47398297734031], [127.14212000610773, 37.473986508650704], [127.14166851987531, 37.474004254133376], [127.14096257787011, 37.474032119362356], [127.14057683033074, 37.4740198698106], [127.14009934518118, 37.474039261694756], [127.13996555419493, 37.47407158429854], [127.139757218601, 37.47407957682485], [127.13833459227457, 37.47413574317025], [127.13819823959592, 37.47412761174512], [127.13762364905118, 37.47415007921263], [127.13751151185082, 37.47415453313037], [127.13693902704735, 37.47415383909158]], [[127.14241391857259, 37.47837421726249], [127.14288950974046, 37.4783553588847], [127.14303584109898, 37.480713103919385], [127.14276485747784, 37.48072378967309], [127.14199690039196, 37.48075398771947], [127.14185631081556, 37.47848687530957], [127.14193215949464, 37.478420020997845], [127.14227706836262, 37.478406546112815], [127.14241391857259, 37.47837421726249]], [[127.14178237191206, 37.477034999173284], [127.14177708775392, 37.476990225665006], [127.1417701081346, 37.476945634368924], [127.14176154611057, 37.476901225150485], [127.14175128879957, 37.4768570882435], [127.14173944908937, 37.4768131334134], [127.14172591426608, 37.47676954099382], [127.1417107973857, 37.47672631085002], [127.14169409828249, 37.47668335288143], [127.14167581729545, 37.4766408472873], [127.14165595459518, 37.47659888416694], [127.14163450984749, 37.4765572833195], [127.14161159644401, 37.476516224810155], [127.14158710150195, 37.47647579887195], [127.14121314247699, 37.475879598199846], [127.1411915960279, 37.475843853898596], [127.14117140538411, 37.47580765748986], [127.1411526834282, 37.47577091874087], [127.14113543049366, 37.47573381785222], [127.14111964624342, 37.47569617462458], [127.14110521812661, 37.47565825949205], [127.14109237207701, 37.47561998208809], [127.14108099520838, 37.47558143264669], [127.14107120040262, 37.47554252093474], [127.14107048393265, 37.47521798090383], [127.1410533507024, 37.47494112324489], [127.1410124440085, 37.474828996798664], [127.14098482234638, 37.47438303341298], [127.1420743178394, 37.474340026111385], [127.14213015485844, 37.47524006063935], [127.1421978675407, 37.4752373671391], [127.14228818890565, 37.47523383576694], [127.14235590157637, 37.47523114217619], [127.14230006202676, 37.47433119785899], [127.14327640131135, 37.474292548943325], [127.14332874099239, 37.47512897636238], [127.14338786266799, 37.475425875612814], [127.14340205522923, 37.47545820453864], [127.14341771883396, 37.47549125249753], [127.14343439923434, 37.47552393883222], [127.1434481254868, 37.475548789996786], [127.14346207768108, 37.47557355078803], [127.14347512018917, 37.475595519564706], [127.14356889622715, 37.47568487635038], [127.14388141353453, 37.47618365522656], [127.14390375460896, 37.47622038917856], [127.14392474027105, 37.476257755460786], [127.14394425695382, 37.47629548391029], [127.14396241804994, 37.476333754591494], [127.14397911016306, 37.47637238744137], [127.1439943334621, 37.47641147256048], [127.1440082006558, 37.47645082961314], [127.14402037275457, 37.4764905491088], [127.1440311887437, 37.47653054053905], [127.14404042234395, 37.476570714076885], [127.14404818677708, 37.47661115968636], [127.1440544816986, 37.47665169716784], [127.14405919422398, 37.47669241675788], [127.1440623241796, 37.47673322835672], [127.14409999766569, 37.47734235008267], [127.14332653659369, 37.477372833700635], [127.14305556507539, 37.47738352010255], [127.14301044296096, 37.47665682624424], [127.1430093843767, 37.47663502327148], [127.14300331086174, 37.47659169236344], [127.14299339440043, 37.476548816556786], [127.14297963533885, 37.47650657605038], [127.14296203436234, 37.476465331242835], [127.1429407045293, 37.47642508199709], [127.14292834527232, 37.47640572525178], [127.14242839164476, 37.47560533192813], [127.1424111524949, 37.47557588972434], [127.14239685066849, 37.47554536281381], [127.14238616514778, 37.475514110788815], [127.14237910184686, 37.475485287149816], [127.14237384686612, 37.47545619105414], [127.14237040054176, 37.475427002702], [127.14236924010092, 37.475411056352286], [127.14230152726843, 37.47541374995094], [127.14221120568766, 37.47541728133365], [127.14214349284359, 37.47541997484173], [127.14214477253407, 37.475439254758655], [127.1421466188326, 37.47545925480265], [127.14215257212392, 37.475499071999415], [127.1421612381511, 37.475538615666345], [127.14217364012332, 37.475580947991084], [127.14219181145776, 37.47562525565004], [127.14221450217929, 37.47566811632189], [127.14222799435022, 37.47568891339839], [127.14272692553627, 37.47648750677826], [127.14274303126948, 37.47651523838255], [127.14275665154389, 37.47654387395698], [127.14276767279543, 37.476573143337696], [127.14277609485174, 37.47660295642548], [127.1427816914341, 37.476633223391154], [127.14278446219993, 37.476663764035266], [127.1428296989175, 37.47739244004721], [127.14255872725403, 37.47740312531003], [127.14180787408495, 37.47743267099938], [127.14178596026919, 37.47707977469396], [127.14178237191206, 37.477034999173284]], [[127.14414108026519, 37.478555228661584], [127.14416579291611, 37.47861989072794], [127.14418187034555, 37.47866194808075], [127.14429426446921, 37.48047093264641], [127.14430619590394, 37.48066301165278], [127.14353258764076, 37.48069349680851], [127.14326160416478, 37.48070418370117], [127.1431152657327, 37.47834643895682], [127.14404609896332, 37.47830973029049], [127.14412964961346, 37.47837044707578], [127.14413998397795, 37.47853757035811], [127.14414108026519, 37.478555228661584]]]]}}]}